Insert INTO Diagnosis (dId, dname) Values (1, 'Appendicitis');
INSERT INTO Positions (posId, epigastrium, right_lower_quadrant, periumbilical) VALUES (2, true, true, true);
INSERT INTO Positions (posId, right_lower_quadrant, right_groin) VALUES (3, true, true);
INSERT INTO Pain (pid, positionId, referred_pain_position, constant, four_hours, eight_hours, one_day, two_days, better_with_lying_still, worse_with_eating, worse_with_moving_around) VALUES (2, 2, 3, true, true, true, true, true, true, true, true);
INSERT INTO Symptoms (sxId, fever, nausea, loss_of_appetite) VALUES (2, true, true, true);
INSERT INTO Symptoms (sxId, vomiting, diarrhea, chills, malaise, abdominal_distension, dysuria) VALUES (3, true, true, true, true, true, true);
INSERT INTO Cases (diagnosisId, age, gender, majorSx, minorSx, painId) VALUES (1, 2, 'M', 2, 3, 2);
INSERT INTO Positions (posId, epigastrium, right_lower_quadrant, periumbilical) VALUES (4, true, true, true);
INSERT INTO Positions (posId, right_lower_quadrant, right_groin) VALUES (5, true, true);
INSERT INTO Pain (pid, positionId, referred_pain_position, constant, four_hours, eight_hours, one_day, two_days, better_with_lying_still, worse_with_eating, worse_with_moving_around) VALUES (4, 4, 5, true, true, false, true, true, true, true, true);
INSERT INTO Symptoms (sxId, fever, nausea, loss_of_appetite) VALUES (4, true, true, true);
INSERT INTO Symptoms (sxId, vomiting, diarrhea, chills, malaise, abdominal_distension, dysuria) VALUES (5, false, true, true, true, true, true);
INSERT INTO Cases (diagnosisId, age, gender, majorSx, minorSx, painId) VALUES (1, 5, 'F', 4, 5, 4);
INSERT INTO Positions (posId, epigastrium, right_lower_quadrant, periumbilical) VALUES (6, true, true, true);
INSERT INTO Positions (posId, right_lower_quadrant, right_groin) VALUES (7, true, true);
INSERT INTO Pain (pid, positionId, referred_pain_position, constant, four_hours, eight_hours, one_day, two_days, better_with_lying_still, worse_with_eating, worse_with_moving_around) VALUES (6, 6, 7, false, true, true, true, true, true, true, true);
INSERT INTO Symptoms (sxId, fever, nausea, loss_of_appetite) VALUES (6, true, true, true);
INSERT INTO Symptoms (sxId, vomiting, diarrhea, chills, malaise, abdominal_distension, dysuria) VALUES (7, true, true, true, true, false, true);
INSERT INTO Cases (diagnosisId, age, gender, majorSx, minorSx, painId) VALUES (1, 1, 'M', 6, 7, 6);
INSERT INTO Positions (posId, epigastrium, right_lower_quadrant, periumbilical) VALUES (8, true, true, false);
INSERT INTO Positions (posId, right_lower_quadrant, right_groin) VALUES (9, true, true);
INSERT INTO Pain (pid, positionId, referred_pain_position, constant, four_hours, eight_hours, one_day, two_days, better_with_lying_still, worse_with_eating, worse_with_moving_around) VALUES (8, 8, 9, true, true, false, true, true, true, true, false);
INSERT INTO Symptoms (sxId, fever, nausea, loss_of_appetite) VALUES (8, true, true, true);
INSERT INTO Symptoms (sxId, vomiting, diarrhea, chills, malaise, abdominal_distension, dysuria) VALUES (9, true, true, true, true, false, true);
INSERT INTO Cases (diagnosisId, age, gender, majorSx, minorSx, painId) VALUES (1, 2, 'M', 8, 9, 8);
INSERT INTO Positions (posId, epigastrium, right_lower_quadrant, periumbilical) VALUES (10, true, false, true);
INSERT INTO Positions (posId, right_lower_quadrant, right_groin) VALUES (11, true, false);
INSERT INTO Pain (pid, positionId, referred_pain_position, constant, four_hours, eight_hours, one_day, two_days, better_with_lying_still, worse_with_eating, worse_with_moving_around) VALUES (10, 10, 11, true, true, true, false, true, true, true, true);
INSERT INTO Symptoms (sxId, fever, nausea, loss_of_appetite) VALUES (10, true, true, true);
INSERT INTO Symptoms (sxId, vomiting, diarrhea, chills, malaise, abdominal_distension, dysuria) VALUES (11, true, true, true, true, false, true);
INSERT INTO Cases (diagnosisId, age, gender, majorSx, minorSx, painId) VALUES (1, 6, 'M', 10, 11, 10);
INSERT INTO Positions (posId, epigastrium, right_lower_quadrant, periumbilical) VALUES (12, true, true, true);
INSERT INTO Positions (posId, right_lower_quadrant, right_groin) VALUES (13, false, true);
INSERT INTO Pain (pid, positionId, referred_pain_position, constant, four_hours, eight_hours, one_day, two_days, better_with_lying_still, worse_with_eating, worse_with_moving_around) VALUES (12, 12, 13, true, true, true, true, true, true, true, true);
INSERT INTO Symptoms (sxId, fever, nausea, loss_of_appetite) VALUES (12, true, true, true);
INSERT INTO Symptoms (sxId, vomiting, diarrhea, chills, malaise, abdominal_distension, dysuria) VALUES (13, true, true, true, true, true, true);
INSERT INTO Cases (diagnosisId, age, gender, majorSx, minorSx, painId) VALUES (1, 9, 'F', 12, 13, 12);
INSERT INTO Positions (posId, epigastrium, right_lower_quadrant, periumbilical) VALUES (14, true, true, true);
INSERT INTO Positions (posId, right_lower_quadrant, right_groin) VALUES (15, true, true);
INSERT INTO Pain (pid, positionId, referred_pain_position, constant, four_hours, eight_hours, one_day, two_days, better_with_lying_still, worse_with_eating, worse_with_moving_around) VALUES (14, 14, 15, true, true, true, true, true, true, true, true);
INSERT INTO Symptoms (sxId, fever, nausea, loss_of_appetite) VALUES (14, true, true, true);
INSERT INTO Symptoms (sxId, vomiting, diarrhea, chills, malaise, abdominal_distension, dysuria) VALUES (15, true, true, true, true, false, false);
INSERT INTO Cases (diagnosisId, age, gender, majorSx, minorSx, painId) VALUES (1, 10, 'F', 14, 15, 14);
INSERT INTO Positions (posId, epigastrium, right_lower_quadrant, periumbilical) VALUES (16, true, true, true);
INSERT INTO Positions (posId, right_lower_quadrant, right_groin) VALUES (17, true, true);
INSERT INTO Pain (pid, positionId, referred_pain_position, constant, four_hours, eight_hours, one_day, two_days, better_with_lying_still, worse_with_eating, worse_with_moving_around) VALUES (16, 16, 17, true, true, true, true, true, false, true, true);
INSERT INTO Symptoms (sxId, fever, nausea, loss_of_appetite) VALUES (16, true, true, true);
INSERT INTO Symptoms (sxId, vomiting, diarrhea, chills, malaise, abdominal_distension, dysuria) VALUES (17, true, true, false, true, true, true);
INSERT INTO Cases (diagnosisId, age, gender, majorSx, minorSx, painId) VALUES (1, 8, 'F', 16, 17, 16);
INSERT INTO Positions (posId, epigastrium, right_lower_quadrant, periumbilical) VALUES (18, true, true, true);
INSERT INTO Positions (posId, right_lower_quadrant, right_groin) VALUES (19, true, true);
INSERT INTO Pain (pid, positionId, referred_pain_position, constant, four_hours, eight_hours, one_day, two_days, better_with_lying_still, worse_with_eating, worse_with_moving_around) VALUES (18, 18, 19, true, false, true, true, true, true, true, true);
INSERT INTO Symptoms (sxId, fever, nausea, loss_of_appetite) VALUES (18, true, true, true);
INSERT INTO Symptoms (sxId, vomiting, diarrhea, chills, malaise, abdominal_distension, dysuria) VALUES (19, false, true, true, true, true, true);
INSERT INTO Cases (diagnosisId, age, gender, majorSx, minorSx, painId) VALUES (1, 7, 'M', 18, 19, 18);
INSERT INTO Positions (posId, epigastrium, right_lower_quadrant, periumbilical) VALUES (20, true, true, true);
INSERT INTO Positions (posId, right_lower_quadrant, right_groin) VALUES (21, true, true);
INSERT INTO Pain (pid, positionId, referred_pain_position, constant, four_hours, eight_hours, one_day, two_days, better_with_lying_still, worse_with_eating, worse_with_moving_around) VALUES (20, 20, 21, true, true, true, true, true, true, true, true);
INSERT INTO Symptoms (sxId, fever, nausea, loss_of_appetite) VALUES (20, true, true, true);
INSERT INTO Symptoms (sxId, vomiting, diarrhea, chills, malaise, abdominal_distension, dysuria) VALUES (21, true, true, true, true, true, true);
INSERT INTO Cases (diagnosisId, age, gender, majorSx, minorSx, painId) VALUES (1, 9, 'M', 20, 21, 20);
INSERT INTO Positions (posId, epigastrium, right_lower_quadrant, periumbilical) VALUES (22, true, true, true);
INSERT INTO Positions (posId, right_lower_quadrant, right_groin) VALUES (23, true, true);
INSERT INTO Pain (pid, positionId, referred_pain_position, constant, four_hours, eight_hours, one_day, two_days, better_with_lying_still, worse_with_eating, worse_with_moving_around) VALUES (22, 22, 23, true, true, true, true, false, true, false, true);
INSERT INTO Symptoms (sxId, fever, nausea, loss_of_appetite) VALUES (22, true, true, true);
INSERT INTO Symptoms (sxId, vomiting, diarrhea, chills, malaise, abdominal_distension, dysuria) VALUES (23, true, true, false, true, true, true);
INSERT INTO Cases (diagnosisId, age, gender, majorSx, minorSx, painId) VALUES (1, 10, 'M', 22, 23, 22);
INSERT INTO Positions (posId, epigastrium, right_lower_quadrant, periumbilical) VALUES (24, true, true, true);
INSERT INTO Positions (posId, right_lower_quadrant, right_groin) VALUES (25, true, true);
INSERT INTO Pain (pid, positionId, referred_pain_position, constant, four_hours, eight_hours, one_day, two_days, better_with_lying_still, worse_with_eating, worse_with_moving_around) VALUES (24, 24, 25, true, true, true, true, true, true, true, true);
INSERT INTO Symptoms (sxId, fever, nausea, loss_of_appetite) VALUES (24, false, true, true);
INSERT INTO Symptoms (sxId, vomiting, diarrhea, chills, malaise, abdominal_distension, dysuria) VALUES (25, true, true, true, true, true, true);
INSERT INTO Cases (diagnosisId, age, gender, majorSx, minorSx, painId) VALUES (1, 9, 'F', 24, 25, 24);
INSERT INTO Positions (posId, epigastrium, right_lower_quadrant, periumbilical) VALUES (26, false, true, true);
INSERT INTO Positions (posId, right_lower_quadrant, right_groin) VALUES (27, true, true);
INSERT INTO Pain (pid, positionId, referred_pain_position, constant, four_hours, eight_hours, one_day, two_days, better_with_lying_still, worse_with_eating, worse_with_moving_around) VALUES (26, 26, 27, true, true, true, true, true, true, false, true);
INSERT INTO Symptoms (sxId, fever, nausea, loss_of_appetite) VALUES (26, true, true, true);
INSERT INTO Symptoms (sxId, vomiting, diarrhea, chills, malaise, abdominal_distension, dysuria) VALUES (27, false, true, true, true, true, true);
INSERT INTO Cases (diagnosisId, age, gender, majorSx, minorSx, painId) VALUES (1, 8, 'F', 26, 27, 26);
INSERT INTO Positions (posId, epigastrium, right_lower_quadrant, periumbilical) VALUES (28, false, true, true);
INSERT INTO Positions (posId, right_lower_quadrant, right_groin) VALUES (29, true, true);
INSERT INTO Pain (pid, positionId, referred_pain_position, constant, four_hours, eight_hours, one_day, two_days, better_with_lying_still, worse_with_eating, worse_with_moving_around) VALUES (28, 28, 29, true, true, true, true, true, true, true, true);
INSERT INTO Symptoms (sxId, fever, nausea, loss_of_appetite) VALUES (28, true, true, true);
INSERT INTO Symptoms (sxId, vomiting, diarrhea, chills, malaise, abdominal_distension, dysuria) VALUES (29, true, true, true, true, false, true);
INSERT INTO Cases (diagnosisId, age, gender, majorSx, minorSx, painId) VALUES (1, 10, 'M', 28, 29, 28);
INSERT INTO Positions (posId, epigastrium, right_lower_quadrant, periumbilical) VALUES (30, true, true, true);
INSERT INTO Positions (posId, right_lower_quadrant, right_groin) VALUES (31, true, true);
INSERT INTO Pain (pid, positionId, referred_pain_position, constant, four_hours, eight_hours, one_day, two_days, better_with_lying_still, worse_with_eating, worse_with_moving_around) VALUES (30, 30, 31, true, true, true, false, true, true, false, false);
INSERT INTO Symptoms (sxId, fever, nausea, loss_of_appetite) VALUES (30, true, true, true);
INSERT INTO Symptoms (sxId, vomiting, diarrhea, chills, malaise, abdominal_distension, dysuria) VALUES (31, true, true, true, true, true, true);
INSERT INTO Cases (diagnosisId, age, gender, majorSx, minorSx, painId) VALUES (1, 6, 'F', 30, 31, 30);
INSERT INTO Positions (posId, epigastrium, right_lower_quadrant, periumbilical) VALUES (32, true, true, true);
INSERT INTO Positions (posId, right_lower_quadrant, right_groin) VALUES (33, false, true);
INSERT INTO Pain (pid, positionId, referred_pain_position, constant, four_hours, eight_hours, one_day, two_days, better_with_lying_still, worse_with_eating, worse_with_moving_around) VALUES (32, 32, 33, true, true, true, true, true, false, true, true);
INSERT INTO Symptoms (sxId, fever, nausea, loss_of_appetite) VALUES (32, true, true, true);
INSERT INTO Symptoms (sxId, vomiting, diarrhea, chills, malaise, abdominal_distension, dysuria) VALUES (33, true, true, true, true, true, true);
INSERT INTO Cases (diagnosisId, age, gender, majorSx, minorSx, painId) VALUES (1, 7, 'F', 32, 33, 32);
INSERT INTO Positions (posId, epigastrium, right_lower_quadrant, periumbilical) VALUES (34, true, true, true);
INSERT INTO Positions (posId, right_lower_quadrant, right_groin) VALUES (35, true, true);
INSERT INTO Pain (pid, positionId, referred_pain_position, constant, four_hours, eight_hours, one_day, two_days, better_with_lying_still, worse_with_eating, worse_with_moving_around) VALUES (34, 34, 35, true, false, true, true, true, true, true, true);
INSERT INTO Symptoms (sxId, fever, nausea, loss_of_appetite) VALUES (34, true, true, true);
INSERT INTO Symptoms (sxId, vomiting, diarrhea, chills, malaise, abdominal_distension, dysuria) VALUES (35, true, false, true, true, true, true);
INSERT INTO Cases (diagnosisId, age, gender, majorSx, minorSx, painId) VALUES (1, 8, 'F', 34, 35, 34);
INSERT INTO Positions (posId, epigastrium, right_lower_quadrant, periumbilical) VALUES (36, true, true, true);
INSERT INTO Positions (posId, right_lower_quadrant, right_groin) VALUES (37, true, true);
INSERT INTO Pain (pid, positionId, referred_pain_position, constant, four_hours, eight_hours, one_day, two_days, better_with_lying_still, worse_with_eating, worse_with_moving_around) VALUES (36, 36, 37, true, true, true, true, true, true, true, true);
INSERT INTO Symptoms (sxId, fever, nausea, loss_of_appetite) VALUES (36, true, true, true);
INSERT INTO Symptoms (sxId, vomiting, diarrhea, chills, malaise, abdominal_distension, dysuria) VALUES (37, true, true, true, true, false, true);
INSERT INTO Cases (diagnosisId, age, gender, majorSx, minorSx, painId) VALUES (1, 9, 'M', 36, 37, 36);
INSERT INTO Positions (posId, epigastrium, right_lower_quadrant, periumbilical) VALUES (38, true, true, true);
INSERT INTO Positions (posId, right_lower_quadrant, right_groin) VALUES (39, true, true);
INSERT INTO Pain (pid, positionId, referred_pain_position, constant, four_hours, eight_hours, one_day, two_days, better_with_lying_still, worse_with_eating, worse_with_moving_around) VALUES (38, 38, 39, true, false, true, true, true, true, true, true);
INSERT INTO Symptoms (sxId, fever, nausea, loss_of_appetite) VALUES (38, true, true, true);
INSERT INTO Symptoms (sxId, vomiting, diarrhea, chills, malaise, abdominal_distension, dysuria) VALUES (39, true, true, true, true, true, true);
INSERT INTO Cases (diagnosisId, age, gender, majorSx, minorSx, painId) VALUES (1, 9, 'F', 38, 39, 38);
INSERT INTO Positions (posId, epigastrium, right_lower_quadrant, periumbilical) VALUES (40, true, true, true);
INSERT INTO Positions (posId, right_lower_quadrant, right_groin) VALUES (41, true, true);
INSERT INTO Pain (pid, positionId, referred_pain_position, constant, four_hours, eight_hours, one_day, two_days, better_with_lying_still, worse_with_eating, worse_with_moving_around) VALUES (40, 40, 41, true, true, true, true, true, true, true, true);
INSERT INTO Symptoms (sxId, fever, nausea, loss_of_appetite) VALUES (40, true, true, false);
INSERT INTO Symptoms (sxId, vomiting, diarrhea, chills, malaise, abdominal_distension, dysuria) VALUES (41, true, true, true, false, true, true);
INSERT INTO Cases (diagnosisId, age, gender, majorSx, minorSx, painId) VALUES (1, 14, 'F', 40, 41, 40);
INSERT INTO Positions (posId, epigastrium, right_lower_quadrant, periumbilical) VALUES (42, true, true, true);
INSERT INTO Positions (posId, right_lower_quadrant, right_groin) VALUES (43, true, true);
INSERT INTO Pain (pid, positionId, referred_pain_position, constant, four_hours, eight_hours, one_day, two_days, better_with_lying_still, worse_with_eating, worse_with_moving_around) VALUES (42, 42, 43, true, true, true, true, true, false, true, true);
INSERT INTO Symptoms (sxId, fever, nausea, loss_of_appetite) VALUES (42, true, true, true);
INSERT INTO Symptoms (sxId, vomiting, diarrhea, chills, malaise, abdominal_distension, dysuria) VALUES (43, true, true, true, true, true, true);
INSERT INTO Cases (diagnosisId, age, gender, majorSx, minorSx, painId) VALUES (1, 13, 'M', 42, 43, 42);
INSERT INTO Positions (posId, epigastrium, right_lower_quadrant, periumbilical) VALUES (44, true, true, false);
INSERT INTO Positions (posId, right_lower_quadrant, right_groin) VALUES (45, true, true);
INSERT INTO Pain (pid, positionId, referred_pain_position, constant, four_hours, eight_hours, one_day, two_days, better_with_lying_still, worse_with_eating, worse_with_moving_around) VALUES (44, 44, 45, true, true, true, true, false, false, false, true);
INSERT INTO Symptoms (sxId, fever, nausea, loss_of_appetite) VALUES (44, true, true, true);
INSERT INTO Symptoms (sxId, vomiting, diarrhea, chills, malaise, abdominal_distension, dysuria) VALUES (45, true, false, true, true, true, true);
INSERT INTO Cases (diagnosisId, age, gender, majorSx, minorSx, painId) VALUES (1, 13, 'F', 44, 45, 44);
INSERT INTO Positions (posId, epigastrium, right_lower_quadrant, periumbilical) VALUES (46, true, true, true);
INSERT INTO Positions (posId, right_lower_quadrant, right_groin) VALUES (47, true, true);
INSERT INTO Pain (pid, positionId, referred_pain_position, constant, four_hours, eight_hours, one_day, two_days, better_with_lying_still, worse_with_eating, worse_with_moving_around) VALUES (46, 46, 47, true, true, true, true, true, true, false, true);
INSERT INTO Symptoms (sxId, fever, nausea, loss_of_appetite) VALUES (46, true, true, true);
INSERT INTO Symptoms (sxId, vomiting, diarrhea, chills, malaise, abdominal_distension, dysuria) VALUES (47, true, true, true, true, true, true);
INSERT INTO Cases (diagnosisId, age, gender, majorSx, minorSx, painId) VALUES (1, 15, 'F', 46, 47, 46);
INSERT INTO Positions (posId, epigastrium, right_lower_quadrant, periumbilical) VALUES (48, true, false, true);
INSERT INTO Positions (posId, right_lower_quadrant, right_groin) VALUES (49, true, true);
INSERT INTO Pain (pid, positionId, referred_pain_position, constant, four_hours, eight_hours, one_day, two_days, better_with_lying_still, worse_with_eating, worse_with_moving_around) VALUES (48, 48, 49, false, true, true, true, true, true, true, true);
INSERT INTO Symptoms (sxId, fever, nausea, loss_of_appetite) VALUES (48, true, true, true);
INSERT INTO Symptoms (sxId, vomiting, diarrhea, chills, malaise, abdominal_distension, dysuria) VALUES (49, true, true, true, true, false, true);
INSERT INTO Cases (diagnosisId, age, gender, majorSx, minorSx, painId) VALUES (1, 14, 'M', 48, 49, 48);
INSERT INTO Positions (posId, epigastrium, right_lower_quadrant, periumbilical) VALUES (50, true, true, true);
INSERT INTO Positions (posId, right_lower_quadrant, right_groin) VALUES (51, true, true);
INSERT INTO Pain (pid, positionId, referred_pain_position, constant, four_hours, eight_hours, one_day, two_days, better_with_lying_still, worse_with_eating, worse_with_moving_around) VALUES (50, 50, 51, true, true, true, true, false, true, false, true);
INSERT INTO Symptoms (sxId, fever, nausea, loss_of_appetite) VALUES (50, true, true, true);
INSERT INTO Symptoms (sxId, vomiting, diarrhea, chills, malaise, abdominal_distension, dysuria) VALUES (51, true, true, true, true, true, true);
INSERT INTO Cases (diagnosisId, age, gender, majorSx, minorSx, painId) VALUES (1, 14, 'F', 50, 51, 50);
INSERT INTO Positions (posId, epigastrium, right_lower_quadrant, periumbilical) VALUES (52, true, true, true);
INSERT INTO Positions (posId, right_lower_quadrant, right_groin) VALUES (53, true, true);
INSERT INTO Pain (pid, positionId, referred_pain_position, constant, four_hours, eight_hours, one_day, two_days, better_with_lying_still, worse_with_eating, worse_with_moving_around) VALUES (52, 52, 53, true, true, true, true, true, true, true, true);
INSERT INTO Symptoms (sxId, fever, nausea, loss_of_appetite) VALUES (52, true, true, true);
INSERT INTO Symptoms (sxId, vomiting, diarrhea, chills, malaise, abdominal_distension, dysuria) VALUES (53, true, true, true, true, true, true);
INSERT INTO Cases (diagnosisId, age, gender, majorSx, minorSx, painId) VALUES (1, 13, 'M', 52, 53, 52);
INSERT INTO Positions (posId, epigastrium, right_lower_quadrant, periumbilical) VALUES (54, true, true, true);
INSERT INTO Positions (posId, right_lower_quadrant, right_groin) VALUES (55, true, true);
INSERT INTO Pain (pid, positionId, referred_pain_position, constant, four_hours, eight_hours, one_day, two_days, better_with_lying_still, worse_with_eating, worse_with_moving_around) VALUES (54, 54, 55, true, true, true, true, true, true, true, true);
INSERT INTO Symptoms (sxId, fever, nausea, loss_of_appetite) VALUES (54, true, true, true);
INSERT INTO Symptoms (sxId, vomiting, diarrhea, chills, malaise, abdominal_distension, dysuria) VALUES (55, true, true, true, false, true, false);
INSERT INTO Cases (diagnosisId, age, gender, majorSx, minorSx, painId) VALUES (1, 13, 'F', 54, 55, 54);
INSERT INTO Positions (posId, epigastrium, right_lower_quadrant, periumbilical) VALUES (56, false, true, true);
INSERT INTO Positions (posId, right_lower_quadrant, right_groin) VALUES (57, true, true);
INSERT INTO Pain (pid, positionId, referred_pain_position, constant, four_hours, eight_hours, one_day, two_days, better_with_lying_still, worse_with_eating, worse_with_moving_around) VALUES (56, 56, 57, false, true, true, true, true, true, true, true);
INSERT INTO Symptoms (sxId, fever, nausea, loss_of_appetite) VALUES (56, true, true, true);
INSERT INTO Symptoms (sxId, vomiting, diarrhea, chills, malaise, abdominal_distension, dysuria) VALUES (57, true, false, true, true, true, false);
INSERT INTO Cases (diagnosisId, age, gender, majorSx, minorSx, painId) VALUES (1, 11, 'M', 56, 57, 56);
INSERT INTO Positions (posId, epigastrium, right_lower_quadrant, periumbilical) VALUES (58, true, true, false);
INSERT INTO Positions (posId, right_lower_quadrant, right_groin) VALUES (59, true, true);
INSERT INTO Pain (pid, positionId, referred_pain_position, constant, four_hours, eight_hours, one_day, two_days, better_with_lying_still, worse_with_eating, worse_with_moving_around) VALUES (58, 58, 59, true, true, true, true, false, true, false, true);
INSERT INTO Symptoms (sxId, fever, nausea, loss_of_appetite) VALUES (58, true, true, true);
INSERT INTO Symptoms (sxId, vomiting, diarrhea, chills, malaise, abdominal_distension, dysuria) VALUES (59, true, true, true, false, true, true);
INSERT INTO Cases (diagnosisId, age, gender, majorSx, minorSx, painId) VALUES (1, 12, 'M', 58, 59, 58);
INSERT INTO Positions (posId, epigastrium, right_lower_quadrant, periumbilical) VALUES (60, true, true, true);
INSERT INTO Positions (posId, right_lower_quadrant, right_groin) VALUES (61, true, true);
INSERT INTO Pain (pid, positionId, referred_pain_position, constant, four_hours, eight_hours, one_day, two_days, better_with_lying_still, worse_with_eating, worse_with_moving_around) VALUES (60, 60, 61, true, false, true, true, true, true, true, true);
INSERT INTO Symptoms (sxId, fever, nausea, loss_of_appetite) VALUES (60, true, true, true);
INSERT INTO Symptoms (sxId, vomiting, diarrhea, chills, malaise, abdominal_distension, dysuria) VALUES (61, true, true, true, true, true, true);
INSERT INTO Cases (diagnosisId, age, gender, majorSx, minorSx, painId) VALUES (1, 13, 'M', 60, 61, 60);
INSERT INTO Positions (posId, epigastrium, right_lower_quadrant, periumbilical) VALUES (62, true, true, true);
INSERT INTO Positions (posId, right_lower_quadrant, right_groin) VALUES (63, false, true);
INSERT INTO Pain (pid, positionId, referred_pain_position, constant, four_hours, eight_hours, one_day, two_days, better_with_lying_still, worse_with_eating, worse_with_moving_around) VALUES (62, 62, 63, true, true, true, true, false, true, true, true);
INSERT INTO Symptoms (sxId, fever, nausea, loss_of_appetite) VALUES (62, true, true, true);
INSERT INTO Symptoms (sxId, vomiting, diarrhea, chills, malaise, abdominal_distension, dysuria) VALUES (63, true, true, true, true, true, true);
INSERT INTO Cases (diagnosisId, age, gender, majorSx, minorSx, painId) VALUES (1, 13, 'F', 62, 63, 62);
INSERT INTO Positions (posId, epigastrium, right_lower_quadrant, periumbilical) VALUES (64, true, true, true);
INSERT INTO Positions (posId, right_lower_quadrant, right_groin) VALUES (65, true, true);
INSERT INTO Pain (pid, positionId, referred_pain_position, constant, four_hours, eight_hours, one_day, two_days, better_with_lying_still, worse_with_eating, worse_with_moving_around) VALUES (64, 64, 65, true, true, true, false, true, true, true, true);
INSERT INTO Symptoms (sxId, fever, nausea, loss_of_appetite) VALUES (64, true, true, true);
INSERT INTO Symptoms (sxId, vomiting, diarrhea, chills, malaise, abdominal_distension, dysuria) VALUES (65, true, true, true, true, true, true);
INSERT INTO Cases (diagnosisId, age, gender, majorSx, minorSx, painId) VALUES (1, 14, 'M', 64, 65, 64);
INSERT INTO Positions (posId, epigastrium, right_lower_quadrant, periumbilical) VALUES (66, true, true, true);
INSERT INTO Positions (posId, right_lower_quadrant, right_groin) VALUES (67, true, true);
INSERT INTO Pain (pid, positionId, referred_pain_position, constant, four_hours, eight_hours, one_day, two_days, better_with_lying_still, worse_with_eating, worse_with_moving_around) VALUES (66, 66, 67, true, true, true, true, true, true, true, true);
INSERT INTO Symptoms (sxId, fever, nausea, loss_of_appetite) VALUES (66, false, true, true);
INSERT INTO Symptoms (sxId, vomiting, diarrhea, chills, malaise, abdominal_distension, dysuria) VALUES (67, true, true, true, true, true, true);
INSERT INTO Cases (diagnosisId, age, gender, majorSx, minorSx, painId) VALUES (1, 15, 'F', 66, 67, 66);
INSERT INTO Positions (posId, epigastrium, right_lower_quadrant, periumbilical) VALUES (68, true, true, false);
INSERT INTO Positions (posId, right_lower_quadrant, right_groin) VALUES (69, true, true);
INSERT INTO Pain (pid, positionId, referred_pain_position, constant, four_hours, eight_hours, one_day, two_days, better_with_lying_still, worse_with_eating, worse_with_moving_around) VALUES (68, 68, 69, true, true, false, true, true, true, true, true);
INSERT INTO Symptoms (sxId, fever, nausea, loss_of_appetite) VALUES (68, true, false, true);
INSERT INTO Symptoms (sxId, vomiting, diarrhea, chills, malaise, abdominal_distension, dysuria) VALUES (69, true, true, true, true, true, true);
INSERT INTO Cases (diagnosisId, age, gender, majorSx, minorSx, painId) VALUES (1, 13, 'M', 68, 69, 68);
INSERT INTO Positions (posId, epigastrium, right_lower_quadrant, periumbilical) VALUES (70, true, true, true);
INSERT INTO Positions (posId, right_lower_quadrant, right_groin) VALUES (71, true, true);
INSERT INTO Pain (pid, positionId, referred_pain_position, constant, four_hours, eight_hours, one_day, two_days, better_with_lying_still, worse_with_eating, worse_with_moving_around) VALUES (70, 70, 71, true, true, true, true, true, true, false, true);
INSERT INTO Symptoms (sxId, fever, nausea, loss_of_appetite) VALUES (70, true, true, true);
INSERT INTO Symptoms (sxId, vomiting, diarrhea, chills, malaise, abdominal_distension, dysuria) VALUES (71, true, true, true, true, true, true);
INSERT INTO Cases (diagnosisId, age, gender, majorSx, minorSx, painId) VALUES (1, 18, 'F', 70, 71, 70);
INSERT INTO Positions (posId, epigastrium, right_lower_quadrant, periumbilical) VALUES (72, true, true, true);
INSERT INTO Positions (posId, right_lower_quadrant, right_groin) VALUES (73, true, true);
INSERT INTO Pain (pid, positionId, referred_pain_position, constant, four_hours, eight_hours, one_day, two_days, better_with_lying_still, worse_with_eating, worse_with_moving_around) VALUES (72, 72, 73, true, true, true, true, true, true, true, true);
INSERT INTO Symptoms (sxId, fever, nausea, loss_of_appetite) VALUES (72, true, true, true);
INSERT INTO Symptoms (sxId, vomiting, diarrhea, chills, malaise, abdominal_distension, dysuria) VALUES (73, true, true, true, true, true, true);
INSERT INTO Cases (diagnosisId, age, gender, majorSx, minorSx, painId) VALUES (1, 16, 'M', 72, 73, 72);
INSERT INTO Positions (posId, epigastrium, right_lower_quadrant, periumbilical) VALUES (74, true, true, false);
INSERT INTO Positions (posId, right_lower_quadrant, right_groin) VALUES (75, true, true);
INSERT INTO Pain (pid, positionId, referred_pain_position, constant, four_hours, eight_hours, one_day, two_days, better_with_lying_still, worse_with_eating, worse_with_moving_around) VALUES (74, 74, 75, true, false, true, true, true, false, true, true);
INSERT INTO Symptoms (sxId, fever, nausea, loss_of_appetite) VALUES (74, true, true, true);
INSERT INTO Symptoms (sxId, vomiting, diarrhea, chills, malaise, abdominal_distension, dysuria) VALUES (75, false, true, true, true, true, true);
INSERT INTO Cases (diagnosisId, age, gender, majorSx, minorSx, painId) VALUES (1, 16, 'M', 74, 75, 74);
INSERT INTO Positions (posId, epigastrium, right_lower_quadrant, periumbilical) VALUES (76, true, true, false);
INSERT INTO Positions (posId, right_lower_quadrant, right_groin) VALUES (77, true, true);
INSERT INTO Pain (pid, positionId, referred_pain_position, constant, four_hours, eight_hours, one_day, two_days, better_with_lying_still, worse_with_eating, worse_with_moving_around) VALUES (76, 76, 77, true, true, true, true, true, true, true, true);
INSERT INTO Symptoms (sxId, fever, nausea, loss_of_appetite) VALUES (76, true, true, true);
INSERT INTO Symptoms (sxId, vomiting, diarrhea, chills, malaise, abdominal_distension, dysuria) VALUES (77, true, true, true, true, true, false);
INSERT INTO Cases (diagnosisId, age, gender, majorSx, minorSx, painId) VALUES (1, 20, 'M', 76, 77, 76);
INSERT INTO Positions (posId, epigastrium, right_lower_quadrant, periumbilical) VALUES (78, true, true, true);
INSERT INTO Positions (posId, right_lower_quadrant, right_groin) VALUES (79, true, true);
INSERT INTO Pain (pid, positionId, referred_pain_position, constant, four_hours, eight_hours, one_day, two_days, better_with_lying_still, worse_with_eating, worse_with_moving_around) VALUES (78, 78, 79, true, true, true, true, true, true, true, true);
INSERT INTO Symptoms (sxId, fever, nausea, loss_of_appetite) VALUES (78, true, false, true);
INSERT INTO Symptoms (sxId, vomiting, diarrhea, chills, malaise, abdominal_distension, dysuria) VALUES (79, true, true, true, true, true, true);
INSERT INTO Cases (diagnosisId, age, gender, majorSx, minorSx, painId) VALUES (1, 19, 'F', 78, 79, 78);
INSERT INTO Positions (posId, epigastrium, right_lower_quadrant, periumbilical) VALUES (80, true, true, true);
INSERT INTO Positions (posId, right_lower_quadrant, right_groin) VALUES (81, true, true);
INSERT INTO Pain (pid, positionId, referred_pain_position, constant, four_hours, eight_hours, one_day, two_days, better_with_lying_still, worse_with_eating, worse_with_moving_around) VALUES (80, 80, 81, true, true, false, true, true, false, false, true);
INSERT INTO Symptoms (sxId, fever, nausea, loss_of_appetite) VALUES (80, true, false, true);
INSERT INTO Symptoms (sxId, vomiting, diarrhea, chills, malaise, abdominal_distension, dysuria) VALUES (81, false, false, true, true, true, true);
INSERT INTO Cases (diagnosisId, age, gender, majorSx, minorSx, painId) VALUES (1, 17, 'M', 80, 81, 80);
INSERT INTO Positions (posId, epigastrium, right_lower_quadrant, periumbilical) VALUES (82, true, false, true);
INSERT INTO Positions (posId, right_lower_quadrant, right_groin) VALUES (83, true, true);
INSERT INTO Pain (pid, positionId, referred_pain_position, constant, four_hours, eight_hours, one_day, two_days, better_with_lying_still, worse_with_eating, worse_with_moving_around) VALUES (82, 82, 83, true, true, false, true, true, true, true, true);
INSERT INTO Symptoms (sxId, fever, nausea, loss_of_appetite) VALUES (82, true, true, true);
INSERT INTO Symptoms (sxId, vomiting, diarrhea, chills, malaise, abdominal_distension, dysuria) VALUES (83, true, true, true, true, true, true);
INSERT INTO Cases (diagnosisId, age, gender, majorSx, minorSx, painId) VALUES (1, 18, 'F', 82, 83, 82);
INSERT INTO Positions (posId, epigastrium, right_lower_quadrant, periumbilical) VALUES (84, true, true, true);
INSERT INTO Positions (posId, right_lower_quadrant, right_groin) VALUES (85, true, true);
INSERT INTO Pain (pid, positionId, referred_pain_position, constant, four_hours, eight_hours, one_day, two_days, better_with_lying_still, worse_with_eating, worse_with_moving_around) VALUES (84, 84, 85, false, false, true, true, true, true, true, true);
INSERT INTO Symptoms (sxId, fever, nausea, loss_of_appetite) VALUES (84, true, true, true);
INSERT INTO Symptoms (sxId, vomiting, diarrhea, chills, malaise, abdominal_distension, dysuria) VALUES (85, true, true, true, true, true, true);
INSERT INTO Cases (diagnosisId, age, gender, majorSx, minorSx, painId) VALUES (1, 20, 'F', 84, 85, 84);
INSERT INTO Positions (posId, epigastrium, right_lower_quadrant, periumbilical) VALUES (86, true, true, true);
INSERT INTO Positions (posId, right_lower_quadrant, right_groin) VALUES (87, true, true);
INSERT INTO Pain (pid, positionId, referred_pain_position, constant, four_hours, eight_hours, one_day, two_days, better_with_lying_still, worse_with_eating, worse_with_moving_around) VALUES (86, 86, 87, true, true, true, true, true, true, true, true);
INSERT INTO Symptoms (sxId, fever, nausea, loss_of_appetite) VALUES (86, false, true, true);
INSERT INTO Symptoms (sxId, vomiting, diarrhea, chills, malaise, abdominal_distension, dysuria) VALUES (87, true, true, true, true, true, true);
INSERT INTO Cases (diagnosisId, age, gender, majorSx, minorSx, painId) VALUES (1, 17, 'F', 86, 87, 86);
INSERT INTO Positions (posId, epigastrium, right_lower_quadrant, periumbilical) VALUES (88, true, true, true);
INSERT INTO Positions (posId, right_lower_quadrant, right_groin) VALUES (89, true, true);
INSERT INTO Pain (pid, positionId, referred_pain_position, constant, four_hours, eight_hours, one_day, two_days, better_with_lying_still, worse_with_eating, worse_with_moving_around) VALUES (88, 88, 89, true, false, true, true, true, true, true, true);
INSERT INTO Symptoms (sxId, fever, nausea, loss_of_appetite) VALUES (88, true, true, true);
INSERT INTO Symptoms (sxId, vomiting, diarrhea, chills, malaise, abdominal_distension, dysuria) VALUES (89, true, true, true, true, true, true);
INSERT INTO Cases (diagnosisId, age, gender, majorSx, minorSx, painId) VALUES (1, 16, 'F', 88, 89, 88);
INSERT INTO Positions (posId, epigastrium, right_lower_quadrant, periumbilical) VALUES (90, true, true, true);
INSERT INTO Positions (posId, right_lower_quadrant, right_groin) VALUES (91, true, true);
INSERT INTO Pain (pid, positionId, referred_pain_position, constant, four_hours, eight_hours, one_day, two_days, better_with_lying_still, worse_with_eating, worse_with_moving_around) VALUES (90, 90, 91, true, true, true, false, true, true, true, true);
INSERT INTO Symptoms (sxId, fever, nausea, loss_of_appetite) VALUES (90, true, true, true);
INSERT INTO Symptoms (sxId, vomiting, diarrhea, chills, malaise, abdominal_distension, dysuria) VALUES (91, true, true, false, true, true, true);
INSERT INTO Cases (diagnosisId, age, gender, majorSx, minorSx, painId) VALUES (1, 19, 'M', 90, 91, 90);
INSERT INTO Positions (posId, epigastrium, right_lower_quadrant, periumbilical) VALUES (92, true, true, true);
INSERT INTO Positions (posId, right_lower_quadrant, right_groin) VALUES (93, true, false);
INSERT INTO Pain (pid, positionId, referred_pain_position, constant, four_hours, eight_hours, one_day, two_days, better_with_lying_still, worse_with_eating, worse_with_moving_around) VALUES (92, 92, 93, true, false, true, true, true, true, true, true);
INSERT INTO Symptoms (sxId, fever, nausea, loss_of_appetite) VALUES (92, false, true, true);
INSERT INTO Symptoms (sxId, vomiting, diarrhea, chills, malaise, abdominal_distension, dysuria) VALUES (93, true, true, true, true, true, true);
INSERT INTO Cases (diagnosisId, age, gender, majorSx, minorSx, painId) VALUES (1, 16, 'F', 92, 93, 92);
INSERT INTO Positions (posId, epigastrium, right_lower_quadrant, periumbilical) VALUES (94, true, true, true);
INSERT INTO Positions (posId, right_lower_quadrant, right_groin) VALUES (95, true, true);
INSERT INTO Pain (pid, positionId, referred_pain_position, constant, four_hours, eight_hours, one_day, two_days, better_with_lying_still, worse_with_eating, worse_with_moving_around) VALUES (94, 94, 95, true, false, true, true, true, true, true, true);
INSERT INTO Symptoms (sxId, fever, nausea, loss_of_appetite) VALUES (94, true, true, false);
INSERT INTO Symptoms (sxId, vomiting, diarrhea, chills, malaise, abdominal_distension, dysuria) VALUES (95, true, true, true, true, true, true);
INSERT INTO Cases (diagnosisId, age, gender, majorSx, minorSx, painId) VALUES (1, 19, 'M', 94, 95, 94);
INSERT INTO Positions (posId, epigastrium, right_lower_quadrant, periumbilical) VALUES (96, true, true, true);
INSERT INTO Positions (posId, right_lower_quadrant, right_groin) VALUES (97, true, true);
INSERT INTO Pain (pid, positionId, referred_pain_position, constant, four_hours, eight_hours, one_day, two_days, better_with_lying_still, worse_with_eating, worse_with_moving_around) VALUES (96, 96, 97, true, true, true, true, true, false, true, true);
INSERT INTO Symptoms (sxId, fever, nausea, loss_of_appetite) VALUES (96, true, true, true);
INSERT INTO Symptoms (sxId, vomiting, diarrhea, chills, malaise, abdominal_distension, dysuria) VALUES (97, true, true, true, true, true, true);
INSERT INTO Cases (diagnosisId, age, gender, majorSx, minorSx, painId) VALUES (1, 19, 'M', 96, 97, 96);
INSERT INTO Positions (posId, epigastrium, right_lower_quadrant, periumbilical) VALUES (98, true, true, true);
INSERT INTO Positions (posId, right_lower_quadrant, right_groin) VALUES (99, true, true);
INSERT INTO Pain (pid, positionId, referred_pain_position, constant, four_hours, eight_hours, one_day, two_days, better_with_lying_still, worse_with_eating, worse_with_moving_around) VALUES (98, 98, 99, true, true, true, true, true, true, true, true);
INSERT INTO Symptoms (sxId, fever, nausea, loss_of_appetite) VALUES (98, true, true, true);
INSERT INTO Symptoms (sxId, vomiting, diarrhea, chills, malaise, abdominal_distension, dysuria) VALUES (99, true, true, true, false, true, true);
INSERT INTO Cases (diagnosisId, age, gender, majorSx, minorSx, painId) VALUES (1, 20, 'F', 98, 99, 98);
INSERT INTO Positions (posId, epigastrium, right_lower_quadrant, periumbilical) VALUES (100, true, true, true);
INSERT INTO Positions (posId, right_lower_quadrant, right_groin) VALUES (101, true, true);
INSERT INTO Pain (pid, positionId, referred_pain_position, constant, four_hours, eight_hours, one_day, two_days, better_with_lying_still, worse_with_eating, worse_with_moving_around) VALUES (100, 100, 101, true, true, true, true, true, true, true, true);
INSERT INTO Symptoms (sxId, fever, nausea, loss_of_appetite) VALUES (100, true, true, true);
INSERT INTO Symptoms (sxId, vomiting, diarrhea, chills, malaise, abdominal_distension, dysuria) VALUES (101, true, true, true, true, false, true);
INSERT INTO Cases (diagnosisId, age, gender, majorSx, minorSx, painId) VALUES (1, 24, 'M', 100, 101, 100);
INSERT INTO Positions (posId, epigastrium, right_lower_quadrant, periumbilical) VALUES (102, true, true, true);
INSERT INTO Positions (posId, right_lower_quadrant, right_groin) VALUES (103, true, true);
INSERT INTO Pain (pid, positionId, referred_pain_position, constant, four_hours, eight_hours, one_day, two_days, better_with_lying_still, worse_with_eating, worse_with_moving_around) VALUES (102, 102, 103, false, true, true, true, true, true, true, true);
INSERT INTO Symptoms (sxId, fever, nausea, loss_of_appetite) VALUES (102, true, true, true);
INSERT INTO Symptoms (sxId, vomiting, diarrhea, chills, malaise, abdominal_distension, dysuria) VALUES (103, true, true, true, true, true, true);
INSERT INTO Cases (diagnosisId, age, gender, majorSx, minorSx, painId) VALUES (1, 22, 'F', 102, 103, 102);
INSERT INTO Positions (posId, epigastrium, right_lower_quadrant, periumbilical) VALUES (104, true, true, true);
INSERT INTO Positions (posId, right_lower_quadrant, right_groin) VALUES (105, true, true);
INSERT INTO Pain (pid, positionId, referred_pain_position, constant, four_hours, eight_hours, one_day, two_days, better_with_lying_still, worse_with_eating, worse_with_moving_around) VALUES (104, 104, 105, true, true, true, true, true, true, true, true);
INSERT INTO Symptoms (sxId, fever, nausea, loss_of_appetite) VALUES (104, true, true, true);
INSERT INTO Symptoms (sxId, vomiting, diarrhea, chills, malaise, abdominal_distension, dysuria) VALUES (105, true, true, true, true, true, true);
INSERT INTO Cases (diagnosisId, age, gender, majorSx, minorSx, painId) VALUES (1, 23, 'M', 104, 105, 104);
INSERT INTO Positions (posId, epigastrium, right_lower_quadrant, periumbilical) VALUES (106, true, true, true);
INSERT INTO Positions (posId, right_lower_quadrant, right_groin) VALUES (107, true, true);
INSERT INTO Pain (pid, positionId, referred_pain_position, constant, four_hours, eight_hours, one_day, two_days, better_with_lying_still, worse_with_eating, worse_with_moving_around) VALUES (106, 106, 107, true, true, true, true, true, true, true, true);
INSERT INTO Symptoms (sxId, fever, nausea, loss_of_appetite) VALUES (106, true, true, true);
INSERT INTO Symptoms (sxId, vomiting, diarrhea, chills, malaise, abdominal_distension, dysuria) VALUES (107, true, true, true, true, true, false);
INSERT INTO Cases (diagnosisId, age, gender, majorSx, minorSx, painId) VALUES (1, 23, 'F', 106, 107, 106);
INSERT INTO Positions (posId, epigastrium, right_lower_quadrant, periumbilical) VALUES (108, true, false, true);
INSERT INTO Positions (posId, right_lower_quadrant, right_groin) VALUES (109, true, true);
INSERT INTO Pain (pid, positionId, referred_pain_position, constant, four_hours, eight_hours, one_day, two_days, better_with_lying_still, worse_with_eating, worse_with_moving_around) VALUES (108, 108, 109, true, false, true, true, true, true, true, true);
INSERT INTO Symptoms (sxId, fever, nausea, loss_of_appetite) VALUES (108, true, true, true);
INSERT INTO Symptoms (sxId, vomiting, diarrhea, chills, malaise, abdominal_distension, dysuria) VALUES (109, true, true, true, true, true, true);
INSERT INTO Cases (diagnosisId, age, gender, majorSx, minorSx, painId) VALUES (1, 24, 'F', 108, 109, 108);
INSERT INTO Positions (posId, epigastrium, right_lower_quadrant, periumbilical) VALUES (110, true, true, true);
INSERT INTO Positions (posId, right_lower_quadrant, right_groin) VALUES (111, true, true);
INSERT INTO Pain (pid, positionId, referred_pain_position, constant, four_hours, eight_hours, one_day, two_days, better_with_lying_still, worse_with_eating, worse_with_moving_around) VALUES (110, 110, 111, true, true, true, true, true, true, true, true);
INSERT INTO Symptoms (sxId, fever, nausea, loss_of_appetite) VALUES (110, true, true, true);
INSERT INTO Symptoms (sxId, vomiting, diarrhea, chills, malaise, abdominal_distension, dysuria) VALUES (111, true, true, false, false, true, true);
INSERT INTO Cases (diagnosisId, age, gender, majorSx, minorSx, painId) VALUES (1, 23, 'M', 110, 111, 110);
INSERT INTO Positions (posId, epigastrium, right_lower_quadrant, periumbilical) VALUES (112, true, true, true);
INSERT INTO Positions (posId, right_lower_quadrant, right_groin) VALUES (113, true, true);
INSERT INTO Pain (pid, positionId, referred_pain_position, constant, four_hours, eight_hours, one_day, two_days, better_with_lying_still, worse_with_eating, worse_with_moving_around) VALUES (112, 112, 113, true, true, true, true, true, true, true, true);
INSERT INTO Symptoms (sxId, fever, nausea, loss_of_appetite) VALUES (112, true, true, false);
INSERT INTO Symptoms (sxId, vomiting, diarrhea, chills, malaise, abdominal_distension, dysuria) VALUES (113, true, true, true, true, true, true);
INSERT INTO Cases (diagnosisId, age, gender, majorSx, minorSx, painId) VALUES (1, 23, 'M', 112, 113, 112);
INSERT INTO Positions (posId, epigastrium, right_lower_quadrant, periumbilical) VALUES (114, true, true, true);
INSERT INTO Positions (posId, right_lower_quadrant, right_groin) VALUES (115, true, false);
INSERT INTO Pain (pid, positionId, referred_pain_position, constant, four_hours, eight_hours, one_day, two_days, better_with_lying_still, worse_with_eating, worse_with_moving_around) VALUES (114, 114, 115, true, true, true, true, true, true, true, true);
INSERT INTO Symptoms (sxId, fever, nausea, loss_of_appetite) VALUES (114, true, true, true);
INSERT INTO Symptoms (sxId, vomiting, diarrhea, chills, malaise, abdominal_distension, dysuria) VALUES (115, true, true, true, true, true, true);
INSERT INTO Cases (diagnosisId, age, gender, majorSx, minorSx, painId) VALUES (1, 22, 'F', 114, 115, 114);
INSERT INTO Positions (posId, epigastrium, right_lower_quadrant, periumbilical) VALUES (116, true, true, true);
INSERT INTO Positions (posId, right_lower_quadrant, right_groin) VALUES (117, true, true);
INSERT INTO Pain (pid, positionId, referred_pain_position, constant, four_hours, eight_hours, one_day, two_days, better_with_lying_still, worse_with_eating, worse_with_moving_around) VALUES (116, 116, 117, true, false, true, true, true, true, true, true);
INSERT INTO Symptoms (sxId, fever, nausea, loss_of_appetite) VALUES (116, true, false, true);
INSERT INTO Symptoms (sxId, vomiting, diarrhea, chills, malaise, abdominal_distension, dysuria) VALUES (117, true, true, true, true, true, false);
INSERT INTO Cases (diagnosisId, age, gender, majorSx, minorSx, painId) VALUES (1, 22, 'M', 116, 117, 116);
INSERT INTO Positions (posId, epigastrium, right_lower_quadrant, periumbilical) VALUES (118, true, true, true);
INSERT INTO Positions (posId, right_lower_quadrant, right_groin) VALUES (119, false, true);
INSERT INTO Pain (pid, positionId, referred_pain_position, constant, four_hours, eight_hours, one_day, two_days, better_with_lying_still, worse_with_eating, worse_with_moving_around) VALUES (118, 118, 119, true, true, true, true, true, true, true, true);
INSERT INTO Symptoms (sxId, fever, nausea, loss_of_appetite) VALUES (118, false, true, true);
INSERT INTO Symptoms (sxId, vomiting, diarrhea, chills, malaise, abdominal_distension, dysuria) VALUES (119, true, true, false, true, true, false);
INSERT INTO Cases (diagnosisId, age, gender, majorSx, minorSx, painId) VALUES (1, 21, 'F', 118, 119, 118);
INSERT INTO Positions (posId, epigastrium, right_lower_quadrant, periumbilical) VALUES (120, true, true, true);
INSERT INTO Positions (posId, right_lower_quadrant, right_groin) VALUES (121, true, true);
INSERT INTO Pain (pid, positionId, referred_pain_position, constant, four_hours, eight_hours, one_day, two_days, better_with_lying_still, worse_with_eating, worse_with_moving_around) VALUES (120, 120, 121, true, true, true, true, true, true, true, true);
INSERT INTO Symptoms (sxId, fever, nausea, loss_of_appetite) VALUES (120, false, true, true);
INSERT INTO Symptoms (sxId, vomiting, diarrhea, chills, malaise, abdominal_distension, dysuria) VALUES (121, true, true, true, true, true, true);
INSERT INTO Cases (diagnosisId, age, gender, majorSx, minorSx, painId) VALUES (1, 21, 'M', 120, 121, 120);
INSERT INTO Positions (posId, epigastrium, right_lower_quadrant, periumbilical) VALUES (122, true, true, true);
INSERT INTO Positions (posId, right_lower_quadrant, right_groin) VALUES (123, true, true);
INSERT INTO Pain (pid, positionId, referred_pain_position, constant, four_hours, eight_hours, one_day, two_days, better_with_lying_still, worse_with_eating, worse_with_moving_around) VALUES (122, 122, 123, true, true, true, true, true, true, true, true);
INSERT INTO Symptoms (sxId, fever, nausea, loss_of_appetite) VALUES (122, true, true, true);
INSERT INTO Symptoms (sxId, vomiting, diarrhea, chills, malaise, abdominal_distension, dysuria) VALUES (123, true, true, true, true, true, true);
INSERT INTO Cases (diagnosisId, age, gender, majorSx, minorSx, painId) VALUES (1, 22, 'M', 122, 123, 122);
INSERT INTO Positions (posId, epigastrium, right_lower_quadrant, periumbilical) VALUES (124, true, true, true);
INSERT INTO Positions (posId, right_lower_quadrant, right_groin) VALUES (125, false, true);
INSERT INTO Pain (pid, positionId, referred_pain_position, constant, four_hours, eight_hours, one_day, two_days, better_with_lying_still, worse_with_eating, worse_with_moving_around) VALUES (124, 124, 125, true, true, true, true, true, true, true, true);
INSERT INTO Symptoms (sxId, fever, nausea, loss_of_appetite) VALUES (124, true, true, true);
INSERT INTO Symptoms (sxId, vomiting, diarrhea, chills, malaise, abdominal_distension, dysuria) VALUES (125, true, true, true, true, false, true);
INSERT INTO Cases (diagnosisId, age, gender, majorSx, minorSx, painId) VALUES (1, 24, 'M', 124, 125, 124);
INSERT INTO Positions (posId, epigastrium, right_lower_quadrant, periumbilical) VALUES (126, true, true, true);
INSERT INTO Positions (posId, right_lower_quadrant, right_groin) VALUES (127, true, true);
INSERT INTO Pain (pid, positionId, referred_pain_position, constant, four_hours, eight_hours, one_day, two_days, better_with_lying_still, worse_with_eating, worse_with_moving_around) VALUES (126, 126, 127, true, true, true, true, false, true, true, true);
INSERT INTO Symptoms (sxId, fever, nausea, loss_of_appetite) VALUES (126, true, true, true);
INSERT INTO Symptoms (sxId, vomiting, diarrhea, chills, malaise, abdominal_distension, dysuria) VALUES (127, true, true, false, true, true, true);
INSERT INTO Cases (diagnosisId, age, gender, majorSx, minorSx, painId) VALUES (1, 22, 'F', 126, 127, 126);
INSERT INTO Positions (posId, epigastrium, right_lower_quadrant, periumbilical) VALUES (128, true, true, true);
INSERT INTO Positions (posId, right_lower_quadrant, right_groin) VALUES (129, true, true);
INSERT INTO Pain (pid, positionId, referred_pain_position, constant, four_hours, eight_hours, one_day, two_days, better_with_lying_still, worse_with_eating, worse_with_moving_around) VALUES (128, 128, 129, true, true, true, true, true, true, true, true);
INSERT INTO Symptoms (sxId, fever, nausea, loss_of_appetite) VALUES (128, true, true, true);
INSERT INTO Symptoms (sxId, vomiting, diarrhea, chills, malaise, abdominal_distension, dysuria) VALUES (129, true, true, true, true, true, true);
INSERT INTO Cases (diagnosisId, age, gender, majorSx, minorSx, painId) VALUES (1, 22, 'M', 128, 129, 128);
INSERT INTO Positions (posId, epigastrium, right_lower_quadrant, periumbilical) VALUES (130, true, true, true);
INSERT INTO Positions (posId, right_lower_quadrant, right_groin) VALUES (131, true, true);
INSERT INTO Pain (pid, positionId, referred_pain_position, constant, four_hours, eight_hours, one_day, two_days, better_with_lying_still, worse_with_eating, worse_with_moving_around) VALUES (130, 130, 131, true, true, true, true, true, true, true, true);
INSERT INTO Symptoms (sxId, fever, nausea, loss_of_appetite) VALUES (130, true, true, true);
INSERT INTO Symptoms (sxId, vomiting, diarrhea, chills, malaise, abdominal_distension, dysuria) VALUES (131, true, true, true, true, true, true);
INSERT INTO Cases (diagnosisId, age, gender, majorSx, minorSx, painId) VALUES (1, 26, 'M', 130, 131, 130);
INSERT INTO Positions (posId, epigastrium, right_lower_quadrant, periumbilical) VALUES (132, true, true, true);
INSERT INTO Positions (posId, right_lower_quadrant, right_groin) VALUES (133, true, false);
INSERT INTO Pain (pid, positionId, referred_pain_position, constant, four_hours, eight_hours, one_day, two_days, better_with_lying_still, worse_with_eating, worse_with_moving_around) VALUES (132, 132, 133, true, true, true, true, true, true, true, true);
INSERT INTO Symptoms (sxId, fever, nausea, loss_of_appetite) VALUES (132, true, true, true);
INSERT INTO Symptoms (sxId, vomiting, diarrhea, chills, malaise, abdominal_distension, dysuria) VALUES (133, true, true, true, true, true, true);
INSERT INTO Cases (diagnosisId, age, gender, majorSx, minorSx, painId) VALUES (1, 30, 'M', 132, 133, 132);
INSERT INTO Positions (posId, epigastrium, right_lower_quadrant, periumbilical) VALUES (134, true, true, true);
INSERT INTO Positions (posId, right_lower_quadrant, right_groin) VALUES (135, false, false);
INSERT INTO Pain (pid, positionId, referred_pain_position, constant, four_hours, eight_hours, one_day, two_days, better_with_lying_still, worse_with_eating, worse_with_moving_around) VALUES (134, 134, 135, true, true, true, true, false, true, true, true);
INSERT INTO Symptoms (sxId, fever, nausea, loss_of_appetite) VALUES (134, true, true, true);
INSERT INTO Symptoms (sxId, vomiting, diarrhea, chills, malaise, abdominal_distension, dysuria) VALUES (135, true, true, true, true, true, true);
INSERT INTO Cases (diagnosisId, age, gender, majorSx, minorSx, painId) VALUES (1, 29, 'F', 134, 135, 134);
INSERT INTO Positions (posId, epigastrium, right_lower_quadrant, periumbilical) VALUES (136, false, true, true);
INSERT INTO Positions (posId, right_lower_quadrant, right_groin) VALUES (137, true, true);
INSERT INTO Pain (pid, positionId, referred_pain_position, constant, four_hours, eight_hours, one_day, two_days, better_with_lying_still, worse_with_eating, worse_with_moving_around) VALUES (136, 136, 137, true, true, true, true, true, true, true, true);
INSERT INTO Symptoms (sxId, fever, nausea, loss_of_appetite) VALUES (136, true, true, true);
INSERT INTO Symptoms (sxId, vomiting, diarrhea, chills, malaise, abdominal_distension, dysuria) VALUES (137, true, true, true, true, true, true);
INSERT INTO Cases (diagnosisId, age, gender, majorSx, minorSx, painId) VALUES (1, 26, 'M', 136, 137, 136);
INSERT INTO Positions (posId, epigastrium, right_lower_quadrant, periumbilical) VALUES (138, true, true, true);
INSERT INTO Positions (posId, right_lower_quadrant, right_groin) VALUES (139, true, true);
INSERT INTO Pain (pid, positionId, referred_pain_position, constant, four_hours, eight_hours, one_day, two_days, better_with_lying_still, worse_with_eating, worse_with_moving_around) VALUES (138, 138, 139, true, true, true, true, true, true, true, true);
INSERT INTO Symptoms (sxId, fever, nausea, loss_of_appetite) VALUES (138, true, true, true);
INSERT INTO Symptoms (sxId, vomiting, diarrhea, chills, malaise, abdominal_distension, dysuria) VALUES (139, true, true, true, true, true, true);
INSERT INTO Cases (diagnosisId, age, gender, majorSx, minorSx, painId) VALUES (1, 26, 'F', 138, 139, 138);
INSERT INTO Positions (posId, epigastrium, right_lower_quadrant, periumbilical) VALUES (140, true, true, true);
INSERT INTO Positions (posId, right_lower_quadrant, right_groin) VALUES (141, true, true);
INSERT INTO Pain (pid, positionId, referred_pain_position, constant, four_hours, eight_hours, one_day, two_days, better_with_lying_still, worse_with_eating, worse_with_moving_around) VALUES (140, 140, 141, true, true, true, true, true, true, true, true);
INSERT INTO Symptoms (sxId, fever, nausea, loss_of_appetite) VALUES (140, true, true, true);
INSERT INTO Symptoms (sxId, vomiting, diarrhea, chills, malaise, abdominal_distension, dysuria) VALUES (141, true, false, true, true, true, true);
INSERT INTO Cases (diagnosisId, age, gender, majorSx, minorSx, painId) VALUES (1, 26, 'F', 140, 141, 140);
INSERT INTO Positions (posId, epigastrium, right_lower_quadrant, periumbilical) VALUES (142, true, true, true);
INSERT INTO Positions (posId, right_lower_quadrant, right_groin) VALUES (143, true, true);
INSERT INTO Pain (pid, positionId, referred_pain_position, constant, four_hours, eight_hours, one_day, two_days, better_with_lying_still, worse_with_eating, worse_with_moving_around) VALUES (142, 142, 143, true, true, true, true, true, true, true, true);
INSERT INTO Symptoms (sxId, fever, nausea, loss_of_appetite) VALUES (142, true, true, true);
INSERT INTO Symptoms (sxId, vomiting, diarrhea, chills, malaise, abdominal_distension, dysuria) VALUES (143, true, true, true, true, true, true);
INSERT INTO Cases (diagnosisId, age, gender, majorSx, minorSx, painId) VALUES (1, 27, 'F', 142, 143, 142);
INSERT INTO Positions (posId, epigastrium, right_lower_quadrant, periumbilical) VALUES (144, true, true, true);
INSERT INTO Positions (posId, right_lower_quadrant, right_groin) VALUES (145, true, true);
INSERT INTO Pain (pid, positionId, referred_pain_position, constant, four_hours, eight_hours, one_day, two_days, better_with_lying_still, worse_with_eating, worse_with_moving_around) VALUES (144, 144, 145, true, true, true, true, true, true, true, true);
INSERT INTO Symptoms (sxId, fever, nausea, loss_of_appetite) VALUES (144, true, true, true);
INSERT INTO Symptoms (sxId, vomiting, diarrhea, chills, malaise, abdominal_distension, dysuria) VALUES (145, true, true, true, true, true, true);
INSERT INTO Cases (diagnosisId, age, gender, majorSx, minorSx, painId) VALUES (1, 28, 'F', 144, 145, 144);
INSERT INTO Positions (posId, epigastrium, right_lower_quadrant, periumbilical) VALUES (146, true, true, true);
INSERT INTO Positions (posId, right_lower_quadrant, right_groin) VALUES (147, true, true);
INSERT INTO Pain (pid, positionId, referred_pain_position, constant, four_hours, eight_hours, one_day, two_days, better_with_lying_still, worse_with_eating, worse_with_moving_around) VALUES (146, 146, 147, true, true, true, true, true, true, true, true);
INSERT INTO Symptoms (sxId, fever, nausea, loss_of_appetite) VALUES (146, true, true, true);
INSERT INTO Symptoms (sxId, vomiting, diarrhea, chills, malaise, abdominal_distension, dysuria) VALUES (147, true, true, true, true, true, true);
INSERT INTO Cases (diagnosisId, age, gender, majorSx, minorSx, painId) VALUES (1, 27, 'M', 146, 147, 146);
INSERT INTO Positions (posId, epigastrium, right_lower_quadrant, periumbilical) VALUES (148, true, true, true);
INSERT INTO Positions (posId, right_lower_quadrant, right_groin) VALUES (149, true, true);
INSERT INTO Pain (pid, positionId, referred_pain_position, constant, four_hours, eight_hours, one_day, two_days, better_with_lying_still, worse_with_eating, worse_with_moving_around) VALUES (148, 148, 149, true, true, true, true, true, true, true, true);
INSERT INTO Symptoms (sxId, fever, nausea, loss_of_appetite) VALUES (148, true, true, true);
INSERT INTO Symptoms (sxId, vomiting, diarrhea, chills, malaise, abdominal_distension, dysuria) VALUES (149, true, false, true, true, true, true);
INSERT INTO Cases (diagnosisId, age, gender, majorSx, minorSx, painId) VALUES (1, 26, 'M', 148, 149, 148);
INSERT INTO Positions (posId, epigastrium, right_lower_quadrant, periumbilical) VALUES (150, true, false, true);
INSERT INTO Positions (posId, right_lower_quadrant, right_groin) VALUES (151, true, true);
INSERT INTO Pain (pid, positionId, referred_pain_position, constant, four_hours, eight_hours, one_day, two_days, better_with_lying_still, worse_with_eating, worse_with_moving_around) VALUES (150, 150, 151, true, false, true, true, true, true, true, false);
INSERT INTO Symptoms (sxId, fever, nausea, loss_of_appetite) VALUES (150, true, true, true);
INSERT INTO Symptoms (sxId, vomiting, diarrhea, chills, malaise, abdominal_distension, dysuria) VALUES (151, true, true, true, true, true, true);
INSERT INTO Cases (diagnosisId, age, gender, majorSx, minorSx, painId) VALUES (1, 32, 'M', 150, 151, 150);
INSERT INTO Positions (posId, epigastrium, right_lower_quadrant, periumbilical) VALUES (152, true, true, true);
INSERT INTO Positions (posId, right_lower_quadrant, right_groin) VALUES (153, true, true);
INSERT INTO Pain (pid, positionId, referred_pain_position, constant, four_hours, eight_hours, one_day, two_days, better_with_lying_still, worse_with_eating, worse_with_moving_around) VALUES (152, 152, 153, true, true, true, true, true, true, true, true);
INSERT INTO Symptoms (sxId, fever, nausea, loss_of_appetite) VALUES (152, true, true, true);
INSERT INTO Symptoms (sxId, vomiting, diarrhea, chills, malaise, abdominal_distension, dysuria) VALUES (153, true, true, false, true, true, true);
INSERT INTO Cases (diagnosisId, age, gender, majorSx, minorSx, painId) VALUES (1, 33, 'M', 152, 153, 152);
INSERT INTO Positions (posId, epigastrium, right_lower_quadrant, periumbilical) VALUES (154, true, true, true);
INSERT INTO Positions (posId, right_lower_quadrant, right_groin) VALUES (155, false, true);
INSERT INTO Pain (pid, positionId, referred_pain_position, constant, four_hours, eight_hours, one_day, two_days, better_with_lying_still, worse_with_eating, worse_with_moving_around) VALUES (154, 154, 155, true, true, false, false, true, true, true, true);
INSERT INTO Symptoms (sxId, fever, nausea, loss_of_appetite) VALUES (154, true, true, false);
INSERT INTO Symptoms (sxId, vomiting, diarrhea, chills, malaise, abdominal_distension, dysuria) VALUES (155, true, true, true, true, true, true);
INSERT INTO Cases (diagnosisId, age, gender, majorSx, minorSx, painId) VALUES (1, 32, 'F', 154, 155, 154);
INSERT INTO Positions (posId, epigastrium, right_lower_quadrant, periumbilical) VALUES (156, true, true, true);
INSERT INTO Positions (posId, right_lower_quadrant, right_groin) VALUES (157, true, true);
INSERT INTO Pain (pid, positionId, referred_pain_position, constant, four_hours, eight_hours, one_day, two_days, better_with_lying_still, worse_with_eating, worse_with_moving_around) VALUES (156, 156, 157, true, true, true, true, true, true, true, true);
INSERT INTO Symptoms (sxId, fever, nausea, loss_of_appetite) VALUES (156, true, true, true);
INSERT INTO Symptoms (sxId, vomiting, diarrhea, chills, malaise, abdominal_distension, dysuria) VALUES (157, true, true, true, true, true, false);
INSERT INTO Cases (diagnosisId, age, gender, majorSx, minorSx, painId) VALUES (1, 35, 'M', 156, 157, 156);
INSERT INTO Positions (posId, epigastrium, right_lower_quadrant, periumbilical) VALUES (158, true, true, true);
INSERT INTO Positions (posId, right_lower_quadrant, right_groin) VALUES (159, true, true);
INSERT INTO Pain (pid, positionId, referred_pain_position, constant, four_hours, eight_hours, one_day, two_days, better_with_lying_still, worse_with_eating, worse_with_moving_around) VALUES (158, 158, 159, true, true, true, true, true, true, false, true);
INSERT INTO Symptoms (sxId, fever, nausea, loss_of_appetite) VALUES (158, true, true, true);
INSERT INTO Symptoms (sxId, vomiting, diarrhea, chills, malaise, abdominal_distension, dysuria) VALUES (159, true, true, true, true, true, true);
INSERT INTO Cases (diagnosisId, age, gender, majorSx, minorSx, painId) VALUES (1, 32, 'M', 158, 159, 158);
INSERT INTO Positions (posId, epigastrium, right_lower_quadrant, periumbilical) VALUES (160, true, true, true);
INSERT INTO Positions (posId, right_lower_quadrant, right_groin) VALUES (161, true, true);
INSERT INTO Pain (pid, positionId, referred_pain_position, constant, four_hours, eight_hours, one_day, two_days, better_with_lying_still, worse_with_eating, worse_with_moving_around) VALUES (160, 160, 161, true, true, true, true, true, false, true, true);
INSERT INTO Symptoms (sxId, fever, nausea, loss_of_appetite) VALUES (160, true, true, true);
INSERT INTO Symptoms (sxId, vomiting, diarrhea, chills, malaise, abdominal_distension, dysuria) VALUES (161, true, true, true, true, true, true);
INSERT INTO Cases (diagnosisId, age, gender, majorSx, minorSx, painId) VALUES (1, 35, 'F', 160, 161, 160);
INSERT INTO Positions (posId, epigastrium, right_lower_quadrant, periumbilical) VALUES (162, true, true, true);
INSERT INTO Positions (posId, right_lower_quadrant, right_groin) VALUES (163, false, true);
INSERT INTO Pain (pid, positionId, referred_pain_position, constant, four_hours, eight_hours, one_day, two_days, better_with_lying_still, worse_with_eating, worse_with_moving_around) VALUES (162, 162, 163, true, true, true, true, true, true, true, true);
INSERT INTO Symptoms (sxId, fever, nausea, loss_of_appetite) VALUES (162, true, true, true);
INSERT INTO Symptoms (sxId, vomiting, diarrhea, chills, malaise, abdominal_distension, dysuria) VALUES (163, true, true, true, true, true, false);
INSERT INTO Cases (diagnosisId, age, gender, majorSx, minorSx, painId) VALUES (1, 34, 'F', 162, 163, 162);
INSERT INTO Positions (posId, epigastrium, right_lower_quadrant, periumbilical) VALUES (164, true, true, false);
INSERT INTO Positions (posId, right_lower_quadrant, right_groin) VALUES (165, true, true);
INSERT INTO Pain (pid, positionId, referred_pain_position, constant, four_hours, eight_hours, one_day, two_days, better_with_lying_still, worse_with_eating, worse_with_moving_around) VALUES (164, 164, 165, true, true, true, true, true, true, true, true);
INSERT INTO Symptoms (sxId, fever, nausea, loss_of_appetite) VALUES (164, true, true, true);
INSERT INTO Symptoms (sxId, vomiting, diarrhea, chills, malaise, abdominal_distension, dysuria) VALUES (165, true, true, true, true, true, true);
INSERT INTO Cases (diagnosisId, age, gender, majorSx, minorSx, painId) VALUES (1, 40, 'M', 164, 165, 164);
INSERT INTO Positions (posId, epigastrium, right_lower_quadrant, periumbilical) VALUES (166, true, true, true);
INSERT INTO Positions (posId, right_lower_quadrant, right_groin) VALUES (167, true, true);
INSERT INTO Pain (pid, positionId, referred_pain_position, constant, four_hours, eight_hours, one_day, two_days, better_with_lying_still, worse_with_eating, worse_with_moving_around) VALUES (166, 166, 167, true, true, true, false, true, true, true, true);
INSERT INTO Symptoms (sxId, fever, nausea, loss_of_appetite) VALUES (166, true, true, true);
INSERT INTO Symptoms (sxId, vomiting, diarrhea, chills, malaise, abdominal_distension, dysuria) VALUES (167, true, true, false, true, true, false);
INSERT INTO Cases (diagnosisId, age, gender, majorSx, minorSx, painId) VALUES (1, 37, 'F', 166, 167, 166);
INSERT INTO Positions (posId, epigastrium, right_lower_quadrant, periumbilical) VALUES (168, true, true, true);
INSERT INTO Positions (posId, right_lower_quadrant, right_groin) VALUES (169, true, true);
INSERT INTO Pain (pid, positionId, referred_pain_position, constant, four_hours, eight_hours, one_day, two_days, better_with_lying_still, worse_with_eating, worse_with_moving_around) VALUES (168, 168, 169, true, false, true, true, true, true, true, true);
INSERT INTO Symptoms (sxId, fever, nausea, loss_of_appetite) VALUES (168, true, true, true);
INSERT INTO Symptoms (sxId, vomiting, diarrhea, chills, malaise, abdominal_distension, dysuria) VALUES (169, true, true, true, true, true, true);
INSERT INTO Cases (diagnosisId, age, gender, majorSx, minorSx, painId) VALUES (1, 39, 'M', 168, 169, 168);
INSERT INTO Positions (posId, epigastrium, right_lower_quadrant, periumbilical) VALUES (170, true, true, true);
INSERT INTO Positions (posId, right_lower_quadrant, right_groin) VALUES (171, false, true);
INSERT INTO Pain (pid, positionId, referred_pain_position, constant, four_hours, eight_hours, one_day, two_days, better_with_lying_still, worse_with_eating, worse_with_moving_around) VALUES (170, 170, 171, true, true, true, true, true, true, true, true);
INSERT INTO Symptoms (sxId, fever, nausea, loss_of_appetite) VALUES (170, true, true, true);
INSERT INTO Symptoms (sxId, vomiting, diarrhea, chills, malaise, abdominal_distension, dysuria) VALUES (171, true, true, true, true, true, true);
INSERT INTO Cases (diagnosisId, age, gender, majorSx, minorSx, painId) VALUES (1, 36, 'F', 170, 171, 170);
INSERT INTO Positions (posId, epigastrium, right_lower_quadrant, periumbilical) VALUES (172, true, true, true);
INSERT INTO Positions (posId, right_lower_quadrant, right_groin) VALUES (173, true, false);
INSERT INTO Pain (pid, positionId, referred_pain_position, constant, four_hours, eight_hours, one_day, two_days, better_with_lying_still, worse_with_eating, worse_with_moving_around) VALUES (172, 172, 173, true, true, true, true, true, true, true, true);
INSERT INTO Symptoms (sxId, fever, nausea, loss_of_appetite) VALUES (172, true, true, false);
INSERT INTO Symptoms (sxId, vomiting, diarrhea, chills, malaise, abdominal_distension, dysuria) VALUES (173, true, true, true, true, true, true);
INSERT INTO Cases (diagnosisId, age, gender, majorSx, minorSx, painId) VALUES (1, 38, 'F', 172, 173, 172);
INSERT INTO Positions (posId, epigastrium, right_lower_quadrant, periumbilical) VALUES (174, true, true, true);
INSERT INTO Positions (posId, right_lower_quadrant, right_groin) VALUES (175, true, true);
INSERT INTO Pain (pid, positionId, referred_pain_position, constant, four_hours, eight_hours, one_day, two_days, better_with_lying_still, worse_with_eating, worse_with_moving_around) VALUES (174, 174, 175, true, true, true, true, false, true, true, true);
INSERT INTO Symptoms (sxId, fever, nausea, loss_of_appetite) VALUES (174, true, true, true);
INSERT INTO Symptoms (sxId, vomiting, diarrhea, chills, malaise, abdominal_distension, dysuria) VALUES (175, true, true, true, false, true, true);
INSERT INTO Cases (diagnosisId, age, gender, majorSx, minorSx, painId) VALUES (1, 42, 'F', 174, 175, 174);
INSERT INTO Positions (posId, epigastrium, right_lower_quadrant, periumbilical) VALUES (176, true, true, true);
INSERT INTO Positions (posId, right_lower_quadrant, right_groin) VALUES (177, true, true);
INSERT INTO Pain (pid, positionId, referred_pain_position, constant, four_hours, eight_hours, one_day, two_days, better_with_lying_still, worse_with_eating, worse_with_moving_around) VALUES (176, 176, 177, true, true, true, true, true, true, true, true);
INSERT INTO Symptoms (sxId, fever, nausea, loss_of_appetite) VALUES (176, true, true, true);
INSERT INTO Symptoms (sxId, vomiting, diarrhea, chills, malaise, abdominal_distension, dysuria) VALUES (177, true, true, true, true, true, true);
INSERT INTO Cases (diagnosisId, age, gender, majorSx, minorSx, painId) VALUES (1, 41, 'F', 176, 177, 176);
INSERT INTO Positions (posId, epigastrium, right_lower_quadrant, periumbilical) VALUES (178, true, true, true);
INSERT INTO Positions (posId, right_lower_quadrant, right_groin) VALUES (179, true, true);
INSERT INTO Pain (pid, positionId, referred_pain_position, constant, four_hours, eight_hours, one_day, two_days, better_with_lying_still, worse_with_eating, worse_with_moving_around) VALUES (178, 178, 179, true, true, true, true, true, true, true, true);
INSERT INTO Symptoms (sxId, fever, nausea, loss_of_appetite) VALUES (178, true, true, true);
INSERT INTO Symptoms (sxId, vomiting, diarrhea, chills, malaise, abdominal_distension, dysuria) VALUES (179, true, false, true, true, true, true);
INSERT INTO Cases (diagnosisId, age, gender, majorSx, minorSx, painId) VALUES (1, 42, 'F', 178, 179, 178);
INSERT INTO Positions (posId, epigastrium, right_lower_quadrant, periumbilical) VALUES (180, false, false, false);
INSERT INTO Positions (posId, right_lower_quadrant, right_groin) VALUES (181, true, true);
INSERT INTO Pain (pid, positionId, referred_pain_position, constant, four_hours, eight_hours, one_day, two_days, better_with_lying_still, worse_with_eating, worse_with_moving_around) VALUES (180, 180, 181, true, true, true, true, true, true, true, true);
INSERT INTO Symptoms (sxId, fever, nausea, loss_of_appetite) VALUES (180, true, true, true);
INSERT INTO Symptoms (sxId, vomiting, diarrhea, chills, malaise, abdominal_distension, dysuria) VALUES (181, true, true, true, true, true, true);
INSERT INTO Cases (diagnosisId, age, gender, majorSx, minorSx, painId) VALUES (1, 42, 'M', 180, 181, 180);
INSERT INTO Positions (posId, epigastrium, right_lower_quadrant, periumbilical) VALUES (182, false, true, true);
INSERT INTO Positions (posId, right_lower_quadrant, right_groin) VALUES (183, false, false);
INSERT INTO Pain (pid, positionId, referred_pain_position, constant, four_hours, eight_hours, one_day, two_days, better_with_lying_still, worse_with_eating, worse_with_moving_around) VALUES (182, 182, 183, true, true, true, true, true, true, true, true);
INSERT INTO Symptoms (sxId, fever, nausea, loss_of_appetite) VALUES (182, true, true, true);
INSERT INTO Symptoms (sxId, vomiting, diarrhea, chills, malaise, abdominal_distension, dysuria) VALUES (183, true, true, true, false, true, true);
INSERT INTO Cases (diagnosisId, age, gender, majorSx, minorSx, painId) VALUES (1, 42, 'M', 182, 183, 182);
INSERT INTO Positions (posId, epigastrium, right_lower_quadrant, periumbilical) VALUES (184, false, false, true);
INSERT INTO Positions (posId, right_lower_quadrant, right_groin) VALUES (185, true, true);
INSERT INTO Pain (pid, positionId, referred_pain_position, constant, four_hours, eight_hours, one_day, two_days, better_with_lying_still, worse_with_eating, worse_with_moving_around) VALUES (184, 184, 185, true, true, true, true, true, true, true, true);
INSERT INTO Symptoms (sxId, fever, nausea, loss_of_appetite) VALUES (184, true, true, true);
INSERT INTO Symptoms (sxId, vomiting, diarrhea, chills, malaise, abdominal_distension, dysuria) VALUES (185, true, true, true, true, true, true);
INSERT INTO Cases (diagnosisId, age, gender, majorSx, minorSx, painId) VALUES (1, 49, 'M', 184, 185, 184);
INSERT INTO Positions (posId, epigastrium, right_lower_quadrant, periumbilical) VALUES (186, true, true, true);
INSERT INTO Positions (posId, right_lower_quadrant, right_groin) VALUES (187, true, true);
INSERT INTO Pain (pid, positionId, referred_pain_position, constant, four_hours, eight_hours, one_day, two_days, better_with_lying_still, worse_with_eating, worse_with_moving_around) VALUES (186, 186, 187, true, true, true, true, true, true, false, true);
INSERT INTO Symptoms (sxId, fever, nausea, loss_of_appetite) VALUES (186, true, true, true);
INSERT INTO Symptoms (sxId, vomiting, diarrhea, chills, malaise, abdominal_distension, dysuria) VALUES (187, true, false, true, true, true, true);
INSERT INTO Cases (diagnosisId, age, gender, majorSx, minorSx, painId) VALUES (1, 50, 'M', 186, 187, 186);
INSERT INTO Positions (posId, epigastrium, right_lower_quadrant, periumbilical) VALUES (188, true, true, true);
INSERT INTO Positions (posId, right_lower_quadrant, right_groin) VALUES (189, true, true);
INSERT INTO Pain (pid, positionId, referred_pain_position, constant, four_hours, eight_hours, one_day, two_days, better_with_lying_still, worse_with_eating, worse_with_moving_around) VALUES (188, 188, 189, false, true, true, false, true, true, true, true);
INSERT INTO Symptoms (sxId, fever, nausea, loss_of_appetite) VALUES (188, true, true, true);
INSERT INTO Symptoms (sxId, vomiting, diarrhea, chills, malaise, abdominal_distension, dysuria) VALUES (189, true, true, true, true, true, true);
INSERT INTO Cases (diagnosisId, age, gender, majorSx, minorSx, painId) VALUES (1, 46, 'M', 188, 189, 188);
INSERT INTO Positions (posId, epigastrium, right_lower_quadrant, periumbilical) VALUES (190, true, true, true);
INSERT INTO Positions (posId, right_lower_quadrant, right_groin) VALUES (191, true, true);
INSERT INTO Pain (pid, positionId, referred_pain_position, constant, four_hours, eight_hours, one_day, two_days, better_with_lying_still, worse_with_eating, worse_with_moving_around) VALUES (190, 190, 191, true, true, true, true, true, true, true, true);
INSERT INTO Symptoms (sxId, fever, nausea, loss_of_appetite) VALUES (190, true, true, true);
INSERT INTO Symptoms (sxId, vomiting, diarrhea, chills, malaise, abdominal_distension, dysuria) VALUES (191, true, true, true, true, true, true);
INSERT INTO Cases (diagnosisId, age, gender, majorSx, minorSx, painId) VALUES (1, 54, 'M', 190, 191, 190);
INSERT INTO Positions (posId, epigastrium, right_lower_quadrant, periumbilical) VALUES (192, true, true, true);
INSERT INTO Positions (posId, right_lower_quadrant, right_groin) VALUES (193, true, true);
INSERT INTO Pain (pid, positionId, referred_pain_position, constant, four_hours, eight_hours, one_day, two_days, better_with_lying_still, worse_with_eating, worse_with_moving_around) VALUES (192, 192, 193, true, true, false, true, false, true, false, true);
INSERT INTO Symptoms (sxId, fever, nausea, loss_of_appetite) VALUES (192, true, true, true);
INSERT INTO Symptoms (sxId, vomiting, diarrhea, chills, malaise, abdominal_distension, dysuria) VALUES (193, true, true, true, true, true, false);
INSERT INTO Cases (diagnosisId, age, gender, majorSx, minorSx, painId) VALUES (1, 58, 'F', 192, 193, 192);
INSERT INTO Positions (posId, epigastrium, right_lower_quadrant, periumbilical) VALUES (194, true, false, true);
INSERT INTO Positions (posId, right_lower_quadrant, right_groin) VALUES (195, true, true);
INSERT INTO Pain (pid, positionId, referred_pain_position, constant, four_hours, eight_hours, one_day, two_days, better_with_lying_still, worse_with_eating, worse_with_moving_around) VALUES (194, 194, 195, true, true, true, true, true, true, true, true);
INSERT INTO Symptoms (sxId, fever, nausea, loss_of_appetite) VALUES (194, true, true, true);
INSERT INTO Symptoms (sxId, vomiting, diarrhea, chills, malaise, abdominal_distension, dysuria) VALUES (195, true, true, true, false, true, true);
INSERT INTO Cases (diagnosisId, age, gender, majorSx, minorSx, painId) VALUES (1, 64, 'M', 194, 195, 194);
INSERT INTO Positions (posId, epigastrium, right_lower_quadrant, periumbilical) VALUES (196, true, true, true);
INSERT INTO Positions (posId, right_lower_quadrant, right_groin) VALUES (197, true, true);
INSERT INTO Pain (pid, positionId, referred_pain_position, constant, four_hours, eight_hours, one_day, two_days, better_with_lying_still, worse_with_eating, worse_with_moving_around) VALUES (196, 196, 197, true, true, true, true, true, true, true, true);
INSERT INTO Symptoms (sxId, fever, nausea, loss_of_appetite) VALUES (196, true, true, true);
INSERT INTO Symptoms (sxId, vomiting, diarrhea, chills, malaise, abdominal_distension, dysuria) VALUES (197, true, true, true, true, true, true);
INSERT INTO Cases (diagnosisId, age, gender, majorSx, minorSx, painId) VALUES (1, 67, 'F', 196, 197, 196);
INSERT INTO Positions (posId, epigastrium, right_lower_quadrant, periumbilical) VALUES (198, true, true, true);
INSERT INTO Positions (posId, right_lower_quadrant, right_groin) VALUES (199, true, true);
INSERT INTO Pain (pid, positionId, referred_pain_position, constant, four_hours, eight_hours, one_day, two_days, better_with_lying_still, worse_with_eating, worse_with_moving_around) VALUES (198, 198, 199, true, true, true, true, true, false, true, true);
INSERT INTO Symptoms (sxId, fever, nausea, loss_of_appetite) VALUES (198, true, true, true);
INSERT INTO Symptoms (sxId, vomiting, diarrhea, chills, malaise, abdominal_distension, dysuria) VALUES (199, true, false, true, false, true, true);
INSERT INTO Cases (diagnosisId, age, gender, majorSx, minorSx, painId) VALUES (1, 73, 'F', 198, 199, 198);
INSERT INTO Positions (posId, epigastrium, right_lower_quadrant, periumbilical) VALUES (200, true, true, true);
INSERT INTO Positions (posId, right_lower_quadrant, right_groin) VALUES (201, true, true);
INSERT INTO Pain (pid, positionId, referred_pain_position, constant, four_hours, eight_hours, one_day, two_days, better_with_lying_still, worse_with_eating, worse_with_moving_around) VALUES (200, 200, 201, true, true, true, true, true, true, true, true);
INSERT INTO Symptoms (sxId, fever, nausea, loss_of_appetite) VALUES (200, true, true, true);
INSERT INTO Symptoms (sxId, vomiting, diarrhea, chills, malaise, abdominal_distension, dysuria) VALUES (201, true, true, true, true, false, true);
INSERT INTO Cases (diagnosisId, age, gender, majorSx, minorSx, painId) VALUES (1, 105, 'M', 200, 201, 200);
Insert INTO Diagnosis (dId, dname) Values (2, 'Biliary');
INSERT INTO Positions (posId, right_upper_quadrant, epigastrium) VALUES (202, true, true);
INSERT INTO Positions (posId, right_shoulder_blade) VALUES (203, false);
INSERT INTO Pain (pid, positionId, referred_pain_position, sharp, pleuritic, constant, four_hours, eight_hours, worse_with_breathing, worse_with_eating) VALUES (202, 202, 203, true, true, true, false, true, true, true);
INSERT INTO Symptoms (sxId, nausea, vomiting, loss_of_appetite) VALUES (202, true, true, true);
INSERT INTO Symptoms (sxId, fever, malaise, chills, bloating, indigestion) VALUES (203, true, true, true, true, false);
INSERT INTO Cases (diagnosisId, age, gender, majorSx, minorSx, painId) VALUES (2, 12, 'F', 202, 203, 202);
INSERT INTO Positions (posId, right_upper_quadrant, epigastrium) VALUES (204, false, true);
INSERT INTO Positions (posId, right_shoulder_blade) VALUES (205, true);
INSERT INTO Pain (pid, positionId, referred_pain_position, sharp, pleuritic, constant, four_hours, eight_hours, worse_with_breathing, worse_with_eating) VALUES (204, 204, 205, true, true, true, true, false, true, true);
INSERT INTO Symptoms (sxId, nausea, vomiting, loss_of_appetite) VALUES (204, true, false, true);
INSERT INTO Symptoms (sxId, fever, malaise, chills, bloating, indigestion) VALUES (205, true, true, true, true, true);
INSERT INTO Cases (diagnosisId, age, gender, majorSx, minorSx, painId) VALUES (2, 11, 'F', 204, 205, 204);
INSERT INTO Positions (posId, right_upper_quadrant, epigastrium) VALUES (206, true, true);
INSERT INTO Positions (posId, right_shoulder_blade) VALUES (207, true);
INSERT INTO Pain (pid, positionId, referred_pain_position, sharp, pleuritic, constant, four_hours, eight_hours, worse_with_breathing, worse_with_eating) VALUES (206, 206, 207, true, true, true, true, true, true, false);
INSERT INTO Symptoms (sxId, nausea, vomiting, loss_of_appetite) VALUES (206, true, true, false);
INSERT INTO Symptoms (sxId, fever, malaise, chills, bloating, indigestion) VALUES (207, true, true, true, true, true);
INSERT INTO Cases (diagnosisId, age, gender, majorSx, minorSx, painId) VALUES (2, 19, 'F', 206, 207, 206);
INSERT INTO Positions (posId, right_upper_quadrant, epigastrium) VALUES (208, false, true);
INSERT INTO Positions (posId, right_shoulder_blade) VALUES (209, true);
INSERT INTO Pain (pid, positionId, referred_pain_position, sharp, pleuritic, constant, four_hours, eight_hours, worse_with_breathing, worse_with_eating) VALUES (208, 208, 209, true, true, true, true, true, true, true);
INSERT INTO Symptoms (sxId, nausea, vomiting, loss_of_appetite) VALUES (208, true, true, true);
INSERT INTO Symptoms (sxId, fever, malaise, chills, bloating, indigestion) VALUES (209, true, true, true, false, true);
INSERT INTO Cases (diagnosisId, age, gender, majorSx, minorSx, painId) VALUES (2, 19, 'M', 208, 209, 208);
INSERT INTO Positions (posId, right_upper_quadrant, epigastrium) VALUES (210, true, true);
INSERT INTO Positions (posId, right_shoulder_blade) VALUES (211, true);
INSERT INTO Pain (pid, positionId, referred_pain_position, sharp, pleuritic, constant, four_hours, eight_hours, worse_with_breathing, worse_with_eating) VALUES (210, 210, 211, true, true, true, true, true, true, true);
INSERT INTO Symptoms (sxId, nausea, vomiting, loss_of_appetite) VALUES (210, true, false, true);
INSERT INTO Symptoms (sxId, fever, malaise, chills, bloating, indigestion) VALUES (211, true, true, false, true, true);
INSERT INTO Cases (diagnosisId, age, gender, majorSx, minorSx, painId) VALUES (2, 19, 'F', 210, 211, 210);
INSERT INTO Positions (posId, right_upper_quadrant, epigastrium) VALUES (212, true, true);
INSERT INTO Positions (posId, right_shoulder_blade) VALUES (213, true);
INSERT INTO Pain (pid, positionId, referred_pain_position, sharp, pleuritic, constant, four_hours, eight_hours, worse_with_breathing, worse_with_eating) VALUES (212, 212, 213, true, true, true, true, true, true, true);
INSERT INTO Symptoms (sxId, nausea, vomiting, loss_of_appetite) VALUES (212, true, true, true);
INSERT INTO Symptoms (sxId, fever, malaise, chills, bloating, indigestion) VALUES (213, true, false, true, true, true);
INSERT INTO Cases (diagnosisId, age, gender, majorSx, minorSx, painId) VALUES (2, 18, 'M', 212, 213, 212);
INSERT INTO Positions (posId, right_upper_quadrant, epigastrium) VALUES (214, true, true);
INSERT INTO Positions (posId, right_shoulder_blade) VALUES (215, true);
INSERT INTO Pain (pid, positionId, referred_pain_position, sharp, pleuritic, constant, four_hours, eight_hours, worse_with_breathing, worse_with_eating) VALUES (214, 214, 215, true, true, true, true, true, false, true);
INSERT INTO Symptoms (sxId, nausea, vomiting, loss_of_appetite) VALUES (214, true, true, true);
INSERT INTO Symptoms (sxId, fever, malaise, chills, bloating, indigestion) VALUES (215, true, true, true, true, true);
INSERT INTO Cases (diagnosisId, age, gender, majorSx, minorSx, painId) VALUES (2, 17, 'M', 214, 215, 214);
INSERT INTO Positions (posId, right_upper_quadrant, epigastrium) VALUES (216, false, true);
INSERT INTO Positions (posId, right_shoulder_blade) VALUES (217, true);
INSERT INTO Pain (pid, positionId, referred_pain_position, sharp, pleuritic, constant, four_hours, eight_hours, worse_with_breathing, worse_with_eating) VALUES (216, 216, 217, true, true, true, true, true, true, true);
INSERT INTO Symptoms (sxId, nausea, vomiting, loss_of_appetite) VALUES (216, false, true, true);
INSERT INTO Symptoms (sxId, fever, malaise, chills, bloating, indigestion) VALUES (217, true, true, true, true, true);
INSERT INTO Cases (diagnosisId, age, gender, majorSx, minorSx, painId) VALUES (2, 22, 'M', 216, 217, 216);
INSERT INTO Positions (posId, right_upper_quadrant, epigastrium) VALUES (218, true, true);
INSERT INTO Positions (posId, right_shoulder_blade) VALUES (219, true);
INSERT INTO Pain (pid, positionId, referred_pain_position, sharp, pleuritic, constant, four_hours, eight_hours, worse_with_breathing, worse_with_eating) VALUES (218, 218, 219, true, true, true, true, true, true, true);
INSERT INTO Symptoms (sxId, nausea, vomiting, loss_of_appetite) VALUES (218, true, true, true);
INSERT INTO Symptoms (sxId, fever, malaise, chills, bloating, indigestion) VALUES (219, true, true, true, false, true);
INSERT INTO Cases (diagnosisId, age, gender, majorSx, minorSx, painId) VALUES (2, 25, 'M', 218, 219, 218);
INSERT INTO Positions (posId, right_upper_quadrant, epigastrium) VALUES (220, true, true);
INSERT INTO Positions (posId, right_shoulder_blade) VALUES (221, true);
INSERT INTO Pain (pid, positionId, referred_pain_position, sharp, pleuritic, constant, four_hours, eight_hours, worse_with_breathing, worse_with_eating) VALUES (220, 220, 221, true, true, true, true, true, true, true);
INSERT INTO Symptoms (sxId, nausea, vomiting, loss_of_appetite) VALUES (220, true, true, true);
INSERT INTO Symptoms (sxId, fever, malaise, chills, bloating, indigestion) VALUES (221, true, true, true, true, true);
INSERT INTO Cases (diagnosisId, age, gender, majorSx, minorSx, painId) VALUES (2, 24, 'F', 220, 221, 220);
INSERT INTO Positions (posId, right_upper_quadrant, epigastrium) VALUES (222, true, true);
INSERT INTO Positions (posId, right_shoulder_blade) VALUES (223, false);
INSERT INTO Pain (pid, positionId, referred_pain_position, sharp, pleuritic, constant, four_hours, eight_hours, worse_with_breathing, worse_with_eating) VALUES (222, 222, 223, true, true, true, true, false, true, true);
INSERT INTO Symptoms (sxId, nausea, vomiting, loss_of_appetite) VALUES (222, true, false, true);
INSERT INTO Symptoms (sxId, fever, malaise, chills, bloating, indigestion) VALUES (223, true, true, true, true, true);
INSERT INTO Cases (diagnosisId, age, gender, majorSx, minorSx, painId) VALUES (2, 25, 'M', 222, 223, 222);
INSERT INTO Positions (posId, right_upper_quadrant, epigastrium) VALUES (224, true, true);
INSERT INTO Positions (posId, right_shoulder_blade) VALUES (225, true);
INSERT INTO Pain (pid, positionId, referred_pain_position, sharp, pleuritic, constant, four_hours, eight_hours, worse_with_breathing, worse_with_eating) VALUES (224, 224, 225, true, true, true, true, true, false, true);
INSERT INTO Symptoms (sxId, nausea, vomiting, loss_of_appetite) VALUES (224, true, true, true);
INSERT INTO Symptoms (sxId, fever, malaise, chills, bloating, indigestion) VALUES (225, true, false, true, true, true);
INSERT INTO Cases (diagnosisId, age, gender, majorSx, minorSx, painId) VALUES (2, 21, 'M', 224, 225, 224);
INSERT INTO Positions (posId, right_upper_quadrant, epigastrium) VALUES (226, true, true);
INSERT INTO Positions (posId, right_shoulder_blade) VALUES (227, true);
INSERT INTO Pain (pid, positionId, referred_pain_position, sharp, pleuritic, constant, four_hours, eight_hours, worse_with_breathing, worse_with_eating) VALUES (226, 226, 227, true, true, true, true, true, true, true);
INSERT INTO Symptoms (sxId, nausea, vomiting, loss_of_appetite) VALUES (226, true, true, true);
INSERT INTO Symptoms (sxId, fever, malaise, chills, bloating, indigestion) VALUES (227, true, true, true, true, true);
INSERT INTO Cases (diagnosisId, age, gender, majorSx, minorSx, painId) VALUES (2, 21, 'F', 226, 227, 226);
INSERT INTO Positions (posId, right_upper_quadrant, epigastrium) VALUES (228, true, true);
INSERT INTO Positions (posId, right_shoulder_blade) VALUES (229, true);
INSERT INTO Pain (pid, positionId, referred_pain_position, sharp, pleuritic, constant, four_hours, eight_hours, worse_with_breathing, worse_with_eating) VALUES (228, 228, 229, false, true, true, true, true, true, true);
INSERT INTO Symptoms (sxId, nausea, vomiting, loss_of_appetite) VALUES (228, true, true, true);
INSERT INTO Symptoms (sxId, fever, malaise, chills, bloating, indigestion) VALUES (229, true, true, true, true, true);
INSERT INTO Cases (diagnosisId, age, gender, majorSx, minorSx, painId) VALUES (2, 21, 'F', 228, 229, 228);
INSERT INTO Positions (posId, right_upper_quadrant, epigastrium) VALUES (230, true, true);
INSERT INTO Positions (posId, right_shoulder_blade) VALUES (231, true);
INSERT INTO Pain (pid, positionId, referred_pain_position, sharp, pleuritic, constant, four_hours, eight_hours, worse_with_breathing, worse_with_eating) VALUES (230, 230, 231, true, true, true, true, true, true, true);
INSERT INTO Symptoms (sxId, nausea, vomiting, loss_of_appetite) VALUES (230, true, true, true);
INSERT INTO Symptoms (sxId, fever, malaise, chills, bloating, indigestion) VALUES (231, true, false, true, true, false);
INSERT INTO Cases (diagnosisId, age, gender, majorSx, minorSx, painId) VALUES (2, 28, 'F', 230, 231, 230);
INSERT INTO Positions (posId, right_upper_quadrant, epigastrium) VALUES (232, true, true);
INSERT INTO Positions (posId, right_shoulder_blade) VALUES (233, true);
INSERT INTO Pain (pid, positionId, referred_pain_position, sharp, pleuritic, constant, four_hours, eight_hours, worse_with_breathing, worse_with_eating) VALUES (232, 232, 233, true, true, true, true, true, true, true);
INSERT INTO Symptoms (sxId, nausea, vomiting, loss_of_appetite) VALUES (232, true, true, false);
INSERT INTO Symptoms (sxId, fever, malaise, chills, bloating, indigestion) VALUES (233, true, true, false, true, true);
INSERT INTO Cases (diagnosisId, age, gender, majorSx, minorSx, painId) VALUES (2, 30, 'M', 232, 233, 232);
INSERT INTO Positions (posId, right_upper_quadrant, epigastrium) VALUES (234, true, true);
INSERT INTO Positions (posId, right_shoulder_blade) VALUES (235, true);
INSERT INTO Pain (pid, positionId, referred_pain_position, sharp, pleuritic, constant, four_hours, eight_hours, worse_with_breathing, worse_with_eating) VALUES (234, 234, 235, true, true, true, true, true, true, true);
INSERT INTO Symptoms (sxId, nausea, vomiting, loss_of_appetite) VALUES (234, true, true, true);
INSERT INTO Symptoms (sxId, fever, malaise, chills, bloating, indigestion) VALUES (235, true, true, true, true, true);
INSERT INTO Cases (diagnosisId, age, gender, majorSx, minorSx, painId) VALUES (2, 28, 'F', 234, 235, 234);
INSERT INTO Positions (posId, right_upper_quadrant, epigastrium) VALUES (236, true, true);
INSERT INTO Positions (posId, right_shoulder_blade) VALUES (237, true);
INSERT INTO Pain (pid, positionId, referred_pain_position, sharp, pleuritic, constant, four_hours, eight_hours, worse_with_breathing, worse_with_eating) VALUES (236, 236, 237, true, true, true, true, true, true, true);
INSERT INTO Symptoms (sxId, nausea, vomiting, loss_of_appetite) VALUES (236, true, true, true);
INSERT INTO Symptoms (sxId, fever, malaise, chills, bloating, indigestion) VALUES (237, true, true, true, true, true);
INSERT INTO Cases (diagnosisId, age, gender, majorSx, minorSx, painId) VALUES (2, 28, 'M', 236, 237, 236);
INSERT INTO Positions (posId, right_upper_quadrant, epigastrium) VALUES (238, true, true);
INSERT INTO Positions (posId, right_shoulder_blade) VALUES (239, true);
INSERT INTO Pain (pid, positionId, referred_pain_position, sharp, pleuritic, constant, four_hours, eight_hours, worse_with_breathing, worse_with_eating) VALUES (238, 238, 239, true, true, true, true, true, true, true);
INSERT INTO Symptoms (sxId, nausea, vomiting, loss_of_appetite) VALUES (238, true, true, true);
INSERT INTO Symptoms (sxId, fever, malaise, chills, bloating, indigestion) VALUES (239, true, true, true, true, true);
INSERT INTO Cases (diagnosisId, age, gender, majorSx, minorSx, painId) VALUES (2, 27, 'F', 238, 239, 238);
INSERT INTO Positions (posId, right_upper_quadrant, epigastrium) VALUES (240, true, true);
INSERT INTO Positions (posId, right_shoulder_blade) VALUES (241, true);
INSERT INTO Pain (pid, positionId, referred_pain_position, sharp, pleuritic, constant, four_hours, eight_hours, worse_with_breathing, worse_with_eating) VALUES (240, 240, 241, true, true, true, true, true, true, true);
INSERT INTO Symptoms (sxId, nausea, vomiting, loss_of_appetite) VALUES (240, true, true, true);
INSERT INTO Symptoms (sxId, fever, malaise, chills, bloating, indigestion) VALUES (241, true, true, false, true, true);
INSERT INTO Cases (diagnosisId, age, gender, majorSx, minorSx, painId) VALUES (2, 27, 'M', 240, 241, 240);
INSERT INTO Positions (posId, right_upper_quadrant, epigastrium) VALUES (242, true, true);
INSERT INTO Positions (posId, right_shoulder_blade) VALUES (243, true);
INSERT INTO Pain (pid, positionId, referred_pain_position, sharp, pleuritic, constant, four_hours, eight_hours, worse_with_breathing, worse_with_eating) VALUES (242, 242, 243, true, true, true, true, true, false, true);
INSERT INTO Symptoms (sxId, nausea, vomiting, loss_of_appetite) VALUES (242, true, true, true);
INSERT INTO Symptoms (sxId, fever, malaise, chills, bloating, indigestion) VALUES (243, true, true, true, true, true);
INSERT INTO Cases (diagnosisId, age, gender, majorSx, minorSx, painId) VALUES (2, 26, 'M', 242, 243, 242);
INSERT INTO Positions (posId, right_upper_quadrant, epigastrium) VALUES (244, true, true);
INSERT INTO Positions (posId, right_shoulder_blade) VALUES (245, true);
INSERT INTO Pain (pid, positionId, referred_pain_position, sharp, pleuritic, constant, four_hours, eight_hours, worse_with_breathing, worse_with_eating) VALUES (244, 244, 245, true, false, true, true, true, true, true);
INSERT INTO Symptoms (sxId, nausea, vomiting, loss_of_appetite) VALUES (244, true, true, true);
INSERT INTO Symptoms (sxId, fever, malaise, chills, bloating, indigestion) VALUES (245, true, true, true, true, true);
INSERT INTO Cases (diagnosisId, age, gender, majorSx, minorSx, painId) VALUES (2, 34, 'F', 244, 245, 244);
INSERT INTO Positions (posId, right_upper_quadrant, epigastrium) VALUES (246, true, true);
INSERT INTO Positions (posId, right_shoulder_blade) VALUES (247, true);
INSERT INTO Pain (pid, positionId, referred_pain_position, sharp, pleuritic, constant, four_hours, eight_hours, worse_with_breathing, worse_with_eating) VALUES (246, 246, 247, false, true, true, true, true, true, true);
INSERT INTO Symptoms (sxId, nausea, vomiting, loss_of_appetite) VALUES (246, true, true, true);
INSERT INTO Symptoms (sxId, fever, malaise, chills, bloating, indigestion) VALUES (247, true, true, false, true, true);
INSERT INTO Cases (diagnosisId, age, gender, majorSx, minorSx, painId) VALUES (2, 33, 'M', 246, 247, 246);
INSERT INTO Positions (posId, right_upper_quadrant, epigastrium) VALUES (248, true, true);
INSERT INTO Positions (posId, right_shoulder_blade) VALUES (249, true);
INSERT INTO Pain (pid, positionId, referred_pain_position, sharp, pleuritic, constant, four_hours, eight_hours, worse_with_breathing, worse_with_eating) VALUES (248, 248, 249, true, true, true, true, true, true, true);
INSERT INTO Symptoms (sxId, nausea, vomiting, loss_of_appetite) VALUES (248, false, true, true);
INSERT INTO Symptoms (sxId, fever, malaise, chills, bloating, indigestion) VALUES (249, true, true, true, true, true);
INSERT INTO Cases (diagnosisId, age, gender, majorSx, minorSx, painId) VALUES (2, 31, 'M', 248, 249, 248);
INSERT INTO Positions (posId, right_upper_quadrant, epigastrium) VALUES (250, false, true);
INSERT INTO Positions (posId, right_shoulder_blade) VALUES (251, true);
INSERT INTO Pain (pid, positionId, referred_pain_position, sharp, pleuritic, constant, four_hours, eight_hours, worse_with_breathing, worse_with_eating) VALUES (250, 250, 251, true, true, true, true, true, true, true);
INSERT INTO Symptoms (sxId, nausea, vomiting, loss_of_appetite) VALUES (250, true, true, true);
INSERT INTO Symptoms (sxId, fever, malaise, chills, bloating, indigestion) VALUES (251, true, true, true, true, true);
INSERT INTO Cases (diagnosisId, age, gender, majorSx, minorSx, painId) VALUES (2, 34, 'F', 250, 251, 250);
INSERT INTO Positions (posId, right_upper_quadrant, epigastrium) VALUES (252, true, true);
INSERT INTO Positions (posId, right_shoulder_blade) VALUES (253, true);
INSERT INTO Pain (pid, positionId, referred_pain_position, sharp, pleuritic, constant, four_hours, eight_hours, worse_with_breathing, worse_with_eating) VALUES (252, 252, 253, true, true, true, true, true, true, true);
INSERT INTO Symptoms (sxId, nausea, vomiting, loss_of_appetite) VALUES (252, true, true, true);
INSERT INTO Symptoms (sxId, fever, malaise, chills, bloating, indigestion) VALUES (253, true, false, true, true, true);
INSERT INTO Cases (diagnosisId, age, gender, majorSx, minorSx, painId) VALUES (2, 33, 'M', 252, 253, 252);
INSERT INTO Positions (posId, right_upper_quadrant, epigastrium) VALUES (254, true, true);
INSERT INTO Positions (posId, right_shoulder_blade) VALUES (255, true);
INSERT INTO Pain (pid, positionId, referred_pain_position, sharp, pleuritic, constant, four_hours, eight_hours, worse_with_breathing, worse_with_eating) VALUES (254, 254, 255, true, false, true, true, true, true, true);
INSERT INTO Symptoms (sxId, nausea, vomiting, loss_of_appetite) VALUES (254, true, true, true);
INSERT INTO Symptoms (sxId, fever, malaise, chills, bloating, indigestion) VALUES (255, true, true, true, true, true);
INSERT INTO Cases (diagnosisId, age, gender, majorSx, minorSx, painId) VALUES (2, 33, 'F', 254, 255, 254);
INSERT INTO Positions (posId, right_upper_quadrant, epigastrium) VALUES (256, true, true);
INSERT INTO Positions (posId, right_shoulder_blade) VALUES (257, true);
INSERT INTO Pain (pid, positionId, referred_pain_position, sharp, pleuritic, constant, four_hours, eight_hours, worse_with_breathing, worse_with_eating) VALUES (256, 256, 257, true, false, false, true, false, true, true);
INSERT INTO Symptoms (sxId, nausea, vomiting, loss_of_appetite) VALUES (256, true, true, true);
INSERT INTO Symptoms (sxId, fever, malaise, chills, bloating, indigestion) VALUES (257, true, true, true, true, true);
INSERT INTO Cases (diagnosisId, age, gender, majorSx, minorSx, painId) VALUES (2, 32, 'M', 256, 257, 256);
INSERT INTO Positions (posId, right_upper_quadrant, epigastrium) VALUES (258, true, true);
INSERT INTO Positions (posId, right_shoulder_blade) VALUES (259, true);
INSERT INTO Pain (pid, positionId, referred_pain_position, sharp, pleuritic, constant, four_hours, eight_hours, worse_with_breathing, worse_with_eating) VALUES (258, 258, 259, true, true, true, true, true, true, true);
INSERT INTO Symptoms (sxId, nausea, vomiting, loss_of_appetite) VALUES (258, true, true, false);
INSERT INTO Symptoms (sxId, fever, malaise, chills, bloating, indigestion) VALUES (259, false, false, true, false, true);
INSERT INTO Cases (diagnosisId, age, gender, majorSx, minorSx, painId) VALUES (2, 40, 'F', 258, 259, 258);
INSERT INTO Positions (posId, right_upper_quadrant, epigastrium) VALUES (260, true, true);
INSERT INTO Positions (posId, right_shoulder_blade) VALUES (261, true);
INSERT INTO Pain (pid, positionId, referred_pain_position, sharp, pleuritic, constant, four_hours, eight_hours, worse_with_breathing, worse_with_eating) VALUES (260, 260, 261, false, true, true, true, true, true, true);
INSERT INTO Symptoms (sxId, nausea, vomiting, loss_of_appetite) VALUES (260, true, true, true);
INSERT INTO Symptoms (sxId, fever, malaise, chills, bloating, indigestion) VALUES (261, true, true, true, true, true);
INSERT INTO Cases (diagnosisId, age, gender, majorSx, minorSx, painId) VALUES (2, 38, 'F', 260, 261, 260);
INSERT INTO Positions (posId, right_upper_quadrant, epigastrium) VALUES (262, true, false);
INSERT INTO Positions (posId, right_shoulder_blade) VALUES (263, true);
INSERT INTO Pain (pid, positionId, referred_pain_position, sharp, pleuritic, constant, four_hours, eight_hours, worse_with_breathing, worse_with_eating) VALUES (262, 262, 263, false, true, true, true, true, true, true);
INSERT INTO Symptoms (sxId, nausea, vomiting, loss_of_appetite) VALUES (262, true, true, true);
INSERT INTO Symptoms (sxId, fever, malaise, chills, bloating, indigestion) VALUES (263, false, true, true, true, true);
INSERT INTO Cases (diagnosisId, age, gender, majorSx, minorSx, painId) VALUES (2, 39, 'F', 262, 263, 262);
INSERT INTO Positions (posId, right_upper_quadrant, epigastrium) VALUES (264, true, true);
INSERT INTO Positions (posId, right_shoulder_blade) VALUES (265, true);
INSERT INTO Pain (pid, positionId, referred_pain_position, sharp, pleuritic, constant, four_hours, eight_hours, worse_with_breathing, worse_with_eating) VALUES (264, 264, 265, true, true, true, true, true, true, true);
INSERT INTO Symptoms (sxId, nausea, vomiting, loss_of_appetite) VALUES (264, true, true, true);
INSERT INTO Symptoms (sxId, fever, malaise, chills, bloating, indigestion) VALUES (265, true, true, true, true, true);
INSERT INTO Cases (diagnosisId, age, gender, majorSx, minorSx, painId) VALUES (2, 40, 'M', 264, 265, 264);
INSERT INTO Positions (posId, right_upper_quadrant, epigastrium) VALUES (266, true, true);
INSERT INTO Positions (posId, right_shoulder_blade) VALUES (267, true);
INSERT INTO Pain (pid, positionId, referred_pain_position, sharp, pleuritic, constant, four_hours, eight_hours, worse_with_breathing, worse_with_eating) VALUES (266, 266, 267, true, true, true, true, true, true, true);
INSERT INTO Symptoms (sxId, nausea, vomiting, loss_of_appetite) VALUES (266, true, false, true);
INSERT INTO Symptoms (sxId, fever, malaise, chills, bloating, indigestion) VALUES (267, true, true, true, true, true);
INSERT INTO Cases (diagnosisId, age, gender, majorSx, minorSx, painId) VALUES (2, 36, 'F', 266, 267, 266);
INSERT INTO Positions (posId, right_upper_quadrant, epigastrium) VALUES (268, true, true);
INSERT INTO Positions (posId, right_shoulder_blade) VALUES (269, true);
INSERT INTO Pain (pid, positionId, referred_pain_position, sharp, pleuritic, constant, four_hours, eight_hours, worse_with_breathing, worse_with_eating) VALUES (268, 268, 269, true, true, true, false, false, true, true);
INSERT INTO Symptoms (sxId, nausea, vomiting, loss_of_appetite) VALUES (268, true, false, true);
INSERT INTO Symptoms (sxId, fever, malaise, chills, bloating, indigestion) VALUES (269, true, true, true, true, true);
INSERT INTO Cases (diagnosisId, age, gender, majorSx, minorSx, painId) VALUES (2, 38, 'F', 268, 269, 268);
INSERT INTO Positions (posId, right_upper_quadrant, epigastrium) VALUES (270, true, true);
INSERT INTO Positions (posId, right_shoulder_blade) VALUES (271, true);
INSERT INTO Pain (pid, positionId, referred_pain_position, sharp, pleuritic, constant, four_hours, eight_hours, worse_with_breathing, worse_with_eating) VALUES (270, 270, 271, true, true, true, false, true, false, true);
INSERT INTO Symptoms (sxId, nausea, vomiting, loss_of_appetite) VALUES (270, true, true, true);
INSERT INTO Symptoms (sxId, fever, malaise, chills, bloating, indigestion) VALUES (271, true, true, true, true, false);
INSERT INTO Cases (diagnosisId, age, gender, majorSx, minorSx, painId) VALUES (2, 38, 'F', 270, 271, 270);
INSERT INTO Positions (posId, right_upper_quadrant, epigastrium) VALUES (272, true, true);
INSERT INTO Positions (posId, right_shoulder_blade) VALUES (273, true);
INSERT INTO Pain (pid, positionId, referred_pain_position, sharp, pleuritic, constant, four_hours, eight_hours, worse_with_breathing, worse_with_eating) VALUES (272, 272, 273, true, true, true, false, true, true, true);
INSERT INTO Symptoms (sxId, nausea, vomiting, loss_of_appetite) VALUES (272, true, true, false);
INSERT INTO Symptoms (sxId, fever, malaise, chills, bloating, indigestion) VALUES (273, true, true, true, true, true);
INSERT INTO Cases (diagnosisId, age, gender, majorSx, minorSx, painId) VALUES (2, 36, 'F', 272, 273, 272);
INSERT INTO Positions (posId, right_upper_quadrant, epigastrium) VALUES (274, true, false);
INSERT INTO Positions (posId, right_shoulder_blade) VALUES (275, true);
INSERT INTO Pain (pid, positionId, referred_pain_position, sharp, pleuritic, constant, four_hours, eight_hours, worse_with_breathing, worse_with_eating) VALUES (274, 274, 275, true, true, true, false, true, true, false);
INSERT INTO Symptoms (sxId, nausea, vomiting, loss_of_appetite) VALUES (274, false, true, true);
INSERT INTO Symptoms (sxId, fever, malaise, chills, bloating, indigestion) VALUES (275, false, false, true, true, false);
INSERT INTO Cases (diagnosisId, age, gender, majorSx, minorSx, painId) VALUES (2, 45, 'M', 274, 275, 274);
INSERT INTO Positions (posId, right_upper_quadrant, epigastrium) VALUES (276, true, true);
INSERT INTO Positions (posId, right_shoulder_blade) VALUES (277, true);
INSERT INTO Pain (pid, positionId, referred_pain_position, sharp, pleuritic, constant, four_hours, eight_hours, worse_with_breathing, worse_with_eating) VALUES (276, 276, 277, true, false, true, true, true, true, true);
INSERT INTO Symptoms (sxId, nausea, vomiting, loss_of_appetite) VALUES (276, true, true, false);
INSERT INTO Symptoms (sxId, fever, malaise, chills, bloating, indigestion) VALUES (277, false, true, true, true, true);
INSERT INTO Cases (diagnosisId, age, gender, majorSx, minorSx, painId) VALUES (2, 43, 'M', 276, 277, 276);
INSERT INTO Positions (posId, right_upper_quadrant, epigastrium) VALUES (278, true, true);
INSERT INTO Positions (posId, right_shoulder_blade) VALUES (279, true);
INSERT INTO Pain (pid, positionId, referred_pain_position, sharp, pleuritic, constant, four_hours, eight_hours, worse_with_breathing, worse_with_eating) VALUES (278, 278, 279, true, true, true, true, true, true, true);
INSERT INTO Symptoms (sxId, nausea, vomiting, loss_of_appetite) VALUES (278, true, false, true);
INSERT INTO Symptoms (sxId, fever, malaise, chills, bloating, indigestion) VALUES (279, true, true, true, true, true);
INSERT INTO Cases (diagnosisId, age, gender, majorSx, minorSx, painId) VALUES (2, 42, 'M', 278, 279, 278);
INSERT INTO Positions (posId, right_upper_quadrant, epigastrium) VALUES (280, true, true);
INSERT INTO Positions (posId, right_shoulder_blade) VALUES (281, true);
INSERT INTO Pain (pid, positionId, referred_pain_position, sharp, pleuritic, constant, four_hours, eight_hours, worse_with_breathing, worse_with_eating) VALUES (280, 280, 281, true, true, false, true, true, true, true);
INSERT INTO Symptoms (sxId, nausea, vomiting, loss_of_appetite) VALUES (280, true, true, true);
INSERT INTO Symptoms (sxId, fever, malaise, chills, bloating, indigestion) VALUES (281, true, true, true, true, true);
INSERT INTO Cases (diagnosisId, age, gender, majorSx, minorSx, painId) VALUES (2, 42, 'F', 280, 281, 280);
INSERT INTO Positions (posId, right_upper_quadrant, epigastrium) VALUES (282, true, true);
INSERT INTO Positions (posId, right_shoulder_blade) VALUES (283, true);
INSERT INTO Pain (pid, positionId, referred_pain_position, sharp, pleuritic, constant, four_hours, eight_hours, worse_with_breathing, worse_with_eating) VALUES (282, 282, 283, true, true, true, true, true, true, true);
INSERT INTO Symptoms (sxId, nausea, vomiting, loss_of_appetite) VALUES (282, true, true, true);
INSERT INTO Symptoms (sxId, fever, malaise, chills, bloating, indigestion) VALUES (283, true, true, true, true, true);
INSERT INTO Cases (diagnosisId, age, gender, majorSx, minorSx, painId) VALUES (2, 41, 'F', 282, 283, 282);
INSERT INTO Positions (posId, right_upper_quadrant, epigastrium) VALUES (284, true, true);
INSERT INTO Positions (posId, right_shoulder_blade) VALUES (285, true);
INSERT INTO Pain (pid, positionId, referred_pain_position, sharp, pleuritic, constant, four_hours, eight_hours, worse_with_breathing, worse_with_eating) VALUES (284, 284, 285, true, true, false, true, true, true, true);
INSERT INTO Symptoms (sxId, nausea, vomiting, loss_of_appetite) VALUES (284, true, true, true);
INSERT INTO Symptoms (sxId, fever, malaise, chills, bloating, indigestion) VALUES (285, true, true, true, true, true);
INSERT INTO Cases (diagnosisId, age, gender, majorSx, minorSx, painId) VALUES (2, 42, 'F', 284, 285, 284);
INSERT INTO Positions (posId, right_upper_quadrant, epigastrium) VALUES (286, false, true);
INSERT INTO Positions (posId, right_shoulder_blade) VALUES (287, true);
INSERT INTO Pain (pid, positionId, referred_pain_position, sharp, pleuritic, constant, four_hours, eight_hours, worse_with_breathing, worse_with_eating) VALUES (286, 286, 287, true, true, true, true, true, true, true);
INSERT INTO Symptoms (sxId, nausea, vomiting, loss_of_appetite) VALUES (286, true, true, true);
INSERT INTO Symptoms (sxId, fever, malaise, chills, bloating, indigestion) VALUES (287, true, true, true, true, false);
INSERT INTO Cases (diagnosisId, age, gender, majorSx, minorSx, painId) VALUES (2, 44, 'F', 286, 287, 286);
INSERT INTO Positions (posId, right_upper_quadrant, epigastrium) VALUES (288, true, true);
INSERT INTO Positions (posId, right_shoulder_blade) VALUES (289, true);
INSERT INTO Pain (pid, positionId, referred_pain_position, sharp, pleuritic, constant, four_hours, eight_hours, worse_with_breathing, worse_with_eating) VALUES (288, 288, 289, true, true, true, true, true, true, true);
INSERT INTO Symptoms (sxId, nausea, vomiting, loss_of_appetite) VALUES (288, true, true, true);
INSERT INTO Symptoms (sxId, fever, malaise, chills, bloating, indigestion) VALUES (289, true, true, true, true, true);
INSERT INTO Cases (diagnosisId, age, gender, majorSx, minorSx, painId) VALUES (2, 44, 'F', 288, 289, 288);
INSERT INTO Positions (posId, right_upper_quadrant, epigastrium) VALUES (290, true, true);
INSERT INTO Positions (posId, right_shoulder_blade) VALUES (291, true);
INSERT INTO Pain (pid, positionId, referred_pain_position, sharp, pleuritic, constant, four_hours, eight_hours, worse_with_breathing, worse_with_eating) VALUES (290, 290, 291, true, true, true, true, true, true, true);
INSERT INTO Symptoms (sxId, nausea, vomiting, loss_of_appetite) VALUES (290, true, true, true);
INSERT INTO Symptoms (sxId, fever, malaise, chills, bloating, indigestion) VALUES (291, true, true, true, true, true);
INSERT INTO Cases (diagnosisId, age, gender, majorSx, minorSx, painId) VALUES (2, 43, 'F', 290, 291, 290);
INSERT INTO Positions (posId, right_upper_quadrant, epigastrium) VALUES (292, true, true);
INSERT INTO Positions (posId, right_shoulder_blade) VALUES (293, true);
INSERT INTO Pain (pid, positionId, referred_pain_position, sharp, pleuritic, constant, four_hours, eight_hours, worse_with_breathing, worse_with_eating) VALUES (292, 292, 293, true, true, true, true, true, true, true);
INSERT INTO Symptoms (sxId, nausea, vomiting, loss_of_appetite) VALUES (292, true, true, true);
INSERT INTO Symptoms (sxId, fever, malaise, chills, bloating, indigestion) VALUES (293, true, true, false, true, true);
INSERT INTO Cases (diagnosisId, age, gender, majorSx, minorSx, painId) VALUES (2, 49, 'F', 292, 293, 292);
INSERT INTO Positions (posId, right_upper_quadrant, epigastrium) VALUES (294, true, true);
INSERT INTO Positions (posId, right_shoulder_blade) VALUES (295, true);
INSERT INTO Pain (pid, positionId, referred_pain_position, sharp, pleuritic, constant, four_hours, eight_hours, worse_with_breathing, worse_with_eating) VALUES (294, 294, 295, true, true, true, true, true, true, true);
INSERT INTO Symptoms (sxId, nausea, vomiting, loss_of_appetite) VALUES (294, true, true, true);
INSERT INTO Symptoms (sxId, fever, malaise, chills, bloating, indigestion) VALUES (295, true, true, true, true, true);
INSERT INTO Cases (diagnosisId, age, gender, majorSx, minorSx, painId) VALUES (2, 49, 'F', 294, 295, 294);
INSERT INTO Positions (posId, right_upper_quadrant, epigastrium) VALUES (296, true, true);
INSERT INTO Positions (posId, right_shoulder_blade) VALUES (297, true);
INSERT INTO Pain (pid, positionId, referred_pain_position, sharp, pleuritic, constant, four_hours, eight_hours, worse_with_breathing, worse_with_eating) VALUES (296, 296, 297, true, true, true, false, true, true, true);
INSERT INTO Symptoms (sxId, nausea, vomiting, loss_of_appetite) VALUES (296, true, true, true);
INSERT INTO Symptoms (sxId, fever, malaise, chills, bloating, indigestion) VALUES (297, true, false, false, true, true);
INSERT INTO Cases (diagnosisId, age, gender, majorSx, minorSx, painId) VALUES (2, 46, 'F', 296, 297, 296);
INSERT INTO Positions (posId, right_upper_quadrant, epigastrium) VALUES (298, true, false);
INSERT INTO Positions (posId, right_shoulder_blade) VALUES (299, true);
INSERT INTO Pain (pid, positionId, referred_pain_position, sharp, pleuritic, constant, four_hours, eight_hours, worse_with_breathing, worse_with_eating) VALUES (298, 298, 299, true, true, true, true, true, false, true);
INSERT INTO Symptoms (sxId, nausea, vomiting, loss_of_appetite) VALUES (298, true, true, true);
INSERT INTO Symptoms (sxId, fever, malaise, chills, bloating, indigestion) VALUES (299, true, true, false, true, true);
INSERT INTO Cases (diagnosisId, age, gender, majorSx, minorSx, painId) VALUES (2, 46, 'F', 298, 299, 298);
INSERT INTO Positions (posId, right_upper_quadrant, epigastrium) VALUES (300, true, true);
INSERT INTO Positions (posId, right_shoulder_blade) VALUES (301, true);
INSERT INTO Pain (pid, positionId, referred_pain_position, sharp, pleuritic, constant, four_hours, eight_hours, worse_with_breathing, worse_with_eating) VALUES (300, 300, 301, true, true, true, true, true, false, true);
INSERT INTO Symptoms (sxId, nausea, vomiting, loss_of_appetite) VALUES (300, true, true, true);
INSERT INTO Symptoms (sxId, fever, malaise, chills, bloating, indigestion) VALUES (301, true, true, true, true, true);
INSERT INTO Cases (diagnosisId, age, gender, majorSx, minorSx, painId) VALUES (2, 46, 'F', 300, 301, 300);
INSERT INTO Positions (posId, right_upper_quadrant, epigastrium) VALUES (302, true, true);
INSERT INTO Positions (posId, right_shoulder_blade) VALUES (303, true);
INSERT INTO Pain (pid, positionId, referred_pain_position, sharp, pleuritic, constant, four_hours, eight_hours, worse_with_breathing, worse_with_eating) VALUES (302, 302, 303, true, true, true, true, true, true, true);
INSERT INTO Symptoms (sxId, nausea, vomiting, loss_of_appetite) VALUES (302, true, true, true);
INSERT INTO Symptoms (sxId, fever, malaise, chills, bloating, indigestion) VALUES (303, true, true, true, true, true);
INSERT INTO Cases (diagnosisId, age, gender, majorSx, minorSx, painId) VALUES (2, 49, 'M', 302, 303, 302);
INSERT INTO Positions (posId, right_upper_quadrant, epigastrium) VALUES (304, true, true);
INSERT INTO Positions (posId, right_shoulder_blade) VALUES (305, true);
INSERT INTO Pain (pid, positionId, referred_pain_position, sharp, pleuritic, constant, four_hours, eight_hours, worse_with_breathing, worse_with_eating) VALUES (304, 304, 305, true, true, true, true, true, true, true);
INSERT INTO Symptoms (sxId, nausea, vomiting, loss_of_appetite) VALUES (304, true, true, true);
INSERT INTO Symptoms (sxId, fever, malaise, chills, bloating, indigestion) VALUES (305, true, true, true, true, true);
INSERT INTO Cases (diagnosisId, age, gender, majorSx, minorSx, painId) VALUES (2, 48, 'F', 304, 305, 304);
INSERT INTO Positions (posId, right_upper_quadrant, epigastrium) VALUES (306, true, true);
INSERT INTO Positions (posId, right_shoulder_blade) VALUES (307, true);
INSERT INTO Pain (pid, positionId, referred_pain_position, sharp, pleuritic, constant, four_hours, eight_hours, worse_with_breathing, worse_with_eating) VALUES (306, 306, 307, true, true, true, true, true, true, true);
INSERT INTO Symptoms (sxId, nausea, vomiting, loss_of_appetite) VALUES (306, true, true, true);
INSERT INTO Symptoms (sxId, fever, malaise, chills, bloating, indigestion) VALUES (307, true, true, true, true, true);
INSERT INTO Cases (diagnosisId, age, gender, majorSx, minorSx, painId) VALUES (2, 49, 'F', 306, 307, 306);
INSERT INTO Positions (posId, right_upper_quadrant, epigastrium) VALUES (308, true, true);
INSERT INTO Positions (posId, right_shoulder_blade) VALUES (309, true);
INSERT INTO Pain (pid, positionId, referred_pain_position, sharp, pleuritic, constant, four_hours, eight_hours, worse_with_breathing, worse_with_eating) VALUES (308, 308, 309, true, true, true, true, true, true, true);
INSERT INTO Symptoms (sxId, nausea, vomiting, loss_of_appetite) VALUES (308, false, true, true);
INSERT INTO Symptoms (sxId, fever, malaise, chills, bloating, indigestion) VALUES (309, true, true, true, false, true);
INSERT INTO Cases (diagnosisId, age, gender, majorSx, minorSx, painId) VALUES (2, 52, 'F', 308, 309, 308);
INSERT INTO Positions (posId, right_upper_quadrant, epigastrium) VALUES (310, true, true);
INSERT INTO Positions (posId, right_shoulder_blade) VALUES (311, true);
INSERT INTO Pain (pid, positionId, referred_pain_position, sharp, pleuritic, constant, four_hours, eight_hours, worse_with_breathing, worse_with_eating) VALUES (310, 310, 311, true, true, true, true, true, false, true);
INSERT INTO Symptoms (sxId, nausea, vomiting, loss_of_appetite) VALUES (310, true, true, true);
INSERT INTO Symptoms (sxId, fever, malaise, chills, bloating, indigestion) VALUES (311, true, true, true, true, true);
INSERT INTO Cases (diagnosisId, age, gender, majorSx, minorSx, painId) VALUES (2, 52, 'F', 310, 311, 310);
INSERT INTO Positions (posId, right_upper_quadrant, epigastrium) VALUES (312, true, true);
INSERT INTO Positions (posId, right_shoulder_blade) VALUES (313, true);
INSERT INTO Pain (pid, positionId, referred_pain_position, sharp, pleuritic, constant, four_hours, eight_hours, worse_with_breathing, worse_with_eating) VALUES (312, 312, 313, true, true, true, true, true, true, true);
INSERT INTO Symptoms (sxId, nausea, vomiting, loss_of_appetite) VALUES (312, true, true, true);
INSERT INTO Symptoms (sxId, fever, malaise, chills, bloating, indigestion) VALUES (313, true, true, true, true, true);
INSERT INTO Cases (diagnosisId, age, gender, majorSx, minorSx, painId) VALUES (2, 51, 'M', 312, 313, 312);
INSERT INTO Positions (posId, right_upper_quadrant, epigastrium) VALUES (314, true, true);
INSERT INTO Positions (posId, right_shoulder_blade) VALUES (315, true);
INSERT INTO Pain (pid, positionId, referred_pain_position, sharp, pleuritic, constant, four_hours, eight_hours, worse_with_breathing, worse_with_eating) VALUES (314, 314, 315, true, true, true, true, true, true, false);
INSERT INTO Symptoms (sxId, nausea, vomiting, loss_of_appetite) VALUES (314, false, true, true);
INSERT INTO Symptoms (sxId, fever, malaise, chills, bloating, indigestion) VALUES (315, true, true, true, true, true);
INSERT INTO Cases (diagnosisId, age, gender, majorSx, minorSx, painId) VALUES (2, 51, 'M', 314, 315, 314);
INSERT INTO Positions (posId, right_upper_quadrant, epigastrium) VALUES (316, true, true);
INSERT INTO Positions (posId, right_shoulder_blade) VALUES (317, false);
INSERT INTO Pain (pid, positionId, referred_pain_position, sharp, pleuritic, constant, four_hours, eight_hours, worse_with_breathing, worse_with_eating) VALUES (316, 316, 317, false, true, true, true, true, true, true);
INSERT INTO Symptoms (sxId, nausea, vomiting, loss_of_appetite) VALUES (316, false, true, true);
INSERT INTO Symptoms (sxId, fever, malaise, chills, bloating, indigestion) VALUES (317, true, true, true, true, true);
INSERT INTO Cases (diagnosisId, age, gender, majorSx, minorSx, painId) VALUES (2, 55, 'F', 316, 317, 316);
INSERT INTO Positions (posId, right_upper_quadrant, epigastrium) VALUES (318, true, true);
INSERT INTO Positions (posId, right_shoulder_blade) VALUES (319, true);
INSERT INTO Pain (pid, positionId, referred_pain_position, sharp, pleuritic, constant, four_hours, eight_hours, worse_with_breathing, worse_with_eating) VALUES (318, 318, 319, true, true, true, true, true, true, true);
INSERT INTO Symptoms (sxId, nausea, vomiting, loss_of_appetite) VALUES (318, true, true, true);
INSERT INTO Symptoms (sxId, fever, malaise, chills, bloating, indigestion) VALUES (319, true, true, true, true, true);
INSERT INTO Cases (diagnosisId, age, gender, majorSx, minorSx, painId) VALUES (2, 53, 'F', 318, 319, 318);
INSERT INTO Positions (posId, right_upper_quadrant, epigastrium) VALUES (320, true, true);
INSERT INTO Positions (posId, right_shoulder_blade) VALUES (321, true);
INSERT INTO Pain (pid, positionId, referred_pain_position, sharp, pleuritic, constant, four_hours, eight_hours, worse_with_breathing, worse_with_eating) VALUES (320, 320, 321, true, true, true, true, true, false, true);
INSERT INTO Symptoms (sxId, nausea, vomiting, loss_of_appetite) VALUES (320, true, true, true);
INSERT INTO Symptoms (sxId, fever, malaise, chills, bloating, indigestion) VALUES (321, true, true, true, true, true);
INSERT INTO Cases (diagnosisId, age, gender, majorSx, minorSx, painId) VALUES (2, 55, 'F', 320, 321, 320);
INSERT INTO Positions (posId, right_upper_quadrant, epigastrium) VALUES (322, true, true);
INSERT INTO Positions (posId, right_shoulder_blade) VALUES (323, true);
INSERT INTO Pain (pid, positionId, referred_pain_position, sharp, pleuritic, constant, four_hours, eight_hours, worse_with_breathing, worse_with_eating) VALUES (322, 322, 323, true, true, true, true, true, true, true);
INSERT INTO Symptoms (sxId, nausea, vomiting, loss_of_appetite) VALUES (322, true, true, true);
INSERT INTO Symptoms (sxId, fever, malaise, chills, bloating, indigestion) VALUES (323, true, true, true, true, true);
INSERT INTO Cases (diagnosisId, age, gender, majorSx, minorSx, painId) VALUES (2, 56, 'F', 322, 323, 322);
INSERT INTO Positions (posId, right_upper_quadrant, epigastrium) VALUES (324, false, true);
INSERT INTO Positions (posId, right_shoulder_blade) VALUES (325, true);
INSERT INTO Pain (pid, positionId, referred_pain_position, sharp, pleuritic, constant, four_hours, eight_hours, worse_with_breathing, worse_with_eating) VALUES (324, 324, 325, true, true, true, true, true, true, true);
INSERT INTO Symptoms (sxId, nausea, vomiting, loss_of_appetite) VALUES (324, true, true, true);
INSERT INTO Symptoms (sxId, fever, malaise, chills, bloating, indigestion) VALUES (325, true, false, true, true, true);
INSERT INTO Cases (diagnosisId, age, gender, majorSx, minorSx, painId) VALUES (2, 56, 'F', 324, 325, 324);
INSERT INTO Positions (posId, right_upper_quadrant, epigastrium) VALUES (326, true, true);
INSERT INTO Positions (posId, right_shoulder_blade) VALUES (327, true);
INSERT INTO Pain (pid, positionId, referred_pain_position, sharp, pleuritic, constant, four_hours, eight_hours, worse_with_breathing, worse_with_eating) VALUES (326, 326, 327, true, true, true, true, true, true, true);
INSERT INTO Symptoms (sxId, nausea, vomiting, loss_of_appetite) VALUES (326, true, true, true);
INSERT INTO Symptoms (sxId, fever, malaise, chills, bloating, indigestion) VALUES (327, true, true, true, true, true);
INSERT INTO Cases (diagnosisId, age, gender, majorSx, minorSx, painId) VALUES (2, 60, 'F', 326, 327, 326);
INSERT INTO Positions (posId, right_upper_quadrant, epigastrium) VALUES (328, true, true);
INSERT INTO Positions (posId, right_shoulder_blade) VALUES (329, true);
INSERT INTO Pain (pid, positionId, referred_pain_position, sharp, pleuritic, constant, four_hours, eight_hours, worse_with_breathing, worse_with_eating) VALUES (328, 328, 329, true, true, false, true, true, true, true);
INSERT INTO Symptoms (sxId, nausea, vomiting, loss_of_appetite) VALUES (328, true, true, true);
INSERT INTO Symptoms (sxId, fever, malaise, chills, bloating, indigestion) VALUES (329, true, true, false, true, true);
INSERT INTO Cases (diagnosisId, age, gender, majorSx, minorSx, painId) VALUES (2, 56, 'F', 328, 329, 328);
INSERT INTO Positions (posId, right_upper_quadrant, epigastrium) VALUES (330, true, true);
INSERT INTO Positions (posId, right_shoulder_blade) VALUES (331, true);
INSERT INTO Pain (pid, positionId, referred_pain_position, sharp, pleuritic, constant, four_hours, eight_hours, worse_with_breathing, worse_with_eating) VALUES (330, 330, 331, true, false, true, true, true, true, true);
INSERT INTO Symptoms (sxId, nausea, vomiting, loss_of_appetite) VALUES (330, true, true, true);
INSERT INTO Symptoms (sxId, fever, malaise, chills, bloating, indigestion) VALUES (331, true, true, true, true, true);
INSERT INTO Cases (diagnosisId, age, gender, majorSx, minorSx, painId) VALUES (2, 60, 'F', 330, 331, 330);
INSERT INTO Positions (posId, right_upper_quadrant, epigastrium) VALUES (332, true, true);
INSERT INTO Positions (posId, right_shoulder_blade) VALUES (333, true);
INSERT INTO Pain (pid, positionId, referred_pain_position, sharp, pleuritic, constant, four_hours, eight_hours, worse_with_breathing, worse_with_eating) VALUES (332, 332, 333, true, false, true, true, false, true, true);
INSERT INTO Symptoms (sxId, nausea, vomiting, loss_of_appetite) VALUES (332, true, true, true);
INSERT INTO Symptoms (sxId, fever, malaise, chills, bloating, indigestion) VALUES (333, true, true, false, true, true);
INSERT INTO Cases (diagnosisId, age, gender, majorSx, minorSx, painId) VALUES (2, 59, 'M', 332, 333, 332);
INSERT INTO Positions (posId, right_upper_quadrant, epigastrium) VALUES (334, true, true);
INSERT INTO Positions (posId, right_shoulder_blade) VALUES (335, true);
INSERT INTO Pain (pid, positionId, referred_pain_position, sharp, pleuritic, constant, four_hours, eight_hours, worse_with_breathing, worse_with_eating) VALUES (334, 334, 335, true, true, true, true, true, true, true);
INSERT INTO Symptoms (sxId, nausea, vomiting, loss_of_appetite) VALUES (334, true, true, true);
INSERT INTO Symptoms (sxId, fever, malaise, chills, bloating, indigestion) VALUES (335, true, true, true, true, false);
INSERT INTO Cases (diagnosisId, age, gender, majorSx, minorSx, painId) VALUES (2, 56, 'F', 334, 335, 334);
INSERT INTO Positions (posId, right_upper_quadrant, epigastrium) VALUES (336, true, false);
INSERT INTO Positions (posId, right_shoulder_blade) VALUES (337, false);
INSERT INTO Pain (pid, positionId, referred_pain_position, sharp, pleuritic, constant, four_hours, eight_hours, worse_with_breathing, worse_with_eating) VALUES (336, 336, 337, true, false, true, true, true, true, true);
INSERT INTO Symptoms (sxId, nausea, vomiting, loss_of_appetite) VALUES (336, true, true, true);
INSERT INTO Symptoms (sxId, fever, malaise, chills, bloating, indigestion) VALUES (337, true, true, true, true, true);
INSERT INTO Cases (diagnosisId, age, gender, majorSx, minorSx, painId) VALUES (2, 65, 'F', 336, 337, 336);
INSERT INTO Positions (posId, right_upper_quadrant, epigastrium) VALUES (338, true, false);
INSERT INTO Positions (posId, right_shoulder_blade) VALUES (339, false);
INSERT INTO Pain (pid, positionId, referred_pain_position, sharp, pleuritic, constant, four_hours, eight_hours, worse_with_breathing, worse_with_eating) VALUES (338, 338, 339, false, true, true, true, false, true, true);
INSERT INTO Symptoms (sxId, nausea, vomiting, loss_of_appetite) VALUES (338, true, true, true);
INSERT INTO Symptoms (sxId, fever, malaise, chills, bloating, indigestion) VALUES (339, true, true, true, true, true);
INSERT INTO Cases (diagnosisId, age, gender, majorSx, minorSx, painId) VALUES (2, 62, 'F', 338, 339, 338);
INSERT INTO Positions (posId, right_upper_quadrant, epigastrium) VALUES (340, true, true);
INSERT INTO Positions (posId, right_shoulder_blade) VALUES (341, true);
INSERT INTO Pain (pid, positionId, referred_pain_position, sharp, pleuritic, constant, four_hours, eight_hours, worse_with_breathing, worse_with_eating) VALUES (340, 340, 341, true, true, true, true, true, true, true);
INSERT INTO Symptoms (sxId, nausea, vomiting, loss_of_appetite) VALUES (340, true, true, true);
INSERT INTO Symptoms (sxId, fever, malaise, chills, bloating, indigestion) VALUES (341, true, false, true, true, true);
INSERT INTO Cases (diagnosisId, age, gender, majorSx, minorSx, painId) VALUES (2, 65, 'F', 340, 341, 340);
INSERT INTO Positions (posId, right_upper_quadrant, epigastrium) VALUES (342, true, true);
INSERT INTO Positions (posId, right_shoulder_blade) VALUES (343, true);
INSERT INTO Pain (pid, positionId, referred_pain_position, sharp, pleuritic, constant, four_hours, eight_hours, worse_with_breathing, worse_with_eating) VALUES (342, 342, 343, true, true, true, true, true, true, true);
INSERT INTO Symptoms (sxId, nausea, vomiting, loss_of_appetite) VALUES (342, true, true, false);
INSERT INTO Symptoms (sxId, fever, malaise, chills, bloating, indigestion) VALUES (343, true, true, true, true, false);
INSERT INTO Cases (diagnosisId, age, gender, majorSx, minorSx, painId) VALUES (2, 65, 'F', 342, 343, 342);
INSERT INTO Positions (posId, right_upper_quadrant, epigastrium) VALUES (344, false, true);
INSERT INTO Positions (posId, right_shoulder_blade) VALUES (345, true);
INSERT INTO Pain (pid, positionId, referred_pain_position, sharp, pleuritic, constant, four_hours, eight_hours, worse_with_breathing, worse_with_eating) VALUES (344, 344, 345, false, true, false, true, true, true, true);
INSERT INTO Symptoms (sxId, nausea, vomiting, loss_of_appetite) VALUES (344, true, true, true);
INSERT INTO Symptoms (sxId, fever, malaise, chills, bloating, indigestion) VALUES (345, true, true, true, true, true);
INSERT INTO Cases (diagnosisId, age, gender, majorSx, minorSx, painId) VALUES (2, 61, 'M', 344, 345, 344);
INSERT INTO Positions (posId, right_upper_quadrant, epigastrium) VALUES (346, true, true);
INSERT INTO Positions (posId, right_shoulder_blade) VALUES (347, true);
INSERT INTO Pain (pid, positionId, referred_pain_position, sharp, pleuritic, constant, four_hours, eight_hours, worse_with_breathing, worse_with_eating) VALUES (346, 346, 347, true, true, true, true, true, true, true);
INSERT INTO Symptoms (sxId, nausea, vomiting, loss_of_appetite) VALUES (346, true, false, true);
INSERT INTO Symptoms (sxId, fever, malaise, chills, bloating, indigestion) VALUES (347, false, true, true, false, true);
INSERT INTO Cases (diagnosisId, age, gender, majorSx, minorSx, painId) VALUES (2, 65, 'F', 346, 347, 346);
INSERT INTO Positions (posId, right_upper_quadrant, epigastrium) VALUES (348, false, true);
INSERT INTO Positions (posId, right_shoulder_blade) VALUES (349, true);
INSERT INTO Pain (pid, positionId, referred_pain_position, sharp, pleuritic, constant, four_hours, eight_hours, worse_with_breathing, worse_with_eating) VALUES (348, 348, 349, true, true, true, true, true, true, true);
INSERT INTO Symptoms (sxId, nausea, vomiting, loss_of_appetite) VALUES (348, true, true, true);
INSERT INTO Symptoms (sxId, fever, malaise, chills, bloating, indigestion) VALUES (349, true, true, true, true, true);
INSERT INTO Cases (diagnosisId, age, gender, majorSx, minorSx, painId) VALUES (2, 62, 'F', 348, 349, 348);
INSERT INTO Positions (posId, right_upper_quadrant, epigastrium) VALUES (350, true, true);
INSERT INTO Positions (posId, right_shoulder_blade) VALUES (351, true);
INSERT INTO Pain (pid, positionId, referred_pain_position, sharp, pleuritic, constant, four_hours, eight_hours, worse_with_breathing, worse_with_eating) VALUES (350, 350, 351, true, true, true, true, true, true, true);
INSERT INTO Symptoms (sxId, nausea, vomiting, loss_of_appetite) VALUES (350, true, true, true);
INSERT INTO Symptoms (sxId, fever, malaise, chills, bloating, indigestion) VALUES (351, true, true, true, true, true);
INSERT INTO Cases (diagnosisId, age, gender, majorSx, minorSx, painId) VALUES (2, 68, 'F', 350, 351, 350);
INSERT INTO Positions (posId, right_upper_quadrant, epigastrium) VALUES (352, true, false);
INSERT INTO Positions (posId, right_shoulder_blade) VALUES (353, true);
INSERT INTO Pain (pid, positionId, referred_pain_position, sharp, pleuritic, constant, four_hours, eight_hours, worse_with_breathing, worse_with_eating) VALUES (352, 352, 353, true, true, true, true, true, true, true);
INSERT INTO Symptoms (sxId, nausea, vomiting, loss_of_appetite) VALUES (352, true, true, true);
INSERT INTO Symptoms (sxId, fever, malaise, chills, bloating, indigestion) VALUES (353, true, true, true, true, true);
INSERT INTO Cases (diagnosisId, age, gender, majorSx, minorSx, painId) VALUES (2, 66, 'F', 352, 353, 352);
INSERT INTO Positions (posId, right_upper_quadrant, epigastrium) VALUES (354, true, true);
INSERT INTO Positions (posId, right_shoulder_blade) VALUES (355, false);
INSERT INTO Pain (pid, positionId, referred_pain_position, sharp, pleuritic, constant, four_hours, eight_hours, worse_with_breathing, worse_with_eating) VALUES (354, 354, 355, true, true, true, false, true, true, true);
INSERT INTO Symptoms (sxId, nausea, vomiting, loss_of_appetite) VALUES (354, true, true, true);
INSERT INTO Symptoms (sxId, fever, malaise, chills, bloating, indigestion) VALUES (355, true, true, true, true, true);
INSERT INTO Cases (diagnosisId, age, gender, majorSx, minorSx, painId) VALUES (2, 70, 'F', 354, 355, 354);
INSERT INTO Positions (posId, right_upper_quadrant, epigastrium) VALUES (356, true, true);
INSERT INTO Positions (posId, right_shoulder_blade) VALUES (357, true);
INSERT INTO Pain (pid, positionId, referred_pain_position, sharp, pleuritic, constant, four_hours, eight_hours, worse_with_breathing, worse_with_eating) VALUES (356, 356, 357, true, true, true, true, true, true, true);
INSERT INTO Symptoms (sxId, nausea, vomiting, loss_of_appetite) VALUES (356, true, true, false);
INSERT INTO Symptoms (sxId, fever, malaise, chills, bloating, indigestion) VALUES (357, true, true, true, true, true);
INSERT INTO Cases (diagnosisId, age, gender, majorSx, minorSx, painId) VALUES (2, 68, 'M', 356, 357, 356);
INSERT INTO Positions (posId, right_upper_quadrant, epigastrium) VALUES (358, true, true);
INSERT INTO Positions (posId, right_shoulder_blade) VALUES (359, true);
INSERT INTO Pain (pid, positionId, referred_pain_position, sharp, pleuritic, constant, four_hours, eight_hours, worse_with_breathing, worse_with_eating) VALUES (358, 358, 359, true, true, true, true, true, true, false);
INSERT INTO Symptoms (sxId, nausea, vomiting, loss_of_appetite) VALUES (358, true, true, false);
INSERT INTO Symptoms (sxId, fever, malaise, chills, bloating, indigestion) VALUES (359, true, true, true, true, true);
INSERT INTO Cases (diagnosisId, age, gender, majorSx, minorSx, painId) VALUES (2, 66, 'F', 358, 359, 358);
INSERT INTO Positions (posId, right_upper_quadrant, epigastrium) VALUES (360, true, true);
INSERT INTO Positions (posId, right_shoulder_blade) VALUES (361, true);
INSERT INTO Pain (pid, positionId, referred_pain_position, sharp, pleuritic, constant, four_hours, eight_hours, worse_with_breathing, worse_with_eating) VALUES (360, 360, 361, false, true, true, true, true, true, false);
INSERT INTO Symptoms (sxId, nausea, vomiting, loss_of_appetite) VALUES (360, true, true, true);
INSERT INTO Symptoms (sxId, fever, malaise, chills, bloating, indigestion) VALUES (361, true, true, true, true, true);
INSERT INTO Cases (diagnosisId, age, gender, majorSx, minorSx, painId) VALUES (2, 70, 'F', 360, 361, 360);
INSERT INTO Positions (posId, right_upper_quadrant, epigastrium) VALUES (362, true, true);
INSERT INTO Positions (posId, right_shoulder_blade) VALUES (363, true);
INSERT INTO Pain (pid, positionId, referred_pain_position, sharp, pleuritic, constant, four_hours, eight_hours, worse_with_breathing, worse_with_eating) VALUES (362, 362, 363, true, true, true, true, true, true, true);
INSERT INTO Symptoms (sxId, nausea, vomiting, loss_of_appetite) VALUES (362, true, true, true);
INSERT INTO Symptoms (sxId, fever, malaise, chills, bloating, indigestion) VALUES (363, false, true, true, true, true);
INSERT INTO Cases (diagnosisId, age, gender, majorSx, minorSx, painId) VALUES (2, 66, 'F', 362, 363, 362);
INSERT INTO Positions (posId, right_upper_quadrant, epigastrium) VALUES (364, true, true);
INSERT INTO Positions (posId, right_shoulder_blade) VALUES (365, true);
INSERT INTO Pain (pid, positionId, referred_pain_position, sharp, pleuritic, constant, four_hours, eight_hours, worse_with_breathing, worse_with_eating) VALUES (364, 364, 365, true, true, true, true, true, true, true);
INSERT INTO Symptoms (sxId, nausea, vomiting, loss_of_appetite) VALUES (364, true, true, true);
INSERT INTO Symptoms (sxId, fever, malaise, chills, bloating, indigestion) VALUES (365, true, true, true, true, true);
INSERT INTO Cases (diagnosisId, age, gender, majorSx, minorSx, painId) VALUES (2, 74, 'F', 364, 365, 364);
INSERT INTO Positions (posId, right_upper_quadrant, epigastrium) VALUES (366, true, false);
INSERT INTO Positions (posId, right_shoulder_blade) VALUES (367, true);
INSERT INTO Pain (pid, positionId, referred_pain_position, sharp, pleuritic, constant, four_hours, eight_hours, worse_with_breathing, worse_with_eating) VALUES (366, 366, 367, true, true, true, true, true, true, false);
INSERT INTO Symptoms (sxId, nausea, vomiting, loss_of_appetite) VALUES (366, true, true, false);
INSERT INTO Symptoms (sxId, fever, malaise, chills, bloating, indigestion) VALUES (367, true, true, true, true, true);
INSERT INTO Cases (diagnosisId, age, gender, majorSx, minorSx, painId) VALUES (2, 73, 'M', 366, 367, 366);
INSERT INTO Positions (posId, right_upper_quadrant, epigastrium) VALUES (368, true, true);
INSERT INTO Positions (posId, right_shoulder_blade) VALUES (369, false);
INSERT INTO Pain (pid, positionId, referred_pain_position, sharp, pleuritic, constant, four_hours, eight_hours, worse_with_breathing, worse_with_eating) VALUES (368, 368, 369, false, true, true, true, true, true, true);
INSERT INTO Symptoms (sxId, nausea, vomiting, loss_of_appetite) VALUES (368, true, true, true);
INSERT INTO Symptoms (sxId, fever, malaise, chills, bloating, indigestion) VALUES (369, true, true, true, true, true);
INSERT INTO Cases (diagnosisId, age, gender, majorSx, minorSx, painId) VALUES (2, 72, 'M', 368, 369, 368);
INSERT INTO Positions (posId, right_upper_quadrant, epigastrium) VALUES (370, true, true);
INSERT INTO Positions (posId, right_shoulder_blade) VALUES (371, true);
INSERT INTO Pain (pid, positionId, referred_pain_position, sharp, pleuritic, constant, four_hours, eight_hours, worse_with_breathing, worse_with_eating) VALUES (370, 370, 371, true, true, true, true, true, true, true);
INSERT INTO Symptoms (sxId, nausea, vomiting, loss_of_appetite) VALUES (370, true, true, true);
INSERT INTO Symptoms (sxId, fever, malaise, chills, bloating, indigestion) VALUES (371, true, true, true, true, true);
INSERT INTO Cases (diagnosisId, age, gender, majorSx, minorSx, painId) VALUES (2, 71, 'F', 370, 371, 370);
INSERT INTO Positions (posId, right_upper_quadrant, epigastrium) VALUES (372, true, true);
INSERT INTO Positions (posId, right_shoulder_blade) VALUES (373, true);
INSERT INTO Pain (pid, positionId, referred_pain_position, sharp, pleuritic, constant, four_hours, eight_hours, worse_with_breathing, worse_with_eating) VALUES (372, 372, 373, true, true, true, true, true, true, true);
INSERT INTO Symptoms (sxId, nausea, vomiting, loss_of_appetite) VALUES (372, true, true, true);
INSERT INTO Symptoms (sxId, fever, malaise, chills, bloating, indigestion) VALUES (373, true, true, true, true, true);
INSERT INTO Cases (diagnosisId, age, gender, majorSx, minorSx, painId) VALUES (2, 74, 'F', 372, 373, 372);
INSERT INTO Positions (posId, right_upper_quadrant, epigastrium) VALUES (374, true, true);
INSERT INTO Positions (posId, right_shoulder_blade) VALUES (375, true);
INSERT INTO Pain (pid, positionId, referred_pain_position, sharp, pleuritic, constant, four_hours, eight_hours, worse_with_breathing, worse_with_eating) VALUES (374, 374, 375, true, false, true, true, true, true, true);
INSERT INTO Symptoms (sxId, nausea, vomiting, loss_of_appetite) VALUES (374, true, false, true);
INSERT INTO Symptoms (sxId, fever, malaise, chills, bloating, indigestion) VALUES (375, false, true, true, true, false);
INSERT INTO Cases (diagnosisId, age, gender, majorSx, minorSx, painId) VALUES (2, 73, 'F', 374, 375, 374);
INSERT INTO Positions (posId, right_upper_quadrant, epigastrium) VALUES (376, true, false);
INSERT INTO Positions (posId, right_shoulder_blade) VALUES (377, true);
INSERT INTO Pain (pid, positionId, referred_pain_position, sharp, pleuritic, constant, four_hours, eight_hours, worse_with_breathing, worse_with_eating) VALUES (376, 376, 377, true, true, true, true, false, true, true);
INSERT INTO Symptoms (sxId, nausea, vomiting, loss_of_appetite) VALUES (376, true, true, true);
INSERT INTO Symptoms (sxId, fever, malaise, chills, bloating, indigestion) VALUES (377, true, true, true, true, true);
INSERT INTO Cases (diagnosisId, age, gender, majorSx, minorSx, painId) VALUES (2, 75, 'F', 376, 377, 376);
INSERT INTO Positions (posId, right_upper_quadrant, epigastrium) VALUES (378, true, true);
INSERT INTO Positions (posId, right_shoulder_blade) VALUES (379, true);
INSERT INTO Pain (pid, positionId, referred_pain_position, sharp, pleuritic, constant, four_hours, eight_hours, worse_with_breathing, worse_with_eating) VALUES (378, 378, 379, true, true, true, true, true, true, true);
INSERT INTO Symptoms (sxId, nausea, vomiting, loss_of_appetite) VALUES (378, true, true, false);
INSERT INTO Symptoms (sxId, fever, malaise, chills, bloating, indigestion) VALUES (379, true, true, true, true, true);
INSERT INTO Cases (diagnosisId, age, gender, majorSx, minorSx, painId) VALUES (2, 79, 'M', 378, 379, 378);
INSERT INTO Positions (posId, right_upper_quadrant, epigastrium) VALUES (380, true, true);
INSERT INTO Positions (posId, right_shoulder_blade) VALUES (381, true);
INSERT INTO Pain (pid, positionId, referred_pain_position, sharp, pleuritic, constant, four_hours, eight_hours, worse_with_breathing, worse_with_eating) VALUES (380, 380, 381, true, true, false, true, true, true, true);
INSERT INTO Symptoms (sxId, nausea, vomiting, loss_of_appetite) VALUES (380, false, true, true);
INSERT INTO Symptoms (sxId, fever, malaise, chills, bloating, indigestion) VALUES (381, true, true, true, true, true);
INSERT INTO Cases (diagnosisId, age, gender, majorSx, minorSx, painId) VALUES (2, 78, 'M', 380, 381, 380);
INSERT INTO Positions (posId, right_upper_quadrant, epigastrium) VALUES (382, true, true);
INSERT INTO Positions (posId, right_shoulder_blade) VALUES (383, true);
INSERT INTO Pain (pid, positionId, referred_pain_position, sharp, pleuritic, constant, four_hours, eight_hours, worse_with_breathing, worse_with_eating) VALUES (382, 382, 383, true, true, true, true, true, true, true);
INSERT INTO Symptoms (sxId, nausea, vomiting, loss_of_appetite) VALUES (382, true, true, false);
INSERT INTO Symptoms (sxId, fever, malaise, chills, bloating, indigestion) VALUES (383, true, true, true, false, true);
INSERT INTO Cases (diagnosisId, age, gender, majorSx, minorSx, painId) VALUES (2, 80, 'F', 382, 383, 382);
INSERT INTO Positions (posId, right_upper_quadrant, epigastrium) VALUES (384, true, true);
INSERT INTO Positions (posId, right_shoulder_blade) VALUES (385, true);
INSERT INTO Pain (pid, positionId, referred_pain_position, sharp, pleuritic, constant, four_hours, eight_hours, worse_with_breathing, worse_with_eating) VALUES (384, 384, 385, false, true, true, true, true, true, true);
INSERT INTO Symptoms (sxId, nausea, vomiting, loss_of_appetite) VALUES (384, true, false, true);
INSERT INTO Symptoms (sxId, fever, malaise, chills, bloating, indigestion) VALUES (385, true, true, false, true, true);
INSERT INTO Cases (diagnosisId, age, gender, majorSx, minorSx, painId) VALUES (2, 80, 'F', 384, 385, 384);
INSERT INTO Positions (posId, right_upper_quadrant, epigastrium) VALUES (386, true, true);
INSERT INTO Positions (posId, right_shoulder_blade) VALUES (387, true);
INSERT INTO Pain (pid, positionId, referred_pain_position, sharp, pleuritic, constant, four_hours, eight_hours, worse_with_breathing, worse_with_eating) VALUES (386, 386, 387, false, true, false, true, false, true, true);
INSERT INTO Symptoms (sxId, nausea, vomiting, loss_of_appetite) VALUES (386, true, false, false);
INSERT INTO Symptoms (sxId, fever, malaise, chills, bloating, indigestion) VALUES (387, true, true, true, true, true);
INSERT INTO Cases (diagnosisId, age, gender, majorSx, minorSx, painId) VALUES (2, 78, 'F', 386, 387, 386);
INSERT INTO Positions (posId, right_upper_quadrant, epigastrium) VALUES (388, true, true);
INSERT INTO Positions (posId, right_shoulder_blade) VALUES (389, true);
INSERT INTO Pain (pid, positionId, referred_pain_position, sharp, pleuritic, constant, four_hours, eight_hours, worse_with_breathing, worse_with_eating) VALUES (388, 388, 389, true, true, true, false, true, false, true);
INSERT INTO Symptoms (sxId, nausea, vomiting, loss_of_appetite) VALUES (388, true, true, true);
INSERT INTO Symptoms (sxId, fever, malaise, chills, bloating, indigestion) VALUES (389, true, true, false, true, true);
INSERT INTO Cases (diagnosisId, age, gender, majorSx, minorSx, painId) VALUES (2, 83, 'F', 388, 389, 388);
INSERT INTO Positions (posId, right_upper_quadrant, epigastrium) VALUES (390, true, true);
INSERT INTO Positions (posId, right_shoulder_blade) VALUES (391, true);
INSERT INTO Pain (pid, positionId, referred_pain_position, sharp, pleuritic, constant, four_hours, eight_hours, worse_with_breathing, worse_with_eating) VALUES (390, 390, 391, true, true, false, true, true, true, true);
INSERT INTO Symptoms (sxId, nausea, vomiting, loss_of_appetite) VALUES (390, true, true, true);
INSERT INTO Symptoms (sxId, fever, malaise, chills, bloating, indigestion) VALUES (391, false, true, true, false, true);
INSERT INTO Cases (diagnosisId, age, gender, majorSx, minorSx, painId) VALUES (2, 83, 'F', 390, 391, 390);
INSERT INTO Positions (posId, right_upper_quadrant, epigastrium) VALUES (392, true, true);
INSERT INTO Positions (posId, right_shoulder_blade) VALUES (393, true);
INSERT INTO Pain (pid, positionId, referred_pain_position, sharp, pleuritic, constant, four_hours, eight_hours, worse_with_breathing, worse_with_eating) VALUES (392, 392, 393, true, true, true, true, true, true, true);
INSERT INTO Symptoms (sxId, nausea, vomiting, loss_of_appetite) VALUES (392, true, true, true);
INSERT INTO Symptoms (sxId, fever, malaise, chills, bloating, indigestion) VALUES (393, true, true, true, true, true);
INSERT INTO Cases (diagnosisId, age, gender, majorSx, minorSx, painId) VALUES (2, 89, 'F', 392, 393, 392);
INSERT INTO Positions (posId, right_upper_quadrant, epigastrium) VALUES (394, true, true);
INSERT INTO Positions (posId, right_shoulder_blade) VALUES (395, true);
INSERT INTO Pain (pid, positionId, referred_pain_position, sharp, pleuritic, constant, four_hours, eight_hours, worse_with_breathing, worse_with_eating) VALUES (394, 394, 395, true, true, false, false, true, true, true);
INSERT INTO Symptoms (sxId, nausea, vomiting, loss_of_appetite) VALUES (394, true, true, true);
INSERT INTO Symptoms (sxId, fever, malaise, chills, bloating, indigestion) VALUES (395, true, true, true, true, true);
INSERT INTO Cases (diagnosisId, age, gender, majorSx, minorSx, painId) VALUES (2, 87, 'F', 394, 395, 394);
INSERT INTO Positions (posId, right_upper_quadrant, epigastrium) VALUES (396, true, true);
INSERT INTO Positions (posId, right_shoulder_blade) VALUES (397, true);
INSERT INTO Pain (pid, positionId, referred_pain_position, sharp, pleuritic, constant, four_hours, eight_hours, worse_with_breathing, worse_with_eating) VALUES (396, 396, 397, true, true, false, true, true, true, true);
INSERT INTO Symptoms (sxId, nausea, vomiting, loss_of_appetite) VALUES (396, true, true, true);
INSERT INTO Symptoms (sxId, fever, malaise, chills, bloating, indigestion) VALUES (397, true, true, true, true, true);
INSERT INTO Cases (diagnosisId, age, gender, majorSx, minorSx, painId) VALUES (2, 92, 'F', 396, 397, 396);
INSERT INTO Positions (posId, right_upper_quadrant, epigastrium) VALUES (398, true, true);
INSERT INTO Positions (posId, right_shoulder_blade) VALUES (399, true);
INSERT INTO Pain (pid, positionId, referred_pain_position, sharp, pleuritic, constant, four_hours, eight_hours, worse_with_breathing, worse_with_eating) VALUES (398, 398, 399, true, true, true, true, true, true, true);
INSERT INTO Symptoms (sxId, nausea, vomiting, loss_of_appetite) VALUES (398, true, true, true);
INSERT INTO Symptoms (sxId, fever, malaise, chills, bloating, indigestion) VALUES (399, true, true, false, true, true);
INSERT INTO Cases (diagnosisId, age, gender, majorSx, minorSx, painId) VALUES (2, 105, 'F', 398, 399, 398);
INSERT INTO Positions (posId, right_upper_quadrant, epigastrium) VALUES (400, true, true);
INSERT INTO Positions (posId, right_shoulder_blade) VALUES (401, true);
INSERT INTO Pain (pid, positionId, referred_pain_position, sharp, pleuritic, constant, four_hours, eight_hours, worse_with_breathing, worse_with_eating) VALUES (400, 400, 401, false, false, true, true, true, true, true);
INSERT INTO Symptoms (sxId, nausea, vomiting, loss_of_appetite) VALUES (400, true, true, true);
INSERT INTO Symptoms (sxId, fever, malaise, chills, bloating, indigestion) VALUES (401, true, true, true, true, true);
INSERT INTO Cases (diagnosisId, age, gender, majorSx, minorSx, painId) VALUES (2, 101, 'F', 400, 401, 400);
Insert INTO Diagnosis (dId, dname) Values (3, 'Cholecystitis');
INSERT INTO Positions (posId, right_upper_quadrant, epigastrium) VALUES (402, true, true);
INSERT INTO Positions (posId, right_shoulder_blade) VALUES (403, true);
INSERT INTO Pain (pid, positionId, referred_pain_position, sharp, pleuritic, constant, four_hours, eight_hours, one_day, two_days, one_week, worse_with_breathing, worse_with_eating) VALUES (402, 402, 403, true, true, true, true, true, true, false, true, true, true);
INSERT INTO Symptoms (sxId, nausea, vomiting, loss_of_appetite) VALUES (402, true, true, true);
INSERT INTO Symptoms (sxId, fever, malaise, chills, bloating, jaundice, indigestion) VALUES (403, false, true, true, true, true, true);
INSERT INTO Cases (diagnosisId, age, gender, majorSx, minorSx, painId) VALUES (3, 12, 'M', 402, 403, 402);
INSERT INTO Positions (posId, right_upper_quadrant, epigastrium) VALUES (404, true, true);
INSERT INTO Positions (posId, right_shoulder_blade) VALUES (405, true);
INSERT INTO Pain (pid, positionId, referred_pain_position, sharp, pleuritic, constant, four_hours, eight_hours, one_day, two_days, one_week, worse_with_breathing, worse_with_eating) VALUES (404, 404, 405, true, true, true, true, true, true, true, true, false, true);
INSERT INTO Symptoms (sxId, nausea, vomiting, loss_of_appetite) VALUES (404, true, true, true);
INSERT INTO Symptoms (sxId, fever, malaise, chills, bloating, jaundice, indigestion) VALUES (405, true, true, true, true, false, true);
INSERT INTO Cases (diagnosisId, age, gender, majorSx, minorSx, painId) VALUES (3, 14, 'F', 404, 405, 404);
INSERT INTO Positions (posId, right_upper_quadrant, epigastrium) VALUES (406, true, true);
INSERT INTO Positions (posId, right_shoulder_blade) VALUES (407, true);
INSERT INTO Pain (pid, positionId, referred_pain_position, sharp, pleuritic, constant, four_hours, eight_hours, one_day, two_days, one_week, worse_with_breathing, worse_with_eating) VALUES (406, 406, 407, true, true, true, true, true, false, true, true, true, true);
INSERT INTO Symptoms (sxId, nausea, vomiting, loss_of_appetite) VALUES (406, true, true, true);
INSERT INTO Symptoms (sxId, fever, malaise, chills, bloating, jaundice, indigestion) VALUES (407, true, true, true, true, true, true);
INSERT INTO Cases (diagnosisId, age, gender, majorSx, minorSx, painId) VALUES (3, 18, 'F', 406, 407, 406);
INSERT INTO Positions (posId, right_upper_quadrant, epigastrium) VALUES (408, true, true);
INSERT INTO Positions (posId, right_shoulder_blade) VALUES (409, true);
INSERT INTO Pain (pid, positionId, referred_pain_position, sharp, pleuritic, constant, four_hours, eight_hours, one_day, two_days, one_week, worse_with_breathing, worse_with_eating) VALUES (408, 408, 409, true, false, true, true, true, true, true, true, true, true);
INSERT INTO Symptoms (sxId, nausea, vomiting, loss_of_appetite) VALUES (408, false, true, true);
INSERT INTO Symptoms (sxId, fever, malaise, chills, bloating, jaundice, indigestion) VALUES (409, true, true, true, true, true, true);
INSERT INTO Cases (diagnosisId, age, gender, majorSx, minorSx, painId) VALUES (3, 19, 'M', 408, 409, 408);
INSERT INTO Positions (posId, right_upper_quadrant, epigastrium) VALUES (410, true, true);
INSERT INTO Positions (posId, right_shoulder_blade) VALUES (411, false);
INSERT INTO Pain (pid, positionId, referred_pain_position, sharp, pleuritic, constant, four_hours, eight_hours, one_day, two_days, one_week, worse_with_breathing, worse_with_eating) VALUES (410, 410, 411, true, true, true, true, true, false, true, true, true, true);
INSERT INTO Symptoms (sxId, nausea, vomiting, loss_of_appetite) VALUES (410, true, true, true);
INSERT INTO Symptoms (sxId, fever, malaise, chills, bloating, jaundice, indigestion) VALUES (411, true, true, true, true, true, true);
INSERT INTO Cases (diagnosisId, age, gender, majorSx, minorSx, painId) VALUES (3, 17, 'M', 410, 411, 410);
INSERT INTO Positions (posId, right_upper_quadrant, epigastrium) VALUES (412, false, false);
INSERT INTO Positions (posId, right_shoulder_blade) VALUES (413, true);
INSERT INTO Pain (pid, positionId, referred_pain_position, sharp, pleuritic, constant, four_hours, eight_hours, one_day, two_days, one_week, worse_with_breathing, worse_with_eating) VALUES (412, 412, 413, true, true, true, true, true, true, true, true, true, true);
INSERT INTO Symptoms (sxId, nausea, vomiting, loss_of_appetite) VALUES (412, true, true, true);
INSERT INTO Symptoms (sxId, fever, malaise, chills, bloating, jaundice, indigestion) VALUES (413, true, true, true, true, true, true);
INSERT INTO Cases (diagnosisId, age, gender, majorSx, minorSx, painId) VALUES (3, 19, 'M', 412, 413, 412);
INSERT INTO Positions (posId, right_upper_quadrant, epigastrium) VALUES (414, true, true);
INSERT INTO Positions (posId, right_shoulder_blade) VALUES (415, true);
INSERT INTO Pain (pid, positionId, referred_pain_position, sharp, pleuritic, constant, four_hours, eight_hours, one_day, two_days, one_week, worse_with_breathing, worse_with_eating) VALUES (414, 414, 415, true, true, true, true, true, true, true, true, true, true);
INSERT INTO Symptoms (sxId, nausea, vomiting, loss_of_appetite) VALUES (414, true, true, false);
INSERT INTO Symptoms (sxId, fever, malaise, chills, bloating, jaundice, indigestion) VALUES (415, true, true, true, true, true, true);
INSERT INTO Cases (diagnosisId, age, gender, majorSx, minorSx, painId) VALUES (3, 19, 'F', 414, 415, 414);
INSERT INTO Positions (posId, right_upper_quadrant, epigastrium) VALUES (416, true, true);
INSERT INTO Positions (posId, right_shoulder_blade) VALUES (417, true);
INSERT INTO Pain (pid, positionId, referred_pain_position, sharp, pleuritic, constant, four_hours, eight_hours, one_day, two_days, one_week, worse_with_breathing, worse_with_eating) VALUES (416, 416, 417, true, true, true, true, true, true, true, true, true, true);
INSERT INTO Symptoms (sxId, nausea, vomiting, loss_of_appetite) VALUES (416, true, false, true);
INSERT INTO Symptoms (sxId, fever, malaise, chills, bloating, jaundice, indigestion) VALUES (417, true, true, true, true, false, true);
INSERT INTO Cases (diagnosisId, age, gender, majorSx, minorSx, painId) VALUES (3, 24, 'M', 416, 417, 416);
INSERT INTO Positions (posId, right_upper_quadrant, epigastrium) VALUES (418, true, false);
INSERT INTO Positions (posId, right_shoulder_blade) VALUES (419, true);
INSERT INTO Pain (pid, positionId, referred_pain_position, sharp, pleuritic, constant, four_hours, eight_hours, one_day, two_days, one_week, worse_with_breathing, worse_with_eating) VALUES (418, 418, 419, true, true, true, true, true, true, true, true, true, true);
INSERT INTO Symptoms (sxId, nausea, vomiting, loss_of_appetite) VALUES (418, true, false, true);
INSERT INTO Symptoms (sxId, fever, malaise, chills, bloating, jaundice, indigestion) VALUES (419, true, true, false, true, true, true);
INSERT INTO Cases (diagnosisId, age, gender, majorSx, minorSx, painId) VALUES (3, 22, 'F', 418, 419, 418);
INSERT INTO Positions (posId, right_upper_quadrant, epigastrium) VALUES (420, true, true);
INSERT INTO Positions (posId, right_shoulder_blade) VALUES (421, true);
INSERT INTO Pain (pid, positionId, referred_pain_position, sharp, pleuritic, constant, four_hours, eight_hours, one_day, two_days, one_week, worse_with_breathing, worse_with_eating) VALUES (420, 420, 421, true, true, true, true, true, true, true, false, true, true);
INSERT INTO Symptoms (sxId, nausea, vomiting, loss_of_appetite) VALUES (420, true, true, true);
INSERT INTO Symptoms (sxId, fever, malaise, chills, bloating, jaundice, indigestion) VALUES (421, true, true, true, true, true, false);
INSERT INTO Cases (diagnosisId, age, gender, majorSx, minorSx, painId) VALUES (3, 23, 'M', 420, 421, 420);
INSERT INTO Positions (posId, right_upper_quadrant, epigastrium) VALUES (422, true, true);
INSERT INTO Positions (posId, right_shoulder_blade) VALUES (423, false);
INSERT INTO Pain (pid, positionId, referred_pain_position, sharp, pleuritic, constant, four_hours, eight_hours, one_day, two_days, one_week, worse_with_breathing, worse_with_eating) VALUES (422, 422, 423, true, true, true, true, true, true, true, true, true, true);
INSERT INTO Symptoms (sxId, nausea, vomiting, loss_of_appetite) VALUES (422, true, true, true);
INSERT INTO Symptoms (sxId, fever, malaise, chills, bloating, jaundice, indigestion) VALUES (423, true, true, false, true, true, true);
INSERT INTO Cases (diagnosisId, age, gender, majorSx, minorSx, painId) VALUES (3, 22, 'F', 422, 423, 422);
INSERT INTO Positions (posId, right_upper_quadrant, epigastrium) VALUES (424, true, true);
INSERT INTO Positions (posId, right_shoulder_blade) VALUES (425, true);
INSERT INTO Pain (pid, positionId, referred_pain_position, sharp, pleuritic, constant, four_hours, eight_hours, one_day, two_days, one_week, worse_with_breathing, worse_with_eating) VALUES (424, 424, 425, true, true, true, true, true, true, true, true, true, true);
INSERT INTO Symptoms (sxId, nausea, vomiting, loss_of_appetite) VALUES (424, true, true, true);
INSERT INTO Symptoms (sxId, fever, malaise, chills, bloating, jaundice, indigestion) VALUES (425, true, true, true, true, true, false);
INSERT INTO Cases (diagnosisId, age, gender, majorSx, minorSx, painId) VALUES (3, 25, 'M', 424, 425, 424);
INSERT INTO Positions (posId, right_upper_quadrant, epigastrium) VALUES (426, true, true);
INSERT INTO Positions (posId, right_shoulder_blade) VALUES (427, true);
INSERT INTO Pain (pid, positionId, referred_pain_position, sharp, pleuritic, constant, four_hours, eight_hours, one_day, two_days, one_week, worse_with_breathing, worse_with_eating) VALUES (426, 426, 427, true, true, true, true, true, false, true, true, false, true);
INSERT INTO Symptoms (sxId, nausea, vomiting, loss_of_appetite) VALUES (426, true, true, true);
INSERT INTO Symptoms (sxId, fever, malaise, chills, bloating, jaundice, indigestion) VALUES (427, true, true, true, true, true, true);
INSERT INTO Cases (diagnosisId, age, gender, majorSx, minorSx, painId) VALUES (3, 24, 'F', 426, 427, 426);
INSERT INTO Positions (posId, right_upper_quadrant, epigastrium) VALUES (428, true, true);
INSERT INTO Positions (posId, right_shoulder_blade) VALUES (429, true);
INSERT INTO Pain (pid, positionId, referred_pain_position, sharp, pleuritic, constant, four_hours, eight_hours, one_day, two_days, one_week, worse_with_breathing, worse_with_eating) VALUES (428, 428, 429, true, false, true, true, true, true, true, true, true, true);
INSERT INTO Symptoms (sxId, nausea, vomiting, loss_of_appetite) VALUES (428, true, true, false);
INSERT INTO Symptoms (sxId, fever, malaise, chills, bloating, jaundice, indigestion) VALUES (429, true, true, true, true, true, true);
INSERT INTO Cases (diagnosisId, age, gender, majorSx, minorSx, painId) VALUES (3, 24, 'F', 428, 429, 428);
INSERT INTO Positions (posId, right_upper_quadrant, epigastrium) VALUES (430, true, true);
INSERT INTO Positions (posId, right_shoulder_blade) VALUES (431, true);
INSERT INTO Pain (pid, positionId, referred_pain_position, sharp, pleuritic, constant, four_hours, eight_hours, one_day, two_days, one_week, worse_with_breathing, worse_with_eating) VALUES (430, 430, 431, true, true, true, true, true, true, true, true, true, true);
INSERT INTO Symptoms (sxId, nausea, vomiting, loss_of_appetite) VALUES (430, true, true, true);
INSERT INTO Symptoms (sxId, fever, malaise, chills, bloating, jaundice, indigestion) VALUES (431, true, true, true, false, true, true);
INSERT INTO Cases (diagnosisId, age, gender, majorSx, minorSx, painId) VALUES (3, 28, 'F', 430, 431, 430);
INSERT INTO Positions (posId, right_upper_quadrant, epigastrium) VALUES (432, true, true);
INSERT INTO Positions (posId, right_shoulder_blade) VALUES (433, true);
INSERT INTO Pain (pid, positionId, referred_pain_position, sharp, pleuritic, constant, four_hours, eight_hours, one_day, two_days, one_week, worse_with_breathing, worse_with_eating) VALUES (432, 432, 433, true, true, true, true, true, false, true, true, false, true);
INSERT INTO Symptoms (sxId, nausea, vomiting, loss_of_appetite) VALUES (432, true, false, true);
INSERT INTO Symptoms (sxId, fever, malaise, chills, bloating, jaundice, indigestion) VALUES (433, true, true, true, true, true, false);
INSERT INTO Cases (diagnosisId, age, gender, majorSx, minorSx, painId) VALUES (3, 27, 'M', 432, 433, 432);
INSERT INTO Positions (posId, right_upper_quadrant, epigastrium) VALUES (434, true, true);
INSERT INTO Positions (posId, right_shoulder_blade) VALUES (435, true);
INSERT INTO Pain (pid, positionId, referred_pain_position, sharp, pleuritic, constant, four_hours, eight_hours, one_day, two_days, one_week, worse_with_breathing, worse_with_eating) VALUES (434, 434, 435, true, true, false, true, true, true, true, true, true, true);
INSERT INTO Symptoms (sxId, nausea, vomiting, loss_of_appetite) VALUES (434, true, true, true);
INSERT INTO Symptoms (sxId, fever, malaise, chills, bloating, jaundice, indigestion) VALUES (435, true, true, true, true, true, true);
INSERT INTO Cases (diagnosisId, age, gender, majorSx, minorSx, painId) VALUES (3, 29, 'F', 434, 435, 434);
INSERT INTO Positions (posId, right_upper_quadrant, epigastrium) VALUES (436, true, true);
INSERT INTO Positions (posId, right_shoulder_blade) VALUES (437, true);
INSERT INTO Pain (pid, positionId, referred_pain_position, sharp, pleuritic, constant, four_hours, eight_hours, one_day, two_days, one_week, worse_with_breathing, worse_with_eating) VALUES (436, 436, 437, true, true, true, true, true, true, true, true, true, true);
INSERT INTO Symptoms (sxId, nausea, vomiting, loss_of_appetite) VALUES (436, true, true, true);
INSERT INTO Symptoms (sxId, fever, malaise, chills, bloating, jaundice, indigestion) VALUES (437, true, true, true, true, true, true);
INSERT INTO Cases (diagnosisId, age, gender, majorSx, minorSx, painId) VALUES (3, 29, 'F', 436, 437, 436);
INSERT INTO Positions (posId, right_upper_quadrant, epigastrium) VALUES (438, true, true);
INSERT INTO Positions (posId, right_shoulder_blade) VALUES (439, true);
INSERT INTO Pain (pid, positionId, referred_pain_position, sharp, pleuritic, constant, four_hours, eight_hours, one_day, two_days, one_week, worse_with_breathing, worse_with_eating) VALUES (438, 438, 439, true, true, true, false, true, true, true, true, true, true);
INSERT INTO Symptoms (sxId, nausea, vomiting, loss_of_appetite) VALUES (438, true, true, true);
INSERT INTO Symptoms (sxId, fever, malaise, chills, bloating, jaundice, indigestion) VALUES (439, true, true, true, true, true, true);
INSERT INTO Cases (diagnosisId, age, gender, majorSx, minorSx, painId) VALUES (3, 27, 'F', 438, 439, 438);
INSERT INTO Positions (posId, right_upper_quadrant, epigastrium) VALUES (440, true, true);
INSERT INTO Positions (posId, right_shoulder_blade) VALUES (441, true);
INSERT INTO Pain (pid, positionId, referred_pain_position, sharp, pleuritic, constant, four_hours, eight_hours, one_day, two_days, one_week, worse_with_breathing, worse_with_eating) VALUES (440, 440, 441, true, true, false, true, true, true, true, true, true, true);
INSERT INTO Symptoms (sxId, nausea, vomiting, loss_of_appetite) VALUES (440, true, false, true);
INSERT INTO Symptoms (sxId, fever, malaise, chills, bloating, jaundice, indigestion) VALUES (441, true, true, true, true, true, true);
INSERT INTO Cases (diagnosisId, age, gender, majorSx, minorSx, painId) VALUES (3, 30, 'M', 440, 441, 440);
INSERT INTO Positions (posId, right_upper_quadrant, epigastrium) VALUES (442, true, true);
INSERT INTO Positions (posId, right_shoulder_blade) VALUES (443, true);
INSERT INTO Pain (pid, positionId, referred_pain_position, sharp, pleuritic, constant, four_hours, eight_hours, one_day, two_days, one_week, worse_with_breathing, worse_with_eating) VALUES (442, 442, 443, true, true, true, true, true, true, true, true, true, false);
INSERT INTO Symptoms (sxId, nausea, vomiting, loss_of_appetite) VALUES (442, true, true, true);
INSERT INTO Symptoms (sxId, fever, malaise, chills, bloating, jaundice, indigestion) VALUES (443, true, false, true, true, true, false);
INSERT INTO Cases (diagnosisId, age, gender, majorSx, minorSx, painId) VALUES (3, 27, 'M', 442, 443, 442);
INSERT INTO Positions (posId, right_upper_quadrant, epigastrium) VALUES (444, true, false);
INSERT INTO Positions (posId, right_shoulder_blade) VALUES (445, true);
INSERT INTO Pain (pid, positionId, referred_pain_position, sharp, pleuritic, constant, four_hours, eight_hours, one_day, two_days, one_week, worse_with_breathing, worse_with_eating) VALUES (444, 444, 445, true, true, true, true, true, true, true, true, true, true);
INSERT INTO Symptoms (sxId, nausea, vomiting, loss_of_appetite) VALUES (444, true, true, true);
INSERT INTO Symptoms (sxId, fever, malaise, chills, bloating, jaundice, indigestion) VALUES (445, true, true, true, true, true, true);
INSERT INTO Cases (diagnosisId, age, gender, majorSx, minorSx, painId) VALUES (3, 35, 'M', 444, 445, 444);
INSERT INTO Positions (posId, right_upper_quadrant, epigastrium) VALUES (446, true, true);
INSERT INTO Positions (posId, right_shoulder_blade) VALUES (447, true);
INSERT INTO Pain (pid, positionId, referred_pain_position, sharp, pleuritic, constant, four_hours, eight_hours, one_day, two_days, one_week, worse_with_breathing, worse_with_eating) VALUES (446, 446, 447, true, false, true, true, true, false, true, true, true, true);
INSERT INTO Symptoms (sxId, nausea, vomiting, loss_of_appetite) VALUES (446, true, false, true);
INSERT INTO Symptoms (sxId, fever, malaise, chills, bloating, jaundice, indigestion) VALUES (447, true, true, true, true, true, false);
INSERT INTO Cases (diagnosisId, age, gender, majorSx, minorSx, painId) VALUES (3, 32, 'M', 446, 447, 446);
INSERT INTO Positions (posId, right_upper_quadrant, epigastrium) VALUES (448, true, true);
INSERT INTO Positions (posId, right_shoulder_blade) VALUES (449, true);
INSERT INTO Pain (pid, positionId, referred_pain_position, sharp, pleuritic, constant, four_hours, eight_hours, one_day, two_days, one_week, worse_with_breathing, worse_with_eating) VALUES (448, 448, 449, true, true, false, true, true, true, true, true, true, true);
INSERT INTO Symptoms (sxId, nausea, vomiting, loss_of_appetite) VALUES (448, true, true, true);
INSERT INTO Symptoms (sxId, fever, malaise, chills, bloating, jaundice, indigestion) VALUES (449, true, true, true, false, true, true);
INSERT INTO Cases (diagnosisId, age, gender, majorSx, minorSx, painId) VALUES (3, 32, 'F', 448, 449, 448);
INSERT INTO Positions (posId, right_upper_quadrant, epigastrium) VALUES (450, true, true);
INSERT INTO Positions (posId, right_shoulder_blade) VALUES (451, true);
INSERT INTO Pain (pid, positionId, referred_pain_position, sharp, pleuritic, constant, four_hours, eight_hours, one_day, two_days, one_week, worse_with_breathing, worse_with_eating) VALUES (450, 450, 451, true, true, true, true, true, true, false, true, true, true);
INSERT INTO Symptoms (sxId, nausea, vomiting, loss_of_appetite) VALUES (450, true, true, true);
INSERT INTO Symptoms (sxId, fever, malaise, chills, bloating, jaundice, indigestion) VALUES (451, true, true, true, true, true, true);
INSERT INTO Cases (diagnosisId, age, gender, majorSx, minorSx, painId) VALUES (3, 34, 'F', 450, 451, 450);
INSERT INTO Positions (posId, right_upper_quadrant, epigastrium) VALUES (452, true, true);
INSERT INTO Positions (posId, right_shoulder_blade) VALUES (453, true);
INSERT INTO Pain (pid, positionId, referred_pain_position, sharp, pleuritic, constant, four_hours, eight_hours, one_day, two_days, one_week, worse_with_breathing, worse_with_eating) VALUES (452, 452, 453, true, true, true, false, true, true, true, true, true, true);
INSERT INTO Symptoms (sxId, nausea, vomiting, loss_of_appetite) VALUES (452, true, false, false);
INSERT INTO Symptoms (sxId, fever, malaise, chills, bloating, jaundice, indigestion) VALUES (453, true, true, true, true, true, true);
INSERT INTO Cases (diagnosisId, age, gender, majorSx, minorSx, painId) VALUES (3, 34, 'M', 452, 453, 452);
INSERT INTO Positions (posId, right_upper_quadrant, epigastrium) VALUES (454, true, true);
INSERT INTO Positions (posId, right_shoulder_blade) VALUES (455, true);
INSERT INTO Pain (pid, positionId, referred_pain_position, sharp, pleuritic, constant, four_hours, eight_hours, one_day, two_days, one_week, worse_with_breathing, worse_with_eating) VALUES (454, 454, 455, true, false, true, false, true, true, true, true, true, true);
INSERT INTO Symptoms (sxId, nausea, vomiting, loss_of_appetite) VALUES (454, true, false, true);
INSERT INTO Symptoms (sxId, fever, malaise, chills, bloating, jaundice, indigestion) VALUES (455, true, false, true, true, true, true);
INSERT INTO Cases (diagnosisId, age, gender, majorSx, minorSx, painId) VALUES (3, 31, 'M', 454, 455, 454);
INSERT INTO Positions (posId, right_upper_quadrant, epigastrium) VALUES (456, true, false);
INSERT INTO Positions (posId, right_shoulder_blade) VALUES (457, true);
INSERT INTO Pain (pid, positionId, referred_pain_position, sharp, pleuritic, constant, four_hours, eight_hours, one_day, two_days, one_week, worse_with_breathing, worse_with_eating) VALUES (456, 456, 457, true, true, true, true, true, true, true, true, true, true);
INSERT INTO Symptoms (sxId, nausea, vomiting, loss_of_appetite) VALUES (456, true, true, true);
INSERT INTO Symptoms (sxId, fever, malaise, chills, bloating, jaundice, indigestion) VALUES (457, true, true, true, true, true, true);
INSERT INTO Cases (diagnosisId, age, gender, majorSx, minorSx, painId) VALUES (3, 33, 'M', 456, 457, 456);
INSERT INTO Positions (posId, right_upper_quadrant, epigastrium) VALUES (458, true, true);
INSERT INTO Positions (posId, right_shoulder_blade) VALUES (459, true);
INSERT INTO Pain (pid, positionId, referred_pain_position, sharp, pleuritic, constant, four_hours, eight_hours, one_day, two_days, one_week, worse_with_breathing, worse_with_eating) VALUES (458, 458, 459, true, true, true, true, true, true, true, true, true, false);
INSERT INTO Symptoms (sxId, nausea, vomiting, loss_of_appetite) VALUES (458, true, true, true);
INSERT INTO Symptoms (sxId, fever, malaise, chills, bloating, jaundice, indigestion) VALUES (459, true, false, true, false, true, true);
INSERT INTO Cases (diagnosisId, age, gender, majorSx, minorSx, painId) VALUES (3, 40, 'F', 458, 459, 458);
INSERT INTO Positions (posId, right_upper_quadrant, epigastrium) VALUES (460, true, true);
INSERT INTO Positions (posId, right_shoulder_blade) VALUES (461, true);
INSERT INTO Pain (pid, positionId, referred_pain_position, sharp, pleuritic, constant, four_hours, eight_hours, one_day, two_days, one_week, worse_with_breathing, worse_with_eating) VALUES (460, 460, 461, true, false, true, true, true, true, true, true, true, true);
INSERT INTO Symptoms (sxId, nausea, vomiting, loss_of_appetite) VALUES (460, true, true, true);
INSERT INTO Symptoms (sxId, fever, malaise, chills, bloating, jaundice, indigestion) VALUES (461, true, false, true, false, true, true);
INSERT INTO Cases (diagnosisId, age, gender, majorSx, minorSx, painId) VALUES (3, 38, 'F', 460, 461, 460);
INSERT INTO Positions (posId, right_upper_quadrant, epigastrium) VALUES (462, true, true);
INSERT INTO Positions (posId, right_shoulder_blade) VALUES (463, true);
INSERT INTO Pain (pid, positionId, referred_pain_position, sharp, pleuritic, constant, four_hours, eight_hours, one_day, two_days, one_week, worse_with_breathing, worse_with_eating) VALUES (462, 462, 463, true, true, true, false, true, true, true, true, true, false);
INSERT INTO Symptoms (sxId, nausea, vomiting, loss_of_appetite) VALUES (462, true, true, false);
INSERT INTO Symptoms (sxId, fever, malaise, chills, bloating, jaundice, indigestion) VALUES (463, true, true, true, true, true, true);
INSERT INTO Cases (diagnosisId, age, gender, majorSx, minorSx, painId) VALUES (3, 38, 'M', 462, 463, 462);
INSERT INTO Positions (posId, right_upper_quadrant, epigastrium) VALUES (464, false, true);
INSERT INTO Positions (posId, right_shoulder_blade) VALUES (465, true);
INSERT INTO Pain (pid, positionId, referred_pain_position, sharp, pleuritic, constant, four_hours, eight_hours, one_day, two_days, one_week, worse_with_breathing, worse_with_eating) VALUES (464, 464, 465, false, true, true, true, true, true, true, true, true, true);
INSERT INTO Symptoms (sxId, nausea, vomiting, loss_of_appetite) VALUES (464, false, true, true);
INSERT INTO Symptoms (sxId, fever, malaise, chills, bloating, jaundice, indigestion) VALUES (465, true, true, true, true, true, true);
INSERT INTO Cases (diagnosisId, age, gender, majorSx, minorSx, painId) VALUES (3, 36, 'F', 464, 465, 464);
INSERT INTO Positions (posId, right_upper_quadrant, epigastrium) VALUES (466, true, true);
INSERT INTO Positions (posId, right_shoulder_blade) VALUES (467, true);
INSERT INTO Pain (pid, positionId, referred_pain_position, sharp, pleuritic, constant, four_hours, eight_hours, one_day, two_days, one_week, worse_with_breathing, worse_with_eating) VALUES (466, 466, 467, false, true, true, true, true, true, false, true, true, true);
INSERT INTO Symptoms (sxId, nausea, vomiting, loss_of_appetite) VALUES (466, true, true, true);
INSERT INTO Symptoms (sxId, fever, malaise, chills, bloating, jaundice, indigestion) VALUES (467, true, true, true, true, true, true);
INSERT INTO Cases (diagnosisId, age, gender, majorSx, minorSx, painId) VALUES (3, 36, 'F', 466, 467, 466);
INSERT INTO Positions (posId, right_upper_quadrant, epigastrium) VALUES (468, true, true);
INSERT INTO Positions (posId, right_shoulder_blade) VALUES (469, false);
INSERT INTO Pain (pid, positionId, referred_pain_position, sharp, pleuritic, constant, four_hours, eight_hours, one_day, two_days, one_week, worse_with_breathing, worse_with_eating) VALUES (468, 468, 469, true, true, true, true, true, false, true, true, true, true);
INSERT INTO Symptoms (sxId, nausea, vomiting, loss_of_appetite) VALUES (468, true, true, true);
INSERT INTO Symptoms (sxId, fever, malaise, chills, bloating, jaundice, indigestion) VALUES (469, true, true, true, true, false, true);
INSERT INTO Cases (diagnosisId, age, gender, majorSx, minorSx, painId) VALUES (3, 37, 'F', 468, 469, 468);
INSERT INTO Positions (posId, right_upper_quadrant, epigastrium) VALUES (470, false, true);
INSERT INTO Positions (posId, right_shoulder_blade) VALUES (471, false);
INSERT INTO Pain (pid, positionId, referred_pain_position, sharp, pleuritic, constant, four_hours, eight_hours, one_day, two_days, one_week, worse_with_breathing, worse_with_eating) VALUES (470, 470, 471, true, true, true, true, true, true, true, true, true, true);
INSERT INTO Symptoms (sxId, nausea, vomiting, loss_of_appetite) VALUES (470, true, true, true);
INSERT INTO Symptoms (sxId, fever, malaise, chills, bloating, jaundice, indigestion) VALUES (471, true, true, true, true, true, false);
INSERT INTO Cases (diagnosisId, age, gender, majorSx, minorSx, painId) VALUES (3, 38, 'M', 470, 471, 470);
INSERT INTO Positions (posId, right_upper_quadrant, epigastrium) VALUES (472, true, true);
INSERT INTO Positions (posId, right_shoulder_blade) VALUES (473, true);
INSERT INTO Pain (pid, positionId, referred_pain_position, sharp, pleuritic, constant, four_hours, eight_hours, one_day, two_days, one_week, worse_with_breathing, worse_with_eating) VALUES (472, 472, 473, false, true, true, true, true, true, true, true, true, false);
INSERT INTO Symptoms (sxId, nausea, vomiting, loss_of_appetite) VALUES (472, true, true, false);
INSERT INTO Symptoms (sxId, fever, malaise, chills, bloating, jaundice, indigestion) VALUES (473, true, true, false, false, true, true);
INSERT INTO Cases (diagnosisId, age, gender, majorSx, minorSx, painId) VALUES (3, 36, 'F', 472, 473, 472);
INSERT INTO Positions (posId, right_upper_quadrant, epigastrium) VALUES (474, true, true);
INSERT INTO Positions (posId, right_shoulder_blade) VALUES (475, false);
INSERT INTO Pain (pid, positionId, referred_pain_position, sharp, pleuritic, constant, four_hours, eight_hours, one_day, two_days, one_week, worse_with_breathing, worse_with_eating) VALUES (474, 474, 475, true, true, true, true, true, true, true, true, true, true);
INSERT INTO Symptoms (sxId, nausea, vomiting, loss_of_appetite) VALUES (474, true, true, true);
INSERT INTO Symptoms (sxId, fever, malaise, chills, bloating, jaundice, indigestion) VALUES (475, false, true, true, true, true, true);
INSERT INTO Cases (diagnosisId, age, gender, majorSx, minorSx, painId) VALUES (3, 44, 'F', 474, 475, 474);
INSERT INTO Positions (posId, right_upper_quadrant, epigastrium) VALUES (476, true, true);
INSERT INTO Positions (posId, right_shoulder_blade) VALUES (477, true);
INSERT INTO Pain (pid, positionId, referred_pain_position, sharp, pleuritic, constant, four_hours, eight_hours, one_day, two_days, one_week, worse_with_breathing, worse_with_eating) VALUES (476, 476, 477, true, true, true, true, true, true, true, true, true, true);
INSERT INTO Symptoms (sxId, nausea, vomiting, loss_of_appetite) VALUES (476, true, true, true);
INSERT INTO Symptoms (sxId, fever, malaise, chills, bloating, jaundice, indigestion) VALUES (477, true, true, true, true, true, true);
INSERT INTO Cases (diagnosisId, age, gender, majorSx, minorSx, painId) VALUES (3, 43, 'F', 476, 477, 476);
INSERT INTO Positions (posId, right_upper_quadrant, epigastrium) VALUES (478, true, true);
INSERT INTO Positions (posId, right_shoulder_blade) VALUES (479, true);
INSERT INTO Pain (pid, positionId, referred_pain_position, sharp, pleuritic, constant, four_hours, eight_hours, one_day, two_days, one_week, worse_with_breathing, worse_with_eating) VALUES (478, 478, 479, true, true, true, true, true, true, true, true, true, true);
INSERT INTO Symptoms (sxId, nausea, vomiting, loss_of_appetite) VALUES (478, true, true, true);
INSERT INTO Symptoms (sxId, fever, malaise, chills, bloating, jaundice, indigestion) VALUES (479, true, false, true, true, false, true);
INSERT INTO Cases (diagnosisId, age, gender, majorSx, minorSx, painId) VALUES (3, 44, 'M', 478, 479, 478);
INSERT INTO Positions (posId, right_upper_quadrant, epigastrium) VALUES (480, true, true);
INSERT INTO Positions (posId, right_shoulder_blade) VALUES (481, true);
INSERT INTO Pain (pid, positionId, referred_pain_position, sharp, pleuritic, constant, four_hours, eight_hours, one_day, two_days, one_week, worse_with_breathing, worse_with_eating) VALUES (480, 480, 481, true, true, true, true, true, true, true, true, true, true);
INSERT INTO Symptoms (sxId, nausea, vomiting, loss_of_appetite) VALUES (480, true, true, true);
INSERT INTO Symptoms (sxId, fever, malaise, chills, bloating, jaundice, indigestion) VALUES (481, true, true, true, true, true, true);
INSERT INTO Cases (diagnosisId, age, gender, majorSx, minorSx, painId) VALUES (3, 44, 'F', 480, 481, 480);
INSERT INTO Positions (posId, right_upper_quadrant, epigastrium) VALUES (482, true, true);
INSERT INTO Positions (posId, right_shoulder_blade) VALUES (483, true);
INSERT INTO Pain (pid, positionId, referred_pain_position, sharp, pleuritic, constant, four_hours, eight_hours, one_day, two_days, one_week, worse_with_breathing, worse_with_eating) VALUES (482, 482, 483, true, true, true, true, true, true, true, true, true, true);
INSERT INTO Symptoms (sxId, nausea, vomiting, loss_of_appetite) VALUES (482, false, false, true);
INSERT INTO Symptoms (sxId, fever, malaise, chills, bloating, jaundice, indigestion) VALUES (483, false, true, true, true, true, false);
INSERT INTO Cases (diagnosisId, age, gender, majorSx, minorSx, painId) VALUES (3, 45, 'M', 482, 483, 482);
INSERT INTO Positions (posId, right_upper_quadrant, epigastrium) VALUES (484, true, false);
INSERT INTO Positions (posId, right_shoulder_blade) VALUES (485, true);
INSERT INTO Pain (pid, positionId, referred_pain_position, sharp, pleuritic, constant, four_hours, eight_hours, one_day, two_days, one_week, worse_with_breathing, worse_with_eating) VALUES (484, 484, 485, true, true, true, true, true, true, false, true, true, true);
INSERT INTO Symptoms (sxId, nausea, vomiting, loss_of_appetite) VALUES (484, true, true, true);
INSERT INTO Symptoms (sxId, fever, malaise, chills, bloating, jaundice, indigestion) VALUES (485, true, true, true, true, true, true);
INSERT INTO Cases (diagnosisId, age, gender, majorSx, minorSx, painId) VALUES (3, 44, 'F', 484, 485, 484);
INSERT INTO Positions (posId, right_upper_quadrant, epigastrium) VALUES (486, true, false);
INSERT INTO Positions (posId, right_shoulder_blade) VALUES (487, true);
INSERT INTO Pain (pid, positionId, referred_pain_position, sharp, pleuritic, constant, four_hours, eight_hours, one_day, two_days, one_week, worse_with_breathing, worse_with_eating) VALUES (486, 486, 487, true, false, true, true, true, true, true, true, true, true);
INSERT INTO Symptoms (sxId, nausea, vomiting, loss_of_appetite) VALUES (486, true, true, true);
INSERT INTO Symptoms (sxId, fever, malaise, chills, bloating, jaundice, indigestion) VALUES (487, true, true, true, false, true, true);
INSERT INTO Cases (diagnosisId, age, gender, majorSx, minorSx, painId) VALUES (3, 42, 'F', 486, 487, 486);
INSERT INTO Positions (posId, right_upper_quadrant, epigastrium) VALUES (488, true, true);
INSERT INTO Positions (posId, right_shoulder_blade) VALUES (489, true);
INSERT INTO Pain (pid, positionId, referred_pain_position, sharp, pleuritic, constant, four_hours, eight_hours, one_day, two_days, one_week, worse_with_breathing, worse_with_eating) VALUES (488, 488, 489, true, true, true, true, true, false, true, true, true, false);
INSERT INTO Symptoms (sxId, nausea, vomiting, loss_of_appetite) VALUES (488, true, false, false);
INSERT INTO Symptoms (sxId, fever, malaise, chills, bloating, jaundice, indigestion) VALUES (489, false, true, true, true, false, true);
INSERT INTO Cases (diagnosisId, age, gender, majorSx, minorSx, painId) VALUES (3, 45, 'M', 488, 489, 488);
INSERT INTO Positions (posId, right_upper_quadrant, epigastrium) VALUES (490, true, true);
INSERT INTO Positions (posId, right_shoulder_blade) VALUES (491, true);
INSERT INTO Pain (pid, positionId, referred_pain_position, sharp, pleuritic, constant, four_hours, eight_hours, one_day, two_days, one_week, worse_with_breathing, worse_with_eating) VALUES (490, 490, 491, true, true, true, true, true, true, true, true, true, true);
INSERT INTO Symptoms (sxId, nausea, vomiting, loss_of_appetite) VALUES (490, true, true, true);
INSERT INTO Symptoms (sxId, fever, malaise, chills, bloating, jaundice, indigestion) VALUES (491, true, true, true, true, true, true);
INSERT INTO Cases (diagnosisId, age, gender, majorSx, minorSx, painId) VALUES (3, 41, 'M', 490, 491, 490);
INSERT INTO Positions (posId, right_upper_quadrant, epigastrium) VALUES (492, true, true);
INSERT INTO Positions (posId, right_shoulder_blade) VALUES (493, true);
INSERT INTO Pain (pid, positionId, referred_pain_position, sharp, pleuritic, constant, four_hours, eight_hours, one_day, two_days, one_week, worse_with_breathing, worse_with_eating) VALUES (492, 492, 493, false, true, true, true, false, true, true, false, true, true);
INSERT INTO Symptoms (sxId, nausea, vomiting, loss_of_appetite) VALUES (492, true, false, true);
INSERT INTO Symptoms (sxId, fever, malaise, chills, bloating, jaundice, indigestion) VALUES (493, true, true, true, true, true, true);
INSERT INTO Cases (diagnosisId, age, gender, majorSx, minorSx, painId) VALUES (3, 49, 'F', 492, 493, 492);
INSERT INTO Positions (posId, right_upper_quadrant, epigastrium) VALUES (494, true, true);
INSERT INTO Positions (posId, right_shoulder_blade) VALUES (495, true);
INSERT INTO Pain (pid, positionId, referred_pain_position, sharp, pleuritic, constant, four_hours, eight_hours, one_day, two_days, one_week, worse_with_breathing, worse_with_eating) VALUES (494, 494, 495, true, true, true, false, true, true, true, true, true, true);
INSERT INTO Symptoms (sxId, nausea, vomiting, loss_of_appetite) VALUES (494, true, true, true);
INSERT INTO Symptoms (sxId, fever, malaise, chills, bloating, jaundice, indigestion) VALUES (495, true, true, false, true, true, true);
INSERT INTO Cases (diagnosisId, age, gender, majorSx, minorSx, painId) VALUES (3, 48, 'F', 494, 495, 494);
INSERT INTO Positions (posId, right_upper_quadrant, epigastrium) VALUES (496, true, true);
INSERT INTO Positions (posId, right_shoulder_blade) VALUES (497, false);
INSERT INTO Pain (pid, positionId, referred_pain_position, sharp, pleuritic, constant, four_hours, eight_hours, one_day, two_days, one_week, worse_with_breathing, worse_with_eating) VALUES (496, 496, 497, true, true, true, true, true, true, true, true, true, true);
INSERT INTO Symptoms (sxId, nausea, vomiting, loss_of_appetite) VALUES (496, true, true, true);
INSERT INTO Symptoms (sxId, fever, malaise, chills, bloating, jaundice, indigestion) VALUES (497, true, true, true, true, true, true);
INSERT INTO Cases (diagnosisId, age, gender, majorSx, minorSx, painId) VALUES (3, 48, 'M', 496, 497, 496);
INSERT INTO Positions (posId, right_upper_quadrant, epigastrium) VALUES (498, true, true);
INSERT INTO Positions (posId, right_shoulder_blade) VALUES (499, true);
INSERT INTO Pain (pid, positionId, referred_pain_position, sharp, pleuritic, constant, four_hours, eight_hours, one_day, two_days, one_week, worse_with_breathing, worse_with_eating) VALUES (498, 498, 499, true, true, true, true, true, true, true, true, true, true);
INSERT INTO Symptoms (sxId, nausea, vomiting, loss_of_appetite) VALUES (498, true, true, true);
INSERT INTO Symptoms (sxId, fever, malaise, chills, bloating, jaundice, indigestion) VALUES (499, true, true, true, true, true, false);
INSERT INTO Cases (diagnosisId, age, gender, majorSx, minorSx, painId) VALUES (3, 48, 'M', 498, 499, 498);
INSERT INTO Positions (posId, right_upper_quadrant, epigastrium) VALUES (500, true, true);
INSERT INTO Positions (posId, right_shoulder_blade) VALUES (501, true);
INSERT INTO Pain (pid, positionId, referred_pain_position, sharp, pleuritic, constant, four_hours, eight_hours, one_day, two_days, one_week, worse_with_breathing, worse_with_eating) VALUES (500, 500, 501, true, true, false, false, true, true, true, true, true, true);
INSERT INTO Symptoms (sxId, nausea, vomiting, loss_of_appetite) VALUES (500, true, true, true);
INSERT INTO Symptoms (sxId, fever, malaise, chills, bloating, jaundice, indigestion) VALUES (501, true, true, true, true, false, true);
INSERT INTO Cases (diagnosisId, age, gender, majorSx, minorSx, painId) VALUES (3, 48, 'M', 500, 501, 500);
INSERT INTO Positions (posId, right_upper_quadrant, epigastrium) VALUES (502, true, true);
INSERT INTO Positions (posId, right_shoulder_blade) VALUES (503, true);
INSERT INTO Pain (pid, positionId, referred_pain_position, sharp, pleuritic, constant, four_hours, eight_hours, one_day, two_days, one_week, worse_with_breathing, worse_with_eating) VALUES (502, 502, 503, true, true, true, true, true, true, true, true, true, true);
INSERT INTO Symptoms (sxId, nausea, vomiting, loss_of_appetite) VALUES (502, true, true, false);
INSERT INTO Symptoms (sxId, fever, malaise, chills, bloating, jaundice, indigestion) VALUES (503, true, true, true, true, true, true);
INSERT INTO Cases (diagnosisId, age, gender, majorSx, minorSx, painId) VALUES (3, 49, 'F', 502, 503, 502);
INSERT INTO Positions (posId, right_upper_quadrant, epigastrium) VALUES (504, true, true);
INSERT INTO Positions (posId, right_shoulder_blade) VALUES (505, true);
INSERT INTO Pain (pid, positionId, referred_pain_position, sharp, pleuritic, constant, four_hours, eight_hours, one_day, two_days, one_week, worse_with_breathing, worse_with_eating) VALUES (504, 504, 505, true, true, true, true, true, true, true, true, true, true);
INSERT INTO Symptoms (sxId, nausea, vomiting, loss_of_appetite) VALUES (504, false, true, true);
INSERT INTO Symptoms (sxId, fever, malaise, chills, bloating, jaundice, indigestion) VALUES (505, true, true, true, true, true, true);
INSERT INTO Cases (diagnosisId, age, gender, majorSx, minorSx, painId) VALUES (3, 47, 'F', 504, 505, 504);
INSERT INTO Positions (posId, right_upper_quadrant, epigastrium) VALUES (506, true, true);
INSERT INTO Positions (posId, right_shoulder_blade) VALUES (507, true);
INSERT INTO Pain (pid, positionId, referred_pain_position, sharp, pleuritic, constant, four_hours, eight_hours, one_day, two_days, one_week, worse_with_breathing, worse_with_eating) VALUES (506, 506, 507, true, true, true, true, true, true, true, true, true, true);
INSERT INTO Symptoms (sxId, nausea, vomiting, loss_of_appetite) VALUES (506, true, true, false);
INSERT INTO Symptoms (sxId, fever, malaise, chills, bloating, jaundice, indigestion) VALUES (507, true, true, true, true, true, true);
INSERT INTO Cases (diagnosisId, age, gender, majorSx, minorSx, painId) VALUES (3, 48, 'F', 506, 507, 506);
INSERT INTO Positions (posId, right_upper_quadrant, epigastrium) VALUES (508, true, true);
INSERT INTO Positions (posId, right_shoulder_blade) VALUES (509, true);
INSERT INTO Pain (pid, positionId, referred_pain_position, sharp, pleuritic, constant, four_hours, eight_hours, one_day, two_days, one_week, worse_with_breathing, worse_with_eating) VALUES (508, 508, 509, true, true, true, true, true, true, true, true, true, true);
INSERT INTO Symptoms (sxId, nausea, vomiting, loss_of_appetite) VALUES (508, true, true, true);
INSERT INTO Symptoms (sxId, fever, malaise, chills, bloating, jaundice, indigestion) VALUES (509, true, true, true, true, true, true);
INSERT INTO Cases (diagnosisId, age, gender, majorSx, minorSx, painId) VALUES (3, 51, 'M', 508, 509, 508);
INSERT INTO Positions (posId, right_upper_quadrant, epigastrium) VALUES (510, true, true);
INSERT INTO Positions (posId, right_shoulder_blade) VALUES (511, true);
INSERT INTO Pain (pid, positionId, referred_pain_position, sharp, pleuritic, constant, four_hours, eight_hours, one_day, two_days, one_week, worse_with_breathing, worse_with_eating) VALUES (510, 510, 511, true, true, true, true, true, true, true, true, true, true);
INSERT INTO Symptoms (sxId, nausea, vomiting, loss_of_appetite) VALUES (510, true, true, true);
INSERT INTO Symptoms (sxId, fever, malaise, chills, bloating, jaundice, indigestion) VALUES (511, true, true, true, true, true, true);
INSERT INTO Cases (diagnosisId, age, gender, majorSx, minorSx, painId) VALUES (3, 51, 'F', 510, 511, 510);
INSERT INTO Positions (posId, right_upper_quadrant, epigastrium) VALUES (512, true, true);
INSERT INTO Positions (posId, right_shoulder_blade) VALUES (513, true);
INSERT INTO Pain (pid, positionId, referred_pain_position, sharp, pleuritic, constant, four_hours, eight_hours, one_day, two_days, one_week, worse_with_breathing, worse_with_eating) VALUES (512, 512, 513, true, true, true, true, true, true, true, true, true, true);
INSERT INTO Symptoms (sxId, nausea, vomiting, loss_of_appetite) VALUES (512, false, true, true);
INSERT INTO Symptoms (sxId, fever, malaise, chills, bloating, jaundice, indigestion) VALUES (513, true, true, true, true, true, true);
INSERT INTO Cases (diagnosisId, age, gender, majorSx, minorSx, painId) VALUES (3, 51, 'F', 512, 513, 512);
INSERT INTO Positions (posId, right_upper_quadrant, epigastrium) VALUES (514, true, true);
INSERT INTO Positions (posId, right_shoulder_blade) VALUES (515, true);
INSERT INTO Pain (pid, positionId, referred_pain_position, sharp, pleuritic, constant, four_hours, eight_hours, one_day, two_days, one_week, worse_with_breathing, worse_with_eating) VALUES (514, 514, 515, true, true, false, true, true, true, true, true, true, true);
INSERT INTO Symptoms (sxId, nausea, vomiting, loss_of_appetite) VALUES (514, true, true, true);
INSERT INTO Symptoms (sxId, fever, malaise, chills, bloating, jaundice, indigestion) VALUES (515, true, true, false, true, false, true);
INSERT INTO Cases (diagnosisId, age, gender, majorSx, minorSx, painId) VALUES (3, 51, 'F', 514, 515, 514);
INSERT INTO Positions (posId, right_upper_quadrant, epigastrium) VALUES (516, true, true);
INSERT INTO Positions (posId, right_shoulder_blade) VALUES (517, true);
INSERT INTO Pain (pid, positionId, referred_pain_position, sharp, pleuritic, constant, four_hours, eight_hours, one_day, two_days, one_week, worse_with_breathing, worse_with_eating) VALUES (516, 516, 517, true, true, true, true, true, true, true, false, true, true);
INSERT INTO Symptoms (sxId, nausea, vomiting, loss_of_appetite) VALUES (516, true, true, true);
INSERT INTO Symptoms (sxId, fever, malaise, chills, bloating, jaundice, indigestion) VALUES (517, true, true, true, true, true, true);
INSERT INTO Cases (diagnosisId, age, gender, majorSx, minorSx, painId) VALUES (3, 54, 'F', 516, 517, 516);
INSERT INTO Positions (posId, right_upper_quadrant, epigastrium) VALUES (518, true, true);
INSERT INTO Positions (posId, right_shoulder_blade) VALUES (519, true);
INSERT INTO Pain (pid, positionId, referred_pain_position, sharp, pleuritic, constant, four_hours, eight_hours, one_day, two_days, one_week, worse_with_breathing, worse_with_eating) VALUES (518, 518, 519, true, true, true, true, true, true, true, true, true, false);
INSERT INTO Symptoms (sxId, nausea, vomiting, loss_of_appetite) VALUES (518, true, true, true);
INSERT INTO Symptoms (sxId, fever, malaise, chills, bloating, jaundice, indigestion) VALUES (519, true, true, true, true, true, true);
INSERT INTO Cases (diagnosisId, age, gender, majorSx, minorSx, painId) VALUES (3, 55, 'F', 518, 519, 518);
INSERT INTO Positions (posId, right_upper_quadrant, epigastrium) VALUES (520, true, true);
INSERT INTO Positions (posId, right_shoulder_blade) VALUES (521, true);
INSERT INTO Pain (pid, positionId, referred_pain_position, sharp, pleuritic, constant, four_hours, eight_hours, one_day, two_days, one_week, worse_with_breathing, worse_with_eating) VALUES (520, 520, 521, true, true, true, false, true, true, false, true, true, true);
INSERT INTO Symptoms (sxId, nausea, vomiting, loss_of_appetite) VALUES (520, true, true, true);
INSERT INTO Symptoms (sxId, fever, malaise, chills, bloating, jaundice, indigestion) VALUES (521, true, true, true, true, true, true);
INSERT INTO Cases (diagnosisId, age, gender, majorSx, minorSx, painId) VALUES (3, 55, 'F', 520, 521, 520);
INSERT INTO Positions (posId, right_upper_quadrant, epigastrium) VALUES (522, true, true);
INSERT INTO Positions (posId, right_shoulder_blade) VALUES (523, true);
INSERT INTO Pain (pid, positionId, referred_pain_position, sharp, pleuritic, constant, four_hours, eight_hours, one_day, two_days, one_week, worse_with_breathing, worse_with_eating) VALUES (522, 522, 523, true, true, true, true, true, true, true, true, false, true);
INSERT INTO Symptoms (sxId, nausea, vomiting, loss_of_appetite) VALUES (522, true, true, true);
INSERT INTO Symptoms (sxId, fever, malaise, chills, bloating, jaundice, indigestion) VALUES (523, true, true, false, true, true, true);
INSERT INTO Cases (diagnosisId, age, gender, majorSx, minorSx, painId) VALUES (3, 56, 'F', 522, 523, 522);
INSERT INTO Positions (posId, right_upper_quadrant, epigastrium) VALUES (524, true, true);
INSERT INTO Positions (posId, right_shoulder_blade) VALUES (525, true);
INSERT INTO Pain (pid, positionId, referred_pain_position, sharp, pleuritic, constant, four_hours, eight_hours, one_day, two_days, one_week, worse_with_breathing, worse_with_eating) VALUES (524, 524, 525, true, true, true, true, false, true, true, true, false, true);
INSERT INTO Symptoms (sxId, nausea, vomiting, loss_of_appetite) VALUES (524, true, true, true);
INSERT INTO Symptoms (sxId, fever, malaise, chills, bloating, jaundice, indigestion) VALUES (525, true, true, true, false, true, true);
INSERT INTO Cases (diagnosisId, age, gender, majorSx, minorSx, painId) VALUES (3, 60, 'F', 524, 525, 524);
INSERT INTO Positions (posId, right_upper_quadrant, epigastrium) VALUES (526, true, true);
INSERT INTO Positions (posId, right_shoulder_blade) VALUES (527, true);
INSERT INTO Pain (pid, positionId, referred_pain_position, sharp, pleuritic, constant, four_hours, eight_hours, one_day, two_days, one_week, worse_with_breathing, worse_with_eating) VALUES (526, 526, 527, true, true, true, true, true, true, true, true, true, true);
INSERT INTO Symptoms (sxId, nausea, vomiting, loss_of_appetite) VALUES (526, true, true, true);
INSERT INTO Symptoms (sxId, fever, malaise, chills, bloating, jaundice, indigestion) VALUES (527, true, false, true, true, true, true);
INSERT INTO Cases (diagnosisId, age, gender, majorSx, minorSx, painId) VALUES (3, 56, 'F', 526, 527, 526);
INSERT INTO Positions (posId, right_upper_quadrant, epigastrium) VALUES (528, true, false);
INSERT INTO Positions (posId, right_shoulder_blade) VALUES (529, false);
INSERT INTO Pain (pid, positionId, referred_pain_position, sharp, pleuritic, constant, four_hours, eight_hours, one_day, two_days, one_week, worse_with_breathing, worse_with_eating) VALUES (528, 528, 529, false, true, true, true, false, true, true, true, true, true);
INSERT INTO Symptoms (sxId, nausea, vomiting, loss_of_appetite) VALUES (528, true, true, true);
INSERT INTO Symptoms (sxId, fever, malaise, chills, bloating, jaundice, indigestion) VALUES (529, true, true, true, true, true, true);
INSERT INTO Cases (diagnosisId, age, gender, majorSx, minorSx, painId) VALUES (3, 56, 'F', 528, 529, 528);
INSERT INTO Positions (posId, right_upper_quadrant, epigastrium) VALUES (530, true, false);
INSERT INTO Positions (posId, right_shoulder_blade) VALUES (531, true);
INSERT INTO Pain (pid, positionId, referred_pain_position, sharp, pleuritic, constant, four_hours, eight_hours, one_day, two_days, one_week, worse_with_breathing, worse_with_eating) VALUES (530, 530, 531, true, true, true, true, true, true, true, true, true, true);
INSERT INTO Symptoms (sxId, nausea, vomiting, loss_of_appetite) VALUES (530, false, true, true);
INSERT INTO Symptoms (sxId, fever, malaise, chills, bloating, jaundice, indigestion) VALUES (531, false, true, true, true, false, false);
INSERT INTO Cases (diagnosisId, age, gender, majorSx, minorSx, painId) VALUES (3, 59, 'F', 530, 531, 530);
INSERT INTO Positions (posId, right_upper_quadrant, epigastrium) VALUES (532, true, true);
INSERT INTO Positions (posId, right_shoulder_blade) VALUES (533, true);
INSERT INTO Pain (pid, positionId, referred_pain_position, sharp, pleuritic, constant, four_hours, eight_hours, one_day, two_days, one_week, worse_with_breathing, worse_with_eating) VALUES (532, 532, 533, true, true, true, true, true, true, true, true, true, true);
INSERT INTO Symptoms (sxId, nausea, vomiting, loss_of_appetite) VALUES (532, true, false, true);
INSERT INTO Symptoms (sxId, fever, malaise, chills, bloating, jaundice, indigestion) VALUES (533, true, true, false, true, true, true);
INSERT INTO Cases (diagnosisId, age, gender, majorSx, minorSx, painId) VALUES (3, 59, 'F', 532, 533, 532);
INSERT INTO Positions (posId, right_upper_quadrant, epigastrium) VALUES (534, true, true);
INSERT INTO Positions (posId, right_shoulder_blade) VALUES (535, true);
INSERT INTO Pain (pid, positionId, referred_pain_position, sharp, pleuritic, constant, four_hours, eight_hours, one_day, two_days, one_week, worse_with_breathing, worse_with_eating) VALUES (534, 534, 535, false, true, false, true, true, true, true, true, true, true);
INSERT INTO Symptoms (sxId, nausea, vomiting, loss_of_appetite) VALUES (534, true, true, true);
INSERT INTO Symptoms (sxId, fever, malaise, chills, bloating, jaundice, indigestion) VALUES (535, true, false, true, true, true, true);
INSERT INTO Cases (diagnosisId, age, gender, majorSx, minorSx, painId) VALUES (3, 57, 'M', 534, 535, 534);
INSERT INTO Positions (posId, right_upper_quadrant, epigastrium) VALUES (536, false, true);
INSERT INTO Positions (posId, right_shoulder_blade) VALUES (537, true);
INSERT INTO Pain (pid, positionId, referred_pain_position, sharp, pleuritic, constant, four_hours, eight_hours, one_day, two_days, one_week, worse_with_breathing, worse_with_eating) VALUES (536, 536, 537, true, false, false, true, true, true, true, true, false, true);
INSERT INTO Symptoms (sxId, nausea, vomiting, loss_of_appetite) VALUES (536, true, true, true);
INSERT INTO Symptoms (sxId, fever, malaise, chills, bloating, jaundice, indigestion) VALUES (537, true, true, true, true, true, true);
INSERT INTO Cases (diagnosisId, age, gender, majorSx, minorSx, painId) VALUES (3, 64, 'F', 536, 537, 536);
INSERT INTO Positions (posId, right_upper_quadrant, epigastrium) VALUES (538, true, true);
INSERT INTO Positions (posId, right_shoulder_blade) VALUES (539, true);
INSERT INTO Pain (pid, positionId, referred_pain_position, sharp, pleuritic, constant, four_hours, eight_hours, one_day, two_days, one_week, worse_with_breathing, worse_with_eating) VALUES (538, 538, 539, true, true, true, true, true, true, true, true, true, false);
INSERT INTO Symptoms (sxId, nausea, vomiting, loss_of_appetite) VALUES (538, false, true, true);
INSERT INTO Symptoms (sxId, fever, malaise, chills, bloating, jaundice, indigestion) VALUES (539, true, true, true, true, true, true);
INSERT INTO Cases (diagnosisId, age, gender, majorSx, minorSx, painId) VALUES (3, 61, 'F', 538, 539, 538);
INSERT INTO Positions (posId, right_upper_quadrant, epigastrium) VALUES (540, true, true);
INSERT INTO Positions (posId, right_shoulder_blade) VALUES (541, true);
INSERT INTO Pain (pid, positionId, referred_pain_position, sharp, pleuritic, constant, four_hours, eight_hours, one_day, two_days, one_week, worse_with_breathing, worse_with_eating) VALUES (540, 540, 541, true, false, true, true, true, true, true, true, true, false);
INSERT INTO Symptoms (sxId, nausea, vomiting, loss_of_appetite) VALUES (540, true, true, true);
INSERT INTO Symptoms (sxId, fever, malaise, chills, bloating, jaundice, indigestion) VALUES (541, true, false, true, true, true, true);
INSERT INTO Cases (diagnosisId, age, gender, majorSx, minorSx, painId) VALUES (3, 65, 'M', 540, 541, 540);
INSERT INTO Positions (posId, right_upper_quadrant, epigastrium) VALUES (542, true, true);
INSERT INTO Positions (posId, right_shoulder_blade) VALUES (543, true);
INSERT INTO Pain (pid, positionId, referred_pain_position, sharp, pleuritic, constant, four_hours, eight_hours, one_day, two_days, one_week, worse_with_breathing, worse_with_eating) VALUES (542, 542, 543, true, true, true, true, true, true, true, true, true, true);
INSERT INTO Symptoms (sxId, nausea, vomiting, loss_of_appetite) VALUES (542, true, true, true);
INSERT INTO Symptoms (sxId, fever, malaise, chills, bloating, jaundice, indigestion) VALUES (543, true, true, true, true, true, true);
INSERT INTO Cases (diagnosisId, age, gender, majorSx, minorSx, painId) VALUES (3, 65, 'F', 542, 543, 542);
INSERT INTO Positions (posId, right_upper_quadrant, epigastrium) VALUES (544, true, true);
INSERT INTO Positions (posId, right_shoulder_blade) VALUES (545, true);
INSERT INTO Pain (pid, positionId, referred_pain_position, sharp, pleuritic, constant, four_hours, eight_hours, one_day, two_days, one_week, worse_with_breathing, worse_with_eating) VALUES (544, 544, 545, true, true, true, true, true, true, true, true, true, true);
INSERT INTO Symptoms (sxId, nausea, vomiting, loss_of_appetite) VALUES (544, true, true, false);
INSERT INTO Symptoms (sxId, fever, malaise, chills, bloating, jaundice, indigestion) VALUES (545, true, true, false, true, true, true);
INSERT INTO Cases (diagnosisId, age, gender, majorSx, minorSx, painId) VALUES (3, 64, 'M', 544, 545, 544);
INSERT INTO Positions (posId, right_upper_quadrant, epigastrium) VALUES (546, true, true);
INSERT INTO Positions (posId, right_shoulder_blade) VALUES (547, true);
INSERT INTO Pain (pid, positionId, referred_pain_position, sharp, pleuritic, constant, four_hours, eight_hours, one_day, two_days, one_week, worse_with_breathing, worse_with_eating) VALUES (546, 546, 547, true, false, true, true, true, true, true, false, true, true);
INSERT INTO Symptoms (sxId, nausea, vomiting, loss_of_appetite) VALUES (546, true, true, true);
INSERT INTO Symptoms (sxId, fever, malaise, chills, bloating, jaundice, indigestion) VALUES (547, true, true, true, true, true, true);
INSERT INTO Cases (diagnosisId, age, gender, majorSx, minorSx, painId) VALUES (3, 64, 'F', 546, 547, 546);
INSERT INTO Positions (posId, right_upper_quadrant, epigastrium) VALUES (548, true, true);
INSERT INTO Positions (posId, right_shoulder_blade) VALUES (549, false);
INSERT INTO Pain (pid, positionId, referred_pain_position, sharp, pleuritic, constant, four_hours, eight_hours, one_day, two_days, one_week, worse_with_breathing, worse_with_eating) VALUES (548, 548, 549, true, true, true, true, false, true, true, true, true, true);
INSERT INTO Symptoms (sxId, nausea, vomiting, loss_of_appetite) VALUES (548, false, false, true);
INSERT INTO Symptoms (sxId, fever, malaise, chills, bloating, jaundice, indigestion) VALUES (549, true, true, true, true, true, true);
INSERT INTO Cases (diagnosisId, age, gender, majorSx, minorSx, painId) VALUES (3, 61, 'M', 548, 549, 548);
INSERT INTO Positions (posId, right_upper_quadrant, epigastrium) VALUES (550, true, true);
INSERT INTO Positions (posId, right_shoulder_blade) VALUES (551, true);
INSERT INTO Pain (pid, positionId, referred_pain_position, sharp, pleuritic, constant, four_hours, eight_hours, one_day, two_days, one_week, worse_with_breathing, worse_with_eating) VALUES (550, 550, 551, true, true, true, true, true, false, true, false, true, true);
INSERT INTO Symptoms (sxId, nausea, vomiting, loss_of_appetite) VALUES (550, true, true, false);
INSERT INTO Symptoms (sxId, fever, malaise, chills, bloating, jaundice, indigestion) VALUES (551, true, true, true, true, true, false);
INSERT INTO Cases (diagnosisId, age, gender, majorSx, minorSx, painId) VALUES (3, 69, 'M', 550, 551, 550);
INSERT INTO Positions (posId, right_upper_quadrant, epigastrium) VALUES (552, true, true);
INSERT INTO Positions (posId, right_shoulder_blade) VALUES (553, true);
INSERT INTO Pain (pid, positionId, referred_pain_position, sharp, pleuritic, constant, four_hours, eight_hours, one_day, two_days, one_week, worse_with_breathing, worse_with_eating) VALUES (552, 552, 553, true, true, true, true, true, true, true, true, true, true);
INSERT INTO Symptoms (sxId, nausea, vomiting, loss_of_appetite) VALUES (552, true, true, false);
INSERT INTO Symptoms (sxId, fever, malaise, chills, bloating, jaundice, indigestion) VALUES (553, true, true, true, true, true, true);
INSERT INTO Cases (diagnosisId, age, gender, majorSx, minorSx, painId) VALUES (3, 67, 'F', 552, 553, 552);
INSERT INTO Positions (posId, right_upper_quadrant, epigastrium) VALUES (554, true, false);
INSERT INTO Positions (posId, right_shoulder_blade) VALUES (555, false);
INSERT INTO Pain (pid, positionId, referred_pain_position, sharp, pleuritic, constant, four_hours, eight_hours, one_day, two_days, one_week, worse_with_breathing, worse_with_eating) VALUES (554, 554, 555, true, true, true, true, false, true, true, true, true, true);
INSERT INTO Symptoms (sxId, nausea, vomiting, loss_of_appetite) VALUES (554, true, true, true);
INSERT INTO Symptoms (sxId, fever, malaise, chills, bloating, jaundice, indigestion) VALUES (555, true, true, true, true, true, true);
INSERT INTO Cases (diagnosisId, age, gender, majorSx, minorSx, painId) VALUES (3, 70, 'M', 554, 555, 554);
INSERT INTO Positions (posId, right_upper_quadrant, epigastrium) VALUES (556, true, true);
INSERT INTO Positions (posId, right_shoulder_blade) VALUES (557, true);
INSERT INTO Pain (pid, positionId, referred_pain_position, sharp, pleuritic, constant, four_hours, eight_hours, one_day, two_days, one_week, worse_with_breathing, worse_with_eating) VALUES (556, 556, 557, true, true, true, true, false, true, false, true, false, true);
INSERT INTO Symptoms (sxId, nausea, vomiting, loss_of_appetite) VALUES (556, true, true, true);
INSERT INTO Symptoms (sxId, fever, malaise, chills, bloating, jaundice, indigestion) VALUES (557, true, true, true, true, true, true);
INSERT INTO Cases (diagnosisId, age, gender, majorSx, minorSx, painId) VALUES (3, 70, 'F', 556, 557, 556);
INSERT INTO Positions (posId, right_upper_quadrant, epigastrium) VALUES (558, true, true);
INSERT INTO Positions (posId, right_shoulder_blade) VALUES (559, true);
INSERT INTO Pain (pid, positionId, referred_pain_position, sharp, pleuritic, constant, four_hours, eight_hours, one_day, two_days, one_week, worse_with_breathing, worse_with_eating) VALUES (558, 558, 559, true, true, true, true, false, true, true, true, true, true);
INSERT INTO Symptoms (sxId, nausea, vomiting, loss_of_appetite) VALUES (558, true, true, true);
INSERT INTO Symptoms (sxId, fever, malaise, chills, bloating, jaundice, indigestion) VALUES (559, true, true, true, true, true, true);
INSERT INTO Cases (diagnosisId, age, gender, majorSx, minorSx, painId) VALUES (3, 68, 'F', 558, 559, 558);
INSERT INTO Positions (posId, right_upper_quadrant, epigastrium) VALUES (560, true, true);
INSERT INTO Positions (posId, right_shoulder_blade) VALUES (561, true);
INSERT INTO Pain (pid, positionId, referred_pain_position, sharp, pleuritic, constant, four_hours, eight_hours, one_day, two_days, one_week, worse_with_breathing, worse_with_eating) VALUES (560, 560, 561, true, true, true, false, true, true, true, true, true, true);
INSERT INTO Symptoms (sxId, nausea, vomiting, loss_of_appetite) VALUES (560, true, true, true);
INSERT INTO Symptoms (sxId, fever, malaise, chills, bloating, jaundice, indigestion) VALUES (561, true, true, true, true, true, true);
INSERT INTO Cases (diagnosisId, age, gender, majorSx, minorSx, painId) VALUES (3, 67, 'F', 560, 561, 560);
INSERT INTO Positions (posId, right_upper_quadrant, epigastrium) VALUES (562, true, true);
INSERT INTO Positions (posId, right_shoulder_blade) VALUES (563, true);
INSERT INTO Pain (pid, positionId, referred_pain_position, sharp, pleuritic, constant, four_hours, eight_hours, one_day, two_days, one_week, worse_with_breathing, worse_with_eating) VALUES (562, 562, 563, true, true, true, true, true, true, true, true, true, true);
INSERT INTO Symptoms (sxId, nausea, vomiting, loss_of_appetite) VALUES (562, true, true, true);
INSERT INTO Symptoms (sxId, fever, malaise, chills, bloating, jaundice, indigestion) VALUES (563, true, true, true, true, true, true);
INSERT INTO Cases (diagnosisId, age, gender, majorSx, minorSx, painId) VALUES (3, 69, 'M', 562, 563, 562);
INSERT INTO Positions (posId, right_upper_quadrant, epigastrium) VALUES (564, false, true);
INSERT INTO Positions (posId, right_shoulder_blade) VALUES (565, true);
INSERT INTO Pain (pid, positionId, referred_pain_position, sharp, pleuritic, constant, four_hours, eight_hours, one_day, two_days, one_week, worse_with_breathing, worse_with_eating) VALUES (564, 564, 565, true, true, true, true, true, true, true, true, true, true);
INSERT INTO Symptoms (sxId, nausea, vomiting, loss_of_appetite) VALUES (564, true, true, true);
INSERT INTO Symptoms (sxId, fever, malaise, chills, bloating, jaundice, indigestion) VALUES (565, false, true, false, true, true, false);
INSERT INTO Cases (diagnosisId, age, gender, majorSx, minorSx, painId) VALUES (3, 73, 'F', 564, 565, 564);
INSERT INTO Positions (posId, right_upper_quadrant, epigastrium) VALUES (566, true, false);
INSERT INTO Positions (posId, right_shoulder_blade) VALUES (567, true);
INSERT INTO Pain (pid, positionId, referred_pain_position, sharp, pleuritic, constant, four_hours, eight_hours, one_day, two_days, one_week, worse_with_breathing, worse_with_eating) VALUES (566, 566, 567, true, true, true, true, true, true, true, true, true, true);
INSERT INTO Symptoms (sxId, nausea, vomiting, loss_of_appetite) VALUES (566, true, true, true);
INSERT INTO Symptoms (sxId, fever, malaise, chills, bloating, jaundice, indigestion) VALUES (567, true, true, true, true, true, true);
INSERT INTO Cases (diagnosisId, age, gender, majorSx, minorSx, painId) VALUES (3, 71, 'M', 566, 567, 566);
INSERT INTO Positions (posId, right_upper_quadrant, epigastrium) VALUES (568, true, true);
INSERT INTO Positions (posId, right_shoulder_blade) VALUES (569, true);
INSERT INTO Pain (pid, positionId, referred_pain_position, sharp, pleuritic, constant, four_hours, eight_hours, one_day, two_days, one_week, worse_with_breathing, worse_with_eating) VALUES (568, 568, 569, true, true, true, true, true, true, true, true, true, true);
INSERT INTO Symptoms (sxId, nausea, vomiting, loss_of_appetite) VALUES (568, true, true, true);
INSERT INTO Symptoms (sxId, fever, malaise, chills, bloating, jaundice, indigestion) VALUES (569, true, true, true, true, true, true);
INSERT INTO Cases (diagnosisId, age, gender, majorSx, minorSx, painId) VALUES (3, 75, 'F', 568, 569, 568);
INSERT INTO Positions (posId, right_upper_quadrant, epigastrium) VALUES (570, true, true);
INSERT INTO Positions (posId, right_shoulder_blade) VALUES (571, true);
INSERT INTO Pain (pid, positionId, referred_pain_position, sharp, pleuritic, constant, four_hours, eight_hours, one_day, two_days, one_week, worse_with_breathing, worse_with_eating) VALUES (570, 570, 571, true, false, true, true, true, true, true, true, false, true);
INSERT INTO Symptoms (sxId, nausea, vomiting, loss_of_appetite) VALUES (570, true, true, true);
INSERT INTO Symptoms (sxId, fever, malaise, chills, bloating, jaundice, indigestion) VALUES (571, true, true, true, true, true, true);
INSERT INTO Cases (diagnosisId, age, gender, majorSx, minorSx, painId) VALUES (3, 74, 'F', 570, 571, 570);
INSERT INTO Positions (posId, right_upper_quadrant, epigastrium) VALUES (572, true, true);
INSERT INTO Positions (posId, right_shoulder_blade) VALUES (573, true);
INSERT INTO Pain (pid, positionId, referred_pain_position, sharp, pleuritic, constant, four_hours, eight_hours, one_day, two_days, one_week, worse_with_breathing, worse_with_eating) VALUES (572, 572, 573, true, true, true, true, true, true, true, true, true, true);
INSERT INTO Symptoms (sxId, nausea, vomiting, loss_of_appetite) VALUES (572, true, true, true);
INSERT INTO Symptoms (sxId, fever, malaise, chills, bloating, jaundice, indigestion) VALUES (573, true, true, true, true, true, true);
INSERT INTO Cases (diagnosisId, age, gender, majorSx, minorSx, painId) VALUES (3, 73, 'M', 572, 573, 572);
INSERT INTO Positions (posId, right_upper_quadrant, epigastrium) VALUES (574, true, true);
INSERT INTO Positions (posId, right_shoulder_blade) VALUES (575, true);
INSERT INTO Pain (pid, positionId, referred_pain_position, sharp, pleuritic, constant, four_hours, eight_hours, one_day, two_days, one_week, worse_with_breathing, worse_with_eating) VALUES (574, 574, 575, false, true, false, true, true, true, true, true, false, true);
INSERT INTO Symptoms (sxId, nausea, vomiting, loss_of_appetite) VALUES (574, true, true, true);
INSERT INTO Symptoms (sxId, fever, malaise, chills, bloating, jaundice, indigestion) VALUES (575, true, true, true, true, true, false);
INSERT INTO Cases (diagnosisId, age, gender, majorSx, minorSx, painId) VALUES (3, 72, 'F', 574, 575, 574);
INSERT INTO Positions (posId, right_upper_quadrant, epigastrium) VALUES (576, true, true);
INSERT INTO Positions (posId, right_shoulder_blade) VALUES (577, true);
INSERT INTO Pain (pid, positionId, referred_pain_position, sharp, pleuritic, constant, four_hours, eight_hours, one_day, two_days, one_week, worse_with_breathing, worse_with_eating) VALUES (576, 576, 577, true, true, true, true, true, true, true, true, true, true);
INSERT INTO Symptoms (sxId, nausea, vomiting, loss_of_appetite) VALUES (576, true, true, true);
INSERT INTO Symptoms (sxId, fever, malaise, chills, bloating, jaundice, indigestion) VALUES (577, true, true, true, true, true, true);
INSERT INTO Cases (diagnosisId, age, gender, majorSx, minorSx, painId) VALUES (3, 74, 'M', 576, 577, 576);
INSERT INTO Positions (posId, right_upper_quadrant, epigastrium) VALUES (578, true, true);
INSERT INTO Positions (posId, right_shoulder_blade) VALUES (579, true);
INSERT INTO Pain (pid, positionId, referred_pain_position, sharp, pleuritic, constant, four_hours, eight_hours, one_day, two_days, one_week, worse_with_breathing, worse_with_eating) VALUES (578, 578, 579, true, true, true, true, true, true, true, true, true, false);
INSERT INTO Symptoms (sxId, nausea, vomiting, loss_of_appetite) VALUES (578, true, true, true);
INSERT INTO Symptoms (sxId, fever, malaise, chills, bloating, jaundice, indigestion) VALUES (579, true, true, true, true, true, true);
INSERT INTO Cases (diagnosisId, age, gender, majorSx, minorSx, painId) VALUES (3, 80, 'F', 578, 579, 578);
INSERT INTO Positions (posId, right_upper_quadrant, epigastrium) VALUES (580, true, true);
INSERT INTO Positions (posId, right_shoulder_blade) VALUES (581, true);
INSERT INTO Pain (pid, positionId, referred_pain_position, sharp, pleuritic, constant, four_hours, eight_hours, one_day, two_days, one_week, worse_with_breathing, worse_with_eating) VALUES (580, 580, 581, true, true, true, true, true, true, true, true, true, true);
INSERT INTO Symptoms (sxId, nausea, vomiting, loss_of_appetite) VALUES (580, true, true, true);
INSERT INTO Symptoms (sxId, fever, malaise, chills, bloating, jaundice, indigestion) VALUES (581, true, true, true, true, true, true);
INSERT INTO Cases (diagnosisId, age, gender, majorSx, minorSx, painId) VALUES (3, 77, 'F', 580, 581, 580);
INSERT INTO Positions (posId, right_upper_quadrant, epigastrium) VALUES (582, true, false);
INSERT INTO Positions (posId, right_shoulder_blade) VALUES (583, true);
INSERT INTO Pain (pid, positionId, referred_pain_position, sharp, pleuritic, constant, four_hours, eight_hours, one_day, two_days, one_week, worse_with_breathing, worse_with_eating) VALUES (582, 582, 583, true, true, true, true, true, true, true, true, true, true);
INSERT INTO Symptoms (sxId, nausea, vomiting, loss_of_appetite) VALUES (582, true, true, true);
INSERT INTO Symptoms (sxId, fever, malaise, chills, bloating, jaundice, indigestion) VALUES (583, true, true, true, true, true, true);
INSERT INTO Cases (diagnosisId, age, gender, majorSx, minorSx, painId) VALUES (3, 78, 'F', 582, 583, 582);
INSERT INTO Positions (posId, right_upper_quadrant, epigastrium) VALUES (584, true, true);
INSERT INTO Positions (posId, right_shoulder_blade) VALUES (585, true);
INSERT INTO Pain (pid, positionId, referred_pain_position, sharp, pleuritic, constant, four_hours, eight_hours, one_day, two_days, one_week, worse_with_breathing, worse_with_eating) VALUES (584, 584, 585, true, true, true, true, true, true, true, true, true, true);
INSERT INTO Symptoms (sxId, nausea, vomiting, loss_of_appetite) VALUES (584, true, true, true);
INSERT INTO Symptoms (sxId, fever, malaise, chills, bloating, jaundice, indigestion) VALUES (585, true, true, false, true, true, false);
INSERT INTO Cases (diagnosisId, age, gender, majorSx, minorSx, painId) VALUES (3, 76, 'M', 584, 585, 584);
INSERT INTO Positions (posId, right_upper_quadrant, epigastrium) VALUES (586, true, true);
INSERT INTO Positions (posId, right_shoulder_blade) VALUES (587, true);
INSERT INTO Pain (pid, positionId, referred_pain_position, sharp, pleuritic, constant, four_hours, eight_hours, one_day, two_days, one_week, worse_with_breathing, worse_with_eating) VALUES (586, 586, 587, true, false, true, true, true, true, true, false, false, true);
INSERT INTO Symptoms (sxId, nausea, vomiting, loss_of_appetite) VALUES (586, true, true, true);
INSERT INTO Symptoms (sxId, fever, malaise, chills, bloating, jaundice, indigestion) VALUES (587, true, true, true, true, true, true);
INSERT INTO Cases (diagnosisId, age, gender, majorSx, minorSx, painId) VALUES (3, 79, 'F', 586, 587, 586);
INSERT INTO Positions (posId, right_upper_quadrant, epigastrium) VALUES (588, true, true);
INSERT INTO Positions (posId, right_shoulder_blade) VALUES (589, true);
INSERT INTO Pain (pid, positionId, referred_pain_position, sharp, pleuritic, constant, four_hours, eight_hours, one_day, two_days, one_week, worse_with_breathing, worse_with_eating) VALUES (588, 588, 589, true, true, true, true, true, true, true, true, true, true);
INSERT INTO Symptoms (sxId, nausea, vomiting, loss_of_appetite) VALUES (588, true, true, true);
INSERT INTO Symptoms (sxId, fever, malaise, chills, bloating, jaundice, indigestion) VALUES (589, true, true, true, false, true, true);
INSERT INTO Cases (diagnosisId, age, gender, majorSx, minorSx, painId) VALUES (3, 82, 'F', 588, 589, 588);
INSERT INTO Positions (posId, right_upper_quadrant, epigastrium) VALUES (590, true, true);
INSERT INTO Positions (posId, right_shoulder_blade) VALUES (591, true);
INSERT INTO Pain (pid, positionId, referred_pain_position, sharp, pleuritic, constant, four_hours, eight_hours, one_day, two_days, one_week, worse_with_breathing, worse_with_eating) VALUES (590, 590, 591, true, true, true, true, true, true, true, true, false, true);
INSERT INTO Symptoms (sxId, nausea, vomiting, loss_of_appetite) VALUES (590, true, true, true);
INSERT INTO Symptoms (sxId, fever, malaise, chills, bloating, jaundice, indigestion) VALUES (591, true, true, false, true, true, true);
INSERT INTO Cases (diagnosisId, age, gender, majorSx, minorSx, painId) VALUES (3, 85, 'F', 590, 591, 590);
INSERT INTO Positions (posId, right_upper_quadrant, epigastrium) VALUES (592, true, true);
INSERT INTO Positions (posId, right_shoulder_blade) VALUES (593, true);
INSERT INTO Pain (pid, positionId, referred_pain_position, sharp, pleuritic, constant, four_hours, eight_hours, one_day, two_days, one_week, worse_with_breathing, worse_with_eating) VALUES (592, 592, 593, true, true, true, true, true, true, true, true, true, true);
INSERT INTO Symptoms (sxId, nausea, vomiting, loss_of_appetite) VALUES (592, true, true, true);
INSERT INTO Symptoms (sxId, fever, malaise, chills, bloating, jaundice, indigestion) VALUES (593, true, true, true, true, true, false);
INSERT INTO Cases (diagnosisId, age, gender, majorSx, minorSx, painId) VALUES (3, 87, 'F', 592, 593, 592);
INSERT INTO Positions (posId, right_upper_quadrant, epigastrium) VALUES (594, true, true);
INSERT INTO Positions (posId, right_shoulder_blade) VALUES (595, true);
INSERT INTO Pain (pid, positionId, referred_pain_position, sharp, pleuritic, constant, four_hours, eight_hours, one_day, two_days, one_week, worse_with_breathing, worse_with_eating) VALUES (594, 594, 595, true, true, true, true, true, false, true, true, true, true);
INSERT INTO Symptoms (sxId, nausea, vomiting, loss_of_appetite) VALUES (594, false, true, true);
INSERT INTO Symptoms (sxId, fever, malaise, chills, bloating, jaundice, indigestion) VALUES (595, true, true, true, true, true, true);
INSERT INTO Cases (diagnosisId, age, gender, majorSx, minorSx, painId) VALUES (3, 86, 'F', 594, 595, 594);
INSERT INTO Positions (posId, right_upper_quadrant, epigastrium) VALUES (596, true, true);
INSERT INTO Positions (posId, right_shoulder_blade) VALUES (597, true);
INSERT INTO Pain (pid, positionId, referred_pain_position, sharp, pleuritic, constant, four_hours, eight_hours, one_day, two_days, one_week, worse_with_breathing, worse_with_eating) VALUES (596, 596, 597, true, true, true, true, false, true, true, true, true, true);
INSERT INTO Symptoms (sxId, nausea, vomiting, loss_of_appetite) VALUES (596, true, false, true);
INSERT INTO Symptoms (sxId, fever, malaise, chills, bloating, jaundice, indigestion) VALUES (597, true, true, true, true, true, false);
INSERT INTO Cases (diagnosisId, age, gender, majorSx, minorSx, painId) VALUES (3, 95, 'F', 596, 597, 596);
INSERT INTO Positions (posId, right_upper_quadrant, epigastrium) VALUES (598, true, true);
INSERT INTO Positions (posId, right_shoulder_blade) VALUES (599, true);
INSERT INTO Pain (pid, positionId, referred_pain_position, sharp, pleuritic, constant, four_hours, eight_hours, one_day, two_days, one_week, worse_with_breathing, worse_with_eating) VALUES (598, 598, 599, true, true, true, true, false, true, true, true, true, true);
INSERT INTO Symptoms (sxId, nausea, vomiting, loss_of_appetite) VALUES (598, true, true, false);
INSERT INTO Symptoms (sxId, fever, malaise, chills, bloating, jaundice, indigestion) VALUES (599, true, true, true, true, true, true);
INSERT INTO Cases (diagnosisId, age, gender, majorSx, minorSx, painId) VALUES (3, 102, 'F', 598, 599, 598);
INSERT INTO Positions (posId, right_upper_quadrant, epigastrium) VALUES (600, true, true);
INSERT INTO Positions (posId, right_shoulder_blade) VALUES (601, true);
INSERT INTO Pain (pid, positionId, referred_pain_position, sharp, pleuritic, constant, four_hours, eight_hours, one_day, two_days, one_week, worse_with_breathing, worse_with_eating) VALUES (600, 600, 601, true, true, true, true, true, true, true, true, true, true);
INSERT INTO Symptoms (sxId, nausea, vomiting, loss_of_appetite) VALUES (600, true, true, false);
INSERT INTO Symptoms (sxId, fever, malaise, chills, bloating, jaundice, indigestion) VALUES (601, true, true, true, true, true, true);
INSERT INTO Cases (diagnosisId, age, gender, majorSx, minorSx, painId) VALUES (3, 104, 'M', 600, 601, 600);
Insert INTO Diagnosis (dId, dname) Values (4, 'Choledocholithiasis');
INSERT INTO Positions (posId, right_upper_quadrant, epigastrium) VALUES (602, true, false);
INSERT INTO Positions (posId, right_shoulder_blade, between_shoulder_blades) VALUES (603, true, false);
INSERT INTO Pain (pid, positionId, referred_pain_position, sharp, pleuritic, constant, four_hours, eight_hours, one_day, two_days, worse_with_breathing, worse_with_eating) VALUES (602, 602, 603, true, true, true, true, true, true, false, true, true);
INSERT INTO Symptoms (sxId, nausea, vomiting, loss_of_appetite) VALUES (602, true, true, true);
INSERT INTO Symptoms (sxId, fever, malaise, chills, bloating, indigestion, jaundice, light_colored_stools, dark_urine) VALUES (603, true, true, true, true, true, true, true, true);
INSERT INTO Cases (diagnosisId, age, gender, majorSx, minorSx, painId) VALUES (4, 16, 'F', 602, 603, 602);
INSERT INTO Positions (posId, right_upper_quadrant, epigastrium) VALUES (604, true, true);
INSERT INTO Positions (posId, right_shoulder_blade, between_shoulder_blades) VALUES (605, true, true);
INSERT INTO Pain (pid, positionId, referred_pain_position, sharp, pleuritic, constant, four_hours, eight_hours, one_day, two_days, worse_with_breathing, worse_with_eating) VALUES (604, 604, 605, true, true, true, true, true, true, true, true, true);
INSERT INTO Symptoms (sxId, nausea, vomiting, loss_of_appetite) VALUES (604, true, true, true);
INSERT INTO Symptoms (sxId, fever, malaise, chills, bloating, indigestion, jaundice, light_colored_stools, dark_urine) VALUES (605, true, true, true, true, true, true, true, false);
INSERT INTO Cases (diagnosisId, age, gender, majorSx, minorSx, painId) VALUES (4, 16, 'M', 604, 605, 604);
INSERT INTO Positions (posId, right_upper_quadrant, epigastrium) VALUES (606, true, true);
INSERT INTO Positions (posId, right_shoulder_blade, between_shoulder_blades) VALUES (607, true, true);
INSERT INTO Pain (pid, positionId, referred_pain_position, sharp, pleuritic, constant, four_hours, eight_hours, one_day, two_days, worse_with_breathing, worse_with_eating) VALUES (606, 606, 607, true, true, true, true, true, true, true, true, true);
INSERT INTO Symptoms (sxId, nausea, vomiting, loss_of_appetite) VALUES (606, true, true, true);
INSERT INTO Symptoms (sxId, fever, malaise, chills, bloating, indigestion, jaundice, light_colored_stools, dark_urine) VALUES (607, true, true, true, true, true, true, true, true);
INSERT INTO Cases (diagnosisId, age, gender, majorSx, minorSx, painId) VALUES (4, 22, 'M', 606, 607, 606);
INSERT INTO Positions (posId, right_upper_quadrant, epigastrium) VALUES (608, true, true);
INSERT INTO Positions (posId, right_shoulder_blade, between_shoulder_blades) VALUES (609, true, true);
INSERT INTO Pain (pid, positionId, referred_pain_position, sharp, pleuritic, constant, four_hours, eight_hours, one_day, two_days, worse_with_breathing, worse_with_eating) VALUES (608, 608, 609, true, true, true, true, true, true, true, true, true);
INSERT INTO Symptoms (sxId, nausea, vomiting, loss_of_appetite) VALUES (608, true, true, true);
INSERT INTO Symptoms (sxId, fever, malaise, chills, bloating, indigestion, jaundice, light_colored_stools, dark_urine) VALUES (609, true, true, true, true, true, true, true, true);
INSERT INTO Cases (diagnosisId, age, gender, majorSx, minorSx, painId) VALUES (4, 21, 'F', 608, 609, 608);
INSERT INTO Positions (posId, right_upper_quadrant, epigastrium) VALUES (610, true, true);
INSERT INTO Positions (posId, right_shoulder_blade, between_shoulder_blades) VALUES (611, true, true);
INSERT INTO Pain (pid, positionId, referred_pain_position, sharp, pleuritic, constant, four_hours, eight_hours, one_day, two_days, worse_with_breathing, worse_with_eating) VALUES (610, 610, 611, true, true, true, false, true, true, true, true, true);
INSERT INTO Symptoms (sxId, nausea, vomiting, loss_of_appetite) VALUES (610, true, false, true);
INSERT INTO Symptoms (sxId, fever, malaise, chills, bloating, indigestion, jaundice, light_colored_stools, dark_urine) VALUES (611, true, true, true, true, true, true, true, true);
INSERT INTO Cases (diagnosisId, age, gender, majorSx, minorSx, painId) VALUES (4, 25, 'F', 610, 611, 610);
INSERT INTO Positions (posId, right_upper_quadrant, epigastrium) VALUES (612, false, true);
INSERT INTO Positions (posId, right_shoulder_blade, between_shoulder_blades) VALUES (613, true, true);
INSERT INTO Pain (pid, positionId, referred_pain_position, sharp, pleuritic, constant, four_hours, eight_hours, one_day, two_days, worse_with_breathing, worse_with_eating) VALUES (612, 612, 613, true, true, true, true, true, true, true, true, true);
INSERT INTO Symptoms (sxId, nausea, vomiting, loss_of_appetite) VALUES (612, true, true, false);
INSERT INTO Symptoms (sxId, fever, malaise, chills, bloating, indigestion, jaundice, light_colored_stools, dark_urine) VALUES (613, true, true, true, true, true, true, true, true);
INSERT INTO Cases (diagnosisId, age, gender, majorSx, minorSx, painId) VALUES (4, 21, 'F', 612, 613, 612);
INSERT INTO Positions (posId, right_upper_quadrant, epigastrium) VALUES (614, true, true);
INSERT INTO Positions (posId, right_shoulder_blade, between_shoulder_blades) VALUES (615, true, true);
INSERT INTO Pain (pid, positionId, referred_pain_position, sharp, pleuritic, constant, four_hours, eight_hours, one_day, two_days, worse_with_breathing, worse_with_eating) VALUES (614, 614, 615, true, true, true, true, true, true, false, true, true);
INSERT INTO Symptoms (sxId, nausea, vomiting, loss_of_appetite) VALUES (614, true, true, true);
INSERT INTO Symptoms (sxId, fever, malaise, chills, bloating, indigestion, jaundice, light_colored_stools, dark_urine) VALUES (615, true, true, true, true, true, true, true, true);
INSERT INTO Cases (diagnosisId, age, gender, majorSx, minorSx, painId) VALUES (4, 25, 'F', 614, 615, 614);
INSERT INTO Positions (posId, right_upper_quadrant, epigastrium) VALUES (616, true, false);
INSERT INTO Positions (posId, right_shoulder_blade, between_shoulder_blades) VALUES (617, true, true);
INSERT INTO Pain (pid, positionId, referred_pain_position, sharp, pleuritic, constant, four_hours, eight_hours, one_day, two_days, worse_with_breathing, worse_with_eating) VALUES (616, 616, 617, true, true, true, true, true, true, true, true, true);
INSERT INTO Symptoms (sxId, nausea, vomiting, loss_of_appetite) VALUES (616, false, true, true);
INSERT INTO Symptoms (sxId, fever, malaise, chills, bloating, indigestion, jaundice, light_colored_stools, dark_urine) VALUES (617, true, false, false, true, true, true, true, true);
INSERT INTO Cases (diagnosisId, age, gender, majorSx, minorSx, painId) VALUES (4, 30, 'F', 616, 617, 616);
INSERT INTO Positions (posId, right_upper_quadrant, epigastrium) VALUES (618, true, true);
INSERT INTO Positions (posId, right_shoulder_blade, between_shoulder_blades) VALUES (619, true, true);
INSERT INTO Pain (pid, positionId, referred_pain_position, sharp, pleuritic, constant, four_hours, eight_hours, one_day, two_days, worse_with_breathing, worse_with_eating) VALUES (618, 618, 619, true, false, true, false, true, true, true, true, true);
INSERT INTO Symptoms (sxId, nausea, vomiting, loss_of_appetite) VALUES (618, true, false, true);
INSERT INTO Symptoms (sxId, fever, malaise, chills, bloating, indigestion, jaundice, light_colored_stools, dark_urine) VALUES (619, true, true, false, true, true, true, true, false);
INSERT INTO Cases (diagnosisId, age, gender, majorSx, minorSx, painId) VALUES (4, 27, 'M', 618, 619, 618);
INSERT INTO Positions (posId, right_upper_quadrant, epigastrium) VALUES (620, true, true);
INSERT INTO Positions (posId, right_shoulder_blade, between_shoulder_blades) VALUES (621, true, true);
INSERT INTO Pain (pid, positionId, referred_pain_position, sharp, pleuritic, constant, four_hours, eight_hours, one_day, two_days, worse_with_breathing, worse_with_eating) VALUES (620, 620, 621, true, true, true, true, true, true, true, true, true);
INSERT INTO Symptoms (sxId, nausea, vomiting, loss_of_appetite) VALUES (620, true, true, true);
INSERT INTO Symptoms (sxId, fever, malaise, chills, bloating, indigestion, jaundice, light_colored_stools, dark_urine) VALUES (621, true, true, true, true, true, true, true, true);
INSERT INTO Cases (diagnosisId, age, gender, majorSx, minorSx, painId) VALUES (4, 26, 'F', 620, 621, 620);
INSERT INTO Positions (posId, right_upper_quadrant, epigastrium) VALUES (622, false, true);
INSERT INTO Positions (posId, right_shoulder_blade, between_shoulder_blades) VALUES (623, true, true);
INSERT INTO Pain (pid, positionId, referred_pain_position, sharp, pleuritic, constant, four_hours, eight_hours, one_day, two_days, worse_with_breathing, worse_with_eating) VALUES (622, 622, 623, true, false, false, true, true, true, true, true, true);
INSERT INTO Symptoms (sxId, nausea, vomiting, loss_of_appetite) VALUES (622, true, true, true);
INSERT INTO Symptoms (sxId, fever, malaise, chills, bloating, indigestion, jaundice, light_colored_stools, dark_urine) VALUES (623, true, true, false, true, true, false, true, true);
INSERT INTO Cases (diagnosisId, age, gender, majorSx, minorSx, painId) VALUES (4, 28, 'F', 622, 623, 622);
INSERT INTO Positions (posId, right_upper_quadrant, epigastrium) VALUES (624, true, true);
INSERT INTO Positions (posId, right_shoulder_blade, between_shoulder_blades) VALUES (625, true, true);
INSERT INTO Pain (pid, positionId, referred_pain_position, sharp, pleuritic, constant, four_hours, eight_hours, one_day, two_days, worse_with_breathing, worse_with_eating) VALUES (624, 624, 625, true, true, true, true, true, true, true, true, true);
INSERT INTO Symptoms (sxId, nausea, vomiting, loss_of_appetite) VALUES (624, true, true, true);
INSERT INTO Symptoms (sxId, fever, malaise, chills, bloating, indigestion, jaundice, light_colored_stools, dark_urine) VALUES (625, true, true, true, true, true, true, true, true);
INSERT INTO Cases (diagnosisId, age, gender, majorSx, minorSx, painId) VALUES (4, 28, 'F', 624, 625, 624);
INSERT INTO Positions (posId, right_upper_quadrant, epigastrium) VALUES (626, true, true);
INSERT INTO Positions (posId, right_shoulder_blade, between_shoulder_blades) VALUES (627, true, true);
INSERT INTO Pain (pid, positionId, referred_pain_position, sharp, pleuritic, constant, four_hours, eight_hours, one_day, two_days, worse_with_breathing, worse_with_eating) VALUES (626, 626, 627, true, true, true, false, true, true, true, false, false);
INSERT INTO Symptoms (sxId, nausea, vomiting, loss_of_appetite) VALUES (626, true, true, true);
INSERT INTO Symptoms (sxId, fever, malaise, chills, bloating, indigestion, jaundice, light_colored_stools, dark_urine) VALUES (627, true, true, true, true, true, false, true, true);
INSERT INTO Cases (diagnosisId, age, gender, majorSx, minorSx, painId) VALUES (4, 26, 'F', 626, 627, 626);
INSERT INTO Positions (posId, right_upper_quadrant, epigastrium) VALUES (628, true, true);
INSERT INTO Positions (posId, right_shoulder_blade, between_shoulder_blades) VALUES (629, true, true);
INSERT INTO Pain (pid, positionId, referred_pain_position, sharp, pleuritic, constant, four_hours, eight_hours, one_day, two_days, worse_with_breathing, worse_with_eating) VALUES (628, 628, 629, true, true, true, true, true, true, true, true, true);
INSERT INTO Symptoms (sxId, nausea, vomiting, loss_of_appetite) VALUES (628, true, true, true);
INSERT INTO Symptoms (sxId, fever, malaise, chills, bloating, indigestion, jaundice, light_colored_stools, dark_urine) VALUES (629, true, true, true, false, true, true, true, true);
INSERT INTO Cases (diagnosisId, age, gender, majorSx, minorSx, painId) VALUES (4, 29, 'F', 628, 629, 628);
INSERT INTO Positions (posId, right_upper_quadrant, epigastrium) VALUES (630, true, true);
INSERT INTO Positions (posId, right_shoulder_blade, between_shoulder_blades) VALUES (631, true, true);
INSERT INTO Pain (pid, positionId, referred_pain_position, sharp, pleuritic, constant, four_hours, eight_hours, one_day, two_days, worse_with_breathing, worse_with_eating) VALUES (630, 630, 631, true, true, true, true, true, true, true, true, true);
INSERT INTO Symptoms (sxId, nausea, vomiting, loss_of_appetite) VALUES (630, true, true, true);
INSERT INTO Symptoms (sxId, fever, malaise, chills, bloating, indigestion, jaundice, light_colored_stools, dark_urine) VALUES (631, false, true, true, true, true, true, true, true);
INSERT INTO Cases (diagnosisId, age, gender, majorSx, minorSx, painId) VALUES (4, 33, 'M', 630, 631, 630);
INSERT INTO Positions (posId, right_upper_quadrant, epigastrium) VALUES (632, true, true);
INSERT INTO Positions (posId, right_shoulder_blade, between_shoulder_blades) VALUES (633, true, true);
INSERT INTO Pain (pid, positionId, referred_pain_position, sharp, pleuritic, constant, four_hours, eight_hours, one_day, two_days, worse_with_breathing, worse_with_eating) VALUES (632, 632, 633, true, true, true, true, true, true, true, true, true);
INSERT INTO Symptoms (sxId, nausea, vomiting, loss_of_appetite) VALUES (632, true, true, true);
INSERT INTO Symptoms (sxId, fever, malaise, chills, bloating, indigestion, jaundice, light_colored_stools, dark_urine) VALUES (633, true, true, true, true, true, false, true, true);
INSERT INTO Cases (diagnosisId, age, gender, majorSx, minorSx, painId) VALUES (4, 33, 'F', 632, 633, 632);
INSERT INTO Positions (posId, right_upper_quadrant, epigastrium) VALUES (634, true, true);
INSERT INTO Positions (posId, right_shoulder_blade, between_shoulder_blades) VALUES (635, true, true);
INSERT INTO Pain (pid, positionId, referred_pain_position, sharp, pleuritic, constant, four_hours, eight_hours, one_day, two_days, worse_with_breathing, worse_with_eating) VALUES (634, 634, 635, true, true, true, true, true, true, true, true, true);
INSERT INTO Symptoms (sxId, nausea, vomiting, loss_of_appetite) VALUES (634, true, true, true);
INSERT INTO Symptoms (sxId, fever, malaise, chills, bloating, indigestion, jaundice, light_colored_stools, dark_urine) VALUES (635, true, true, false, true, true, false, true, true);
INSERT INTO Cases (diagnosisId, age, gender, majorSx, minorSx, painId) VALUES (4, 31, 'M', 634, 635, 634);
INSERT INTO Positions (posId, right_upper_quadrant, epigastrium) VALUES (636, true, true);
INSERT INTO Positions (posId, right_shoulder_blade, between_shoulder_blades) VALUES (637, true, false);
INSERT INTO Pain (pid, positionId, referred_pain_position, sharp, pleuritic, constant, four_hours, eight_hours, one_day, two_days, worse_with_breathing, worse_with_eating) VALUES (636, 636, 637, false, true, true, false, true, true, true, true, true);
INSERT INTO Symptoms (sxId, nausea, vomiting, loss_of_appetite) VALUES (636, true, true, true);
INSERT INTO Symptoms (sxId, fever, malaise, chills, bloating, indigestion, jaundice, light_colored_stools, dark_urine) VALUES (637, false, true, true, true, true, true, true, true);
INSERT INTO Cases (diagnosisId, age, gender, majorSx, minorSx, painId) VALUES (4, 33, 'F', 636, 637, 636);
INSERT INTO Positions (posId, right_upper_quadrant, epigastrium) VALUES (638, true, true);
INSERT INTO Positions (posId, right_shoulder_blade, between_shoulder_blades) VALUES (639, true, true);
INSERT INTO Pain (pid, positionId, referred_pain_position, sharp, pleuritic, constant, four_hours, eight_hours, one_day, two_days, worse_with_breathing, worse_with_eating) VALUES (638, 638, 639, true, false, false, false, false, true, true, false, true);
INSERT INTO Symptoms (sxId, nausea, vomiting, loss_of_appetite) VALUES (638, true, false, true);
INSERT INTO Symptoms (sxId, fever, malaise, chills, bloating, indigestion, jaundice, light_colored_stools, dark_urine) VALUES (639, true, true, true, true, true, true, true, true);
INSERT INTO Cases (diagnosisId, age, gender, majorSx, minorSx, painId) VALUES (4, 32, 'F', 638, 639, 638);
INSERT INTO Positions (posId, right_upper_quadrant, epigastrium) VALUES (640, true, true);
INSERT INTO Positions (posId, right_shoulder_blade, between_shoulder_blades) VALUES (641, false, true);
INSERT INTO Pain (pid, positionId, referred_pain_position, sharp, pleuritic, constant, four_hours, eight_hours, one_day, two_days, worse_with_breathing, worse_with_eating) VALUES (640, 640, 641, true, true, true, true, true, true, true, true, true);
INSERT INTO Symptoms (sxId, nausea, vomiting, loss_of_appetite) VALUES (640, true, true, true);
INSERT INTO Symptoms (sxId, fever, malaise, chills, bloating, indigestion, jaundice, light_colored_stools, dark_urine) VALUES (641, true, false, true, true, true, true, true, true);
INSERT INTO Cases (diagnosisId, age, gender, majorSx, minorSx, painId) VALUES (4, 35, 'F', 640, 641, 640);
INSERT INTO Positions (posId, right_upper_quadrant, epigastrium) VALUES (642, true, true);
INSERT INTO Positions (posId, right_shoulder_blade, between_shoulder_blades) VALUES (643, true, true);
INSERT INTO Pain (pid, positionId, referred_pain_position, sharp, pleuritic, constant, four_hours, eight_hours, one_day, two_days, worse_with_breathing, worse_with_eating) VALUES (642, 642, 643, true, true, true, true, true, true, false, true, true);
INSERT INTO Symptoms (sxId, nausea, vomiting, loss_of_appetite) VALUES (642, false, true, true);
INSERT INTO Symptoms (sxId, fever, malaise, chills, bloating, indigestion, jaundice, light_colored_stools, dark_urine) VALUES (643, true, true, true, true, true, true, true, true);
INSERT INTO Cases (diagnosisId, age, gender, majorSx, minorSx, painId) VALUES (4, 33, 'M', 642, 643, 642);
INSERT INTO Positions (posId, right_upper_quadrant, epigastrium) VALUES (644, true, true);
INSERT INTO Positions (posId, right_shoulder_blade, between_shoulder_blades) VALUES (645, true, true);
INSERT INTO Pain (pid, positionId, referred_pain_position, sharp, pleuritic, constant, four_hours, eight_hours, one_day, two_days, worse_with_breathing, worse_with_eating) VALUES (644, 644, 645, true, false, true, true, true, true, true, true, true);
INSERT INTO Symptoms (sxId, nausea, vomiting, loss_of_appetite) VALUES (644, true, true, false);
INSERT INTO Symptoms (sxId, fever, malaise, chills, bloating, indigestion, jaundice, light_colored_stools, dark_urine) VALUES (645, true, true, true, false, true, true, true, false);
INSERT INTO Cases (diagnosisId, age, gender, majorSx, minorSx, painId) VALUES (4, 38, 'F', 644, 645, 644);
INSERT INTO Positions (posId, right_upper_quadrant, epigastrium) VALUES (646, false, true);
INSERT INTO Positions (posId, right_shoulder_blade, between_shoulder_blades) VALUES (647, true, true);
INSERT INTO Pain (pid, positionId, referred_pain_position, sharp, pleuritic, constant, four_hours, eight_hours, one_day, two_days, worse_with_breathing, worse_with_eating) VALUES (646, 646, 647, true, true, true, true, false, true, true, true, true);
INSERT INTO Symptoms (sxId, nausea, vomiting, loss_of_appetite) VALUES (646, true, true, true);
INSERT INTO Symptoms (sxId, fever, malaise, chills, bloating, indigestion, jaundice, light_colored_stools, dark_urine) VALUES (647, true, false, true, true, true, true, true, true);
INSERT INTO Cases (diagnosisId, age, gender, majorSx, minorSx, painId) VALUES (4, 40, 'F', 646, 647, 646);
INSERT INTO Positions (posId, right_upper_quadrant, epigastrium) VALUES (648, true, true);
INSERT INTO Positions (posId, right_shoulder_blade, between_shoulder_blades) VALUES (649, true, true);
INSERT INTO Pain (pid, positionId, referred_pain_position, sharp, pleuritic, constant, four_hours, eight_hours, one_day, two_days, worse_with_breathing, worse_with_eating) VALUES (648, 648, 649, true, true, true, false, true, true, true, true, true);
INSERT INTO Symptoms (sxId, nausea, vomiting, loss_of_appetite) VALUES (648, false, false, true);
INSERT INTO Symptoms (sxId, fever, malaise, chills, bloating, indigestion, jaundice, light_colored_stools, dark_urine) VALUES (649, true, false, true, true, true, true, true, true);
INSERT INTO Cases (diagnosisId, age, gender, majorSx, minorSx, painId) VALUES (4, 38, 'F', 648, 649, 648);
INSERT INTO Positions (posId, right_upper_quadrant, epigastrium) VALUES (650, true, true);
INSERT INTO Positions (posId, right_shoulder_blade, between_shoulder_blades) VALUES (651, true, true);
INSERT INTO Pain (pid, positionId, referred_pain_position, sharp, pleuritic, constant, four_hours, eight_hours, one_day, two_days, worse_with_breathing, worse_with_eating) VALUES (650, 650, 651, true, true, false, true, true, true, true, true, false);
INSERT INTO Symptoms (sxId, nausea, vomiting, loss_of_appetite) VALUES (650, true, true, true);
INSERT INTO Symptoms (sxId, fever, malaise, chills, bloating, indigestion, jaundice, light_colored_stools, dark_urine) VALUES (651, true, true, true, true, true, true, true, true);
INSERT INTO Cases (diagnosisId, age, gender, majorSx, minorSx, painId) VALUES (4, 37, 'F', 650, 651, 650);
INSERT INTO Positions (posId, right_upper_quadrant, epigastrium) VALUES (652, true, true);
INSERT INTO Positions (posId, right_shoulder_blade, between_shoulder_blades) VALUES (653, true, true);
INSERT INTO Pain (pid, positionId, referred_pain_position, sharp, pleuritic, constant, four_hours, eight_hours, one_day, two_days, worse_with_breathing, worse_with_eating) VALUES (652, 652, 653, true, false, true, true, true, true, true, true, true);
INSERT INTO Symptoms (sxId, nausea, vomiting, loss_of_appetite) VALUES (652, true, true, true);
INSERT INTO Symptoms (sxId, fever, malaise, chills, bloating, indigestion, jaundice, light_colored_stools, dark_urine) VALUES (653, true, true, false, false, true, true, true, true);
INSERT INTO Cases (diagnosisId, age, gender, majorSx, minorSx, painId) VALUES (4, 36, 'M', 652, 653, 652);
INSERT INTO Positions (posId, right_upper_quadrant, epigastrium) VALUES (654, true, false);
INSERT INTO Positions (posId, right_shoulder_blade, between_shoulder_blades) VALUES (655, true, true);
INSERT INTO Pain (pid, positionId, referred_pain_position, sharp, pleuritic, constant, four_hours, eight_hours, one_day, two_days, worse_with_breathing, worse_with_eating) VALUES (654, 654, 655, true, true, false, true, true, true, true, true, true);
INSERT INTO Symptoms (sxId, nausea, vomiting, loss_of_appetite) VALUES (654, true, true, true);
INSERT INTO Symptoms (sxId, fever, malaise, chills, bloating, indigestion, jaundice, light_colored_stools, dark_urine) VALUES (655, true, true, false, true, true, true, false, true);
INSERT INTO Cases (diagnosisId, age, gender, majorSx, minorSx, painId) VALUES (4, 40, 'F', 654, 655, 654);
INSERT INTO Positions (posId, right_upper_quadrant, epigastrium) VALUES (656, true, true);
INSERT INTO Positions (posId, right_shoulder_blade, between_shoulder_blades) VALUES (657, false, true);
INSERT INTO Pain (pid, positionId, referred_pain_position, sharp, pleuritic, constant, four_hours, eight_hours, one_day, two_days, worse_with_breathing, worse_with_eating) VALUES (656, 656, 657, true, true, true, true, true, true, true, true, true);
INSERT INTO Symptoms (sxId, nausea, vomiting, loss_of_appetite) VALUES (656, false, true, true);
INSERT INTO Symptoms (sxId, fever, malaise, chills, bloating, indigestion, jaundice, light_colored_stools, dark_urine) VALUES (657, true, true, true, true, true, true, true, true);
INSERT INTO Cases (diagnosisId, age, gender, majorSx, minorSx, painId) VALUES (4, 36, 'M', 656, 657, 656);
INSERT INTO Positions (posId, right_upper_quadrant, epigastrium) VALUES (658, false, true);
INSERT INTO Positions (posId, right_shoulder_blade, between_shoulder_blades) VALUES (659, true, true);
INSERT INTO Pain (pid, positionId, referred_pain_position, sharp, pleuritic, constant, four_hours, eight_hours, one_day, two_days, worse_with_breathing, worse_with_eating) VALUES (658, 658, 659, false, true, true, true, false, true, true, true, true);
INSERT INTO Symptoms (sxId, nausea, vomiting, loss_of_appetite) VALUES (658, true, true, true);
INSERT INTO Symptoms (sxId, fever, malaise, chills, bloating, indigestion, jaundice, light_colored_stools, dark_urine) VALUES (659, true, true, true, true, true, true, false, false);
INSERT INTO Cases (diagnosisId, age, gender, majorSx, minorSx, painId) VALUES (4, 36, 'F', 658, 659, 658);
INSERT INTO Positions (posId, right_upper_quadrant, epigastrium) VALUES (660, true, true);
INSERT INTO Positions (posId, right_shoulder_blade, between_shoulder_blades) VALUES (661, true, true);
INSERT INTO Pain (pid, positionId, referred_pain_position, sharp, pleuritic, constant, four_hours, eight_hours, one_day, two_days, worse_with_breathing, worse_with_eating) VALUES (660, 660, 661, true, true, true, true, true, false, false, true, true);
INSERT INTO Symptoms (sxId, nausea, vomiting, loss_of_appetite) VALUES (660, true, true, true);
INSERT INTO Symptoms (sxId, fever, malaise, chills, bloating, indigestion, jaundice, light_colored_stools, dark_urine) VALUES (661, false, true, true, true, true, true, true, true);
INSERT INTO Cases (diagnosisId, age, gender, majorSx, minorSx, painId) VALUES (4, 44, 'F', 660, 661, 660);
INSERT INTO Positions (posId, right_upper_quadrant, epigastrium) VALUES (662, true, false);
INSERT INTO Positions (posId, right_shoulder_blade, between_shoulder_blades) VALUES (663, true, true);
INSERT INTO Pain (pid, positionId, referred_pain_position, sharp, pleuritic, constant, four_hours, eight_hours, one_day, two_days, worse_with_breathing, worse_with_eating) VALUES (662, 662, 663, true, true, true, true, true, true, true, true, true);
INSERT INTO Symptoms (sxId, nausea, vomiting, loss_of_appetite) VALUES (662, true, true, true);
INSERT INTO Symptoms (sxId, fever, malaise, chills, bloating, indigestion, jaundice, light_colored_stools, dark_urine) VALUES (663, true, false, true, true, true, true, true, false);
INSERT INTO Cases (diagnosisId, age, gender, majorSx, minorSx, painId) VALUES (4, 44, 'F', 662, 663, 662);
INSERT INTO Positions (posId, right_upper_quadrant, epigastrium) VALUES (664, true, true);
INSERT INTO Positions (posId, right_shoulder_blade, between_shoulder_blades) VALUES (665, true, true);
INSERT INTO Pain (pid, positionId, referred_pain_position, sharp, pleuritic, constant, four_hours, eight_hours, one_day, two_days, worse_with_breathing, worse_with_eating) VALUES (664, 664, 665, true, false, true, false, true, true, true, true, true);
INSERT INTO Symptoms (sxId, nausea, vomiting, loss_of_appetite) VALUES (664, true, false, true);
INSERT INTO Symptoms (sxId, fever, malaise, chills, bloating, indigestion, jaundice, light_colored_stools, dark_urine) VALUES (665, true, true, true, true, false, true, false, false);
INSERT INTO Cases (diagnosisId, age, gender, majorSx, minorSx, painId) VALUES (4, 43, 'F', 664, 665, 664);
INSERT INTO Positions (posId, right_upper_quadrant, epigastrium) VALUES (666, true, true);
INSERT INTO Positions (posId, right_shoulder_blade, between_shoulder_blades) VALUES (667, true, true);
INSERT INTO Pain (pid, positionId, referred_pain_position, sharp, pleuritic, constant, four_hours, eight_hours, one_day, two_days, worse_with_breathing, worse_with_eating) VALUES (666, 666, 667, true, true, true, true, true, true, true, false, true);
INSERT INTO Symptoms (sxId, nausea, vomiting, loss_of_appetite) VALUES (666, true, true, true);
INSERT INTO Symptoms (sxId, fever, malaise, chills, bloating, indigestion, jaundice, light_colored_stools, dark_urine) VALUES (667, true, true, true, true, true, true, true, true);
INSERT INTO Cases (diagnosisId, age, gender, majorSx, minorSx, painId) VALUES (4, 41, 'F', 666, 667, 666);
INSERT INTO Positions (posId, right_upper_quadrant, epigastrium) VALUES (668, true, true);
INSERT INTO Positions (posId, right_shoulder_blade, between_shoulder_blades) VALUES (669, true, true);
INSERT INTO Pain (pid, positionId, referred_pain_position, sharp, pleuritic, constant, four_hours, eight_hours, one_day, two_days, worse_with_breathing, worse_with_eating) VALUES (668, 668, 669, true, true, true, true, false, true, true, true, true);
INSERT INTO Symptoms (sxId, nausea, vomiting, loss_of_appetite) VALUES (668, true, true, true);
INSERT INTO Symptoms (sxId, fever, malaise, chills, bloating, indigestion, jaundice, light_colored_stools, dark_urine) VALUES (669, true, true, true, true, true, true, true, false);
INSERT INTO Cases (diagnosisId, age, gender, majorSx, minorSx, painId) VALUES (4, 44, 'F', 668, 669, 668);
INSERT INTO Positions (posId, right_upper_quadrant, epigastrium) VALUES (670, true, true);
INSERT INTO Positions (posId, right_shoulder_blade, between_shoulder_blades) VALUES (671, true, true);
INSERT INTO Pain (pid, positionId, referred_pain_position, sharp, pleuritic, constant, four_hours, eight_hours, one_day, two_days, worse_with_breathing, worse_with_eating) VALUES (670, 670, 671, true, true, true, true, false, false, true, true, true);
INSERT INTO Symptoms (sxId, nausea, vomiting, loss_of_appetite) VALUES (670, true, true, true);
INSERT INTO Symptoms (sxId, fever, malaise, chills, bloating, indigestion, jaundice, light_colored_stools, dark_urine) VALUES (671, true, true, true, true, true, true, true, true);
INSERT INTO Cases (diagnosisId, age, gender, majorSx, minorSx, painId) VALUES (4, 45, 'F', 670, 671, 670);
INSERT INTO Positions (posId, right_upper_quadrant, epigastrium) VALUES (672, true, true);
INSERT INTO Positions (posId, right_shoulder_blade, between_shoulder_blades) VALUES (673, true, true);
INSERT INTO Pain (pid, positionId, referred_pain_position, sharp, pleuritic, constant, four_hours, eight_hours, one_day, two_days, worse_with_breathing, worse_with_eating) VALUES (672, 672, 673, true, true, true, true, true, true, true, true, true);
INSERT INTO Symptoms (sxId, nausea, vomiting, loss_of_appetite) VALUES (672, true, true, true);
INSERT INTO Symptoms (sxId, fever, malaise, chills, bloating, indigestion, jaundice, light_colored_stools, dark_urine) VALUES (673, true, false, true, true, true, true, true, true);
INSERT INTO Cases (diagnosisId, age, gender, majorSx, minorSx, painId) VALUES (4, 41, 'F', 672, 673, 672);
INSERT INTO Positions (posId, right_upper_quadrant, epigastrium) VALUES (674, true, true);
INSERT INTO Positions (posId, right_shoulder_blade, between_shoulder_blades) VALUES (675, true, false);
INSERT INTO Pain (pid, positionId, referred_pain_position, sharp, pleuritic, constant, four_hours, eight_hours, one_day, two_days, worse_with_breathing, worse_with_eating) VALUES (674, 674, 675, true, true, true, true, false, true, false, true, true);
INSERT INTO Symptoms (sxId, nausea, vomiting, loss_of_appetite) VALUES (674, true, true, true);
INSERT INTO Symptoms (sxId, fever, malaise, chills, bloating, indigestion, jaundice, light_colored_stools, dark_urine) VALUES (675, false, true, false, true, true, true, true, true);
INSERT INTO Cases (diagnosisId, age, gender, majorSx, minorSx, painId) VALUES (4, 45, 'F', 674, 675, 674);
INSERT INTO Positions (posId, right_upper_quadrant, epigastrium) VALUES (676, true, false);
INSERT INTO Positions (posId, right_shoulder_blade, between_shoulder_blades) VALUES (677, true, false);
INSERT INTO Pain (pid, positionId, referred_pain_position, sharp, pleuritic, constant, four_hours, eight_hours, one_day, two_days, worse_with_breathing, worse_with_eating) VALUES (676, 676, 677, true, true, true, true, true, true, true, true, true);
INSERT INTO Symptoms (sxId, nausea, vomiting, loss_of_appetite) VALUES (676, false, true, true);
INSERT INTO Symptoms (sxId, fever, malaise, chills, bloating, indigestion, jaundice, light_colored_stools, dark_urine) VALUES (677, true, true, true, true, true, true, true, true);
INSERT INTO Cases (diagnosisId, age, gender, majorSx, minorSx, painId) VALUES (4, 44, 'M', 676, 677, 676);
INSERT INTO Positions (posId, right_upper_quadrant, epigastrium) VALUES (678, true, true);
INSERT INTO Positions (posId, right_shoulder_blade, between_shoulder_blades) VALUES (679, true, true);
INSERT INTO Pain (pid, positionId, referred_pain_position, sharp, pleuritic, constant, four_hours, eight_hours, one_day, two_days, worse_with_breathing, worse_with_eating) VALUES (678, 678, 679, true, false, true, true, true, true, true, true, true);
INSERT INTO Symptoms (sxId, nausea, vomiting, loss_of_appetite) VALUES (678, true, true, true);
INSERT INTO Symptoms (sxId, fever, malaise, chills, bloating, indigestion, jaundice, light_colored_stools, dark_urine) VALUES (679, true, true, true, true, true, true, true, true);
INSERT INTO Cases (diagnosisId, age, gender, majorSx, minorSx, painId) VALUES (4, 43, 'M', 678, 679, 678);
INSERT INTO Positions (posId, right_upper_quadrant, epigastrium) VALUES (680, true, true);
INSERT INTO Positions (posId, right_shoulder_blade, between_shoulder_blades) VALUES (681, true, false);
INSERT INTO Pain (pid, positionId, referred_pain_position, sharp, pleuritic, constant, four_hours, eight_hours, one_day, two_days, worse_with_breathing, worse_with_eating) VALUES (680, 680, 681, true, true, false, true, true, true, true, true, true);
INSERT INTO Symptoms (sxId, nausea, vomiting, loss_of_appetite) VALUES (680, true, false, true);
INSERT INTO Symptoms (sxId, fever, malaise, chills, bloating, indigestion, jaundice, light_colored_stools, dark_urine) VALUES (681, true, true, false, false, true, true, true, true);
INSERT INTO Cases (diagnosisId, age, gender, majorSx, minorSx, painId) VALUES (4, 46, 'F', 680, 681, 680);
INSERT INTO Positions (posId, right_upper_quadrant, epigastrium) VALUES (682, true, true);
INSERT INTO Positions (posId, right_shoulder_blade, between_shoulder_blades) VALUES (683, true, true);
INSERT INTO Pain (pid, positionId, referred_pain_position, sharp, pleuritic, constant, four_hours, eight_hours, one_day, two_days, worse_with_breathing, worse_with_eating) VALUES (682, 682, 683, true, true, true, true, true, true, true, false, true);
INSERT INTO Symptoms (sxId, nausea, vomiting, loss_of_appetite) VALUES (682, false, true, true);
INSERT INTO Symptoms (sxId, fever, malaise, chills, bloating, indigestion, jaundice, light_colored_stools, dark_urine) VALUES (683, true, true, true, true, false, true, true, true);
INSERT INTO Cases (diagnosisId, age, gender, majorSx, minorSx, painId) VALUES (4, 48, 'F', 682, 683, 682);
INSERT INTO Positions (posId, right_upper_quadrant, epigastrium) VALUES (684, true, true);
INSERT INTO Positions (posId, right_shoulder_blade, between_shoulder_blades) VALUES (685, true, true);
INSERT INTO Pain (pid, positionId, referred_pain_position, sharp, pleuritic, constant, four_hours, eight_hours, one_day, two_days, worse_with_breathing, worse_with_eating) VALUES (684, 684, 685, true, true, true, true, true, true, true, true, true);
INSERT INTO Symptoms (sxId, nausea, vomiting, loss_of_appetite) VALUES (684, true, true, true);
INSERT INTO Symptoms (sxId, fever, malaise, chills, bloating, indigestion, jaundice, light_colored_stools, dark_urine) VALUES (685, true, true, true, true, false, true, true, true);
INSERT INTO Cases (diagnosisId, age, gender, majorSx, minorSx, painId) VALUES (4, 50, 'M', 684, 685, 684);
INSERT INTO Positions (posId, right_upper_quadrant, epigastrium) VALUES (686, true, true);
INSERT INTO Positions (posId, right_shoulder_blade, between_shoulder_blades) VALUES (687, true, true);
INSERT INTO Pain (pid, positionId, referred_pain_position, sharp, pleuritic, constant, four_hours, eight_hours, one_day, two_days, worse_with_breathing, worse_with_eating) VALUES (686, 686, 687, true, true, true, true, true, true, true, true, true);
INSERT INTO Symptoms (sxId, nausea, vomiting, loss_of_appetite) VALUES (686, true, true, true);
INSERT INTO Symptoms (sxId, fever, malaise, chills, bloating, indigestion, jaundice, light_colored_stools, dark_urine) VALUES (687, true, true, true, true, true, true, true, true);
INSERT INTO Cases (diagnosisId, age, gender, majorSx, minorSx, painId) VALUES (4, 48, 'F', 686, 687, 686);
INSERT INTO Positions (posId, right_upper_quadrant, epigastrium) VALUES (688, true, true);
INSERT INTO Positions (posId, right_shoulder_blade, between_shoulder_blades) VALUES (689, true, true);
INSERT INTO Pain (pid, positionId, referred_pain_position, sharp, pleuritic, constant, four_hours, eight_hours, one_day, two_days, worse_with_breathing, worse_with_eating) VALUES (688, 688, 689, true, true, true, true, true, true, true, true, false);
INSERT INTO Symptoms (sxId, nausea, vomiting, loss_of_appetite) VALUES (688, true, true, true);
INSERT INTO Symptoms (sxId, fever, malaise, chills, bloating, indigestion, jaundice, light_colored_stools, dark_urine) VALUES (689, true, true, false, true, true, true, true, true);
INSERT INTO Cases (diagnosisId, age, gender, majorSx, minorSx, painId) VALUES (4, 48, 'M', 688, 689, 688);
INSERT INTO Positions (posId, right_upper_quadrant, epigastrium) VALUES (690, true, true);
INSERT INTO Positions (posId, right_shoulder_blade, between_shoulder_blades) VALUES (691, true, true);
INSERT INTO Pain (pid, positionId, referred_pain_position, sharp, pleuritic, constant, four_hours, eight_hours, one_day, two_days, worse_with_breathing, worse_with_eating) VALUES (690, 690, 691, true, true, true, true, true, true, true, true, true);
INSERT INTO Symptoms (sxId, nausea, vomiting, loss_of_appetite) VALUES (690, true, true, true);
INSERT INTO Symptoms (sxId, fever, malaise, chills, bloating, indigestion, jaundice, light_colored_stools, dark_urine) VALUES (691, true, true, false, false, false, true, false, true);
INSERT INTO Cases (diagnosisId, age, gender, majorSx, minorSx, painId) VALUES (4, 47, 'M', 690, 691, 690);
INSERT INTO Positions (posId, right_upper_quadrant, epigastrium) VALUES (692, true, true);
INSERT INTO Positions (posId, right_shoulder_blade, between_shoulder_blades) VALUES (693, false, true);
INSERT INTO Pain (pid, positionId, referred_pain_position, sharp, pleuritic, constant, four_hours, eight_hours, one_day, two_days, worse_with_breathing, worse_with_eating) VALUES (692, 692, 693, true, true, true, true, true, true, true, true, true);
INSERT INTO Symptoms (sxId, nausea, vomiting, loss_of_appetite) VALUES (692, false, true, true);
INSERT INTO Symptoms (sxId, fever, malaise, chills, bloating, indigestion, jaundice, light_colored_stools, dark_urine) VALUES (693, true, true, true, true, true, true, true, true);
INSERT INTO Cases (diagnosisId, age, gender, majorSx, minorSx, painId) VALUES (4, 49, 'M', 692, 693, 692);
INSERT INTO Positions (posId, right_upper_quadrant, epigastrium) VALUES (694, true, true);
INSERT INTO Positions (posId, right_shoulder_blade, between_shoulder_blades) VALUES (695, true, true);
INSERT INTO Pain (pid, positionId, referred_pain_position, sharp, pleuritic, constant, four_hours, eight_hours, one_day, two_days, worse_with_breathing, worse_with_eating) VALUES (694, 694, 695, true, true, true, true, true, true, false, true, true);
INSERT INTO Symptoms (sxId, nausea, vomiting, loss_of_appetite) VALUES (694, true, true, false);
INSERT INTO Symptoms (sxId, fever, malaise, chills, bloating, indigestion, jaundice, light_colored_stools, dark_urine) VALUES (695, true, true, true, true, true, true, true, true);
INSERT INTO Cases (diagnosisId, age, gender, majorSx, minorSx, painId) VALUES (4, 50, 'F', 694, 695, 694);
INSERT INTO Positions (posId, right_upper_quadrant, epigastrium) VALUES (696, false, true);
INSERT INTO Positions (posId, right_shoulder_blade, between_shoulder_blades) VALUES (697, true, true);
INSERT INTO Pain (pid, positionId, referred_pain_position, sharp, pleuritic, constant, four_hours, eight_hours, one_day, two_days, worse_with_breathing, worse_with_eating) VALUES (696, 696, 697, true, true, true, true, true, true, true, false, true);
INSERT INTO Symptoms (sxId, nausea, vomiting, loss_of_appetite) VALUES (696, true, true, true);
INSERT INTO Symptoms (sxId, fever, malaise, chills, bloating, indigestion, jaundice, light_colored_stools, dark_urine) VALUES (697, true, true, true, true, true, true, true, true);
INSERT INTO Cases (diagnosisId, age, gender, majorSx, minorSx, painId) VALUES (4, 46, 'M', 696, 697, 696);
INSERT INTO Positions (posId, right_upper_quadrant, epigastrium) VALUES (698, true, true);
INSERT INTO Positions (posId, right_shoulder_blade, between_shoulder_blades) VALUES (699, true, true);
INSERT INTO Pain (pid, positionId, referred_pain_position, sharp, pleuritic, constant, four_hours, eight_hours, one_day, two_days, worse_with_breathing, worse_with_eating) VALUES (698, 698, 699, false, true, true, true, true, true, true, true, true);
INSERT INTO Symptoms (sxId, nausea, vomiting, loss_of_appetite) VALUES (698, true, true, false);
INSERT INTO Symptoms (sxId, fever, malaise, chills, bloating, indigestion, jaundice, light_colored_stools, dark_urine) VALUES (699, true, true, true, true, true, true, true, false);
INSERT INTO Cases (diagnosisId, age, gender, majorSx, minorSx, painId) VALUES (4, 50, 'F', 698, 699, 698);
INSERT INTO Positions (posId, right_upper_quadrant, epigastrium) VALUES (700, true, true);
INSERT INTO Positions (posId, right_shoulder_blade, between_shoulder_blades) VALUES (701, true, true);
INSERT INTO Pain (pid, positionId, referred_pain_position, sharp, pleuritic, constant, four_hours, eight_hours, one_day, two_days, worse_with_breathing, worse_with_eating) VALUES (700, 700, 701, true, true, true, true, false, true, true, true, true);
INSERT INTO Symptoms (sxId, nausea, vomiting, loss_of_appetite) VALUES (700, true, true, true);
INSERT INTO Symptoms (sxId, fever, malaise, chills, bloating, indigestion, jaundice, light_colored_stools, dark_urine) VALUES (701, false, true, false, true, true, true, true, true);
INSERT INTO Cases (diagnosisId, age, gender, majorSx, minorSx, painId) VALUES (4, 52, 'F', 700, 701, 700);
INSERT INTO Positions (posId, right_upper_quadrant, epigastrium) VALUES (702, true, true);
INSERT INTO Positions (posId, right_shoulder_blade, between_shoulder_blades) VALUES (703, true, true);
INSERT INTO Pain (pid, positionId, referred_pain_position, sharp, pleuritic, constant, four_hours, eight_hours, one_day, two_days, worse_with_breathing, worse_with_eating) VALUES (702, 702, 703, true, true, true, true, true, true, true, true, true);
INSERT INTO Symptoms (sxId, nausea, vomiting, loss_of_appetite) VALUES (702, true, true, true);
INSERT INTO Symptoms (sxId, fever, malaise, chills, bloating, indigestion, jaundice, light_colored_stools, dark_urine) VALUES (703, true, true, true, true, true, true, true, true);
INSERT INTO Cases (diagnosisId, age, gender, majorSx, minorSx, painId) VALUES (4, 55, 'F', 702, 703, 702);
INSERT INTO Positions (posId, right_upper_quadrant, epigastrium) VALUES (704, true, true);
INSERT INTO Positions (posId, right_shoulder_blade, between_shoulder_blades) VALUES (705, true, true);
INSERT INTO Pain (pid, positionId, referred_pain_position, sharp, pleuritic, constant, four_hours, eight_hours, one_day, two_days, worse_with_breathing, worse_with_eating) VALUES (704, 704, 705, true, true, true, false, true, true, true, true, true);
INSERT INTO Symptoms (sxId, nausea, vomiting, loss_of_appetite) VALUES (704, true, true, true);
INSERT INTO Symptoms (sxId, fever, malaise, chills, bloating, indigestion, jaundice, light_colored_stools, dark_urine) VALUES (705, true, true, true, false, false, true, true, true);
INSERT INTO Cases (diagnosisId, age, gender, majorSx, minorSx, painId) VALUES (4, 52, 'F', 704, 705, 704);
INSERT INTO Positions (posId, right_upper_quadrant, epigastrium) VALUES (706, true, true);
INSERT INTO Positions (posId, right_shoulder_blade, between_shoulder_blades) VALUES (707, true, true);
INSERT INTO Pain (pid, positionId, referred_pain_position, sharp, pleuritic, constant, four_hours, eight_hours, one_day, two_days, worse_with_breathing, worse_with_eating) VALUES (706, 706, 707, true, true, true, false, true, true, true, true, true);
INSERT INTO Symptoms (sxId, nausea, vomiting, loss_of_appetite) VALUES (706, true, true, true);
INSERT INTO Symptoms (sxId, fever, malaise, chills, bloating, indigestion, jaundice, light_colored_stools, dark_urine) VALUES (707, true, true, true, true, false, true, true, true);
INSERT INTO Cases (diagnosisId, age, gender, majorSx, minorSx, painId) VALUES (4, 54, 'M', 706, 707, 706);
INSERT INTO Positions (posId, right_upper_quadrant, epigastrium) VALUES (708, true, true);
INSERT INTO Positions (posId, right_shoulder_blade, between_shoulder_blades) VALUES (709, true, true);
INSERT INTO Pain (pid, positionId, referred_pain_position, sharp, pleuritic, constant, four_hours, eight_hours, one_day, two_days, worse_with_breathing, worse_with_eating) VALUES (708, 708, 709, true, false, true, false, true, true, true, true, true);
INSERT INTO Symptoms (sxId, nausea, vomiting, loss_of_appetite) VALUES (708, true, true, true);
INSERT INTO Symptoms (sxId, fever, malaise, chills, bloating, indigestion, jaundice, light_colored_stools, dark_urine) VALUES (709, true, true, true, true, true, false, false, true);
INSERT INTO Cases (diagnosisId, age, gender, majorSx, minorSx, painId) VALUES (4, 52, 'M', 708, 709, 708);
INSERT INTO Positions (posId, right_upper_quadrant, epigastrium) VALUES (710, true, true);
INSERT INTO Positions (posId, right_shoulder_blade, between_shoulder_blades) VALUES (711, true, true);
INSERT INTO Pain (pid, positionId, referred_pain_position, sharp, pleuritic, constant, four_hours, eight_hours, one_day, two_days, worse_with_breathing, worse_with_eating) VALUES (710, 710, 711, true, true, true, true, false, true, true, true, true);
INSERT INTO Symptoms (sxId, nausea, vomiting, loss_of_appetite) VALUES (710, false, true, true);
INSERT INTO Symptoms (sxId, fever, malaise, chills, bloating, indigestion, jaundice, light_colored_stools, dark_urine) VALUES (711, true, true, true, false, true, true, true, true);
INSERT INTO Cases (diagnosisId, age, gender, majorSx, minorSx, painId) VALUES (4, 54, 'F', 710, 711, 710);
INSERT INTO Positions (posId, right_upper_quadrant, epigastrium) VALUES (712, true, true);
INSERT INTO Positions (posId, right_shoulder_blade, between_shoulder_blades) VALUES (713, true, true);
INSERT INTO Pain (pid, positionId, referred_pain_position, sharp, pleuritic, constant, four_hours, eight_hours, one_day, two_days, worse_with_breathing, worse_with_eating) VALUES (712, 712, 713, true, true, true, true, true, true, true, true, true);
INSERT INTO Symptoms (sxId, nausea, vomiting, loss_of_appetite) VALUES (712, true, true, true);
INSERT INTO Symptoms (sxId, fever, malaise, chills, bloating, indigestion, jaundice, light_colored_stools, dark_urine) VALUES (713, true, true, true, true, true, true, true, true);
INSERT INTO Cases (diagnosisId, age, gender, majorSx, minorSx, painId) VALUES (4, 52, 'F', 712, 713, 712);
INSERT INTO Positions (posId, right_upper_quadrant, epigastrium) VALUES (714, true, true);
INSERT INTO Positions (posId, right_shoulder_blade, between_shoulder_blades) VALUES (715, true, true);
INSERT INTO Pain (pid, positionId, referred_pain_position, sharp, pleuritic, constant, four_hours, eight_hours, one_day, two_days, worse_with_breathing, worse_with_eating) VALUES (714, 714, 715, true, true, true, true, true, true, true, true, true);
INSERT INTO Symptoms (sxId, nausea, vomiting, loss_of_appetite) VALUES (714, true, true, true);
INSERT INTO Symptoms (sxId, fever, malaise, chills, bloating, indigestion, jaundice, light_colored_stools, dark_urine) VALUES (715, true, true, true, true, true, true, true, true);
INSERT INTO Cases (diagnosisId, age, gender, majorSx, minorSx, painId) VALUES (4, 51, 'F', 714, 715, 714);
INSERT INTO Positions (posId, right_upper_quadrant, epigastrium) VALUES (716, true, true);
INSERT INTO Positions (posId, right_shoulder_blade, between_shoulder_blades) VALUES (717, true, true);
INSERT INTO Pain (pid, positionId, referred_pain_position, sharp, pleuritic, constant, four_hours, eight_hours, one_day, two_days, worse_with_breathing, worse_with_eating) VALUES (716, 716, 717, true, true, false, true, true, false, true, true, true);
INSERT INTO Symptoms (sxId, nausea, vomiting, loss_of_appetite) VALUES (716, true, true, true);
INSERT INTO Symptoms (sxId, fever, malaise, chills, bloating, indigestion, jaundice, light_colored_stools, dark_urine) VALUES (717, true, true, true, true, true, true, true, true);
INSERT INTO Cases (diagnosisId, age, gender, majorSx, minorSx, painId) VALUES (4, 52, 'F', 716, 717, 716);
INSERT INTO Positions (posId, right_upper_quadrant, epigastrium) VALUES (718, true, true);
INSERT INTO Positions (posId, right_shoulder_blade, between_shoulder_blades) VALUES (719, true, true);
INSERT INTO Pain (pid, positionId, referred_pain_position, sharp, pleuritic, constant, four_hours, eight_hours, one_day, two_days, worse_with_breathing, worse_with_eating) VALUES (718, 718, 719, true, true, true, true, true, true, true, true, true);
INSERT INTO Symptoms (sxId, nausea, vomiting, loss_of_appetite) VALUES (718, true, true, false);
INSERT INTO Symptoms (sxId, fever, malaise, chills, bloating, indigestion, jaundice, light_colored_stools, dark_urine) VALUES (719, true, true, true, true, true, false, true, false);
INSERT INTO Cases (diagnosisId, age, gender, majorSx, minorSx, painId) VALUES (4, 54, 'M', 718, 719, 718);
INSERT INTO Positions (posId, right_upper_quadrant, epigastrium) VALUES (720, true, true);
INSERT INTO Positions (posId, right_shoulder_blade, between_shoulder_blades) VALUES (721, true, true);
INSERT INTO Pain (pid, positionId, referred_pain_position, sharp, pleuritic, constant, four_hours, eight_hours, one_day, two_days, worse_with_breathing, worse_with_eating) VALUES (720, 720, 721, true, true, false, true, true, true, true, true, true);
INSERT INTO Symptoms (sxId, nausea, vomiting, loss_of_appetite) VALUES (720, true, true, true);
INSERT INTO Symptoms (sxId, fever, malaise, chills, bloating, indigestion, jaundice, light_colored_stools, dark_urine) VALUES (721, true, true, true, true, true, true, true, true);
INSERT INTO Cases (diagnosisId, age, gender, majorSx, minorSx, painId) VALUES (4, 59, 'M', 720, 721, 720);
INSERT INTO Positions (posId, right_upper_quadrant, epigastrium) VALUES (722, true, true);
INSERT INTO Positions (posId, right_shoulder_blade, between_shoulder_blades) VALUES (723, true, false);
INSERT INTO Pain (pid, positionId, referred_pain_position, sharp, pleuritic, constant, four_hours, eight_hours, one_day, two_days, worse_with_breathing, worse_with_eating) VALUES (722, 722, 723, true, true, true, true, true, false, true, true, true);
INSERT INTO Symptoms (sxId, nausea, vomiting, loss_of_appetite) VALUES (722, false, true, true);
INSERT INTO Symptoms (sxId, fever, malaise, chills, bloating, indigestion, jaundice, light_colored_stools, dark_urine) VALUES (723, true, true, true, false, false, true, true, false);
INSERT INTO Cases (diagnosisId, age, gender, majorSx, minorSx, painId) VALUES (4, 60, 'M', 722, 723, 722);
INSERT INTO Positions (posId, right_upper_quadrant, epigastrium) VALUES (724, true, true);
INSERT INTO Positions (posId, right_shoulder_blade, between_shoulder_blades) VALUES (725, false, true);
INSERT INTO Pain (pid, positionId, referred_pain_position, sharp, pleuritic, constant, four_hours, eight_hours, one_day, two_days, worse_with_breathing, worse_with_eating) VALUES (724, 724, 725, true, false, true, true, true, false, true, true, true);
INSERT INTO Symptoms (sxId, nausea, vomiting, loss_of_appetite) VALUES (724, true, true, true);
INSERT INTO Symptoms (sxId, fever, malaise, chills, bloating, indigestion, jaundice, light_colored_stools, dark_urine) VALUES (725, true, true, true, true, true, true, false, true);
INSERT INTO Cases (diagnosisId, age, gender, majorSx, minorSx, painId) VALUES (4, 57, 'F', 724, 725, 724);
INSERT INTO Positions (posId, right_upper_quadrant, epigastrium) VALUES (726, true, true);
INSERT INTO Positions (posId, right_shoulder_blade, between_shoulder_blades) VALUES (727, true, true);
INSERT INTO Pain (pid, positionId, referred_pain_position, sharp, pleuritic, constant, four_hours, eight_hours, one_day, two_days, worse_with_breathing, worse_with_eating) VALUES (726, 726, 727, true, true, true, true, false, true, true, true, true);
INSERT INTO Symptoms (sxId, nausea, vomiting, loss_of_appetite) VALUES (726, true, true, true);
INSERT INTO Symptoms (sxId, fever, malaise, chills, bloating, indigestion, jaundice, light_colored_stools, dark_urine) VALUES (727, true, true, true, true, true, true, false, true);
INSERT INTO Cases (diagnosisId, age, gender, majorSx, minorSx, painId) VALUES (4, 59, 'F', 726, 727, 726);
INSERT INTO Positions (posId, right_upper_quadrant, epigastrium) VALUES (728, true, true);
INSERT INTO Positions (posId, right_shoulder_blade, between_shoulder_blades) VALUES (729, false, true);
INSERT INTO Pain (pid, positionId, referred_pain_position, sharp, pleuritic, constant, four_hours, eight_hours, one_day, two_days, worse_with_breathing, worse_with_eating) VALUES (728, 728, 729, true, false, true, false, true, true, true, true, true);
INSERT INTO Symptoms (sxId, nausea, vomiting, loss_of_appetite) VALUES (728, true, true, false);
INSERT INTO Symptoms (sxId, fever, malaise, chills, bloating, indigestion, jaundice, light_colored_stools, dark_urine) VALUES (729, true, true, true, true, true, false, true, true);
INSERT INTO Cases (diagnosisId, age, gender, majorSx, minorSx, painId) VALUES (4, 58, 'F', 728, 729, 728);
INSERT INTO Positions (posId, right_upper_quadrant, epigastrium) VALUES (730, true, true);
INSERT INTO Positions (posId, right_shoulder_blade, between_shoulder_blades) VALUES (731, false, true);
INSERT INTO Pain (pid, positionId, referred_pain_position, sharp, pleuritic, constant, four_hours, eight_hours, one_day, two_days, worse_with_breathing, worse_with_eating) VALUES (730, 730, 731, true, true, true, true, true, true, true, true, true);
INSERT INTO Symptoms (sxId, nausea, vomiting, loss_of_appetite) VALUES (730, true, false, true);
INSERT INTO Symptoms (sxId, fever, malaise, chills, bloating, indigestion, jaundice, light_colored_stools, dark_urine) VALUES (731, true, true, true, true, true, true, true, true);
INSERT INTO Cases (diagnosisId, age, gender, majorSx, minorSx, painId) VALUES (4, 59, 'F', 730, 731, 730);
INSERT INTO Positions (posId, right_upper_quadrant, epigastrium) VALUES (732, false, true);
INSERT INTO Positions (posId, right_shoulder_blade, between_shoulder_blades) VALUES (733, true, false);
INSERT INTO Pain (pid, positionId, referred_pain_position, sharp, pleuritic, constant, four_hours, eight_hours, one_day, two_days, worse_with_breathing, worse_with_eating) VALUES (732, 732, 733, true, true, true, true, false, true, true, true, true);
INSERT INTO Symptoms (sxId, nausea, vomiting, loss_of_appetite) VALUES (732, true, true, true);
INSERT INTO Symptoms (sxId, fever, malaise, chills, bloating, indigestion, jaundice, light_colored_stools, dark_urine) VALUES (733, true, true, true, true, true, true, true, true);
INSERT INTO Cases (diagnosisId, age, gender, majorSx, minorSx, painId) VALUES (4, 56, 'M', 732, 733, 732);
INSERT INTO Positions (posId, right_upper_quadrant, epigastrium) VALUES (734, true, true);
INSERT INTO Positions (posId, right_shoulder_blade, between_shoulder_blades) VALUES (735, true, true);
INSERT INTO Pain (pid, positionId, referred_pain_position, sharp, pleuritic, constant, four_hours, eight_hours, one_day, two_days, worse_with_breathing, worse_with_eating) VALUES (734, 734, 735, true, false, false, true, true, true, true, true, true);
INSERT INTO Symptoms (sxId, nausea, vomiting, loss_of_appetite) VALUES (734, true, true, false);
INSERT INTO Symptoms (sxId, fever, malaise, chills, bloating, indigestion, jaundice, light_colored_stools, dark_urine) VALUES (735, true, true, true, true, true, true, true, true);
INSERT INTO Cases (diagnosisId, age, gender, majorSx, minorSx, painId) VALUES (4, 57, 'F', 734, 735, 734);
INSERT INTO Positions (posId, right_upper_quadrant, epigastrium) VALUES (736, true, true);
INSERT INTO Positions (posId, right_shoulder_blade, between_shoulder_blades) VALUES (737, true, true);
INSERT INTO Pain (pid, positionId, referred_pain_position, sharp, pleuritic, constant, four_hours, eight_hours, one_day, two_days, worse_with_breathing, worse_with_eating) VALUES (736, 736, 737, true, true, true, true, true, true, true, true, false);
INSERT INTO Symptoms (sxId, nausea, vomiting, loss_of_appetite) VALUES (736, false, true, true);
INSERT INTO Symptoms (sxId, fever, malaise, chills, bloating, indigestion, jaundice, light_colored_stools, dark_urine) VALUES (737, false, true, true, true, true, true, false, true);
INSERT INTO Cases (diagnosisId, age, gender, majorSx, minorSx, painId) VALUES (4, 63, 'M', 736, 737, 736);
INSERT INTO Positions (posId, right_upper_quadrant, epigastrium) VALUES (738, true, true);
INSERT INTO Positions (posId, right_shoulder_blade, between_shoulder_blades) VALUES (739, false, true);
INSERT INTO Pain (pid, positionId, referred_pain_position, sharp, pleuritic, constant, four_hours, eight_hours, one_day, two_days, worse_with_breathing, worse_with_eating) VALUES (738, 738, 739, true, true, true, true, true, true, true, true, true);
INSERT INTO Symptoms (sxId, nausea, vomiting, loss_of_appetite) VALUES (738, true, true, true);
INSERT INTO Symptoms (sxId, fever, malaise, chills, bloating, indigestion, jaundice, light_colored_stools, dark_urine) VALUES (739, true, true, true, true, true, true, true, true);
INSERT INTO Cases (diagnosisId, age, gender, majorSx, minorSx, painId) VALUES (4, 64, 'F', 738, 739, 738);
INSERT INTO Positions (posId, right_upper_quadrant, epigastrium) VALUES (740, true, true);
INSERT INTO Positions (posId, right_shoulder_blade, between_shoulder_blades) VALUES (741, true, true);
INSERT INTO Pain (pid, positionId, referred_pain_position, sharp, pleuritic, constant, four_hours, eight_hours, one_day, two_days, worse_with_breathing, worse_with_eating) VALUES (740, 740, 741, true, true, true, true, true, true, true, true, true);
INSERT INTO Symptoms (sxId, nausea, vomiting, loss_of_appetite) VALUES (740, true, false, false);
INSERT INTO Symptoms (sxId, fever, malaise, chills, bloating, indigestion, jaundice, light_colored_stools, dark_urine) VALUES (741, true, true, true, true, true, true, true, true);
INSERT INTO Cases (diagnosisId, age, gender, majorSx, minorSx, painId) VALUES (4, 64, 'M', 740, 741, 740);
INSERT INTO Positions (posId, right_upper_quadrant, epigastrium) VALUES (742, true, true);
INSERT INTO Positions (posId, right_shoulder_blade, between_shoulder_blades) VALUES (743, true, true);
INSERT INTO Pain (pid, positionId, referred_pain_position, sharp, pleuritic, constant, four_hours, eight_hours, one_day, two_days, worse_with_breathing, worse_with_eating) VALUES (742, 742, 743, true, true, true, true, false, true, true, false, false);
INSERT INTO Symptoms (sxId, nausea, vomiting, loss_of_appetite) VALUES (742, true, true, true);
INSERT INTO Symptoms (sxId, fever, malaise, chills, bloating, indigestion, jaundice, light_colored_stools, dark_urine) VALUES (743, true, true, true, true, true, true, true, true);
INSERT INTO Cases (diagnosisId, age, gender, majorSx, minorSx, painId) VALUES (4, 62, 'F', 742, 743, 742);
INSERT INTO Positions (posId, right_upper_quadrant, epigastrium) VALUES (744, true, true);
INSERT INTO Positions (posId, right_shoulder_blade, between_shoulder_blades) VALUES (745, false, false);
INSERT INTO Pain (pid, positionId, referred_pain_position, sharp, pleuritic, constant, four_hours, eight_hours, one_day, two_days, worse_with_breathing, worse_with_eating) VALUES (744, 744, 745, true, true, true, true, false, true, true, true, true);
INSERT INTO Symptoms (sxId, nausea, vomiting, loss_of_appetite) VALUES (744, true, true, true);
INSERT INTO Symptoms (sxId, fever, malaise, chills, bloating, indigestion, jaundice, light_colored_stools, dark_urine) VALUES (745, true, false, true, true, true, true, true, true);
INSERT INTO Cases (diagnosisId, age, gender, majorSx, minorSx, painId) VALUES (4, 65, 'M', 744, 745, 744);
INSERT INTO Positions (posId, right_upper_quadrant, epigastrium) VALUES (746, false, true);
INSERT INTO Positions (posId, right_shoulder_blade, between_shoulder_blades) VALUES (747, true, true);
INSERT INTO Pain (pid, positionId, referred_pain_position, sharp, pleuritic, constant, four_hours, eight_hours, one_day, two_days, worse_with_breathing, worse_with_eating) VALUES (746, 746, 747, true, true, true, true, true, true, true, true, true);
INSERT INTO Symptoms (sxId, nausea, vomiting, loss_of_appetite) VALUES (746, true, true, true);
INSERT INTO Symptoms (sxId, fever, malaise, chills, bloating, indigestion, jaundice, light_colored_stools, dark_urine) VALUES (747, true, true, false, true, true, true, true, true);
INSERT INTO Cases (diagnosisId, age, gender, majorSx, minorSx, painId) VALUES (4, 65, 'M', 746, 747, 746);
INSERT INTO Positions (posId, right_upper_quadrant, epigastrium) VALUES (748, true, true);
INSERT INTO Positions (posId, right_shoulder_blade, between_shoulder_blades) VALUES (749, true, false);
INSERT INTO Pain (pid, positionId, referred_pain_position, sharp, pleuritic, constant, four_hours, eight_hours, one_day, two_days, worse_with_breathing, worse_with_eating) VALUES (748, 748, 749, true, true, true, true, true, true, true, true, true);
INSERT INTO Symptoms (sxId, nausea, vomiting, loss_of_appetite) VALUES (748, true, true, true);
INSERT INTO Symptoms (sxId, fever, malaise, chills, bloating, indigestion, jaundice, light_colored_stools, dark_urine) VALUES (749, true, true, true, true, true, false, true, true);
INSERT INTO Cases (diagnosisId, age, gender, majorSx, minorSx, painId) VALUES (4, 63, 'F', 748, 749, 748);
INSERT INTO Positions (posId, right_upper_quadrant, epigastrium) VALUES (750, true, true);
INSERT INTO Positions (posId, right_shoulder_blade, between_shoulder_blades) VALUES (751, true, true);
INSERT INTO Pain (pid, positionId, referred_pain_position, sharp, pleuritic, constant, four_hours, eight_hours, one_day, two_days, worse_with_breathing, worse_with_eating) VALUES (750, 750, 751, true, true, true, true, true, true, true, true, true);
INSERT INTO Symptoms (sxId, nausea, vomiting, loss_of_appetite) VALUES (750, true, true, false);
INSERT INTO Symptoms (sxId, fever, malaise, chills, bloating, indigestion, jaundice, light_colored_stools, dark_urine) VALUES (751, true, true, true, true, true, true, true, true);
INSERT INTO Cases (diagnosisId, age, gender, majorSx, minorSx, painId) VALUES (4, 68, 'M', 750, 751, 750);
INSERT INTO Positions (posId, right_upper_quadrant, epigastrium) VALUES (752, true, true);
INSERT INTO Positions (posId, right_shoulder_blade, between_shoulder_blades) VALUES (753, true, true);
INSERT INTO Pain (pid, positionId, referred_pain_position, sharp, pleuritic, constant, four_hours, eight_hours, one_day, two_days, worse_with_breathing, worse_with_eating) VALUES (752, 752, 753, true, true, true, true, true, false, true, true, true);
INSERT INTO Symptoms (sxId, nausea, vomiting, loss_of_appetite) VALUES (752, true, true, true);
INSERT INTO Symptoms (sxId, fever, malaise, chills, bloating, indigestion, jaundice, light_colored_stools, dark_urine) VALUES (753, true, true, true, true, true, true, true, true);
INSERT INTO Cases (diagnosisId, age, gender, majorSx, minorSx, painId) VALUES (4, 68, 'F', 752, 753, 752);
INSERT INTO Positions (posId, right_upper_quadrant, epigastrium) VALUES (754, true, true);
INSERT INTO Positions (posId, right_shoulder_blade, between_shoulder_blades) VALUES (755, true, true);
INSERT INTO Pain (pid, positionId, referred_pain_position, sharp, pleuritic, constant, four_hours, eight_hours, one_day, two_days, worse_with_breathing, worse_with_eating) VALUES (754, 754, 755, true, false, false, true, true, true, true, true, true);
INSERT INTO Symptoms (sxId, nausea, vomiting, loss_of_appetite) VALUES (754, true, true, false);
INSERT INTO Symptoms (sxId, fever, malaise, chills, bloating, indigestion, jaundice, light_colored_stools, dark_urine) VALUES (755, true, true, true, true, true, true, true, true);
INSERT INTO Cases (diagnosisId, age, gender, majorSx, minorSx, painId) VALUES (4, 67, 'F', 754, 755, 754);
INSERT INTO Positions (posId, right_upper_quadrant, epigastrium) VALUES (756, true, true);
INSERT INTO Positions (posId, right_shoulder_blade, between_shoulder_blades) VALUES (757, true, true);
INSERT INTO Pain (pid, positionId, referred_pain_position, sharp, pleuritic, constant, four_hours, eight_hours, one_day, two_days, worse_with_breathing, worse_with_eating) VALUES (756, 756, 757, true, true, false, true, true, false, true, true, true);
INSERT INTO Symptoms (sxId, nausea, vomiting, loss_of_appetite) VALUES (756, true, true, true);
INSERT INTO Symptoms (sxId, fever, malaise, chills, bloating, indigestion, jaundice, light_colored_stools, dark_urine) VALUES (757, true, true, true, true, true, true, true, true);
INSERT INTO Cases (diagnosisId, age, gender, majorSx, minorSx, painId) VALUES (4, 67, 'F', 756, 757, 756);
INSERT INTO Positions (posId, right_upper_quadrant, epigastrium) VALUES (758, true, true);
INSERT INTO Positions (posId, right_shoulder_blade, between_shoulder_blades) VALUES (759, true, true);
INSERT INTO Pain (pid, positionId, referred_pain_position, sharp, pleuritic, constant, four_hours, eight_hours, one_day, two_days, worse_with_breathing, worse_with_eating) VALUES (758, 758, 759, true, true, true, false, true, true, true, true, true);
INSERT INTO Symptoms (sxId, nausea, vomiting, loss_of_appetite) VALUES (758, true, true, true);
INSERT INTO Symptoms (sxId, fever, malaise, chills, bloating, indigestion, jaundice, light_colored_stools, dark_urine) VALUES (759, true, true, true, true, true, true, true, true);
INSERT INTO Cases (diagnosisId, age, gender, majorSx, minorSx, painId) VALUES (4, 67, 'F', 758, 759, 758);
INSERT INTO Positions (posId, right_upper_quadrant, epigastrium) VALUES (760, true, true);
INSERT INTO Positions (posId, right_shoulder_blade, between_shoulder_blades) VALUES (761, false, true);
INSERT INTO Pain (pid, positionId, referred_pain_position, sharp, pleuritic, constant, four_hours, eight_hours, one_day, two_days, worse_with_breathing, worse_with_eating) VALUES (760, 760, 761, true, true, true, true, true, true, true, true, true);
INSERT INTO Symptoms (sxId, nausea, vomiting, loss_of_appetite) VALUES (760, true, true, true);
INSERT INTO Symptoms (sxId, fever, malaise, chills, bloating, indigestion, jaundice, light_colored_stools, dark_urine) VALUES (761, true, false, true, true, true, true, true, true);
INSERT INTO Cases (diagnosisId, age, gender, majorSx, minorSx, painId) VALUES (4, 66, 'F', 760, 761, 760);
INSERT INTO Positions (posId, right_upper_quadrant, epigastrium) VALUES (762, true, true);
INSERT INTO Positions (posId, right_shoulder_blade, between_shoulder_blades) VALUES (763, true, true);
INSERT INTO Pain (pid, positionId, referred_pain_position, sharp, pleuritic, constant, four_hours, eight_hours, one_day, two_days, worse_with_breathing, worse_with_eating) VALUES (762, 762, 763, true, true, false, true, true, false, true, true, true);
INSERT INTO Symptoms (sxId, nausea, vomiting, loss_of_appetite) VALUES (762, true, true, true);
INSERT INTO Symptoms (sxId, fever, malaise, chills, bloating, indigestion, jaundice, light_colored_stools, dark_urine) VALUES (763, false, true, true, true, true, true, true, true);
INSERT INTO Cases (diagnosisId, age, gender, majorSx, minorSx, painId) VALUES (4, 67, 'F', 762, 763, 762);
INSERT INTO Positions (posId, right_upper_quadrant, epigastrium) VALUES (764, true, true);
INSERT INTO Positions (posId, right_shoulder_blade, between_shoulder_blades) VALUES (765, true, true);
INSERT INTO Pain (pid, positionId, referred_pain_position, sharp, pleuritic, constant, four_hours, eight_hours, one_day, two_days, worse_with_breathing, worse_with_eating) VALUES (764, 764, 765, true, true, true, true, false, true, true, true, true);
INSERT INTO Symptoms (sxId, nausea, vomiting, loss_of_appetite) VALUES (764, false, false, false);
INSERT INTO Symptoms (sxId, fever, malaise, chills, bloating, indigestion, jaundice, light_colored_stools, dark_urine) VALUES (765, false, true, true, true, true, false, true, true);
INSERT INTO Cases (diagnosisId, age, gender, majorSx, minorSx, painId) VALUES (4, 72, 'F', 764, 765, 764);
INSERT INTO Positions (posId, right_upper_quadrant, epigastrium) VALUES (766, false, true);
INSERT INTO Positions (posId, right_shoulder_blade, between_shoulder_blades) VALUES (767, true, true);
INSERT INTO Pain (pid, positionId, referred_pain_position, sharp, pleuritic, constant, four_hours, eight_hours, one_day, two_days, worse_with_breathing, worse_with_eating) VALUES (766, 766, 767, true, true, true, false, true, true, true, true, true);
INSERT INTO Symptoms (sxId, nausea, vomiting, loss_of_appetite) VALUES (766, true, true, true);
INSERT INTO Symptoms (sxId, fever, malaise, chills, bloating, indigestion, jaundice, light_colored_stools, dark_urine) VALUES (767, true, true, true, true, false, true, true, true);
INSERT INTO Cases (diagnosisId, age, gender, majorSx, minorSx, painId) VALUES (4, 72, 'M', 766, 767, 766);
INSERT INTO Positions (posId, right_upper_quadrant, epigastrium) VALUES (768, true, true);
INSERT INTO Positions (posId, right_shoulder_blade, between_shoulder_blades) VALUES (769, false, false);
INSERT INTO Pain (pid, positionId, referred_pain_position, sharp, pleuritic, constant, four_hours, eight_hours, one_day, two_days, worse_with_breathing, worse_with_eating) VALUES (768, 768, 769, false, true, true, true, true, true, true, true, true);
INSERT INTO Symptoms (sxId, nausea, vomiting, loss_of_appetite) VALUES (768, true, true, true);
INSERT INTO Symptoms (sxId, fever, malaise, chills, bloating, indigestion, jaundice, light_colored_stools, dark_urine) VALUES (769, true, true, true, true, true, true, true, true);
INSERT INTO Cases (diagnosisId, age, gender, majorSx, minorSx, painId) VALUES (4, 71, 'F', 768, 769, 768);
INSERT INTO Positions (posId, right_upper_quadrant, epigastrium) VALUES (770, true, true);
INSERT INTO Positions (posId, right_shoulder_blade, between_shoulder_blades) VALUES (771, true, true);
INSERT INTO Pain (pid, positionId, referred_pain_position, sharp, pleuritic, constant, four_hours, eight_hours, one_day, two_days, worse_with_breathing, worse_with_eating) VALUES (770, 770, 771, true, true, true, true, true, true, true, true, true);
INSERT INTO Symptoms (sxId, nausea, vomiting, loss_of_appetite) VALUES (770, true, true, true);
INSERT INTO Symptoms (sxId, fever, malaise, chills, bloating, indigestion, jaundice, light_colored_stools, dark_urine) VALUES (771, false, true, true, true, true, false, true, true);
INSERT INTO Cases (diagnosisId, age, gender, majorSx, minorSx, painId) VALUES (4, 72, 'M', 770, 771, 770);
INSERT INTO Positions (posId, right_upper_quadrant, epigastrium) VALUES (772, true, true);
INSERT INTO Positions (posId, right_shoulder_blade, between_shoulder_blades) VALUES (773, true, true);
INSERT INTO Pain (pid, positionId, referred_pain_position, sharp, pleuritic, constant, four_hours, eight_hours, one_day, two_days, worse_with_breathing, worse_with_eating) VALUES (772, 772, 773, true, true, true, true, false, true, true, true, true);
INSERT INTO Symptoms (sxId, nausea, vomiting, loss_of_appetite) VALUES (772, true, true, true);
INSERT INTO Symptoms (sxId, fever, malaise, chills, bloating, indigestion, jaundice, light_colored_stools, dark_urine) VALUES (773, true, true, true, true, true, true, true, true);
INSERT INTO Cases (diagnosisId, age, gender, majorSx, minorSx, painId) VALUES (4, 74, 'M', 772, 773, 772);
INSERT INTO Positions (posId, right_upper_quadrant, epigastrium) VALUES (774, true, true);
INSERT INTO Positions (posId, right_shoulder_blade, between_shoulder_blades) VALUES (775, true, true);
INSERT INTO Pain (pid, positionId, referred_pain_position, sharp, pleuritic, constant, four_hours, eight_hours, one_day, two_days, worse_with_breathing, worse_with_eating) VALUES (774, 774, 775, true, true, true, true, true, true, true, true, true);
INSERT INTO Symptoms (sxId, nausea, vomiting, loss_of_appetite) VALUES (774, true, true, true);
INSERT INTO Symptoms (sxId, fever, malaise, chills, bloating, indigestion, jaundice, light_colored_stools, dark_urine) VALUES (775, true, true, true, true, true, true, true, true);
INSERT INTO Cases (diagnosisId, age, gender, majorSx, minorSx, painId) VALUES (4, 72, 'F', 774, 775, 774);
INSERT INTO Positions (posId, right_upper_quadrant, epigastrium) VALUES (776, true, true);
INSERT INTO Positions (posId, right_shoulder_blade, between_shoulder_blades) VALUES (777, true, true);
INSERT INTO Pain (pid, positionId, referred_pain_position, sharp, pleuritic, constant, four_hours, eight_hours, one_day, two_days, worse_with_breathing, worse_with_eating) VALUES (776, 776, 777, true, true, true, true, true, true, true, true, true);
INSERT INTO Symptoms (sxId, nausea, vomiting, loss_of_appetite) VALUES (776, true, true, true);
INSERT INTO Symptoms (sxId, fever, malaise, chills, bloating, indigestion, jaundice, light_colored_stools, dark_urine) VALUES (777, true, true, true, true, true, true, true, true);
INSERT INTO Cases (diagnosisId, age, gender, majorSx, minorSx, painId) VALUES (4, 74, 'F', 776, 777, 776);
INSERT INTO Positions (posId, right_upper_quadrant, epigastrium) VALUES (778, true, true);
INSERT INTO Positions (posId, right_shoulder_blade, between_shoulder_blades) VALUES (779, true, true);
INSERT INTO Pain (pid, positionId, referred_pain_position, sharp, pleuritic, constant, four_hours, eight_hours, one_day, two_days, worse_with_breathing, worse_with_eating) VALUES (778, 778, 779, true, false, true, true, true, true, true, true, true);
INSERT INTO Symptoms (sxId, nausea, vomiting, loss_of_appetite) VALUES (778, true, true, true);
INSERT INTO Symptoms (sxId, fever, malaise, chills, bloating, indigestion, jaundice, light_colored_stools, dark_urine) VALUES (779, true, true, false, true, true, true, true, false);
INSERT INTO Cases (diagnosisId, age, gender, majorSx, minorSx, painId) VALUES (4, 76, 'F', 778, 779, 778);
INSERT INTO Positions (posId, right_upper_quadrant, epigastrium) VALUES (780, false, true);
INSERT INTO Positions (posId, right_shoulder_blade, between_shoulder_blades) VALUES (781, false, false);
INSERT INTO Pain (pid, positionId, referred_pain_position, sharp, pleuritic, constant, four_hours, eight_hours, one_day, two_days, worse_with_breathing, worse_with_eating) VALUES (780, 780, 781, true, true, false, true, true, true, true, true, true);
INSERT INTO Symptoms (sxId, nausea, vomiting, loss_of_appetite) VALUES (780, true, true, true);
INSERT INTO Symptoms (sxId, fever, malaise, chills, bloating, indigestion, jaundice, light_colored_stools, dark_urine) VALUES (781, true, true, true, true, true, true, true, true);
INSERT INTO Cases (diagnosisId, age, gender, majorSx, minorSx, painId) VALUES (4, 78, 'F', 780, 781, 780);
INSERT INTO Positions (posId, right_upper_quadrant, epigastrium) VALUES (782, true, false);
INSERT INTO Positions (posId, right_shoulder_blade, between_shoulder_blades) VALUES (783, false, true);
INSERT INTO Pain (pid, positionId, referred_pain_position, sharp, pleuritic, constant, four_hours, eight_hours, one_day, two_days, worse_with_breathing, worse_with_eating) VALUES (782, 782, 783, true, true, true, true, true, true, false, true, true);
INSERT INTO Symptoms (sxId, nausea, vomiting, loss_of_appetite) VALUES (782, false, true, true);
INSERT INTO Symptoms (sxId, fever, malaise, chills, bloating, indigestion, jaundice, light_colored_stools, dark_urine) VALUES (783, true, true, true, true, true, true, true, true);
INSERT INTO Cases (diagnosisId, age, gender, majorSx, minorSx, painId) VALUES (4, 77, 'M', 782, 783, 782);
INSERT INTO Positions (posId, right_upper_quadrant, epigastrium) VALUES (784, true, true);
INSERT INTO Positions (posId, right_shoulder_blade, between_shoulder_blades) VALUES (785, true, true);
INSERT INTO Pain (pid, positionId, referred_pain_position, sharp, pleuritic, constant, four_hours, eight_hours, one_day, two_days, worse_with_breathing, worse_with_eating) VALUES (784, 784, 785, true, true, true, true, true, true, false, true, true);
INSERT INTO Symptoms (sxId, nausea, vomiting, loss_of_appetite) VALUES (784, true, true, true);
INSERT INTO Symptoms (sxId, fever, malaise, chills, bloating, indigestion, jaundice, light_colored_stools, dark_urine) VALUES (785, true, true, true, true, true, true, true, true);
INSERT INTO Cases (diagnosisId, age, gender, majorSx, minorSx, painId) VALUES (4, 76, 'F', 784, 785, 784);
INSERT INTO Positions (posId, right_upper_quadrant, epigastrium) VALUES (786, true, false);
INSERT INTO Positions (posId, right_shoulder_blade, between_shoulder_blades) VALUES (787, true, true);
INSERT INTO Pain (pid, positionId, referred_pain_position, sharp, pleuritic, constant, four_hours, eight_hours, one_day, two_days, worse_with_breathing, worse_with_eating) VALUES (786, 786, 787, true, true, true, true, true, true, true, false, true);
INSERT INTO Symptoms (sxId, nausea, vomiting, loss_of_appetite) VALUES (786, true, true, true);
INSERT INTO Symptoms (sxId, fever, malaise, chills, bloating, indigestion, jaundice, light_colored_stools, dark_urine) VALUES (787, true, true, true, true, true, true, true, true);
INSERT INTO Cases (diagnosisId, age, gender, majorSx, minorSx, painId) VALUES (4, 76, 'F', 786, 787, 786);
INSERT INTO Positions (posId, right_upper_quadrant, epigastrium) VALUES (788, true, true);
INSERT INTO Positions (posId, right_shoulder_blade, between_shoulder_blades) VALUES (789, true, true);
INSERT INTO Pain (pid, positionId, referred_pain_position, sharp, pleuritic, constant, four_hours, eight_hours, one_day, two_days, worse_with_breathing, worse_with_eating) VALUES (788, 788, 789, true, true, true, true, true, true, true, true, true);
INSERT INTO Symptoms (sxId, nausea, vomiting, loss_of_appetite) VALUES (788, true, true, true);
INSERT INTO Symptoms (sxId, fever, malaise, chills, bloating, indigestion, jaundice, light_colored_stools, dark_urine) VALUES (789, true, true, true, true, true, true, true, true);
INSERT INTO Cases (diagnosisId, age, gender, majorSx, minorSx, painId) VALUES (4, 81, 'F', 788, 789, 788);
INSERT INTO Positions (posId, right_upper_quadrant, epigastrium) VALUES (790, true, true);
INSERT INTO Positions (posId, right_shoulder_blade, between_shoulder_blades) VALUES (791, true, true);
INSERT INTO Pain (pid, positionId, referred_pain_position, sharp, pleuritic, constant, four_hours, eight_hours, one_day, two_days, worse_with_breathing, worse_with_eating) VALUES (790, 790, 791, false, true, true, true, true, true, true, true, true);
INSERT INTO Symptoms (sxId, nausea, vomiting, loss_of_appetite) VALUES (790, true, true, true);
INSERT INTO Symptoms (sxId, fever, malaise, chills, bloating, indigestion, jaundice, light_colored_stools, dark_urine) VALUES (791, true, true, true, true, true, false, true, true);
INSERT INTO Cases (diagnosisId, age, gender, majorSx, minorSx, painId) VALUES (4, 81, 'F', 790, 791, 790);
INSERT INTO Positions (posId, right_upper_quadrant, epigastrium) VALUES (792, true, true);
INSERT INTO Positions (posId, right_shoulder_blade, between_shoulder_blades) VALUES (793, true, true);
INSERT INTO Pain (pid, positionId, referred_pain_position, sharp, pleuritic, constant, four_hours, eight_hours, one_day, two_days, worse_with_breathing, worse_with_eating) VALUES (792, 792, 793, false, true, true, true, true, true, true, true, true);
INSERT INTO Symptoms (sxId, nausea, vomiting, loss_of_appetite) VALUES (792, true, true, true);
INSERT INTO Symptoms (sxId, fever, malaise, chills, bloating, indigestion, jaundice, light_colored_stools, dark_urine) VALUES (793, true, true, true, true, true, true, true, true);
INSERT INTO Cases (diagnosisId, age, gender, majorSx, minorSx, painId) VALUES (4, 89, 'F', 792, 793, 792);
INSERT INTO Positions (posId, right_upper_quadrant, epigastrium) VALUES (794, true, true);
INSERT INTO Positions (posId, right_shoulder_blade, between_shoulder_blades) VALUES (795, true, true);
INSERT INTO Pain (pid, positionId, referred_pain_position, sharp, pleuritic, constant, four_hours, eight_hours, one_day, two_days, worse_with_breathing, worse_with_eating) VALUES (794, 794, 795, true, false, true, true, false, false, true, true, false);
INSERT INTO Symptoms (sxId, nausea, vomiting, loss_of_appetite) VALUES (794, true, true, true);
INSERT INTO Symptoms (sxId, fever, malaise, chills, bloating, indigestion, jaundice, light_colored_stools, dark_urine) VALUES (795, true, true, true, true, false, true, true, true);
INSERT INTO Cases (diagnosisId, age, gender, majorSx, minorSx, painId) VALUES (4, 90, 'F', 794, 795, 794);
INSERT INTO Positions (posId, right_upper_quadrant, epigastrium) VALUES (796, true, true);
INSERT INTO Positions (posId, right_shoulder_blade, between_shoulder_blades) VALUES (797, true, true);
INSERT INTO Pain (pid, positionId, referred_pain_position, sharp, pleuritic, constant, four_hours, eight_hours, one_day, two_days, worse_with_breathing, worse_with_eating) VALUES (796, 796, 797, true, true, true, true, true, true, true, true, true);
INSERT INTO Symptoms (sxId, nausea, vomiting, loss_of_appetite) VALUES (796, true, true, true);
INSERT INTO Symptoms (sxId, fever, malaise, chills, bloating, indigestion, jaundice, light_colored_stools, dark_urine) VALUES (797, true, true, true, true, false, true, true, true);
INSERT INTO Cases (diagnosisId, age, gender, majorSx, minorSx, painId) VALUES (4, 92, 'F', 796, 797, 796);
INSERT INTO Positions (posId, right_upper_quadrant, epigastrium) VALUES (798, true, true);
INSERT INTO Positions (posId, right_shoulder_blade, between_shoulder_blades) VALUES (799, true, true);
INSERT INTO Pain (pid, positionId, referred_pain_position, sharp, pleuritic, constant, four_hours, eight_hours, one_day, two_days, worse_with_breathing, worse_with_eating) VALUES (798, 798, 799, true, true, true, true, true, false, true, true, false);
INSERT INTO Symptoms (sxId, nausea, vomiting, loss_of_appetite) VALUES (798, true, true, true);
INSERT INTO Symptoms (sxId, fever, malaise, chills, bloating, indigestion, jaundice, light_colored_stools, dark_urine) VALUES (799, true, true, true, true, true, true, true, true);
INSERT INTO Cases (diagnosisId, age, gender, majorSx, minorSx, painId) VALUES (4, 101, 'F', 798, 799, 798);
INSERT INTO Positions (posId, right_upper_quadrant, epigastrium) VALUES (800, true, true);
INSERT INTO Positions (posId, right_shoulder_blade, between_shoulder_blades) VALUES (801, true, true);
INSERT INTO Pain (pid, positionId, referred_pain_position, sharp, pleuritic, constant, four_hours, eight_hours, one_day, two_days, worse_with_breathing, worse_with_eating) VALUES (800, 800, 801, true, true, true, true, true, true, true, false, true);
INSERT INTO Symptoms (sxId, nausea, vomiting, loss_of_appetite) VALUES (800, true, true, true);
INSERT INTO Symptoms (sxId, fever, malaise, chills, bloating, indigestion, jaundice, light_colored_stools, dark_urine) VALUES (801, true, false, true, false, true, true, true, true);
INSERT INTO Cases (diagnosisId, age, gender, majorSx, minorSx, painId) VALUES (4, 104, 'F', 800, 801, 800);
Insert INTO Diagnosis (dId, dname) Values (5, 'Divericulitis');
INSERT INTO Positions (posId, left_lower_quadrant, right_lower_quadrant, suprapubic, left_upper_quadrant) VALUES (802, true, false, true, true);
INSERT INTO Positions (posId) VALUES (803);
INSERT INTO Pain (pid, positionId, referred_pain_position, dull, constant, four_hours, eight_hours, one_day, two_days, one_week, better_with_lying_still, worse_with_moving_around, worse_with_eating) VALUES (802, 802, 803, true, true, true, true, true, true, true, true, true, true);
INSERT INTO Symptoms (sxId, fever, loss_of_appetite) VALUES (802, false, true);
INSERT INTO Symptoms (sxId, bloating, constipation, diarrhea, indigestion, nausea, vomiting, chills) VALUES (803, true, true, true, true, true, true, true);
INSERT INTO Cases (diagnosisId, age, gender, majorSx, minorSx, painId) VALUES (5, 18, 'F', 802, 803, 802);
INSERT INTO Positions (posId, left_lower_quadrant, right_lower_quadrant, suprapubic, left_upper_quadrant) VALUES (804, true, true, true, true);
INSERT INTO Positions (posId) VALUES (805);
INSERT INTO Pain (pid, positionId, referred_pain_position, dull, constant, four_hours, eight_hours, one_day, two_days, one_week, better_with_lying_still, worse_with_moving_around, worse_with_eating) VALUES (804, 804, 805, true, true, true, true, true, true, true, true, false, true);
INSERT INTO Symptoms (sxId, fever, loss_of_appetite) VALUES (804, true, true);
INSERT INTO Symptoms (sxId, bloating, constipation, diarrhea, indigestion, nausea, vomiting, chills) VALUES (805, true, true, true, true, true, true, true);
INSERT INTO Cases (diagnosisId, age, gender, majorSx, minorSx, painId) VALUES (5, 19, 'F', 804, 805, 804);
INSERT INTO Positions (posId, left_lower_quadrant, right_lower_quadrant, suprapubic, left_upper_quadrant) VALUES (806, true, true, true, true);
INSERT INTO Positions (posId) VALUES (807);
INSERT INTO Pain (pid, positionId, referred_pain_position, dull, constant, four_hours, eight_hours, one_day, two_days, one_week, better_with_lying_still, worse_with_moving_around, worse_with_eating) VALUES (806, 806, 807, true, true, true, true, true, true, true, true, true, true);
INSERT INTO Symptoms (sxId, fever, loss_of_appetite) VALUES (806, true, true);
INSERT INTO Symptoms (sxId, bloating, constipation, diarrhea, indigestion, nausea, vomiting, chills) VALUES (807, true, true, true, true, true, true, true);
INSERT INTO Cases (diagnosisId, age, gender, majorSx, minorSx, painId) VALUES (5, 23, 'F', 806, 807, 806);
INSERT INTO Positions (posId, left_lower_quadrant, right_lower_quadrant, suprapubic, left_upper_quadrant) VALUES (808, true, false, true, true);
INSERT INTO Positions (posId) VALUES (809);
INSERT INTO Pain (pid, positionId, referred_pain_position, dull, constant, four_hours, eight_hours, one_day, two_days, one_week, better_with_lying_still, worse_with_moving_around, worse_with_eating) VALUES (808, 808, 809, true, true, false, false, true, true, true, true, false, true);
INSERT INTO Symptoms (sxId, fever, loss_of_appetite) VALUES (808, true, true);
INSERT INTO Symptoms (sxId, bloating, constipation, diarrhea, indigestion, nausea, vomiting, chills) VALUES (809, true, true, true, true, true, true, false);
INSERT INTO Cases (diagnosisId, age, gender, majorSx, minorSx, painId) VALUES (5, 25, 'M', 808, 809, 808);
INSERT INTO Positions (posId, left_lower_quadrant, right_lower_quadrant, suprapubic, left_upper_quadrant) VALUES (810, true, true, true, true);
INSERT INTO Positions (posId) VALUES (811);
INSERT INTO Pain (pid, positionId, referred_pain_position, dull, constant, four_hours, eight_hours, one_day, two_days, one_week, better_with_lying_still, worse_with_moving_around, worse_with_eating) VALUES (810, 810, 811, true, true, true, true, true, true, true, true, true, true);
INSERT INTO Symptoms (sxId, fever, loss_of_appetite) VALUES (810, true, true);
INSERT INTO Symptoms (sxId, bloating, constipation, diarrhea, indigestion, nausea, vomiting, chills) VALUES (811, true, false, true, false, true, true, false);
INSERT INTO Cases (diagnosisId, age, gender, majorSx, minorSx, painId) VALUES (5, 24, 'M', 810, 811, 810);
INSERT INTO Positions (posId, left_lower_quadrant, right_lower_quadrant, suprapubic, left_upper_quadrant) VALUES (812, true, true, true, true);
INSERT INTO Positions (posId) VALUES (813);
INSERT INTO Pain (pid, positionId, referred_pain_position, dull, constant, four_hours, eight_hours, one_day, two_days, one_week, better_with_lying_still, worse_with_moving_around, worse_with_eating) VALUES (812, 812, 813, true, true, true, true, true, true, true, true, true, true);
INSERT INTO Symptoms (sxId, fever, loss_of_appetite) VALUES (812, true, true);
INSERT INTO Symptoms (sxId, bloating, constipation, diarrhea, indigestion, nausea, vomiting, chills) VALUES (813, false, true, true, true, true, true, true);
INSERT INTO Cases (diagnosisId, age, gender, majorSx, minorSx, painId) VALUES (5, 26, 'M', 812, 813, 812);
INSERT INTO Positions (posId, left_lower_quadrant, right_lower_quadrant, suprapubic, left_upper_quadrant) VALUES (814, true, true, true, true);
INSERT INTO Positions (posId) VALUES (815);
INSERT INTO Pain (pid, positionId, referred_pain_position, dull, constant, four_hours, eight_hours, one_day, two_days, one_week, better_with_lying_still, worse_with_moving_around, worse_with_eating) VALUES (814, 814, 815, true, true, true, true, true, true, true, true, true, true);
INSERT INTO Symptoms (sxId, fever, loss_of_appetite) VALUES (814, true, true);
INSERT INTO Symptoms (sxId, bloating, constipation, diarrhea, indigestion, nausea, vomiting, chills) VALUES (815, true, true, true, true, true, true, true);
INSERT INTO Cases (diagnosisId, age, gender, majorSx, minorSx, painId) VALUES (5, 26, 'F', 814, 815, 814);
INSERT INTO Positions (posId, left_lower_quadrant, right_lower_quadrant, suprapubic, left_upper_quadrant) VALUES (816, true, true, true, false);
INSERT INTO Positions (posId) VALUES (817);
INSERT INTO Pain (pid, positionId, referred_pain_position, dull, constant, four_hours, eight_hours, one_day, two_days, one_week, better_with_lying_still, worse_with_moving_around, worse_with_eating) VALUES (816, 816, 817, true, false, true, true, false, true, true, true, true, true);
INSERT INTO Symptoms (sxId, fever, loss_of_appetite) VALUES (816, true, true);
INSERT INTO Symptoms (sxId, bloating, constipation, diarrhea, indigestion, nausea, vomiting, chills) VALUES (817, true, true, true, true, true, true, true);
INSERT INTO Cases (diagnosisId, age, gender, majorSx, minorSx, painId) VALUES (5, 27, 'F', 816, 817, 816);
INSERT INTO Positions (posId, left_lower_quadrant, right_lower_quadrant, suprapubic, left_upper_quadrant) VALUES (818, true, true, true, true);
INSERT INTO Positions (posId) VALUES (819);
INSERT INTO Pain (pid, positionId, referred_pain_position, dull, constant, four_hours, eight_hours, one_day, two_days, one_week, better_with_lying_still, worse_with_moving_around, worse_with_eating) VALUES (818, 818, 819, true, true, true, true, true, true, true, true, false, true);
INSERT INTO Symptoms (sxId, fever, loss_of_appetite) VALUES (818, true, true);
INSERT INTO Symptoms (sxId, bloating, constipation, diarrhea, indigestion, nausea, vomiting, chills) VALUES (819, true, true, true, true, true, true, true);
INSERT INTO Cases (diagnosisId, age, gender, majorSx, minorSx, painId) VALUES (5, 27, 'F', 818, 819, 818);
INSERT INTO Positions (posId, left_lower_quadrant, right_lower_quadrant, suprapubic, left_upper_quadrant) VALUES (820, false, true, true, true);
INSERT INTO Positions (posId) VALUES (821);
INSERT INTO Pain (pid, positionId, referred_pain_position, dull, constant, four_hours, eight_hours, one_day, two_days, one_week, better_with_lying_still, worse_with_moving_around, worse_with_eating) VALUES (820, 820, 821, true, true, true, true, true, true, true, true, true, true);
INSERT INTO Symptoms (sxId, fever, loss_of_appetite) VALUES (820, true, true);
INSERT INTO Symptoms (sxId, bloating, constipation, diarrhea, indigestion, nausea, vomiting, chills) VALUES (821, true, true, true, true, true, true, true);
INSERT INTO Cases (diagnosisId, age, gender, majorSx, minorSx, painId) VALUES (5, 32, 'F', 820, 821, 820);
INSERT INTO Positions (posId, left_lower_quadrant, right_lower_quadrant, suprapubic, left_upper_quadrant) VALUES (822, true, true, true, true);
INSERT INTO Positions (posId) VALUES (823);
INSERT INTO Pain (pid, positionId, referred_pain_position, dull, constant, four_hours, eight_hours, one_day, two_days, one_week, better_with_lying_still, worse_with_moving_around, worse_with_eating) VALUES (822, 822, 823, false, false, false, true, true, true, true, true, true, true);
INSERT INTO Symptoms (sxId, fever, loss_of_appetite) VALUES (822, true, true);
INSERT INTO Symptoms (sxId, bloating, constipation, diarrhea, indigestion, nausea, vomiting, chills) VALUES (823, true, true, false, true, true, true, true);
INSERT INTO Cases (diagnosisId, age, gender, majorSx, minorSx, painId) VALUES (5, 31, 'M', 822, 823, 822);
INSERT INTO Positions (posId, left_lower_quadrant, right_lower_quadrant, suprapubic, left_upper_quadrant) VALUES (824, true, true, true, true);
INSERT INTO Positions (posId) VALUES (825);
INSERT INTO Pain (pid, positionId, referred_pain_position, dull, constant, four_hours, eight_hours, one_day, two_days, one_week, better_with_lying_still, worse_with_moving_around, worse_with_eating) VALUES (824, 824, 825, true, true, true, true, true, true, true, true, true, true);
INSERT INTO Symptoms (sxId, fever, loss_of_appetite) VALUES (824, true, true);
INSERT INTO Symptoms (sxId, bloating, constipation, diarrhea, indigestion, nausea, vomiting, chills) VALUES (825, false, true, true, true, true, true, true);
INSERT INTO Cases (diagnosisId, age, gender, majorSx, minorSx, painId) VALUES (5, 33, 'F', 824, 825, 824);
INSERT INTO Positions (posId, left_lower_quadrant, right_lower_quadrant, suprapubic, left_upper_quadrant) VALUES (826, true, true, true, true);
INSERT INTO Positions (posId) VALUES (827);
INSERT INTO Pain (pid, positionId, referred_pain_position, dull, constant, four_hours, eight_hours, one_day, two_days, one_week, better_with_lying_still, worse_with_moving_around, worse_with_eating) VALUES (826, 826, 827, true, true, true, true, true, true, true, true, true, true);
INSERT INTO Symptoms (sxId, fever, loss_of_appetite) VALUES (826, true, true);
INSERT INTO Symptoms (sxId, bloating, constipation, diarrhea, indigestion, nausea, vomiting, chills) VALUES (827, true, false, true, true, true, true, true);
INSERT INTO Cases (diagnosisId, age, gender, majorSx, minorSx, painId) VALUES (5, 33, 'M', 826, 827, 826);
INSERT INTO Positions (posId, left_lower_quadrant, right_lower_quadrant, suprapubic, left_upper_quadrant) VALUES (828, true, false, true, true);
INSERT INTO Positions (posId) VALUES (829);
INSERT INTO Pain (pid, positionId, referred_pain_position, dull, constant, four_hours, eight_hours, one_day, two_days, one_week, better_with_lying_still, worse_with_moving_around, worse_with_eating) VALUES (828, 828, 829, true, true, true, true, true, true, true, true, true, true);
INSERT INTO Symptoms (sxId, fever, loss_of_appetite) VALUES (828, true, true);
INSERT INTO Symptoms (sxId, bloating, constipation, diarrhea, indigestion, nausea, vomiting, chills) VALUES (829, false, true, true, true, true, true, true);
INSERT INTO Cases (diagnosisId, age, gender, majorSx, minorSx, painId) VALUES (5, 34, 'M', 828, 829, 828);
INSERT INTO Positions (posId, left_lower_quadrant, right_lower_quadrant, suprapubic, left_upper_quadrant) VALUES (830, false, true, true, true);
INSERT INTO Positions (posId) VALUES (831);
INSERT INTO Pain (pid, positionId, referred_pain_position, dull, constant, four_hours, eight_hours, one_day, two_days, one_week, better_with_lying_still, worse_with_moving_around, worse_with_eating) VALUES (830, 830, 831, false, true, true, true, true, true, true, true, true, true);
INSERT INTO Symptoms (sxId, fever, loss_of_appetite) VALUES (830, true, true);
INSERT INTO Symptoms (sxId, bloating, constipation, diarrhea, indigestion, nausea, vomiting, chills) VALUES (831, true, true, true, true, true, false, true);
INSERT INTO Cases (diagnosisId, age, gender, majorSx, minorSx, painId) VALUES (5, 37, 'F', 830, 831, 830);
INSERT INTO Positions (posId, left_lower_quadrant, right_lower_quadrant, suprapubic, left_upper_quadrant) VALUES (832, true, true, true, true);
INSERT INTO Positions (posId) VALUES (833);
INSERT INTO Pain (pid, positionId, referred_pain_position, dull, constant, four_hours, eight_hours, one_day, two_days, one_week, better_with_lying_still, worse_with_moving_around, worse_with_eating) VALUES (832, 832, 833, true, true, true, true, true, true, true, false, true, true);
INSERT INTO Symptoms (sxId, fever, loss_of_appetite) VALUES (832, true, true);
INSERT INTO Symptoms (sxId, bloating, constipation, diarrhea, indigestion, nausea, vomiting, chills) VALUES (833, true, true, true, true, true, true, true);
INSERT INTO Cases (diagnosisId, age, gender, majorSx, minorSx, painId) VALUES (5, 36, 'F', 832, 833, 832);
INSERT INTO Positions (posId, left_lower_quadrant, right_lower_quadrant, suprapubic, left_upper_quadrant) VALUES (834, true, true, true, true);
INSERT INTO Positions (posId) VALUES (835);
INSERT INTO Pain (pid, positionId, referred_pain_position, dull, constant, four_hours, eight_hours, one_day, two_days, one_week, better_with_lying_still, worse_with_moving_around, worse_with_eating) VALUES (834, 834, 835, true, true, true, true, true, true, true, true, true, true);
INSERT INTO Symptoms (sxId, fever, loss_of_appetite) VALUES (834, true, true);
INSERT INTO Symptoms (sxId, bloating, constipation, diarrhea, indigestion, nausea, vomiting, chills) VALUES (835, true, true, true, true, true, true, true);
INSERT INTO Cases (diagnosisId, age, gender, majorSx, minorSx, painId) VALUES (5, 40, 'F', 834, 835, 834);
INSERT INTO Positions (posId, left_lower_quadrant, right_lower_quadrant, suprapubic, left_upper_quadrant) VALUES (836, false, true, false, true);
INSERT INTO Positions (posId) VALUES (837);
INSERT INTO Pain (pid, positionId, referred_pain_position, dull, constant, four_hours, eight_hours, one_day, two_days, one_week, better_with_lying_still, worse_with_moving_around, worse_with_eating) VALUES (836, 836, 837, true, true, true, true, true, true, false, true, true, true);
INSERT INTO Symptoms (sxId, fever, loss_of_appetite) VALUES (836, false, false);
INSERT INTO Symptoms (sxId, bloating, constipation, diarrhea, indigestion, nausea, vomiting, chills) VALUES (837, true, true, true, true, true, true, true);
INSERT INTO Cases (diagnosisId, age, gender, majorSx, minorSx, painId) VALUES (5, 38, 'F', 836, 837, 836);
INSERT INTO Positions (posId, left_lower_quadrant, right_lower_quadrant, suprapubic, left_upper_quadrant) VALUES (838, true, true, true, true);
INSERT INTO Positions (posId) VALUES (839);
INSERT INTO Pain (pid, positionId, referred_pain_position, dull, constant, four_hours, eight_hours, one_day, two_days, one_week, better_with_lying_still, worse_with_moving_around, worse_with_eating) VALUES (838, 838, 839, true, true, true, true, false, true, true, true, true, true);
INSERT INTO Symptoms (sxId, fever, loss_of_appetite) VALUES (838, false, true);
INSERT INTO Symptoms (sxId, bloating, constipation, diarrhea, indigestion, nausea, vomiting, chills) VALUES (839, true, true, true, true, true, true, true);
INSERT INTO Cases (diagnosisId, age, gender, majorSx, minorSx, painId) VALUES (5, 39, 'F', 838, 839, 838);
INSERT INTO Positions (posId, left_lower_quadrant, right_lower_quadrant, suprapubic, left_upper_quadrant) VALUES (840, true, false, true, true);
INSERT INTO Positions (posId) VALUES (841);
INSERT INTO Pain (pid, positionId, referred_pain_position, dull, constant, four_hours, eight_hours, one_day, two_days, one_week, better_with_lying_still, worse_with_moving_around, worse_with_eating) VALUES (840, 840, 841, true, true, false, true, true, true, true, true, false, true);
INSERT INTO Symptoms (sxId, fever, loss_of_appetite) VALUES (840, true, true);
INSERT INTO Symptoms (sxId, bloating, constipation, diarrhea, indigestion, nausea, vomiting, chills) VALUES (841, true, true, true, true, true, true, true);
INSERT INTO Cases (diagnosisId, age, gender, majorSx, minorSx, painId) VALUES (5, 42, 'F', 840, 841, 840);
INSERT INTO Positions (posId, left_lower_quadrant, right_lower_quadrant, suprapubic, left_upper_quadrant) VALUES (842, true, true, true, true);
INSERT INTO Positions (posId) VALUES (843);
INSERT INTO Pain (pid, positionId, referred_pain_position, dull, constant, four_hours, eight_hours, one_day, two_days, one_week, better_with_lying_still, worse_with_moving_around, worse_with_eating) VALUES (842, 842, 843, true, true, true, true, true, true, true, true, true, false);
INSERT INTO Symptoms (sxId, fever, loss_of_appetite) VALUES (842, true, true);
INSERT INTO Symptoms (sxId, bloating, constipation, diarrhea, indigestion, nausea, vomiting, chills) VALUES (843, true, true, true, true, true, true, true);
INSERT INTO Cases (diagnosisId, age, gender, majorSx, minorSx, painId) VALUES (5, 42, 'F', 842, 843, 842);
INSERT INTO Positions (posId, left_lower_quadrant, right_lower_quadrant, suprapubic, left_upper_quadrant) VALUES (844, true, true, true, true);
INSERT INTO Positions (posId) VALUES (845);
INSERT INTO Pain (pid, positionId, referred_pain_position, dull, constant, four_hours, eight_hours, one_day, two_days, one_week, better_with_lying_still, worse_with_moving_around, worse_with_eating) VALUES (844, 844, 845, true, true, true, true, true, true, true, true, true, true);
INSERT INTO Symptoms (sxId, fever, loss_of_appetite) VALUES (844, true, true);
INSERT INTO Symptoms (sxId, bloating, constipation, diarrhea, indigestion, nausea, vomiting, chills) VALUES (845, true, true, false, true, true, true, true);
INSERT INTO Cases (diagnosisId, age, gender, majorSx, minorSx, painId) VALUES (5, 44, 'F', 844, 845, 844);
INSERT INTO Positions (posId, left_lower_quadrant, right_lower_quadrant, suprapubic, left_upper_quadrant) VALUES (846, true, true, true, true);
INSERT INTO Positions (posId) VALUES (847);
INSERT INTO Pain (pid, positionId, referred_pain_position, dull, constant, four_hours, eight_hours, one_day, two_days, one_week, better_with_lying_still, worse_with_moving_around, worse_with_eating) VALUES (846, 846, 847, true, true, true, true, true, true, true, true, true, true);
INSERT INTO Symptoms (sxId, fever, loss_of_appetite) VALUES (846, true, false);
INSERT INTO Symptoms (sxId, bloating, constipation, diarrhea, indigestion, nausea, vomiting, chills) VALUES (847, true, true, true, true, true, true, false);
INSERT INTO Cases (diagnosisId, age, gender, majorSx, minorSx, painId) VALUES (5, 42, 'M', 846, 847, 846);
INSERT INTO Positions (posId, left_lower_quadrant, right_lower_quadrant, suprapubic, left_upper_quadrant) VALUES (848, true, true, true, true);
INSERT INTO Positions (posId) VALUES (849);
INSERT INTO Pain (pid, positionId, referred_pain_position, dull, constant, four_hours, eight_hours, one_day, two_days, one_week, better_with_lying_still, worse_with_moving_around, worse_with_eating) VALUES (848, 848, 849, true, false, true, true, true, true, true, true, false, true);
INSERT INTO Symptoms (sxId, fever, loss_of_appetite) VALUES (848, true, true);
INSERT INTO Symptoms (sxId, bloating, constipation, diarrhea, indigestion, nausea, vomiting, chills) VALUES (849, true, true, true, true, true, true, true);
INSERT INTO Cases (diagnosisId, age, gender, majorSx, minorSx, painId) VALUES (5, 44, 'F', 848, 849, 848);
INSERT INTO Positions (posId, left_lower_quadrant, right_lower_quadrant, suprapubic, left_upper_quadrant) VALUES (850, true, false, true, true);
INSERT INTO Positions (posId) VALUES (851);
INSERT INTO Pain (pid, positionId, referred_pain_position, dull, constant, four_hours, eight_hours, one_day, two_days, one_week, better_with_lying_still, worse_with_moving_around, worse_with_eating) VALUES (850, 850, 851, true, true, true, true, true, true, true, true, true, true);
INSERT INTO Symptoms (sxId, fever, loss_of_appetite) VALUES (850, true, true);
INSERT INTO Symptoms (sxId, bloating, constipation, diarrhea, indigestion, nausea, vomiting, chills) VALUES (851, true, true, true, true, true, true, true);
INSERT INTO Cases (diagnosisId, age, gender, majorSx, minorSx, painId) VALUES (5, 42, 'M', 850, 851, 850);
INSERT INTO Positions (posId, left_lower_quadrant, right_lower_quadrant, suprapubic, left_upper_quadrant) VALUES (852, true, true, false, true);
INSERT INTO Positions (posId) VALUES (853);
INSERT INTO Pain (pid, positionId, referred_pain_position, dull, constant, four_hours, eight_hours, one_day, two_days, one_week, better_with_lying_still, worse_with_moving_around, worse_with_eating) VALUES (852, 852, 853, true, true, false, true, false, true, true, true, true, true);
INSERT INTO Symptoms (sxId, fever, loss_of_appetite) VALUES (852, true, true);
INSERT INTO Symptoms (sxId, bloating, constipation, diarrhea, indigestion, nausea, vomiting, chills) VALUES (853, true, true, true, true, true, false, false);
INSERT INTO Cases (diagnosisId, age, gender, majorSx, minorSx, painId) VALUES (5, 43, 'F', 852, 853, 852);
INSERT INTO Positions (posId, left_lower_quadrant, right_lower_quadrant, suprapubic, left_upper_quadrant) VALUES (854, true, true, true, true);
INSERT INTO Positions (posId) VALUES (855);
INSERT INTO Pain (pid, positionId, referred_pain_position, dull, constant, four_hours, eight_hours, one_day, two_days, one_week, better_with_lying_still, worse_with_moving_around, worse_with_eating) VALUES (854, 854, 855, true, true, true, false, true, true, true, true, true, true);
INSERT INTO Symptoms (sxId, fever, loss_of_appetite) VALUES (854, true, true);
INSERT INTO Symptoms (sxId, bloating, constipation, diarrhea, indigestion, nausea, vomiting, chills) VALUES (855, true, true, true, true, true, true, true);
INSERT INTO Cases (diagnosisId, age, gender, majorSx, minorSx, painId) VALUES (5, 46, 'M', 854, 855, 854);
INSERT INTO Positions (posId, left_lower_quadrant, right_lower_quadrant, suprapubic, left_upper_quadrant) VALUES (856, true, false, false, true);
INSERT INTO Positions (posId) VALUES (857);
INSERT INTO Pain (pid, positionId, referred_pain_position, dull, constant, four_hours, eight_hours, one_day, two_days, one_week, better_with_lying_still, worse_with_moving_around, worse_with_eating) VALUES (856, 856, 857, true, true, true, true, true, true, true, true, true, true);
INSERT INTO Symptoms (sxId, fever, loss_of_appetite) VALUES (856, true, true);
INSERT INTO Symptoms (sxId, bloating, constipation, diarrhea, indigestion, nausea, vomiting, chills) VALUES (857, true, true, false, true, true, true, true);
INSERT INTO Cases (diagnosisId, age, gender, majorSx, minorSx, painId) VALUES (5, 46, 'F', 856, 857, 856);
INSERT INTO Positions (posId, left_lower_quadrant, right_lower_quadrant, suprapubic, left_upper_quadrant) VALUES (858, true, false, true, true);
INSERT INTO Positions (posId) VALUES (859);
INSERT INTO Pain (pid, positionId, referred_pain_position, dull, constant, four_hours, eight_hours, one_day, two_days, one_week, better_with_lying_still, worse_with_moving_around, worse_with_eating) VALUES (858, 858, 859, true, true, true, true, true, true, true, false, true, true);
INSERT INTO Symptoms (sxId, fever, loss_of_appetite) VALUES (858, true, true);
INSERT INTO Symptoms (sxId, bloating, constipation, diarrhea, indigestion, nausea, vomiting, chills) VALUES (859, true, true, true, true, true, true, true);
INSERT INTO Cases (diagnosisId, age, gender, majorSx, minorSx, painId) VALUES (5, 50, 'F', 858, 859, 858);
INSERT INTO Positions (posId, left_lower_quadrant, right_lower_quadrant, suprapubic, left_upper_quadrant) VALUES (860, true, true, true, true);
INSERT INTO Positions (posId) VALUES (861);
INSERT INTO Pain (pid, positionId, referred_pain_position, dull, constant, four_hours, eight_hours, one_day, two_days, one_week, better_with_lying_still, worse_with_moving_around, worse_with_eating) VALUES (860, 860, 861, true, false, true, true, false, true, true, true, true, true);
INSERT INTO Symptoms (sxId, fever, loss_of_appetite) VALUES (860, true, true);
INSERT INTO Symptoms (sxId, bloating, constipation, diarrhea, indigestion, nausea, vomiting, chills) VALUES (861, true, true, true, true, true, true, true);
INSERT INTO Cases (diagnosisId, age, gender, majorSx, minorSx, painId) VALUES (5, 49, 'F', 860, 861, 860);
INSERT INTO Positions (posId, left_lower_quadrant, right_lower_quadrant, suprapubic, left_upper_quadrant) VALUES (862, true, true, false, true);
INSERT INTO Positions (posId) VALUES (863);
INSERT INTO Pain (pid, positionId, referred_pain_position, dull, constant, four_hours, eight_hours, one_day, two_days, one_week, better_with_lying_still, worse_with_moving_around, worse_with_eating) VALUES (862, 862, 863, false, true, true, true, true, true, true, true, false, false);
INSERT INTO Symptoms (sxId, fever, loss_of_appetite) VALUES (862, true, true);
INSERT INTO Symptoms (sxId, bloating, constipation, diarrhea, indigestion, nausea, vomiting, chills) VALUES (863, true, true, true, true, true, true, true);
INSERT INTO Cases (diagnosisId, age, gender, majorSx, minorSx, painId) VALUES (5, 50, 'F', 862, 863, 862);
INSERT INTO Positions (posId, left_lower_quadrant, right_lower_quadrant, suprapubic, left_upper_quadrant) VALUES (864, true, true, false, true);
INSERT INTO Positions (posId) VALUES (865);
INSERT INTO Pain (pid, positionId, referred_pain_position, dull, constant, four_hours, eight_hours, one_day, two_days, one_week, better_with_lying_still, worse_with_moving_around, worse_with_eating) VALUES (864, 864, 865, true, true, true, true, true, true, true, true, true, false);
INSERT INTO Symptoms (sxId, fever, loss_of_appetite) VALUES (864, true, true);
INSERT INTO Symptoms (sxId, bloating, constipation, diarrhea, indigestion, nausea, vomiting, chills) VALUES (865, true, true, true, true, true, true, true);
INSERT INTO Cases (diagnosisId, age, gender, majorSx, minorSx, painId) VALUES (5, 48, 'F', 864, 865, 864);
INSERT INTO Positions (posId, left_lower_quadrant, right_lower_quadrant, suprapubic, left_upper_quadrant) VALUES (866, true, true, true, true);
INSERT INTO Positions (posId) VALUES (867);
INSERT INTO Pain (pid, positionId, referred_pain_position, dull, constant, four_hours, eight_hours, one_day, two_days, one_week, better_with_lying_still, worse_with_moving_around, worse_with_eating) VALUES (866, 866, 867, true, true, true, true, true, true, true, true, true, true);
INSERT INTO Symptoms (sxId, fever, loss_of_appetite) VALUES (866, true, true);
INSERT INTO Symptoms (sxId, bloating, constipation, diarrhea, indigestion, nausea, vomiting, chills) VALUES (867, true, true, true, true, true, true, true);
INSERT INTO Cases (diagnosisId, age, gender, majorSx, minorSx, painId) VALUES (5, 48, 'M', 866, 867, 866);
INSERT INTO Positions (posId, left_lower_quadrant, right_lower_quadrant, suprapubic, left_upper_quadrant) VALUES (868, true, false, true, true);
INSERT INTO Positions (posId) VALUES (869);
INSERT INTO Pain (pid, positionId, referred_pain_position, dull, constant, four_hours, eight_hours, one_day, two_days, one_week, better_with_lying_still, worse_with_moving_around, worse_with_eating) VALUES (868, 868, 869, true, true, true, true, true, true, true, true, true, true);
INSERT INTO Symptoms (sxId, fever, loss_of_appetite) VALUES (868, true, true);
INSERT INTO Symptoms (sxId, bloating, constipation, diarrhea, indigestion, nausea, vomiting, chills) VALUES (869, false, true, true, true, true, true, true);
INSERT INTO Cases (diagnosisId, age, gender, majorSx, minorSx, painId) VALUES (5, 49, 'M', 868, 869, 868);
INSERT INTO Positions (posId, left_lower_quadrant, right_lower_quadrant, suprapubic, left_upper_quadrant) VALUES (870, true, true, true, true);
INSERT INTO Positions (posId) VALUES (871);
INSERT INTO Pain (pid, positionId, referred_pain_position, dull, constant, four_hours, eight_hours, one_day, two_days, one_week, better_with_lying_still, worse_with_moving_around, worse_with_eating) VALUES (870, 870, 871, true, true, true, true, true, true, true, true, true, true);
INSERT INTO Symptoms (sxId, fever, loss_of_appetite) VALUES (870, true, true);
INSERT INTO Symptoms (sxId, bloating, constipation, diarrhea, indigestion, nausea, vomiting, chills) VALUES (871, true, true, true, true, false, true, true);
INSERT INTO Cases (diagnosisId, age, gender, majorSx, minorSx, painId) VALUES (5, 49, 'F', 870, 871, 870);
INSERT INTO Positions (posId, left_lower_quadrant, right_lower_quadrant, suprapubic, left_upper_quadrant) VALUES (872, true, true, false, true);
INSERT INTO Positions (posId) VALUES (873);
INSERT INTO Pain (pid, positionId, referred_pain_position, dull, constant, four_hours, eight_hours, one_day, two_days, one_week, better_with_lying_still, worse_with_moving_around, worse_with_eating) VALUES (872, 872, 873, true, true, false, true, true, true, true, true, true, true);
INSERT INTO Symptoms (sxId, fever, loss_of_appetite) VALUES (872, true, true);
INSERT INTO Symptoms (sxId, bloating, constipation, diarrhea, indigestion, nausea, vomiting, chills) VALUES (873, true, true, true, true, true, false, true);
INSERT INTO Cases (diagnosisId, age, gender, majorSx, minorSx, painId) VALUES (5, 49, 'M', 872, 873, 872);
INSERT INTO Positions (posId, left_lower_quadrant, right_lower_quadrant, suprapubic, left_upper_quadrant) VALUES (874, true, true, true, true);
INSERT INTO Positions (posId) VALUES (875);
INSERT INTO Pain (pid, positionId, referred_pain_position, dull, constant, four_hours, eight_hours, one_day, two_days, one_week, better_with_lying_still, worse_with_moving_around, worse_with_eating) VALUES (874, 874, 875, true, true, true, true, true, true, true, true, true, true);
INSERT INTO Symptoms (sxId, fever, loss_of_appetite) VALUES (874, true, false);
INSERT INTO Symptoms (sxId, bloating, constipation, diarrhea, indigestion, nausea, vomiting, chills) VALUES (875, true, true, true, true, true, true, false);
INSERT INTO Cases (diagnosisId, age, gender, majorSx, minorSx, painId) VALUES (5, 52, 'F', 874, 875, 874);
INSERT INTO Positions (posId, left_lower_quadrant, right_lower_quadrant, suprapubic, left_upper_quadrant) VALUES (876, true, true, true, true);
INSERT INTO Positions (posId) VALUES (877);
INSERT INTO Pain (pid, positionId, referred_pain_position, dull, constant, four_hours, eight_hours, one_day, two_days, one_week, better_with_lying_still, worse_with_moving_around, worse_with_eating) VALUES (876, 876, 877, true, true, true, true, false, true, true, true, true, true);
INSERT INTO Symptoms (sxId, fever, loss_of_appetite) VALUES (876, true, true);
INSERT INTO Symptoms (sxId, bloating, constipation, diarrhea, indigestion, nausea, vomiting, chills) VALUES (877, false, true, true, true, true, true, true);
INSERT INTO Cases (diagnosisId, age, gender, majorSx, minorSx, painId) VALUES (5, 55, 'F', 876, 877, 876);
INSERT INTO Positions (posId, left_lower_quadrant, right_lower_quadrant, suprapubic, left_upper_quadrant) VALUES (878, true, true, false, true);
INSERT INTO Positions (posId) VALUES (879);
INSERT INTO Pain (pid, positionId, referred_pain_position, dull, constant, four_hours, eight_hours, one_day, two_days, one_week, better_with_lying_still, worse_with_moving_around, worse_with_eating) VALUES (878, 878, 879, true, true, true, true, true, true, true, true, true, true);
INSERT INTO Symptoms (sxId, fever, loss_of_appetite) VALUES (878, true, false);
INSERT INTO Symptoms (sxId, bloating, constipation, diarrhea, indigestion, nausea, vomiting, chills) VALUES (879, true, true, true, true, true, true, true);
INSERT INTO Cases (diagnosisId, age, gender, majorSx, minorSx, painId) VALUES (5, 51, 'F', 878, 879, 878);
INSERT INTO Positions (posId, left_lower_quadrant, right_lower_quadrant, suprapubic, left_upper_quadrant) VALUES (880, true, true, true, true);
INSERT INTO Positions (posId) VALUES (881);
INSERT INTO Pain (pid, positionId, referred_pain_position, dull, constant, four_hours, eight_hours, one_day, two_days, one_week, better_with_lying_still, worse_with_moving_around, worse_with_eating) VALUES (880, 880, 881, true, true, true, true, true, true, true, true, true, false);
INSERT INTO Symptoms (sxId, fever, loss_of_appetite) VALUES (880, true, true);
INSERT INTO Symptoms (sxId, bloating, constipation, diarrhea, indigestion, nausea, vomiting, chills) VALUES (881, true, true, true, true, true, true, true);
INSERT INTO Cases (diagnosisId, age, gender, majorSx, minorSx, painId) VALUES (5, 52, 'F', 880, 881, 880);
INSERT INTO Positions (posId, left_lower_quadrant, right_lower_quadrant, suprapubic, left_upper_quadrant) VALUES (882, true, true, true, true);
INSERT INTO Positions (posId) VALUES (883);
INSERT INTO Pain (pid, positionId, referred_pain_position, dull, constant, four_hours, eight_hours, one_day, two_days, one_week, better_with_lying_still, worse_with_moving_around, worse_with_eating) VALUES (882, 882, 883, true, false, true, true, true, true, true, true, true, true);
INSERT INTO Symptoms (sxId, fever, loss_of_appetite) VALUES (882, true, true);
INSERT INTO Symptoms (sxId, bloating, constipation, diarrhea, indigestion, nausea, vomiting, chills) VALUES (883, true, false, true, false, true, true, true);
INSERT INTO Cases (diagnosisId, age, gender, majorSx, minorSx, painId) VALUES (5, 55, 'M', 882, 883, 882);
INSERT INTO Positions (posId, left_lower_quadrant, right_lower_quadrant, suprapubic, left_upper_quadrant) VALUES (884, true, true, true, true);
INSERT INTO Positions (posId) VALUES (885);
INSERT INTO Pain (pid, positionId, referred_pain_position, dull, constant, four_hours, eight_hours, one_day, two_days, one_week, better_with_lying_still, worse_with_moving_around, worse_with_eating) VALUES (884, 884, 885, true, true, true, false, true, true, false, false, true, true);
INSERT INTO Symptoms (sxId, fever, loss_of_appetite) VALUES (884, true, false);
INSERT INTO Symptoms (sxId, bloating, constipation, diarrhea, indigestion, nausea, vomiting, chills) VALUES (885, true, true, true, true, true, true, true);
INSERT INTO Cases (diagnosisId, age, gender, majorSx, minorSx, painId) VALUES (5, 53, 'F', 884, 885, 884);
INSERT INTO Positions (posId, left_lower_quadrant, right_lower_quadrant, suprapubic, left_upper_quadrant) VALUES (886, true, true, true, false);
INSERT INTO Positions (posId) VALUES (887);
INSERT INTO Pain (pid, positionId, referred_pain_position, dull, constant, four_hours, eight_hours, one_day, two_days, one_week, better_with_lying_still, worse_with_moving_around, worse_with_eating) VALUES (886, 886, 887, true, true, false, true, false, true, true, true, true, true);
INSERT INTO Symptoms (sxId, fever, loss_of_appetite) VALUES (886, true, true);
INSERT INTO Symptoms (sxId, bloating, constipation, diarrhea, indigestion, nausea, vomiting, chills) VALUES (887, true, true, true, true, false, false, false);
INSERT INTO Cases (diagnosisId, age, gender, majorSx, minorSx, painId) VALUES (5, 52, 'F', 886, 887, 886);
INSERT INTO Positions (posId, left_lower_quadrant, right_lower_quadrant, suprapubic, left_upper_quadrant) VALUES (888, true, true, true, true);
INSERT INTO Positions (posId) VALUES (889);
INSERT INTO Pain (pid, positionId, referred_pain_position, dull, constant, four_hours, eight_hours, one_day, two_days, one_week, better_with_lying_still, worse_with_moving_around, worse_with_eating) VALUES (888, 888, 889, true, true, true, true, true, true, true, true, true, true);
INSERT INTO Symptoms (sxId, fever, loss_of_appetite) VALUES (888, false, true);
INSERT INTO Symptoms (sxId, bloating, constipation, diarrhea, indigestion, nausea, vomiting, chills) VALUES (889, true, true, true, true, true, true, true);
INSERT INTO Cases (diagnosisId, age, gender, majorSx, minorSx, painId) VALUES (5, 52, 'F', 888, 889, 888);
INSERT INTO Positions (posId, left_lower_quadrant, right_lower_quadrant, suprapubic, left_upper_quadrant) VALUES (890, true, true, true, true);
INSERT INTO Positions (posId) VALUES (891);
INSERT INTO Pain (pid, positionId, referred_pain_position, dull, constant, four_hours, eight_hours, one_day, two_days, one_week, better_with_lying_still, worse_with_moving_around, worse_with_eating) VALUES (890, 890, 891, true, true, true, true, true, true, false, true, true, true);
INSERT INTO Symptoms (sxId, fever, loss_of_appetite) VALUES (890, true, true);
INSERT INTO Symptoms (sxId, bloating, constipation, diarrhea, indigestion, nausea, vomiting, chills) VALUES (891, true, true, true, true, true, true, true);
INSERT INTO Cases (diagnosisId, age, gender, majorSx, minorSx, painId) VALUES (5, 55, 'M', 890, 891, 890);
INSERT INTO Positions (posId, left_lower_quadrant, right_lower_quadrant, suprapubic, left_upper_quadrant) VALUES (892, true, true, true, true);
INSERT INTO Positions (posId) VALUES (893);
INSERT INTO Pain (pid, positionId, referred_pain_position, dull, constant, four_hours, eight_hours, one_day, two_days, one_week, better_with_lying_still, worse_with_moving_around, worse_with_eating) VALUES (892, 892, 893, true, true, true, true, true, true, true, true, false, true);
INSERT INTO Symptoms (sxId, fever, loss_of_appetite) VALUES (892, true, true);
INSERT INTO Symptoms (sxId, bloating, constipation, diarrhea, indigestion, nausea, vomiting, chills) VALUES (893, true, true, true, true, true, true, true);
INSERT INTO Cases (diagnosisId, age, gender, majorSx, minorSx, painId) VALUES (5, 51, 'F', 892, 893, 892);
INSERT INTO Positions (posId, left_lower_quadrant, right_lower_quadrant, suprapubic, left_upper_quadrant) VALUES (894, true, true, true, true);
INSERT INTO Positions (posId) VALUES (895);
INSERT INTO Pain (pid, positionId, referred_pain_position, dull, constant, four_hours, eight_hours, one_day, two_days, one_week, better_with_lying_still, worse_with_moving_around, worse_with_eating) VALUES (894, 894, 895, true, true, true, true, true, true, true, true, true, true);
INSERT INTO Symptoms (sxId, fever, loss_of_appetite) VALUES (894, true, true);
INSERT INTO Symptoms (sxId, bloating, constipation, diarrhea, indigestion, nausea, vomiting, chills) VALUES (895, true, true, true, false, false, true, true);
INSERT INTO Cases (diagnosisId, age, gender, majorSx, minorSx, painId) VALUES (5, 56, 'M', 894, 895, 894);
INSERT INTO Positions (posId, left_lower_quadrant, right_lower_quadrant, suprapubic, left_upper_quadrant) VALUES (896, true, true, false, true);
INSERT INTO Positions (posId) VALUES (897);
INSERT INTO Pain (pid, positionId, referred_pain_position, dull, constant, four_hours, eight_hours, one_day, two_days, one_week, better_with_lying_still, worse_with_moving_around, worse_with_eating) VALUES (896, 896, 897, true, true, true, true, true, true, true, true, true, true);
INSERT INTO Symptoms (sxId, fever, loss_of_appetite) VALUES (896, true, true);
INSERT INTO Symptoms (sxId, bloating, constipation, diarrhea, indigestion, nausea, vomiting, chills) VALUES (897, true, true, true, true, true, true, false);
INSERT INTO Cases (diagnosisId, age, gender, majorSx, minorSx, painId) VALUES (5, 57, 'F', 896, 897, 896);
INSERT INTO Positions (posId, left_lower_quadrant, right_lower_quadrant, suprapubic, left_upper_quadrant) VALUES (898, true, true, true, true);
INSERT INTO Positions (posId) VALUES (899);
INSERT INTO Pain (pid, positionId, referred_pain_position, dull, constant, four_hours, eight_hours, one_day, two_days, one_week, better_with_lying_still, worse_with_moving_around, worse_with_eating) VALUES (898, 898, 899, true, false, true, true, true, true, true, true, true, true);
INSERT INTO Symptoms (sxId, fever, loss_of_appetite) VALUES (898, true, true);
INSERT INTO Symptoms (sxId, bloating, constipation, diarrhea, indigestion, nausea, vomiting, chills) VALUES (899, false, true, true, true, true, true, true);
INSERT INTO Cases (diagnosisId, age, gender, majorSx, minorSx, painId) VALUES (5, 58, 'F', 898, 899, 898);
INSERT INTO Positions (posId, left_lower_quadrant, right_lower_quadrant, suprapubic, left_upper_quadrant) VALUES (900, true, true, true, true);
INSERT INTO Positions (posId) VALUES (901);
INSERT INTO Pain (pid, positionId, referred_pain_position, dull, constant, four_hours, eight_hours, one_day, two_days, one_week, better_with_lying_still, worse_with_moving_around, worse_with_eating) VALUES (900, 900, 901, true, true, true, true, true, true, true, true, true, true);
INSERT INTO Symptoms (sxId, fever, loss_of_appetite) VALUES (900, true, true);
INSERT INTO Symptoms (sxId, bloating, constipation, diarrhea, indigestion, nausea, vomiting, chills) VALUES (901, true, false, true, false, false, true, true);
INSERT INTO Cases (diagnosisId, age, gender, majorSx, minorSx, painId) VALUES (5, 59, 'M', 900, 901, 900);
INSERT INTO Positions (posId, left_lower_quadrant, right_lower_quadrant, suprapubic, left_upper_quadrant) VALUES (902, true, true, true, true);
INSERT INTO Positions (posId) VALUES (903);
INSERT INTO Pain (pid, positionId, referred_pain_position, dull, constant, four_hours, eight_hours, one_day, two_days, one_week, better_with_lying_still, worse_with_moving_around, worse_with_eating) VALUES (902, 902, 903, true, true, true, true, true, true, true, true, true, true);
INSERT INTO Symptoms (sxId, fever, loss_of_appetite) VALUES (902, true, true);
INSERT INTO Symptoms (sxId, bloating, constipation, diarrhea, indigestion, nausea, vomiting, chills) VALUES (903, true, true, true, true, true, true, true);
INSERT INTO Cases (diagnosisId, age, gender, majorSx, minorSx, painId) VALUES (5, 56, 'M', 902, 903, 902);
INSERT INTO Positions (posId, left_lower_quadrant, right_lower_quadrant, suprapubic, left_upper_quadrant) VALUES (904, true, true, true, true);
INSERT INTO Positions (posId) VALUES (905);
INSERT INTO Pain (pid, positionId, referred_pain_position, dull, constant, four_hours, eight_hours, one_day, two_days, one_week, better_with_lying_still, worse_with_moving_around, worse_with_eating) VALUES (904, 904, 905, true, true, true, true, true, true, true, true, true, true);
INSERT INTO Symptoms (sxId, fever, loss_of_appetite) VALUES (904, true, true);
INSERT INTO Symptoms (sxId, bloating, constipation, diarrhea, indigestion, nausea, vomiting, chills) VALUES (905, true, true, true, true, true, true, false);
INSERT INTO Cases (diagnosisId, age, gender, majorSx, minorSx, painId) VALUES (5, 58, 'M', 904, 905, 904);
INSERT INTO Positions (posId, left_lower_quadrant, right_lower_quadrant, suprapubic, left_upper_quadrant) VALUES (906, true, true, true, true);
INSERT INTO Positions (posId) VALUES (907);
INSERT INTO Pain (pid, positionId, referred_pain_position, dull, constant, four_hours, eight_hours, one_day, two_days, one_week, better_with_lying_still, worse_with_moving_around, worse_with_eating) VALUES (906, 906, 907, false, true, true, true, true, true, true, true, true, true);
INSERT INTO Symptoms (sxId, fever, loss_of_appetite) VALUES (906, true, true);
INSERT INTO Symptoms (sxId, bloating, constipation, diarrhea, indigestion, nausea, vomiting, chills) VALUES (907, true, true, true, true, true, true, true);
INSERT INTO Cases (diagnosisId, age, gender, majorSx, minorSx, painId) VALUES (5, 57, 'M', 906, 907, 906);
INSERT INTO Positions (posId, left_lower_quadrant, right_lower_quadrant, suprapubic, left_upper_quadrant) VALUES (908, false, true, true, true);
INSERT INTO Positions (posId) VALUES (909);
INSERT INTO Pain (pid, positionId, referred_pain_position, dull, constant, four_hours, eight_hours, one_day, two_days, one_week, better_with_lying_still, worse_with_moving_around, worse_with_eating) VALUES (908, 908, 909, true, true, true, true, true, true, true, true, true, true);
INSERT INTO Symptoms (sxId, fever, loss_of_appetite) VALUES (908, true, true);
INSERT INTO Symptoms (sxId, bloating, constipation, diarrhea, indigestion, nausea, vomiting, chills) VALUES (909, true, true, true, true, false, true, true);
INSERT INTO Cases (diagnosisId, age, gender, majorSx, minorSx, painId) VALUES (5, 60, 'F', 908, 909, 908);
INSERT INTO Positions (posId, left_lower_quadrant, right_lower_quadrant, suprapubic, left_upper_quadrant) VALUES (910, true, true, true, true);
INSERT INTO Positions (posId) VALUES (911);
INSERT INTO Pain (pid, positionId, referred_pain_position, dull, constant, four_hours, eight_hours, one_day, two_days, one_week, better_with_lying_still, worse_with_moving_around, worse_with_eating) VALUES (910, 910, 911, false, true, true, true, true, true, true, true, true, true);
INSERT INTO Symptoms (sxId, fever, loss_of_appetite) VALUES (910, true, true);
INSERT INTO Symptoms (sxId, bloating, constipation, diarrhea, indigestion, nausea, vomiting, chills) VALUES (911, true, true, true, false, true, true, true);
INSERT INTO Cases (diagnosisId, age, gender, majorSx, minorSx, painId) VALUES (5, 59, 'M', 910, 911, 910);
INSERT INTO Positions (posId, left_lower_quadrant, right_lower_quadrant, suprapubic, left_upper_quadrant) VALUES (912, true, true, true, true);
INSERT INTO Positions (posId) VALUES (913);
INSERT INTO Pain (pid, positionId, referred_pain_position, dull, constant, four_hours, eight_hours, one_day, two_days, one_week, better_with_lying_still, worse_with_moving_around, worse_with_eating) VALUES (912, 912, 913, true, true, true, true, true, true, true, true, true, true);
INSERT INTO Symptoms (sxId, fever, loss_of_appetite) VALUES (912, true, true);
INSERT INTO Symptoms (sxId, bloating, constipation, diarrhea, indigestion, nausea, vomiting, chills) VALUES (913, true, true, false, false, true, true, true);
INSERT INTO Cases (diagnosisId, age, gender, majorSx, minorSx, painId) VALUES (5, 60, 'F', 912, 913, 912);
INSERT INTO Positions (posId, left_lower_quadrant, right_lower_quadrant, suprapubic, left_upper_quadrant) VALUES (914, true, true, true, true);
INSERT INTO Positions (posId) VALUES (915);
INSERT INTO Pain (pid, positionId, referred_pain_position, dull, constant, four_hours, eight_hours, one_day, two_days, one_week, better_with_lying_still, worse_with_moving_around, worse_with_eating) VALUES (914, 914, 915, false, true, true, true, true, false, false, true, true, true);
INSERT INTO Symptoms (sxId, fever, loss_of_appetite) VALUES (914, true, true);
INSERT INTO Symptoms (sxId, bloating, constipation, diarrhea, indigestion, nausea, vomiting, chills) VALUES (915, true, true, true, true, true, true, true);
INSERT INTO Cases (diagnosisId, age, gender, majorSx, minorSx, painId) VALUES (5, 62, 'M', 914, 915, 914);
INSERT INTO Positions (posId, left_lower_quadrant, right_lower_quadrant, suprapubic, left_upper_quadrant) VALUES (916, false, true, true, true);
INSERT INTO Positions (posId) VALUES (917);
INSERT INTO Pain (pid, positionId, referred_pain_position, dull, constant, four_hours, eight_hours, one_day, two_days, one_week, better_with_lying_still, worse_with_moving_around, worse_with_eating) VALUES (916, 916, 917, true, true, true, true, false, true, true, true, true, false);
INSERT INTO Symptoms (sxId, fever, loss_of_appetite) VALUES (916, true, true);
INSERT INTO Symptoms (sxId, bloating, constipation, diarrhea, indigestion, nausea, vomiting, chills) VALUES (917, true, false, true, true, true, true, true);
INSERT INTO Cases (diagnosisId, age, gender, majorSx, minorSx, painId) VALUES (5, 65, 'F', 916, 917, 916);
INSERT INTO Positions (posId, left_lower_quadrant, right_lower_quadrant, suprapubic, left_upper_quadrant) VALUES (918, true, true, true, true);
INSERT INTO Positions (posId) VALUES (919);
INSERT INTO Pain (pid, positionId, referred_pain_position, dull, constant, four_hours, eight_hours, one_day, two_days, one_week, better_with_lying_still, worse_with_moving_around, worse_with_eating) VALUES (918, 918, 919, true, true, true, true, true, true, true, true, true, true);
INSERT INTO Symptoms (sxId, fever, loss_of_appetite) VALUES (918, true, true);
INSERT INTO Symptoms (sxId, bloating, constipation, diarrhea, indigestion, nausea, vomiting, chills) VALUES (919, true, false, true, true, true, true, false);
INSERT INTO Cases (diagnosisId, age, gender, majorSx, minorSx, painId) VALUES (5, 61, 'M', 918, 919, 918);
INSERT INTO Positions (posId, left_lower_quadrant, right_lower_quadrant, suprapubic, left_upper_quadrant) VALUES (920, true, true, true, true);
INSERT INTO Positions (posId) VALUES (921);
INSERT INTO Pain (pid, positionId, referred_pain_position, dull, constant, four_hours, eight_hours, one_day, two_days, one_week, better_with_lying_still, worse_with_moving_around, worse_with_eating) VALUES (920, 920, 921, true, true, true, true, true, true, true, true, true, true);
INSERT INTO Symptoms (sxId, fever, loss_of_appetite) VALUES (920, true, true);
INSERT INTO Symptoms (sxId, bloating, constipation, diarrhea, indigestion, nausea, vomiting, chills) VALUES (921, true, false, true, true, true, true, true);
INSERT INTO Cases (diagnosisId, age, gender, majorSx, minorSx, painId) VALUES (5, 61, 'M', 920, 921, 920);
INSERT INTO Positions (posId, left_lower_quadrant, right_lower_quadrant, suprapubic, left_upper_quadrant) VALUES (922, true, true, true, true);
INSERT INTO Positions (posId) VALUES (923);
INSERT INTO Pain (pid, positionId, referred_pain_position, dull, constant, four_hours, eight_hours, one_day, two_days, one_week, better_with_lying_still, worse_with_moving_around, worse_with_eating) VALUES (922, 922, 923, true, true, true, true, true, true, true, false, true, true);
INSERT INTO Symptoms (sxId, fever, loss_of_appetite) VALUES (922, true, true);
INSERT INTO Symptoms (sxId, bloating, constipation, diarrhea, indigestion, nausea, vomiting, chills) VALUES (923, true, true, true, true, true, true, true);
INSERT INTO Cases (diagnosisId, age, gender, majorSx, minorSx, painId) VALUES (5, 65, 'M', 922, 923, 922);
INSERT INTO Positions (posId, left_lower_quadrant, right_lower_quadrant, suprapubic, left_upper_quadrant) VALUES (924, true, false, true, true);
INSERT INTO Positions (posId) VALUES (925);
INSERT INTO Pain (pid, positionId, referred_pain_position, dull, constant, four_hours, eight_hours, one_day, two_days, one_week, better_with_lying_still, worse_with_moving_around, worse_with_eating) VALUES (924, 924, 925, true, true, true, true, true, true, true, true, true, true);
INSERT INTO Symptoms (sxId, fever, loss_of_appetite) VALUES (924, true, true);
INSERT INTO Symptoms (sxId, bloating, constipation, diarrhea, indigestion, nausea, vomiting, chills) VALUES (925, true, true, true, true, true, true, true);
INSERT INTO Cases (diagnosisId, age, gender, majorSx, minorSx, painId) VALUES (5, 63, 'M', 924, 925, 924);
INSERT INTO Positions (posId, left_lower_quadrant, right_lower_quadrant, suprapubic, left_upper_quadrant) VALUES (926, true, true, true, true);
INSERT INTO Positions (posId) VALUES (927);
INSERT INTO Pain (pid, positionId, referred_pain_position, dull, constant, four_hours, eight_hours, one_day, two_days, one_week, better_with_lying_still, worse_with_moving_around, worse_with_eating) VALUES (926, 926, 927, true, true, true, true, true, true, true, true, true, true);
INSERT INTO Symptoms (sxId, fever, loss_of_appetite) VALUES (926, true, true);
INSERT INTO Symptoms (sxId, bloating, constipation, diarrhea, indigestion, nausea, vomiting, chills) VALUES (927, true, true, true, true, true, true, true);
INSERT INTO Cases (diagnosisId, age, gender, majorSx, minorSx, painId) VALUES (5, 65, 'M', 926, 927, 926);
INSERT INTO Positions (posId, left_lower_quadrant, right_lower_quadrant, suprapubic, left_upper_quadrant) VALUES (928, true, true, true, true);
INSERT INTO Positions (posId) VALUES (929);
INSERT INTO Pain (pid, positionId, referred_pain_position, dull, constant, four_hours, eight_hours, one_day, two_days, one_week, better_with_lying_still, worse_with_moving_around, worse_with_eating) VALUES (928, 928, 929, true, false, false, true, true, true, true, false, true, true);
INSERT INTO Symptoms (sxId, fever, loss_of_appetite) VALUES (928, false, true);
INSERT INTO Symptoms (sxId, bloating, constipation, diarrhea, indigestion, nausea, vomiting, chills) VALUES (929, true, true, true, true, true, true, true);
INSERT INTO Cases (diagnosisId, age, gender, majorSx, minorSx, painId) VALUES (5, 63, 'F', 928, 929, 928);
INSERT INTO Positions (posId, left_lower_quadrant, right_lower_quadrant, suprapubic, left_upper_quadrant) VALUES (930, true, true, true, true);
INSERT INTO Positions (posId) VALUES (931);
INSERT INTO Pain (pid, positionId, referred_pain_position, dull, constant, four_hours, eight_hours, one_day, two_days, one_week, better_with_lying_still, worse_with_moving_around, worse_with_eating) VALUES (930, 930, 931, true, true, true, true, true, true, true, true, true, true);
INSERT INTO Symptoms (sxId, fever, loss_of_appetite) VALUES (930, true, true);
INSERT INTO Symptoms (sxId, bloating, constipation, diarrhea, indigestion, nausea, vomiting, chills) VALUES (931, true, true, false, false, true, false, true);
INSERT INTO Cases (diagnosisId, age, gender, majorSx, minorSx, painId) VALUES (5, 62, 'F', 930, 931, 930);
INSERT INTO Positions (posId, left_lower_quadrant, right_lower_quadrant, suprapubic, left_upper_quadrant) VALUES (932, true, false, true, true);
INSERT INTO Positions (posId) VALUES (933);
INSERT INTO Pain (pid, positionId, referred_pain_position, dull, constant, four_hours, eight_hours, one_day, two_days, one_week, better_with_lying_still, worse_with_moving_around, worse_with_eating) VALUES (932, 932, 933, true, true, true, true, true, true, true, true, true, true);
INSERT INTO Symptoms (sxId, fever, loss_of_appetite) VALUES (932, true, true);
INSERT INTO Symptoms (sxId, bloating, constipation, diarrhea, indigestion, nausea, vomiting, chills) VALUES (933, true, true, true, true, true, true, true);
INSERT INTO Cases (diagnosisId, age, gender, majorSx, minorSx, painId) VALUES (5, 62, 'M', 932, 933, 932);
INSERT INTO Positions (posId, left_lower_quadrant, right_lower_quadrant, suprapubic, left_upper_quadrant) VALUES (934, true, true, true, true);
INSERT INTO Positions (posId) VALUES (935);
INSERT INTO Pain (pid, positionId, referred_pain_position, dull, constant, four_hours, eight_hours, one_day, two_days, one_week, better_with_lying_still, worse_with_moving_around, worse_with_eating) VALUES (934, 934, 935, true, true, false, true, true, true, true, true, true, true);
INSERT INTO Symptoms (sxId, fever, loss_of_appetite) VALUES (934, true, true);
INSERT INTO Symptoms (sxId, bloating, constipation, diarrhea, indigestion, nausea, vomiting, chills) VALUES (935, true, true, true, false, true, true, true);
INSERT INTO Cases (diagnosisId, age, gender, majorSx, minorSx, painId) VALUES (5, 69, 'M', 934, 935, 934);
INSERT INTO Positions (posId, left_lower_quadrant, right_lower_quadrant, suprapubic, left_upper_quadrant) VALUES (936, true, false, true, false);
INSERT INTO Positions (posId) VALUES (937);
INSERT INTO Pain (pid, positionId, referred_pain_position, dull, constant, four_hours, eight_hours, one_day, two_days, one_week, better_with_lying_still, worse_with_moving_around, worse_with_eating) VALUES (936, 936, 937, true, true, true, true, true, true, true, true, true, true);
INSERT INTO Symptoms (sxId, fever, loss_of_appetite) VALUES (936, true, true);
INSERT INTO Symptoms (sxId, bloating, constipation, diarrhea, indigestion, nausea, vomiting, chills) VALUES (937, true, true, false, true, true, true, true);
INSERT INTO Cases (diagnosisId, age, gender, majorSx, minorSx, painId) VALUES (5, 66, 'M', 936, 937, 936);
INSERT INTO Positions (posId, left_lower_quadrant, right_lower_quadrant, suprapubic, left_upper_quadrant) VALUES (938, true, true, true, true);
INSERT INTO Positions (posId) VALUES (939);
INSERT INTO Pain (pid, positionId, referred_pain_position, dull, constant, four_hours, eight_hours, one_day, two_days, one_week, better_with_lying_still, worse_with_moving_around, worse_with_eating) VALUES (938, 938, 939, true, true, true, true, true, true, true, true, true, true);
INSERT INTO Symptoms (sxId, fever, loss_of_appetite) VALUES (938, false, true);
INSERT INTO Symptoms (sxId, bloating, constipation, diarrhea, indigestion, nausea, vomiting, chills) VALUES (939, true, true, true, true, true, true, true);
INSERT INTO Cases (diagnosisId, age, gender, majorSx, minorSx, painId) VALUES (5, 66, 'M', 938, 939, 938);
INSERT INTO Positions (posId, left_lower_quadrant, right_lower_quadrant, suprapubic, left_upper_quadrant) VALUES (940, false, true, true, true);
INSERT INTO Positions (posId) VALUES (941);
INSERT INTO Pain (pid, positionId, referred_pain_position, dull, constant, four_hours, eight_hours, one_day, two_days, one_week, better_with_lying_still, worse_with_moving_around, worse_with_eating) VALUES (940, 940, 941, true, true, true, false, true, false, true, true, true, true);
INSERT INTO Symptoms (sxId, fever, loss_of_appetite) VALUES (940, true, true);
INSERT INTO Symptoms (sxId, bloating, constipation, diarrhea, indigestion, nausea, vomiting, chills) VALUES (941, true, true, true, true, true, true, true);
INSERT INTO Cases (diagnosisId, age, gender, majorSx, minorSx, painId) VALUES (5, 68, 'F', 940, 941, 940);
INSERT INTO Positions (posId, left_lower_quadrant, right_lower_quadrant, suprapubic, left_upper_quadrant) VALUES (942, true, true, true, true);
INSERT INTO Positions (posId) VALUES (943);
INSERT INTO Pain (pid, positionId, referred_pain_position, dull, constant, four_hours, eight_hours, one_day, two_days, one_week, better_with_lying_still, worse_with_moving_around, worse_with_eating) VALUES (942, 942, 943, false, true, true, true, true, true, true, true, true, true);
INSERT INTO Symptoms (sxId, fever, loss_of_appetite) VALUES (942, true, true);
INSERT INTO Symptoms (sxId, bloating, constipation, diarrhea, indigestion, nausea, vomiting, chills) VALUES (943, true, true, true, true, true, false, true);
INSERT INTO Cases (diagnosisId, age, gender, majorSx, minorSx, painId) VALUES (5, 68, 'F', 942, 943, 942);
INSERT INTO Positions (posId, left_lower_quadrant, right_lower_quadrant, suprapubic, left_upper_quadrant) VALUES (944, true, false, true, true);
INSERT INTO Positions (posId) VALUES (945);
INSERT INTO Pain (pid, positionId, referred_pain_position, dull, constant, four_hours, eight_hours, one_day, two_days, one_week, better_with_lying_still, worse_with_moving_around, worse_with_eating) VALUES (944, 944, 945, true, true, false, false, true, true, true, true, true, true);
INSERT INTO Symptoms (sxId, fever, loss_of_appetite) VALUES (944, false, true);
INSERT INTO Symptoms (sxId, bloating, constipation, diarrhea, indigestion, nausea, vomiting, chills) VALUES (945, true, true, true, true, true, true, true);
INSERT INTO Cases (diagnosisId, age, gender, majorSx, minorSx, painId) VALUES (5, 70, 'F', 944, 945, 944);
INSERT INTO Positions (posId, left_lower_quadrant, right_lower_quadrant, suprapubic, left_upper_quadrant) VALUES (946, true, true, false, true);
INSERT INTO Positions (posId) VALUES (947);
INSERT INTO Pain (pid, positionId, referred_pain_position, dull, constant, four_hours, eight_hours, one_day, two_days, one_week, better_with_lying_still, worse_with_moving_around, worse_with_eating) VALUES (946, 946, 947, true, true, true, true, true, true, true, true, true, true);
INSERT INTO Symptoms (sxId, fever, loss_of_appetite) VALUES (946, true, true);
INSERT INTO Symptoms (sxId, bloating, constipation, diarrhea, indigestion, nausea, vomiting, chills) VALUES (947, true, true, true, true, true, true, false);
INSERT INTO Cases (diagnosisId, age, gender, majorSx, minorSx, painId) VALUES (5, 68, 'M', 946, 947, 946);
INSERT INTO Positions (posId, left_lower_quadrant, right_lower_quadrant, suprapubic, left_upper_quadrant) VALUES (948, false, true, true, true);
INSERT INTO Positions (posId) VALUES (949);
INSERT INTO Pain (pid, positionId, referred_pain_position, dull, constant, four_hours, eight_hours, one_day, two_days, one_week, better_with_lying_still, worse_with_moving_around, worse_with_eating) VALUES (948, 948, 949, true, false, false, true, true, true, true, true, true, true);
INSERT INTO Symptoms (sxId, fever, loss_of_appetite) VALUES (948, true, true);
INSERT INTO Symptoms (sxId, bloating, constipation, diarrhea, indigestion, nausea, vomiting, chills) VALUES (949, true, false, true, true, true, true, false);
INSERT INTO Cases (diagnosisId, age, gender, majorSx, minorSx, painId) VALUES (5, 66, 'F', 948, 949, 948);
INSERT INTO Positions (posId, left_lower_quadrant, right_lower_quadrant, suprapubic, left_upper_quadrant) VALUES (950, true, true, true, true);
INSERT INTO Positions (posId) VALUES (951);
INSERT INTO Pain (pid, positionId, referred_pain_position, dull, constant, four_hours, eight_hours, one_day, two_days, one_week, better_with_lying_still, worse_with_moving_around, worse_with_eating) VALUES (950, 950, 951, true, true, true, true, true, false, true, true, false, true);
INSERT INTO Symptoms (sxId, fever, loss_of_appetite) VALUES (950, true, true);
INSERT INTO Symptoms (sxId, bloating, constipation, diarrhea, indigestion, nausea, vomiting, chills) VALUES (951, true, true, true, true, true, false, true);
INSERT INTO Cases (diagnosisId, age, gender, majorSx, minorSx, painId) VALUES (5, 70, 'F', 950, 951, 950);
INSERT INTO Positions (posId, left_lower_quadrant, right_lower_quadrant, suprapubic, left_upper_quadrant) VALUES (952, true, true, true, true);
INSERT INTO Positions (posId) VALUES (953);
INSERT INTO Pain (pid, positionId, referred_pain_position, dull, constant, four_hours, eight_hours, one_day, two_days, one_week, better_with_lying_still, worse_with_moving_around, worse_with_eating) VALUES (952, 952, 953, false, true, true, true, true, true, true, true, true, true);
INSERT INTO Symptoms (sxId, fever, loss_of_appetite) VALUES (952, true, true);
INSERT INTO Symptoms (sxId, bloating, constipation, diarrhea, indigestion, nausea, vomiting, chills) VALUES (953, true, true, true, true, true, true, true);
INSERT INTO Cases (diagnosisId, age, gender, majorSx, minorSx, painId) VALUES (5, 67, 'M', 952, 953, 952);
INSERT INTO Positions (posId, left_lower_quadrant, right_lower_quadrant, suprapubic, left_upper_quadrant) VALUES (954, true, true, true, true);
INSERT INTO Positions (posId) VALUES (955);
INSERT INTO Pain (pid, positionId, referred_pain_position, dull, constant, four_hours, eight_hours, one_day, two_days, one_week, better_with_lying_still, worse_with_moving_around, worse_with_eating) VALUES (954, 954, 955, true, true, true, true, true, true, true, true, true, true);
INSERT INTO Symptoms (sxId, fever, loss_of_appetite) VALUES (954, true, true);
INSERT INTO Symptoms (sxId, bloating, constipation, diarrhea, indigestion, nausea, vomiting, chills) VALUES (955, true, false, true, true, true, true, true);
INSERT INTO Cases (diagnosisId, age, gender, majorSx, minorSx, painId) VALUES (5, 75, 'M', 954, 955, 954);
INSERT INTO Positions (posId, left_lower_quadrant, right_lower_quadrant, suprapubic, left_upper_quadrant) VALUES (956, true, true, true, true);
INSERT INTO Positions (posId) VALUES (957);
INSERT INTO Pain (pid, positionId, referred_pain_position, dull, constant, four_hours, eight_hours, one_day, two_days, one_week, better_with_lying_still, worse_with_moving_around, worse_with_eating) VALUES (956, 956, 957, true, true, false, false, true, false, false, true, true, true);
INSERT INTO Symptoms (sxId, fever, loss_of_appetite) VALUES (956, true, true);
INSERT INTO Symptoms (sxId, bloating, constipation, diarrhea, indigestion, nausea, vomiting, chills) VALUES (957, true, true, true, true, true, true, true);
INSERT INTO Cases (diagnosisId, age, gender, majorSx, minorSx, painId) VALUES (5, 75, 'M', 956, 957, 956);
INSERT INTO Positions (posId, left_lower_quadrant, right_lower_quadrant, suprapubic, left_upper_quadrant) VALUES (958, true, true, true, true);
INSERT INTO Positions (posId) VALUES (959);
INSERT INTO Pain (pid, positionId, referred_pain_position, dull, constant, four_hours, eight_hours, one_day, two_days, one_week, better_with_lying_still, worse_with_moving_around, worse_with_eating) VALUES (958, 958, 959, true, true, true, true, true, true, true, true, false, true);
INSERT INTO Symptoms (sxId, fever, loss_of_appetite) VALUES (958, true, true);
INSERT INTO Symptoms (sxId, bloating, constipation, diarrhea, indigestion, nausea, vomiting, chills) VALUES (959, true, true, true, true, true, false, true);
INSERT INTO Cases (diagnosisId, age, gender, majorSx, minorSx, painId) VALUES (5, 72, 'F', 958, 959, 958);
INSERT INTO Positions (posId, left_lower_quadrant, right_lower_quadrant, suprapubic, left_upper_quadrant) VALUES (960, true, true, true, true);
INSERT INTO Positions (posId) VALUES (961);
INSERT INTO Pain (pid, positionId, referred_pain_position, dull, constant, four_hours, eight_hours, one_day, two_days, one_week, better_with_lying_still, worse_with_moving_around, worse_with_eating) VALUES (960, 960, 961, true, true, false, true, true, false, true, true, false, true);
INSERT INTO Symptoms (sxId, fever, loss_of_appetite) VALUES (960, true, true);
INSERT INTO Symptoms (sxId, bloating, constipation, diarrhea, indigestion, nausea, vomiting, chills) VALUES (961, true, true, false, true, true, true, true);
INSERT INTO Cases (diagnosisId, age, gender, majorSx, minorSx, painId) VALUES (5, 73, 'M', 960, 961, 960);
INSERT INTO Positions (posId, left_lower_quadrant, right_lower_quadrant, suprapubic, left_upper_quadrant) VALUES (962, true, true, true, true);
INSERT INTO Positions (posId) VALUES (963);
INSERT INTO Pain (pid, positionId, referred_pain_position, dull, constant, four_hours, eight_hours, one_day, two_days, one_week, better_with_lying_still, worse_with_moving_around, worse_with_eating) VALUES (962, 962, 963, true, true, true, true, false, true, true, true, true, true);
INSERT INTO Symptoms (sxId, fever, loss_of_appetite) VALUES (962, true, true);
INSERT INTO Symptoms (sxId, bloating, constipation, diarrhea, indigestion, nausea, vomiting, chills) VALUES (963, false, false, true, true, true, true, true);
INSERT INTO Cases (diagnosisId, age, gender, majorSx, minorSx, painId) VALUES (5, 74, 'F', 962, 963, 962);
INSERT INTO Positions (posId, left_lower_quadrant, right_lower_quadrant, suprapubic, left_upper_quadrant) VALUES (964, true, true, true, true);
INSERT INTO Positions (posId) VALUES (965);
INSERT INTO Pain (pid, positionId, referred_pain_position, dull, constant, four_hours, eight_hours, one_day, two_days, one_week, better_with_lying_still, worse_with_moving_around, worse_with_eating) VALUES (964, 964, 965, true, true, false, true, true, true, true, true, true, true);
INSERT INTO Symptoms (sxId, fever, loss_of_appetite) VALUES (964, false, true);
INSERT INTO Symptoms (sxId, bloating, constipation, diarrhea, indigestion, nausea, vomiting, chills) VALUES (965, true, true, true, true, true, true, true);
INSERT INTO Cases (diagnosisId, age, gender, majorSx, minorSx, painId) VALUES (5, 71, 'F', 964, 965, 964);
INSERT INTO Positions (posId, left_lower_quadrant, right_lower_quadrant, suprapubic, left_upper_quadrant) VALUES (966, true, false, true, true);
INSERT INTO Positions (posId) VALUES (967);
INSERT INTO Pain (pid, positionId, referred_pain_position, dull, constant, four_hours, eight_hours, one_day, two_days, one_week, better_with_lying_still, worse_with_moving_around, worse_with_eating) VALUES (966, 966, 967, true, true, true, true, true, true, true, false, true, true);
INSERT INTO Symptoms (sxId, fever, loss_of_appetite) VALUES (966, true, true);
INSERT INTO Symptoms (sxId, bloating, constipation, diarrhea, indigestion, nausea, vomiting, chills) VALUES (967, true, true, false, true, true, true, true);
INSERT INTO Cases (diagnosisId, age, gender, majorSx, minorSx, painId) VALUES (5, 75, 'F', 966, 967, 966);
INSERT INTO Positions (posId, left_lower_quadrant, right_lower_quadrant, suprapubic, left_upper_quadrant) VALUES (968, true, true, true, true);
INSERT INTO Positions (posId) VALUES (969);
INSERT INTO Pain (pid, positionId, referred_pain_position, dull, constant, four_hours, eight_hours, one_day, two_days, one_week, better_with_lying_still, worse_with_moving_around, worse_with_eating) VALUES (968, 968, 969, true, true, true, true, true, true, true, true, true, true);
INSERT INTO Symptoms (sxId, fever, loss_of_appetite) VALUES (968, true, true);
INSERT INTO Symptoms (sxId, bloating, constipation, diarrhea, indigestion, nausea, vomiting, chills) VALUES (969, true, true, false, true, true, true, true);
INSERT INTO Cases (diagnosisId, age, gender, majorSx, minorSx, painId) VALUES (5, 74, 'F', 968, 969, 968);
INSERT INTO Positions (posId, left_lower_quadrant, right_lower_quadrant, suprapubic, left_upper_quadrant) VALUES (970, true, true, true, true);
INSERT INTO Positions (posId) VALUES (971);
INSERT INTO Pain (pid, positionId, referred_pain_position, dull, constant, four_hours, eight_hours, one_day, two_days, one_week, better_with_lying_still, worse_with_moving_around, worse_with_eating) VALUES (970, 970, 971, true, false, true, true, true, true, true, true, true, true);
INSERT INTO Symptoms (sxId, fever, loss_of_appetite) VALUES (970, true, true);
INSERT INTO Symptoms (sxId, bloating, constipation, diarrhea, indigestion, nausea, vomiting, chills) VALUES (971, true, true, true, true, false, true, true);
INSERT INTO Cases (diagnosisId, age, gender, majorSx, minorSx, painId) VALUES (5, 80, 'F', 970, 971, 970);
INSERT INTO Positions (posId, left_lower_quadrant, right_lower_quadrant, suprapubic, left_upper_quadrant) VALUES (972, true, false, true, true);
INSERT INTO Positions (posId) VALUES (973);
INSERT INTO Pain (pid, positionId, referred_pain_position, dull, constant, four_hours, eight_hours, one_day, two_days, one_week, better_with_lying_still, worse_with_moving_around, worse_with_eating) VALUES (972, 972, 973, true, true, true, true, true, true, true, true, true, true);
INSERT INTO Symptoms (sxId, fever, loss_of_appetite) VALUES (972, true, true);
INSERT INTO Symptoms (sxId, bloating, constipation, diarrhea, indigestion, nausea, vomiting, chills) VALUES (973, true, true, false, true, true, true, false);
INSERT INTO Cases (diagnosisId, age, gender, majorSx, minorSx, painId) VALUES (5, 79, 'M', 972, 973, 972);
INSERT INTO Positions (posId, left_lower_quadrant, right_lower_quadrant, suprapubic, left_upper_quadrant) VALUES (974, true, true, true, true);
INSERT INTO Positions (posId) VALUES (975);
INSERT INTO Pain (pid, positionId, referred_pain_position, dull, constant, four_hours, eight_hours, one_day, two_days, one_week, better_with_lying_still, worse_with_moving_around, worse_with_eating) VALUES (974, 974, 975, true, true, true, true, true, true, true, true, true, true);
INSERT INTO Symptoms (sxId, fever, loss_of_appetite) VALUES (974, true, true);
INSERT INTO Symptoms (sxId, bloating, constipation, diarrhea, indigestion, nausea, vomiting, chills) VALUES (975, false, true, true, true, true, true, false);
INSERT INTO Cases (diagnosisId, age, gender, majorSx, minorSx, painId) VALUES (5, 79, 'F', 974, 975, 974);
INSERT INTO Positions (posId, left_lower_quadrant, right_lower_quadrant, suprapubic, left_upper_quadrant) VALUES (976, true, true, true, true);
INSERT INTO Positions (posId) VALUES (977);
INSERT INTO Pain (pid, positionId, referred_pain_position, dull, constant, four_hours, eight_hours, one_day, two_days, one_week, better_with_lying_still, worse_with_moving_around, worse_with_eating) VALUES (976, 976, 977, true, true, true, true, true, true, true, true, true, true);
INSERT INTO Symptoms (sxId, fever, loss_of_appetite) VALUES (976, true, true);
INSERT INTO Symptoms (sxId, bloating, constipation, diarrhea, indigestion, nausea, vomiting, chills) VALUES (977, true, true, true, true, false, true, true);
INSERT INTO Cases (diagnosisId, age, gender, majorSx, minorSx, painId) VALUES (5, 79, 'M', 976, 977, 976);
INSERT INTO Positions (posId, left_lower_quadrant, right_lower_quadrant, suprapubic, left_upper_quadrant) VALUES (978, true, true, true, true);
INSERT INTO Positions (posId) VALUES (979);
INSERT INTO Pain (pid, positionId, referred_pain_position, dull, constant, four_hours, eight_hours, one_day, two_days, one_week, better_with_lying_still, worse_with_moving_around, worse_with_eating) VALUES (978, 978, 979, true, true, true, true, true, true, true, true, true, true);
INSERT INTO Symptoms (sxId, fever, loss_of_appetite) VALUES (978, true, true);
INSERT INTO Symptoms (sxId, bloating, constipation, diarrhea, indigestion, nausea, vomiting, chills) VALUES (979, true, true, true, true, true, true, true);
INSERT INTO Cases (diagnosisId, age, gender, majorSx, minorSx, painId) VALUES (5, 77, 'M', 978, 979, 978);
INSERT INTO Positions (posId, left_lower_quadrant, right_lower_quadrant, suprapubic, left_upper_quadrant) VALUES (980, true, true, true, true);
INSERT INTO Positions (posId) VALUES (981);
INSERT INTO Pain (pid, positionId, referred_pain_position, dull, constant, four_hours, eight_hours, one_day, two_days, one_week, better_with_lying_still, worse_with_moving_around, worse_with_eating) VALUES (980, 980, 981, true, true, true, true, true, true, true, true, true, true);
INSERT INTO Symptoms (sxId, fever, loss_of_appetite) VALUES (980, false, true);
INSERT INTO Symptoms (sxId, bloating, constipation, diarrhea, indigestion, nausea, vomiting, chills) VALUES (981, true, false, true, true, true, true, true);
INSERT INTO Cases (diagnosisId, age, gender, majorSx, minorSx, painId) VALUES (5, 78, 'F', 980, 981, 980);
INSERT INTO Positions (posId, left_lower_quadrant, right_lower_quadrant, suprapubic, left_upper_quadrant) VALUES (982, true, true, true, true);
INSERT INTO Positions (posId) VALUES (983);
INSERT INTO Pain (pid, positionId, referred_pain_position, dull, constant, four_hours, eight_hours, one_day, two_days, one_week, better_with_lying_still, worse_with_moving_around, worse_with_eating) VALUES (982, 982, 983, true, true, true, true, true, true, true, true, true, true);
INSERT INTO Symptoms (sxId, fever, loss_of_appetite) VALUES (982, true, true);
INSERT INTO Symptoms (sxId, bloating, constipation, diarrhea, indigestion, nausea, vomiting, chills) VALUES (983, true, true, false, true, false, true, true);
INSERT INTO Cases (diagnosisId, age, gender, majorSx, minorSx, painId) VALUES (5, 76, 'F', 982, 983, 982);
INSERT INTO Positions (posId, left_lower_quadrant, right_lower_quadrant, suprapubic, left_upper_quadrant) VALUES (984, true, true, true, true);
INSERT INTO Positions (posId) VALUES (985);
INSERT INTO Pain (pid, positionId, referred_pain_position, dull, constant, four_hours, eight_hours, one_day, two_days, one_week, better_with_lying_still, worse_with_moving_around, worse_with_eating) VALUES (984, 984, 985, true, true, true, true, true, true, true, true, true, true);
INSERT INTO Symptoms (sxId, fever, loss_of_appetite) VALUES (984, true, true);
INSERT INTO Symptoms (sxId, bloating, constipation, diarrhea, indigestion, nausea, vomiting, chills) VALUES (985, true, true, true, false, true, true, true);
INSERT INTO Cases (diagnosisId, age, gender, majorSx, minorSx, painId) VALUES (5, 80, 'M', 984, 985, 984);
INSERT INTO Positions (posId, left_lower_quadrant, right_lower_quadrant, suprapubic, left_upper_quadrant) VALUES (986, true, true, true, true);
INSERT INTO Positions (posId) VALUES (987);
INSERT INTO Pain (pid, positionId, referred_pain_position, dull, constant, four_hours, eight_hours, one_day, two_days, one_week, better_with_lying_still, worse_with_moving_around, worse_with_eating) VALUES (986, 986, 987, true, true, false, true, true, true, true, true, false, true);
INSERT INTO Symptoms (sxId, fever, loss_of_appetite) VALUES (986, true, true);
INSERT INTO Symptoms (sxId, bloating, constipation, diarrhea, indigestion, nausea, vomiting, chills) VALUES (987, true, true, true, true, true, true, true);
INSERT INTO Cases (diagnosisId, age, gender, majorSx, minorSx, painId) VALUES (5, 85, 'F', 986, 987, 986);
INSERT INTO Positions (posId, left_lower_quadrant, right_lower_quadrant, suprapubic, left_upper_quadrant) VALUES (988, false, true, true, true);
INSERT INTO Positions (posId) VALUES (989);
INSERT INTO Pain (pid, positionId, referred_pain_position, dull, constant, four_hours, eight_hours, one_day, two_days, one_week, better_with_lying_still, worse_with_moving_around, worse_with_eating) VALUES (988, 988, 989, true, true, true, true, false, true, true, true, true, true);
INSERT INTO Symptoms (sxId, fever, loss_of_appetite) VALUES (988, true, true);
INSERT INTO Symptoms (sxId, bloating, constipation, diarrhea, indigestion, nausea, vomiting, chills) VALUES (989, true, true, true, false, true, false, true);
INSERT INTO Cases (diagnosisId, age, gender, majorSx, minorSx, painId) VALUES (5, 85, 'F', 988, 989, 988);
INSERT INTO Positions (posId, left_lower_quadrant, right_lower_quadrant, suprapubic, left_upper_quadrant) VALUES (990, true, true, true, true);
INSERT INTO Positions (posId) VALUES (991);
INSERT INTO Pain (pid, positionId, referred_pain_position, dull, constant, four_hours, eight_hours, one_day, two_days, one_week, better_with_lying_still, worse_with_moving_around, worse_with_eating) VALUES (990, 990, 991, true, true, true, true, true, true, true, true, true, false);
INSERT INTO Symptoms (sxId, fever, loss_of_appetite) VALUES (990, true, true);
INSERT INTO Symptoms (sxId, bloating, constipation, diarrhea, indigestion, nausea, vomiting, chills) VALUES (991, true, true, true, true, true, true, true);
INSERT INTO Cases (diagnosisId, age, gender, majorSx, minorSx, painId) VALUES (5, 84, 'F', 990, 991, 990);
INSERT INTO Positions (posId, left_lower_quadrant, right_lower_quadrant, suprapubic, left_upper_quadrant) VALUES (992, false, true, true, true);
INSERT INTO Positions (posId) VALUES (993);
INSERT INTO Pain (pid, positionId, referred_pain_position, dull, constant, four_hours, eight_hours, one_day, two_days, one_week, better_with_lying_still, worse_with_moving_around, worse_with_eating) VALUES (992, 992, 993, true, true, true, true, true, true, false, true, true, true);
INSERT INTO Symptoms (sxId, fever, loss_of_appetite) VALUES (992, true, true);
INSERT INTO Symptoms (sxId, bloating, constipation, diarrhea, indigestion, nausea, vomiting, chills) VALUES (993, true, true, true, true, true, true, true);
INSERT INTO Cases (diagnosisId, age, gender, majorSx, minorSx, painId) VALUES (5, 85, 'M', 992, 993, 992);
INSERT INTO Positions (posId, left_lower_quadrant, right_lower_quadrant, suprapubic, left_upper_quadrant) VALUES (994, true, false, true, true);
INSERT INTO Positions (posId) VALUES (995);
INSERT INTO Pain (pid, positionId, referred_pain_position, dull, constant, four_hours, eight_hours, one_day, two_days, one_week, better_with_lying_still, worse_with_moving_around, worse_with_eating) VALUES (994, 994, 995, true, true, true, true, true, true, true, true, true, true);
INSERT INTO Symptoms (sxId, fever, loss_of_appetite) VALUES (994, true, true);
INSERT INTO Symptoms (sxId, bloating, constipation, diarrhea, indigestion, nausea, vomiting, chills) VALUES (995, true, true, true, true, true, true, true);
INSERT INTO Cases (diagnosisId, age, gender, majorSx, minorSx, painId) VALUES (5, 86, 'M', 994, 995, 994);
INSERT INTO Positions (posId, left_lower_quadrant, right_lower_quadrant, suprapubic, left_upper_quadrant) VALUES (996, true, true, true, true);
INSERT INTO Positions (posId) VALUES (997);
INSERT INTO Pain (pid, positionId, referred_pain_position, dull, constant, four_hours, eight_hours, one_day, two_days, one_week, better_with_lying_still, worse_with_moving_around, worse_with_eating) VALUES (996, 996, 997, true, true, true, true, true, true, true, true, true, true);
INSERT INTO Symptoms (sxId, fever, loss_of_appetite) VALUES (996, true, true);
INSERT INTO Symptoms (sxId, bloating, constipation, diarrhea, indigestion, nausea, vomiting, chills) VALUES (997, false, true, true, true, true, true, true);
INSERT INTO Cases (diagnosisId, age, gender, majorSx, minorSx, painId) VALUES (5, 87, 'F', 996, 997, 996);
INSERT INTO Positions (posId, left_lower_quadrant, right_lower_quadrant, suprapubic, left_upper_quadrant) VALUES (998, true, true, true, true);
INSERT INTO Positions (posId) VALUES (999);
INSERT INTO Pain (pid, positionId, referred_pain_position, dull, constant, four_hours, eight_hours, one_day, two_days, one_week, better_with_lying_still, worse_with_moving_around, worse_with_eating) VALUES (998, 998, 999, true, true, true, true, true, true, true, true, true, true);
INSERT INTO Symptoms (sxId, fever, loss_of_appetite) VALUES (998, true, true);
INSERT INTO Symptoms (sxId, bloating, constipation, diarrhea, indigestion, nausea, vomiting, chills) VALUES (999, true, true, true, true, true, true, false);
INSERT INTO Cases (diagnosisId, age, gender, majorSx, minorSx, painId) VALUES (5, 91, 'F', 998, 999, 998);
INSERT INTO Positions (posId, left_lower_quadrant, right_lower_quadrant, suprapubic, left_upper_quadrant) VALUES (1000, true, true, true, true);
INSERT INTO Positions (posId) VALUES (1001);
INSERT INTO Pain (pid, positionId, referred_pain_position, dull, constant, four_hours, eight_hours, one_day, two_days, one_week, better_with_lying_still, worse_with_moving_around, worse_with_eating) VALUES (1000, 1000, 1001, true, true, true, true, true, false, true, true, true, true);
INSERT INTO Symptoms (sxId, fever, loss_of_appetite) VALUES (1000, true, true);
INSERT INTO Symptoms (sxId, bloating, constipation, diarrhea, indigestion, nausea, vomiting, chills) VALUES (1001, false, true, true, true, true, true, true);
INSERT INTO Cases (diagnosisId, age, gender, majorSx, minorSx, painId) VALUES (5, 101, 'F', 1000, 1001, 1000);
Insert INTO Diagnosis (dId, dname) Values (6, 'Urinary');
INSERT INTO Positions (posId, left_costovertebral, right_costovertebral, left_flank, right_flank, pelvic, suprapubic) VALUES (1002, true, true, true, true, true, true);
INSERT INTO Positions (posId, left_groin, right_groin) VALUES (1003, false, true);
INSERT INTO Pain (pid, positionId, referred_pain_position, dysuria, dull, constant, four_hours, eight_hours, one_day, two_days) VALUES (1002, 1002, 1003, true, true, true, true, true, true, true);
INSERT INTO Symptoms (sxId, polyuria, hematuria, fever) VALUES (1002, true, true, true);
INSERT INTO Symptoms (sxId, fatigue, malaise, nausea, vomiting, hypotension, tachycardia, cloudy_urine, smelly_urine, sense_of_incomplete_bladder_emptying) VALUES (1003, false, false, true, true, true, false, false, true, true);
INSERT INTO Cases (diagnosisId, age, gender, majorSx, minorSx, painId) VALUES (6, 5, 'M', 1002, 1003, 1002);
INSERT INTO Positions (posId, left_costovertebral, right_costovertebral, left_flank, right_flank, pelvic, suprapubic) VALUES (1004, false, true, true, true, true, true);
INSERT INTO Positions (posId, left_groin, right_groin) VALUES (1005, true, true);
INSERT INTO Pain (pid, positionId, referred_pain_position, dysuria, dull, constant, four_hours, eight_hours, one_day, two_days) VALUES (1004, 1004, 1005, true, true, true, true, true, true, true);
INSERT INTO Symptoms (sxId, polyuria, hematuria, fever) VALUES (1004, true, true, true);
INSERT INTO Symptoms (sxId, fatigue, malaise, nausea, vomiting, hypotension, tachycardia, cloudy_urine, smelly_urine, sense_of_incomplete_bladder_emptying) VALUES (1005, true, true, true, true, true, true, true, true, true);
INSERT INTO Cases (diagnosisId, age, gender, majorSx, minorSx, painId) VALUES (6, 2, 'M', 1004, 1005, 1004);
INSERT INTO Positions (posId, left_costovertebral, right_costovertebral, left_flank, right_flank, pelvic, suprapubic) VALUES (1006, true, true, true, true, true, true);
INSERT INTO Positions (posId, left_groin, right_groin) VALUES (1007, true, true);
INSERT INTO Pain (pid, positionId, referred_pain_position, dysuria, dull, constant, four_hours, eight_hours, one_day, two_days) VALUES (1006, 1006, 1007, true, true, true, true, true, true, true);
INSERT INTO Symptoms (sxId, polyuria, hematuria, fever) VALUES (1006, true, true, true);
INSERT INTO Symptoms (sxId, fatigue, malaise, nausea, vomiting, hypotension, tachycardia, cloudy_urine, smelly_urine, sense_of_incomplete_bladder_emptying) VALUES (1007, true, true, true, true, true, false, true, true, true);
INSERT INTO Cases (diagnosisId, age, gender, majorSx, minorSx, painId) VALUES (6, 2, 'M', 1006, 1007, 1006);
INSERT INTO Positions (posId, left_costovertebral, right_costovertebral, left_flank, right_flank, pelvic, suprapubic) VALUES (1008, true, false, true, true, true, true);
INSERT INTO Positions (posId, left_groin, right_groin) VALUES (1009, true, true);
INSERT INTO Pain (pid, positionId, referred_pain_position, dysuria, dull, constant, four_hours, eight_hours, one_day, two_days) VALUES (1008, 1008, 1009, true, true, true, true, true, true, true);
INSERT INTO Symptoms (sxId, polyuria, hematuria, fever) VALUES (1008, true, true, true);
INSERT INTO Symptoms (sxId, fatigue, malaise, nausea, vomiting, hypotension, tachycardia, cloudy_urine, smelly_urine, sense_of_incomplete_bladder_emptying) VALUES (1009, true, true, true, true, true, false, false, true, false);
INSERT INTO Cases (diagnosisId, age, gender, majorSx, minorSx, painId) VALUES (6, 1, 'M', 1008, 1009, 1008);
INSERT INTO Positions (posId, left_costovertebral, right_costovertebral, left_flank, right_flank, pelvic, suprapubic) VALUES (1010, true, true, true, true, true, true);
INSERT INTO Positions (posId, left_groin, right_groin) VALUES (1011, true, true);
INSERT INTO Pain (pid, positionId, referred_pain_position, dysuria, dull, constant, four_hours, eight_hours, one_day, two_days) VALUES (1010, 1010, 1011, true, true, true, true, true, true, true);
INSERT INTO Symptoms (sxId, polyuria, hematuria, fever) VALUES (1010, true, true, false);
INSERT INTO Symptoms (sxId, fatigue, malaise, nausea, vomiting, hypotension, tachycardia, cloudy_urine, smelly_urine, sense_of_incomplete_bladder_emptying) VALUES (1011, true, true, false, true, true, true, true, true, true);
INSERT INTO Cases (diagnosisId, age, gender, majorSx, minorSx, painId) VALUES (6, 2, 'M', 1010, 1011, 1010);
INSERT INTO Positions (posId, left_costovertebral, right_costovertebral, left_flank, right_flank, pelvic, suprapubic) VALUES (1012, true, true, true, true, true, true);
INSERT INTO Positions (posId, left_groin, right_groin) VALUES (1013, true, true);
INSERT INTO Pain (pid, positionId, referred_pain_position, dysuria, dull, constant, four_hours, eight_hours, one_day, two_days) VALUES (1012, 1012, 1013, true, true, true, true, true, true, true);
INSERT INTO Symptoms (sxId, polyuria, hematuria, fever) VALUES (1012, false, true, true);
INSERT INTO Symptoms (sxId, fatigue, malaise, nausea, vomiting, hypotension, tachycardia, cloudy_urine, smelly_urine, sense_of_incomplete_bladder_emptying) VALUES (1013, true, true, true, true, true, true, false, true, true);
INSERT INTO Cases (diagnosisId, age, gender, majorSx, minorSx, painId) VALUES (6, 2, 'F', 1012, 1013, 1012);
INSERT INTO Positions (posId, left_costovertebral, right_costovertebral, left_flank, right_flank, pelvic, suprapubic) VALUES (1014, true, true, true, true, true, false);
INSERT INTO Positions (posId, left_groin, right_groin) VALUES (1015, true, true);
INSERT INTO Pain (pid, positionId, referred_pain_position, dysuria, dull, constant, four_hours, eight_hours, one_day, two_days) VALUES (1014, 1014, 1015, true, true, true, true, true, true, true);
INSERT INTO Symptoms (sxId, polyuria, hematuria, fever) VALUES (1014, true, true, true);
INSERT INTO Symptoms (sxId, fatigue, malaise, nausea, vomiting, hypotension, tachycardia, cloudy_urine, smelly_urine, sense_of_incomplete_bladder_emptying) VALUES (1015, true, true, true, true, true, true, true, true, true);
INSERT INTO Cases (diagnosisId, age, gender, majorSx, minorSx, painId) VALUES (6, 7, 'F', 1014, 1015, 1014);
INSERT INTO Positions (posId, left_costovertebral, right_costovertebral, left_flank, right_flank, pelvic, suprapubic) VALUES (1016, true, true, true, true, true, false);
INSERT INTO Positions (posId, left_groin, right_groin) VALUES (1017, true, true);
INSERT INTO Pain (pid, positionId, referred_pain_position, dysuria, dull, constant, four_hours, eight_hours, one_day, two_days) VALUES (1016, 1016, 1017, true, true, true, true, false, true, true);
INSERT INTO Symptoms (sxId, polyuria, hematuria, fever) VALUES (1016, true, true, true);
INSERT INTO Symptoms (sxId, fatigue, malaise, nausea, vomiting, hypotension, tachycardia, cloudy_urine, smelly_urine, sense_of_incomplete_bladder_emptying) VALUES (1017, true, true, true, true, true, true, true, true, true);
INSERT INTO Cases (diagnosisId, age, gender, majorSx, minorSx, painId) VALUES (6, 10, 'M', 1016, 1017, 1016);
INSERT INTO Positions (posId, left_costovertebral, right_costovertebral, left_flank, right_flank, pelvic, suprapubic) VALUES (1018, true, true, false, true, true, true);
INSERT INTO Positions (posId, left_groin, right_groin) VALUES (1019, true, true);
INSERT INTO Pain (pid, positionId, referred_pain_position, dysuria, dull, constant, four_hours, eight_hours, one_day, two_days) VALUES (1018, 1018, 1019, true, true, true, true, true, true, true);
INSERT INTO Symptoms (sxId, polyuria, hematuria, fever) VALUES (1018, true, true, false);
INSERT INTO Symptoms (sxId, fatigue, malaise, nausea, vomiting, hypotension, tachycardia, cloudy_urine, smelly_urine, sense_of_incomplete_bladder_emptying) VALUES (1019, true, true, false, true, false, true, true, true, true);
INSERT INTO Cases (diagnosisId, age, gender, majorSx, minorSx, painId) VALUES (6, 6, 'F', 1018, 1019, 1018);
INSERT INTO Positions (posId, left_costovertebral, right_costovertebral, left_flank, right_flank, pelvic, suprapubic) VALUES (1020, true, true, true, true, true, true);
INSERT INTO Positions (posId, left_groin, right_groin) VALUES (1021, true, false);
INSERT INTO Pain (pid, positionId, referred_pain_position, dysuria, dull, constant, four_hours, eight_hours, one_day, two_days) VALUES (1020, 1020, 1021, true, true, true, false, true, false, true);
INSERT INTO Symptoms (sxId, polyuria, hematuria, fever) VALUES (1020, true, false, true);
INSERT INTO Symptoms (sxId, fatigue, malaise, nausea, vomiting, hypotension, tachycardia, cloudy_urine, smelly_urine, sense_of_incomplete_bladder_emptying) VALUES (1021, true, false, true, true, true, true, true, true, true);
INSERT INTO Cases (diagnosisId, age, gender, majorSx, minorSx, painId) VALUES (6, 13, 'M', 1020, 1021, 1020);
INSERT INTO Positions (posId, left_costovertebral, right_costovertebral, left_flank, right_flank, pelvic, suprapubic) VALUES (1022, true, true, true, true, true, false);
INSERT INTO Positions (posId, left_groin, right_groin) VALUES (1023, true, true);
INSERT INTO Pain (pid, positionId, referred_pain_position, dysuria, dull, constant, four_hours, eight_hours, one_day, two_days) VALUES (1022, 1022, 1023, true, true, true, true, true, true, true);
INSERT INTO Symptoms (sxId, polyuria, hematuria, fever) VALUES (1022, true, true, true);
INSERT INTO Symptoms (sxId, fatigue, malaise, nausea, vomiting, hypotension, tachycardia, cloudy_urine, smelly_urine, sense_of_incomplete_bladder_emptying) VALUES (1023, true, false, true, true, false, true, true, false, true);
INSERT INTO Cases (diagnosisId, age, gender, majorSx, minorSx, painId) VALUES (6, 13, 'F', 1022, 1023, 1022);
INSERT INTO Positions (posId, left_costovertebral, right_costovertebral, left_flank, right_flank, pelvic, suprapubic) VALUES (1024, true, true, true, true, true, true);
INSERT INTO Positions (posId, left_groin, right_groin) VALUES (1025, true, false);
INSERT INTO Pain (pid, positionId, referred_pain_position, dysuria, dull, constant, four_hours, eight_hours, one_day, two_days) VALUES (1024, 1024, 1025, true, true, true, true, true, true, true);
INSERT INTO Symptoms (sxId, polyuria, hematuria, fever) VALUES (1024, false, true, true);
INSERT INTO Symptoms (sxId, fatigue, malaise, nausea, vomiting, hypotension, tachycardia, cloudy_urine, smelly_urine, sense_of_incomplete_bladder_emptying) VALUES (1025, true, true, true, true, true, true, true, true, true);
INSERT INTO Cases (diagnosisId, age, gender, majorSx, minorSx, painId) VALUES (6, 19, 'M', 1024, 1025, 1024);
INSERT INTO Positions (posId, left_costovertebral, right_costovertebral, left_flank, right_flank, pelvic, suprapubic) VALUES (1026, true, true, true, true, true, true);
INSERT INTO Positions (posId, left_groin, right_groin) VALUES (1027, true, true);
INSERT INTO Pain (pid, positionId, referred_pain_position, dysuria, dull, constant, four_hours, eight_hours, one_day, two_days) VALUES (1026, 1026, 1027, true, true, true, true, true, true, true);
INSERT INTO Symptoms (sxId, polyuria, hematuria, fever) VALUES (1026, true, true, true);
INSERT INTO Symptoms (sxId, fatigue, malaise, nausea, vomiting, hypotension, tachycardia, cloudy_urine, smelly_urine, sense_of_incomplete_bladder_emptying) VALUES (1027, true, true, true, true, true, true, true, true, true);
INSERT INTO Cases (diagnosisId, age, gender, majorSx, minorSx, painId) VALUES (6, 20, 'F', 1026, 1027, 1026);
INSERT INTO Positions (posId, left_costovertebral, right_costovertebral, left_flank, right_flank, pelvic, suprapubic) VALUES (1028, true, false, true, true, false, false);
INSERT INTO Positions (posId, left_groin, right_groin) VALUES (1029, true, true);
INSERT INTO Pain (pid, positionId, referred_pain_position, dysuria, dull, constant, four_hours, eight_hours, one_day, two_days) VALUES (1028, 1028, 1029, true, true, true, true, true, true, false);
INSERT INTO Symptoms (sxId, polyuria, hematuria, fever) VALUES (1028, true, true, true);
INSERT INTO Symptoms (sxId, fatigue, malaise, nausea, vomiting, hypotension, tachycardia, cloudy_urine, smelly_urine, sense_of_incomplete_bladder_emptying) VALUES (1029, true, true, true, true, true, true, true, true, true);
INSERT INTO Cases (diagnosisId, age, gender, majorSx, minorSx, painId) VALUES (6, 22, 'M', 1028, 1029, 1028);
INSERT INTO Positions (posId, left_costovertebral, right_costovertebral, left_flank, right_flank, pelvic, suprapubic) VALUES (1030, true, false, true, true, true, true);
INSERT INTO Positions (posId, left_groin, right_groin) VALUES (1031, true, true);
INSERT INTO Pain (pid, positionId, referred_pain_position, dysuria, dull, constant, four_hours, eight_hours, one_day, two_days) VALUES (1030, 1030, 1031, true, true, true, true, false, true, true);
INSERT INTO Symptoms (sxId, polyuria, hematuria, fever) VALUES (1030, true, true, true);
INSERT INTO Symptoms (sxId, fatigue, malaise, nausea, vomiting, hypotension, tachycardia, cloudy_urine, smelly_urine, sense_of_incomplete_bladder_emptying) VALUES (1031, true, true, true, true, true, true, true, true, true);
INSERT INTO Cases (diagnosisId, age, gender, majorSx, minorSx, painId) VALUES (6, 24, 'M', 1030, 1031, 1030);
INSERT INTO Positions (posId, left_costovertebral, right_costovertebral, left_flank, right_flank, pelvic, suprapubic) VALUES (1032, true, true, true, true, true, true);
INSERT INTO Positions (posId, left_groin, right_groin) VALUES (1033, true, true);
INSERT INTO Pain (pid, positionId, referred_pain_position, dysuria, dull, constant, four_hours, eight_hours, one_day, two_days) VALUES (1032, 1032, 1033, true, true, true, true, true, true, true);
INSERT INTO Symptoms (sxId, polyuria, hematuria, fever) VALUES (1032, true, false, true);
INSERT INTO Symptoms (sxId, fatigue, malaise, nausea, vomiting, hypotension, tachycardia, cloudy_urine, smelly_urine, sense_of_incomplete_bladder_emptying) VALUES (1033, true, true, true, true, true, true, true, true, true);
INSERT INTO Cases (diagnosisId, age, gender, majorSx, minorSx, painId) VALUES (6, 29, 'F', 1032, 1033, 1032);
INSERT INTO Positions (posId, left_costovertebral, right_costovertebral, left_flank, right_flank, pelvic, suprapubic) VALUES (1034, true, true, true, true, true, true);
INSERT INTO Positions (posId, left_groin, right_groin) VALUES (1035, true, true);
INSERT INTO Pain (pid, positionId, referred_pain_position, dysuria, dull, constant, four_hours, eight_hours, one_day, two_days) VALUES (1034, 1034, 1035, true, true, true, true, true, true, true);
INSERT INTO Symptoms (sxId, polyuria, hematuria, fever) VALUES (1034, true, true, true);
INSERT INTO Symptoms (sxId, fatigue, malaise, nausea, vomiting, hypotension, tachycardia, cloudy_urine, smelly_urine, sense_of_incomplete_bladder_emptying) VALUES (1035, true, true, true, true, true, true, true, true, false);
INSERT INTO Cases (diagnosisId, age, gender, majorSx, minorSx, painId) VALUES (6, 29, 'M', 1034, 1035, 1034);
INSERT INTO Positions (posId, left_costovertebral, right_costovertebral, left_flank, right_flank, pelvic, suprapubic) VALUES (1036, true, true, true, true, true, true);
INSERT INTO Positions (posId, left_groin, right_groin) VALUES (1037, true, true);
INSERT INTO Pain (pid, positionId, referred_pain_position, dysuria, dull, constant, four_hours, eight_hours, one_day, two_days) VALUES (1036, 1036, 1037, true, true, false, true, true, true, false);
INSERT INTO Symptoms (sxId, polyuria, hematuria, fever) VALUES (1036, true, true, true);
INSERT INTO Symptoms (sxId, fatigue, malaise, nausea, vomiting, hypotension, tachycardia, cloudy_urine, smelly_urine, sense_of_incomplete_bladder_emptying) VALUES (1037, true, true, true, true, true, true, true, true, true);
INSERT INTO Cases (diagnosisId, age, gender, majorSx, minorSx, painId) VALUES (6, 34, 'M', 1036, 1037, 1036);
INSERT INTO Positions (posId, left_costovertebral, right_costovertebral, left_flank, right_flank, pelvic, suprapubic) VALUES (1038, true, true, false, true, false, true);
INSERT INTO Positions (posId, left_groin, right_groin) VALUES (1039, true, true);
INSERT INTO Pain (pid, positionId, referred_pain_position, dysuria, dull, constant, four_hours, eight_hours, one_day, two_days) VALUES (1038, 1038, 1039, false, true, false, true, true, true, true);
INSERT INTO Symptoms (sxId, polyuria, hematuria, fever) VALUES (1038, true, true, true);
INSERT INTO Symptoms (sxId, fatigue, malaise, nausea, vomiting, hypotension, tachycardia, cloudy_urine, smelly_urine, sense_of_incomplete_bladder_emptying) VALUES (1039, true, true, true, true, true, true, true, true, true);
INSERT INTO Cases (diagnosisId, age, gender, majorSx, minorSx, painId) VALUES (6, 34, 'M', 1038, 1039, 1038);
INSERT INTO Positions (posId, left_costovertebral, right_costovertebral, left_flank, right_flank, pelvic, suprapubic) VALUES (1040, true, true, true, true, true, true);
INSERT INTO Positions (posId, left_groin, right_groin) VALUES (1041, true, true);
INSERT INTO Pain (pid, positionId, referred_pain_position, dysuria, dull, constant, four_hours, eight_hours, one_day, two_days) VALUES (1040, 1040, 1041, true, true, true, true, true, true, true);
INSERT INTO Symptoms (sxId, polyuria, hematuria, fever) VALUES (1040, true, true, true);
INSERT INTO Symptoms (sxId, fatigue, malaise, nausea, vomiting, hypotension, tachycardia, cloudy_urine, smelly_urine, sense_of_incomplete_bladder_emptying) VALUES (1041, true, true, true, true, false, true, true, true, true);
INSERT INTO Cases (diagnosisId, age, gender, majorSx, minorSx, painId) VALUES (6, 40, 'M', 1040, 1041, 1040);
INSERT INTO Positions (posId, left_costovertebral, right_costovertebral, left_flank, right_flank, pelvic, suprapubic) VALUES (1042, true, true, true, true, true, true);
INSERT INTO Positions (posId, left_groin, right_groin) VALUES (1043, true, true);
INSERT INTO Pain (pid, positionId, referred_pain_position, dysuria, dull, constant, four_hours, eight_hours, one_day, two_days) VALUES (1042, 1042, 1043, true, true, true, true, true, true, true);
INSERT INTO Symptoms (sxId, polyuria, hematuria, fever) VALUES (1042, true, true, true);
INSERT INTO Symptoms (sxId, fatigue, malaise, nausea, vomiting, hypotension, tachycardia, cloudy_urine, smelly_urine, sense_of_incomplete_bladder_emptying) VALUES (1043, true, false, true, true, true, true, true, true, true);
INSERT INTO Cases (diagnosisId, age, gender, majorSx, minorSx, painId) VALUES (6, 40, 'M', 1042, 1043, 1042);
INSERT INTO Positions (posId, left_costovertebral, right_costovertebral, left_flank, right_flank, pelvic, suprapubic) VALUES (1044, true, false, true, true, true, true);
INSERT INTO Positions (posId, left_groin, right_groin) VALUES (1045, true, true);
INSERT INTO Pain (pid, positionId, referred_pain_position, dysuria, dull, constant, four_hours, eight_hours, one_day, two_days) VALUES (1044, 1044, 1045, true, true, true, false, true, true, false);
INSERT INTO Symptoms (sxId, polyuria, hematuria, fever) VALUES (1044, true, true, false);
INSERT INTO Symptoms (sxId, fatigue, malaise, nausea, vomiting, hypotension, tachycardia, cloudy_urine, smelly_urine, sense_of_incomplete_bladder_emptying) VALUES (1045, true, true, true, true, true, true, true, true, true);
INSERT INTO Cases (diagnosisId, age, gender, majorSx, minorSx, painId) VALUES (6, 40, 'M', 1044, 1045, 1044);
INSERT INTO Positions (posId, left_costovertebral, right_costovertebral, left_flank, right_flank, pelvic, suprapubic) VALUES (1046, true, true, true, false, true, true);
INSERT INTO Positions (posId, left_groin, right_groin) VALUES (1047, true, true);
INSERT INTO Pain (pid, positionId, referred_pain_position, dysuria, dull, constant, four_hours, eight_hours, one_day, two_days) VALUES (1046, 1046, 1047, true, true, true, true, true, true, true);
INSERT INTO Symptoms (sxId, polyuria, hematuria, fever) VALUES (1046, true, true, true);
INSERT INTO Symptoms (sxId, fatigue, malaise, nausea, vomiting, hypotension, tachycardia, cloudy_urine, smelly_urine, sense_of_incomplete_bladder_emptying) VALUES (1047, true, false, true, true, true, true, true, true, true);
INSERT INTO Cases (diagnosisId, age, gender, majorSx, minorSx, painId) VALUES (6, 44, 'M', 1046, 1047, 1046);
INSERT INTO Positions (posId, left_costovertebral, right_costovertebral, left_flank, right_flank, pelvic, suprapubic) VALUES (1048, true, true, true, true, true, true);
INSERT INTO Positions (posId, left_groin, right_groin) VALUES (1049, true, true);
INSERT INTO Pain (pid, positionId, referred_pain_position, dysuria, dull, constant, four_hours, eight_hours, one_day, two_days) VALUES (1048, 1048, 1049, true, true, true, true, true, true, true);
INSERT INTO Symptoms (sxId, polyuria, hematuria, fever) VALUES (1048, true, true, true);
INSERT INTO Symptoms (sxId, fatigue, malaise, nausea, vomiting, hypotension, tachycardia, cloudy_urine, smelly_urine, sense_of_incomplete_bladder_emptying) VALUES (1049, false, true, true, true, false, true, true, true, true);
INSERT INTO Cases (diagnosisId, age, gender, majorSx, minorSx, painId) VALUES (6, 44, 'M', 1048, 1049, 1048);
INSERT INTO Positions (posId, left_costovertebral, right_costovertebral, left_flank, right_flank, pelvic, suprapubic) VALUES (1050, true, true, true, true, true, true);
INSERT INTO Positions (posId, left_groin, right_groin) VALUES (1051, true, true);
INSERT INTO Pain (pid, positionId, referred_pain_position, dysuria, dull, constant, four_hours, eight_hours, one_day, two_days) VALUES (1050, 1050, 1051, true, true, true, true, true, false, true);
INSERT INTO Symptoms (sxId, polyuria, hematuria, fever) VALUES (1050, true, true, true);
INSERT INTO Symptoms (sxId, fatigue, malaise, nausea, vomiting, hypotension, tachycardia, cloudy_urine, smelly_urine, sense_of_incomplete_bladder_emptying) VALUES (1051, true, true, true, true, true, true, true, true, true);
INSERT INTO Cases (diagnosisId, age, gender, majorSx, minorSx, painId) VALUES (6, 42, 'M', 1050, 1051, 1050);
INSERT INTO Positions (posId, left_costovertebral, right_costovertebral, left_flank, right_flank, pelvic, suprapubic) VALUES (1052, true, false, true, true, true, false);
INSERT INTO Positions (posId, left_groin, right_groin) VALUES (1053, true, false);
INSERT INTO Pain (pid, positionId, referred_pain_position, dysuria, dull, constant, four_hours, eight_hours, one_day, two_days) VALUES (1052, 1052, 1053, true, true, true, false, true, true, true);
INSERT INTO Symptoms (sxId, polyuria, hematuria, fever) VALUES (1052, true, true, true);
INSERT INTO Symptoms (sxId, fatigue, malaise, nausea, vomiting, hypotension, tachycardia, cloudy_urine, smelly_urine, sense_of_incomplete_bladder_emptying) VALUES (1053, true, true, true, true, true, true, true, true, true);
INSERT INTO Cases (diagnosisId, age, gender, majorSx, minorSx, painId) VALUES (6, 41, 'F', 1052, 1053, 1052);
INSERT INTO Positions (posId, left_costovertebral, right_costovertebral, left_flank, right_flank, pelvic, suprapubic) VALUES (1054, false, true, true, true, true, false);
INSERT INTO Positions (posId, left_groin, right_groin) VALUES (1055, true, true);
INSERT INTO Pain (pid, positionId, referred_pain_position, dysuria, dull, constant, four_hours, eight_hours, one_day, two_days) VALUES (1054, 1054, 1055, true, true, true, true, true, true, true);
INSERT INTO Symptoms (sxId, polyuria, hematuria, fever) VALUES (1054, false, true, true);
INSERT INTO Symptoms (sxId, fatigue, malaise, nausea, vomiting, hypotension, tachycardia, cloudy_urine, smelly_urine, sense_of_incomplete_bladder_emptying) VALUES (1055, true, true, true, true, true, true, true, true, true);
INSERT INTO Cases (diagnosisId, age, gender, majorSx, minorSx, painId) VALUES (6, 47, 'M', 1054, 1055, 1054);
INSERT INTO Positions (posId, left_costovertebral, right_costovertebral, left_flank, right_flank, pelvic, suprapubic) VALUES (1056, true, true, true, true, true, true);
INSERT INTO Positions (posId, left_groin, right_groin) VALUES (1057, true, true);
INSERT INTO Pain (pid, positionId, referred_pain_position, dysuria, dull, constant, four_hours, eight_hours, one_day, two_days) VALUES (1056, 1056, 1057, true, true, true, true, true, true, true);
INSERT INTO Symptoms (sxId, polyuria, hematuria, fever) VALUES (1056, true, true, true);
INSERT INTO Symptoms (sxId, fatigue, malaise, nausea, vomiting, hypotension, tachycardia, cloudy_urine, smelly_urine, sense_of_incomplete_bladder_emptying) VALUES (1057, true, true, true, true, true, true, true, false, true);
INSERT INTO Cases (diagnosisId, age, gender, majorSx, minorSx, painId) VALUES (6, 50, 'M', 1056, 1057, 1056);
INSERT INTO Positions (posId, left_costovertebral, right_costovertebral, left_flank, right_flank, pelvic, suprapubic) VALUES (1058, true, true, true, true, false, true);
INSERT INTO Positions (posId, left_groin, right_groin) VALUES (1059, true, true);
INSERT INTO Pain (pid, positionId, referred_pain_position, dysuria, dull, constant, four_hours, eight_hours, one_day, two_days) VALUES (1058, 1058, 1059, true, true, true, true, true, true, true);
INSERT INTO Symptoms (sxId, polyuria, hematuria, fever) VALUES (1058, true, true, true);
INSERT INTO Symptoms (sxId, fatigue, malaise, nausea, vomiting, hypotension, tachycardia, cloudy_urine, smelly_urine, sense_of_incomplete_bladder_emptying) VALUES (1059, true, true, false, true, true, true, true, true, true);
INSERT INTO Cases (diagnosisId, age, gender, majorSx, minorSx, painId) VALUES (6, 48, 'F', 1058, 1059, 1058);
INSERT INTO Positions (posId, left_costovertebral, right_costovertebral, left_flank, right_flank, pelvic, suprapubic) VALUES (1060, true, true, true, true, true, true);
INSERT INTO Positions (posId, left_groin, right_groin) VALUES (1061, true, true);
INSERT INTO Pain (pid, positionId, referred_pain_position, dysuria, dull, constant, four_hours, eight_hours, one_day, two_days) VALUES (1060, 1060, 1061, false, false, true, true, true, true, true);
INSERT INTO Symptoms (sxId, polyuria, hematuria, fever) VALUES (1060, true, true, false);
INSERT INTO Symptoms (sxId, fatigue, malaise, nausea, vomiting, hypotension, tachycardia, cloudy_urine, smelly_urine, sense_of_incomplete_bladder_emptying) VALUES (1061, true, true, true, true, true, true, true, false, true);
INSERT INTO Cases (diagnosisId, age, gender, majorSx, minorSx, painId) VALUES (6, 47, 'M', 1060, 1061, 1060);
INSERT INTO Positions (posId, left_costovertebral, right_costovertebral, left_flank, right_flank, pelvic, suprapubic) VALUES (1062, true, true, true, true, true, true);
INSERT INTO Positions (posId, left_groin, right_groin) VALUES (1063, true, true);
INSERT INTO Pain (pid, positionId, referred_pain_position, dysuria, dull, constant, four_hours, eight_hours, one_day, two_days) VALUES (1062, 1062, 1063, true, false, false, true, true, true, true);
INSERT INTO Symptoms (sxId, polyuria, hematuria, fever) VALUES (1062, false, false, true);
INSERT INTO Symptoms (sxId, fatigue, malaise, nausea, vomiting, hypotension, tachycardia, cloudy_urine, smelly_urine, sense_of_incomplete_bladder_emptying) VALUES (1063, true, true, true, false, true, true, true, true, true);
INSERT INTO Cases (diagnosisId, age, gender, majorSx, minorSx, painId) VALUES (6, 53, 'F', 1062, 1063, 1062);
INSERT INTO Positions (posId, left_costovertebral, right_costovertebral, left_flank, right_flank, pelvic, suprapubic) VALUES (1064, true, true, true, true, true, true);
INSERT INTO Positions (posId, left_groin, right_groin) VALUES (1065, true, true);
INSERT INTO Pain (pid, positionId, referred_pain_position, dysuria, dull, constant, four_hours, eight_hours, one_day, two_days) VALUES (1064, 1064, 1065, false, true, true, true, true, true, true);
INSERT INTO Symptoms (sxId, polyuria, hematuria, fever) VALUES (1064, true, true, true);
INSERT INTO Symptoms (sxId, fatigue, malaise, nausea, vomiting, hypotension, tachycardia, cloudy_urine, smelly_urine, sense_of_incomplete_bladder_emptying) VALUES (1065, true, true, true, true, true, true, true, true, true);
INSERT INTO Cases (diagnosisId, age, gender, majorSx, minorSx, painId) VALUES (6, 53, 'F', 1064, 1065, 1064);
INSERT INTO Positions (posId, left_costovertebral, right_costovertebral, left_flank, right_flank, pelvic, suprapubic) VALUES (1066, true, true, true, true, true, true);
INSERT INTO Positions (posId, left_groin, right_groin) VALUES (1067, true, true);
INSERT INTO Pain (pid, positionId, referred_pain_position, dysuria, dull, constant, four_hours, eight_hours, one_day, two_days) VALUES (1066, 1066, 1067, true, false, true, true, true, true, true);
INSERT INTO Symptoms (sxId, polyuria, hematuria, fever) VALUES (1066, true, true, true);
INSERT INTO Symptoms (sxId, fatigue, malaise, nausea, vomiting, hypotension, tachycardia, cloudy_urine, smelly_urine, sense_of_incomplete_bladder_emptying) VALUES (1067, true, true, true, true, true, true, true, true, true);
INSERT INTO Cases (diagnosisId, age, gender, majorSx, minorSx, painId) VALUES (6, 52, 'M', 1066, 1067, 1066);
INSERT INTO Positions (posId, left_costovertebral, right_costovertebral, left_flank, right_flank, pelvic, suprapubic) VALUES (1068, true, true, true, true, true, true);
INSERT INTO Positions (posId, left_groin, right_groin) VALUES (1069, true, true);
INSERT INTO Pain (pid, positionId, referred_pain_position, dysuria, dull, constant, four_hours, eight_hours, one_day, two_days) VALUES (1068, 1068, 1069, true, true, true, true, true, false, true);
INSERT INTO Symptoms (sxId, polyuria, hematuria, fever) VALUES (1068, true, true, true);
INSERT INTO Symptoms (sxId, fatigue, malaise, nausea, vomiting, hypotension, tachycardia, cloudy_urine, smelly_urine, sense_of_incomplete_bladder_emptying) VALUES (1069, true, true, false, true, true, true, true, true, true);
INSERT INTO Cases (diagnosisId, age, gender, majorSx, minorSx, painId) VALUES (6, 54, 'M', 1068, 1069, 1068);
INSERT INTO Positions (posId, left_costovertebral, right_costovertebral, left_flank, right_flank, pelvic, suprapubic) VALUES (1070, true, true, true, true, true, true);
INSERT INTO Positions (posId, left_groin, right_groin) VALUES (1071, true, true);
INSERT INTO Pain (pid, positionId, referred_pain_position, dysuria, dull, constant, four_hours, eight_hours, one_day, two_days) VALUES (1070, 1070, 1071, true, true, true, true, true, true, true);
INSERT INTO Symptoms (sxId, polyuria, hematuria, fever) VALUES (1070, true, true, true);
INSERT INTO Symptoms (sxId, fatigue, malaise, nausea, vomiting, hypotension, tachycardia, cloudy_urine, smelly_urine, sense_of_incomplete_bladder_emptying) VALUES (1071, true, true, true, true, true, true, true, true, true);
INSERT INTO Cases (diagnosisId, age, gender, majorSx, minorSx, painId) VALUES (6, 52, 'F', 1070, 1071, 1070);
INSERT INTO Positions (posId, left_costovertebral, right_costovertebral, left_flank, right_flank, pelvic, suprapubic) VALUES (1072, false, true, true, true, true, true);
INSERT INTO Positions (posId, left_groin, right_groin) VALUES (1073, true, true);
INSERT INTO Pain (pid, positionId, referred_pain_position, dysuria, dull, constant, four_hours, eight_hours, one_day, two_days) VALUES (1072, 1072, 1073, true, true, true, true, true, true, true);
INSERT INTO Symptoms (sxId, polyuria, hematuria, fever) VALUES (1072, true, true, true);
INSERT INTO Symptoms (sxId, fatigue, malaise, nausea, vomiting, hypotension, tachycardia, cloudy_urine, smelly_urine, sense_of_incomplete_bladder_emptying) VALUES (1073, true, true, false, true, false, true, true, true, true);
INSERT INTO Cases (diagnosisId, age, gender, majorSx, minorSx, painId) VALUES (6, 56, 'F', 1072, 1073, 1072);
INSERT INTO Positions (posId, left_costovertebral, right_costovertebral, left_flank, right_flank, pelvic, suprapubic) VALUES (1074, true, true, true, true, true, true);
INSERT INTO Positions (posId, left_groin, right_groin) VALUES (1075, true, true);
INSERT INTO Pain (pid, positionId, referred_pain_position, dysuria, dull, constant, four_hours, eight_hours, one_day, two_days) VALUES (1074, 1074, 1075, true, false, false, true, true, true, true);
INSERT INTO Symptoms (sxId, polyuria, hematuria, fever) VALUES (1074, true, true, true);
INSERT INTO Symptoms (sxId, fatigue, malaise, nausea, vomiting, hypotension, tachycardia, cloudy_urine, smelly_urine, sense_of_incomplete_bladder_emptying) VALUES (1075, true, true, true, false, true, true, true, true, true);
INSERT INTO Cases (diagnosisId, age, gender, majorSx, minorSx, painId) VALUES (6, 59, 'F', 1074, 1075, 1074);
INSERT INTO Positions (posId, left_costovertebral, right_costovertebral, left_flank, right_flank, pelvic, suprapubic) VALUES (1076, true, true, true, true, false, true);
INSERT INTO Positions (posId, left_groin, right_groin) VALUES (1077, true, true);
INSERT INTO Pain (pid, positionId, referred_pain_position, dysuria, dull, constant, four_hours, eight_hours, one_day, two_days) VALUES (1076, 1076, 1077, true, true, false, true, true, true, true);
INSERT INTO Symptoms (sxId, polyuria, hematuria, fever) VALUES (1076, true, true, true);
INSERT INTO Symptoms (sxId, fatigue, malaise, nausea, vomiting, hypotension, tachycardia, cloudy_urine, smelly_urine, sense_of_incomplete_bladder_emptying) VALUES (1077, true, true, true, true, false, true, true, true, true);
INSERT INTO Cases (diagnosisId, age, gender, majorSx, minorSx, painId) VALUES (6, 60, 'F', 1076, 1077, 1076);
INSERT INTO Positions (posId, left_costovertebral, right_costovertebral, left_flank, right_flank, pelvic, suprapubic) VALUES (1078, true, true, true, true, true, true);
INSERT INTO Positions (posId, left_groin, right_groin) VALUES (1079, true, true);
INSERT INTO Pain (pid, positionId, referred_pain_position, dysuria, dull, constant, four_hours, eight_hours, one_day, two_days) VALUES (1078, 1078, 1079, true, true, true, true, true, true, true);
INSERT INTO Symptoms (sxId, polyuria, hematuria, fever) VALUES (1078, true, true, true);
INSERT INTO Symptoms (sxId, fatigue, malaise, nausea, vomiting, hypotension, tachycardia, cloudy_urine, smelly_urine, sense_of_incomplete_bladder_emptying) VALUES (1079, true, false, true, true, true, true, true, false, true);
INSERT INTO Cases (diagnosisId, age, gender, majorSx, minorSx, painId) VALUES (6, 59, 'F', 1078, 1079, 1078);
INSERT INTO Positions (posId, left_costovertebral, right_costovertebral, left_flank, right_flank, pelvic, suprapubic) VALUES (1080, true, true, true, true, true, true);
INSERT INTO Positions (posId, left_groin, right_groin) VALUES (1081, false, true);
INSERT INTO Pain (pid, positionId, referred_pain_position, dysuria, dull, constant, four_hours, eight_hours, one_day, two_days) VALUES (1080, 1080, 1081, true, true, true, true, true, true, false);
INSERT INTO Symptoms (sxId, polyuria, hematuria, fever) VALUES (1080, false, true, true);
INSERT INTO Symptoms (sxId, fatigue, malaise, nausea, vomiting, hypotension, tachycardia, cloudy_urine, smelly_urine, sense_of_incomplete_bladder_emptying) VALUES (1081, true, true, true, true, false, true, true, true, true);
INSERT INTO Cases (diagnosisId, age, gender, majorSx, minorSx, painId) VALUES (6, 59, 'F', 1080, 1081, 1080);
INSERT INTO Positions (posId, left_costovertebral, right_costovertebral, left_flank, right_flank, pelvic, suprapubic) VALUES (1082, false, true, true, true, true, true);
INSERT INTO Positions (posId, left_groin, right_groin) VALUES (1083, true, true);
INSERT INTO Pain (pid, positionId, referred_pain_position, dysuria, dull, constant, four_hours, eight_hours, one_day, two_days) VALUES (1082, 1082, 1083, true, true, true, true, true, false, true);
INSERT INTO Symptoms (sxId, polyuria, hematuria, fever) VALUES (1082, true, true, true);
INSERT INTO Symptoms (sxId, fatigue, malaise, nausea, vomiting, hypotension, tachycardia, cloudy_urine, smelly_urine, sense_of_incomplete_bladder_emptying) VALUES (1083, true, true, true, true, true, true, true, true, true);
INSERT INTO Cases (diagnosisId, age, gender, majorSx, minorSx, painId) VALUES (6, 65, 'M', 1082, 1083, 1082);
INSERT INTO Positions (posId, left_costovertebral, right_costovertebral, left_flank, right_flank, pelvic, suprapubic) VALUES (1084, true, true, true, true, true, true);
INSERT INTO Positions (posId, left_groin, right_groin) VALUES (1085, true, true);
INSERT INTO Pain (pid, positionId, referred_pain_position, dysuria, dull, constant, four_hours, eight_hours, one_day, two_days) VALUES (1084, 1084, 1085, true, true, true, true, true, true, true);
INSERT INTO Symptoms (sxId, polyuria, hematuria, fever) VALUES (1084, true, true, true);
INSERT INTO Symptoms (sxId, fatigue, malaise, nausea, vomiting, hypotension, tachycardia, cloudy_urine, smelly_urine, sense_of_incomplete_bladder_emptying) VALUES (1085, true, true, true, true, true, true, true, true, true);
INSERT INTO Cases (diagnosisId, age, gender, majorSx, minorSx, painId) VALUES (6, 63, 'F', 1084, 1085, 1084);
INSERT INTO Positions (posId, left_costovertebral, right_costovertebral, left_flank, right_flank, pelvic, suprapubic) VALUES (1086, false, true, false, true, true, true);
INSERT INTO Positions (posId, left_groin, right_groin) VALUES (1087, true, true);
INSERT INTO Pain (pid, positionId, referred_pain_position, dysuria, dull, constant, four_hours, eight_hours, one_day, two_days) VALUES (1086, 1086, 1087, true, true, true, true, true, true, true);
INSERT INTO Symptoms (sxId, polyuria, hematuria, fever) VALUES (1086, true, true, true);
INSERT INTO Symptoms (sxId, fatigue, malaise, nausea, vomiting, hypotension, tachycardia, cloudy_urine, smelly_urine, sense_of_incomplete_bladder_emptying) VALUES (1087, true, true, true, true, true, false, true, true, true);
INSERT INTO Cases (diagnosisId, age, gender, majorSx, minorSx, painId) VALUES (6, 61, 'F', 1086, 1087, 1086);
INSERT INTO Positions (posId, left_costovertebral, right_costovertebral, left_flank, right_flank, pelvic, suprapubic) VALUES (1088, true, true, true, true, true, true);
INSERT INTO Positions (posId, left_groin, right_groin) VALUES (1089, true, true);
INSERT INTO Pain (pid, positionId, referred_pain_position, dysuria, dull, constant, four_hours, eight_hours, one_day, two_days) VALUES (1088, 1088, 1089, true, true, true, true, true, true, true);
INSERT INTO Symptoms (sxId, polyuria, hematuria, fever) VALUES (1088, true, true, true);
INSERT INTO Symptoms (sxId, fatigue, malaise, nausea, vomiting, hypotension, tachycardia, cloudy_urine, smelly_urine, sense_of_incomplete_bladder_emptying) VALUES (1089, true, true, true, true, true, true, true, true, true);
INSERT INTO Cases (diagnosisId, age, gender, majorSx, minorSx, painId) VALUES (6, 64, 'F', 1088, 1089, 1088);
INSERT INTO Positions (posId, left_costovertebral, right_costovertebral, left_flank, right_flank, pelvic, suprapubic) VALUES (1090, true, true, true, true, true, true);
INSERT INTO Positions (posId, left_groin, right_groin) VALUES (1091, true, false);
INSERT INTO Pain (pid, positionId, referred_pain_position, dysuria, dull, constant, four_hours, eight_hours, one_day, two_days) VALUES (1090, 1090, 1091, true, true, true, true, true, true, true);
INSERT INTO Symptoms (sxId, polyuria, hematuria, fever) VALUES (1090, true, true, true);
INSERT INTO Symptoms (sxId, fatigue, malaise, nausea, vomiting, hypotension, tachycardia, cloudy_urine, smelly_urine, sense_of_incomplete_bladder_emptying) VALUES (1091, true, true, true, true, false, true, false, true, true);
INSERT INTO Cases (diagnosisId, age, gender, majorSx, minorSx, painId) VALUES (6, 62, 'F', 1090, 1091, 1090);
INSERT INTO Positions (posId, left_costovertebral, right_costovertebral, left_flank, right_flank, pelvic, suprapubic) VALUES (1092, true, true, true, true, true, true);
INSERT INTO Positions (posId, left_groin, right_groin) VALUES (1093, true, true);
INSERT INTO Pain (pid, positionId, referred_pain_position, dysuria, dull, constant, four_hours, eight_hours, one_day, two_days) VALUES (1092, 1092, 1093, true, false, true, true, true, true, true);
INSERT INTO Symptoms (sxId, polyuria, hematuria, fever) VALUES (1092, true, true, true);
INSERT INTO Symptoms (sxId, fatigue, malaise, nausea, vomiting, hypotension, tachycardia, cloudy_urine, smelly_urine, sense_of_incomplete_bladder_emptying) VALUES (1093, false, false, true, true, true, true, true, true, true);
INSERT INTO Cases (diagnosisId, age, gender, majorSx, minorSx, painId) VALUES (6, 64, 'F', 1092, 1093, 1092);
INSERT INTO Positions (posId, left_costovertebral, right_costovertebral, left_flank, right_flank, pelvic, suprapubic) VALUES (1094, true, true, true, true, true, true);
INSERT INTO Positions (posId, left_groin, right_groin) VALUES (1095, true, true);
INSERT INTO Pain (pid, positionId, referred_pain_position, dysuria, dull, constant, four_hours, eight_hours, one_day, two_days) VALUES (1094, 1094, 1095, true, true, true, true, true, true, true);
INSERT INTO Symptoms (sxId, polyuria, hematuria, fever) VALUES (1094, false, true, true);
INSERT INTO Symptoms (sxId, fatigue, malaise, nausea, vomiting, hypotension, tachycardia, cloudy_urine, smelly_urine, sense_of_incomplete_bladder_emptying) VALUES (1095, true, false, true, true, false, true, true, true, true);
INSERT INTO Cases (diagnosisId, age, gender, majorSx, minorSx, painId) VALUES (6, 61, 'M', 1094, 1095, 1094);
INSERT INTO Positions (posId, left_costovertebral, right_costovertebral, left_flank, right_flank, pelvic, suprapubic) VALUES (1096, true, true, true, true, true, true);
INSERT INTO Positions (posId, left_groin, right_groin) VALUES (1097, true, true);
INSERT INTO Pain (pid, positionId, referred_pain_position, dysuria, dull, constant, four_hours, eight_hours, one_day, two_days) VALUES (1096, 1096, 1097, true, true, true, true, true, true, true);
INSERT INTO Symptoms (sxId, polyuria, hematuria, fever) VALUES (1096, false, true, true);
INSERT INTO Symptoms (sxId, fatigue, malaise, nausea, vomiting, hypotension, tachycardia, cloudy_urine, smelly_urine, sense_of_incomplete_bladder_emptying) VALUES (1097, true, true, true, true, true, true, true, true, true);
INSERT INTO Cases (diagnosisId, age, gender, majorSx, minorSx, painId) VALUES (6, 66, 'F', 1096, 1097, 1096);
INSERT INTO Positions (posId, left_costovertebral, right_costovertebral, left_flank, right_flank, pelvic, suprapubic) VALUES (1098, true, true, true, false, true, true);
INSERT INTO Positions (posId, left_groin, right_groin) VALUES (1099, true, false);
INSERT INTO Pain (pid, positionId, referred_pain_position, dysuria, dull, constant, four_hours, eight_hours, one_day, two_days) VALUES (1098, 1098, 1099, true, true, false, true, true, true, true);
INSERT INTO Symptoms (sxId, polyuria, hematuria, fever) VALUES (1098, true, false, false);
INSERT INTO Symptoms (sxId, fatigue, malaise, nausea, vomiting, hypotension, tachycardia, cloudy_urine, smelly_urine, sense_of_incomplete_bladder_emptying) VALUES (1099, false, true, true, true, true, true, true, true, true);
INSERT INTO Cases (diagnosisId, age, gender, majorSx, minorSx, painId) VALUES (6, 67, 'F', 1098, 1099, 1098);
INSERT INTO Positions (posId, left_costovertebral, right_costovertebral, left_flank, right_flank, pelvic, suprapubic) VALUES (1100, true, true, true, true, true, true);
INSERT INTO Positions (posId, left_groin, right_groin) VALUES (1101, true, false);
INSERT INTO Pain (pid, positionId, referred_pain_position, dysuria, dull, constant, four_hours, eight_hours, one_day, two_days) VALUES (1100, 1100, 1101, false, true, true, true, true, false, true);
INSERT INTO Symptoms (sxId, polyuria, hematuria, fever) VALUES (1100, true, true, true);
INSERT INTO Symptoms (sxId, fatigue, malaise, nausea, vomiting, hypotension, tachycardia, cloudy_urine, smelly_urine, sense_of_incomplete_bladder_emptying) VALUES (1101, true, true, true, true, true, true, false, true, true);
INSERT INTO Cases (diagnosisId, age, gender, majorSx, minorSx, painId) VALUES (6, 68, 'F', 1100, 1101, 1100);
INSERT INTO Positions (posId, left_costovertebral, right_costovertebral, left_flank, right_flank, pelvic, suprapubic) VALUES (1102, true, true, true, true, true, true);
INSERT INTO Positions (posId, left_groin, right_groin) VALUES (1103, true, true);
INSERT INTO Pain (pid, positionId, referred_pain_position, dysuria, dull, constant, four_hours, eight_hours, one_day, two_days) VALUES (1102, 1102, 1103, true, true, true, true, true, true, true);
INSERT INTO Symptoms (sxId, polyuria, hematuria, fever) VALUES (1102, true, true, true);
INSERT INTO Symptoms (sxId, fatigue, malaise, nausea, vomiting, hypotension, tachycardia, cloudy_urine, smelly_urine, sense_of_incomplete_bladder_emptying) VALUES (1103, false, true, true, true, true, true, true, true, true);
INSERT INTO Cases (diagnosisId, age, gender, majorSx, minorSx, painId) VALUES (6, 70, 'F', 1102, 1103, 1102);
INSERT INTO Positions (posId, left_costovertebral, right_costovertebral, left_flank, right_flank, pelvic, suprapubic) VALUES (1104, true, true, true, true, true, true);
INSERT INTO Positions (posId, left_groin, right_groin) VALUES (1105, true, true);
INSERT INTO Pain (pid, positionId, referred_pain_position, dysuria, dull, constant, four_hours, eight_hours, one_day, two_days) VALUES (1104, 1104, 1105, true, true, true, true, true, true, true);
INSERT INTO Symptoms (sxId, polyuria, hematuria, fever) VALUES (1104, true, true, true);
INSERT INTO Symptoms (sxId, fatigue, malaise, nausea, vomiting, hypotension, tachycardia, cloudy_urine, smelly_urine, sense_of_incomplete_bladder_emptying) VALUES (1105, true, true, true, true, true, true, false, true, true);
INSERT INTO Cases (diagnosisId, age, gender, majorSx, minorSx, painId) VALUES (6, 69, 'M', 1104, 1105, 1104);
INSERT INTO Positions (posId, left_costovertebral, right_costovertebral, left_flank, right_flank, pelvic, suprapubic) VALUES (1106, true, true, false, true, true, true);
INSERT INTO Positions (posId, left_groin, right_groin) VALUES (1107, true, true);
INSERT INTO Pain (pid, positionId, referred_pain_position, dysuria, dull, constant, four_hours, eight_hours, one_day, two_days) VALUES (1106, 1106, 1107, true, true, true, false, true, true, true);
INSERT INTO Symptoms (sxId, polyuria, hematuria, fever) VALUES (1106, true, true, true);
INSERT INTO Symptoms (sxId, fatigue, malaise, nausea, vomiting, hypotension, tachycardia, cloudy_urine, smelly_urine, sense_of_incomplete_bladder_emptying) VALUES (1107, true, true, true, true, false, true, true, true, true);
INSERT INTO Cases (diagnosisId, age, gender, majorSx, minorSx, painId) VALUES (6, 68, 'F', 1106, 1107, 1106);
INSERT INTO Positions (posId, left_costovertebral, right_costovertebral, left_flank, right_flank, pelvic, suprapubic) VALUES (1108, true, true, true, true, true, true);
INSERT INTO Positions (posId, left_groin, right_groin) VALUES (1109, true, true);
INSERT INTO Pain (pid, positionId, referred_pain_position, dysuria, dull, constant, four_hours, eight_hours, one_day, two_days) VALUES (1108, 1108, 1109, true, true, true, true, true, true, true);
INSERT INTO Symptoms (sxId, polyuria, hematuria, fever) VALUES (1108, true, true, true);
INSERT INTO Symptoms (sxId, fatigue, malaise, nausea, vomiting, hypotension, tachycardia, cloudy_urine, smelly_urine, sense_of_incomplete_bladder_emptying) VALUES (1109, true, true, false, true, true, true, true, true, true);
INSERT INTO Cases (diagnosisId, age, gender, majorSx, minorSx, painId) VALUES (6, 69, 'M', 1108, 1109, 1108);
INSERT INTO Positions (posId, left_costovertebral, right_costovertebral, left_flank, right_flank, pelvic, suprapubic) VALUES (1110, true, true, true, true, true, true);
INSERT INTO Positions (posId, left_groin, right_groin) VALUES (1111, true, true);
INSERT INTO Pain (pid, positionId, referred_pain_position, dysuria, dull, constant, four_hours, eight_hours, one_day, two_days) VALUES (1110, 1110, 1111, true, true, true, false, true, true, true);
INSERT INTO Symptoms (sxId, polyuria, hematuria, fever) VALUES (1110, true, false, true);
INSERT INTO Symptoms (sxId, fatigue, malaise, nausea, vomiting, hypotension, tachycardia, cloudy_urine, smelly_urine, sense_of_incomplete_bladder_emptying) VALUES (1111, false, true, true, true, true, true, true, true, true);
INSERT INTO Cases (diagnosisId, age, gender, majorSx, minorSx, painId) VALUES (6, 68, 'F', 1110, 1111, 1110);
INSERT INTO Positions (posId, left_costovertebral, right_costovertebral, left_flank, right_flank, pelvic, suprapubic) VALUES (1112, true, true, true, true, true, false);
INSERT INTO Positions (posId, left_groin, right_groin) VALUES (1113, false, true);
INSERT INTO Pain (pid, positionId, referred_pain_position, dysuria, dull, constant, four_hours, eight_hours, one_day, two_days) VALUES (1112, 1112, 1113, true, true, true, true, true, true, true);
INSERT INTO Symptoms (sxId, polyuria, hematuria, fever) VALUES (1112, true, true, true);
INSERT INTO Symptoms (sxId, fatigue, malaise, nausea, vomiting, hypotension, tachycardia, cloudy_urine, smelly_urine, sense_of_incomplete_bladder_emptying) VALUES (1113, true, true, true, true, true, true, true, false, true);
INSERT INTO Cases (diagnosisId, age, gender, majorSx, minorSx, painId) VALUES (6, 66, 'M', 1112, 1113, 1112);
INSERT INTO Positions (posId, left_costovertebral, right_costovertebral, left_flank, right_flank, pelvic, suprapubic) VALUES (1114, true, true, true, true, false, true);
INSERT INTO Positions (posId, left_groin, right_groin) VALUES (1115, true, true);
INSERT INTO Pain (pid, positionId, referred_pain_position, dysuria, dull, constant, four_hours, eight_hours, one_day, two_days) VALUES (1114, 1114, 1115, true, true, false, true, true, false, true);
INSERT INTO Symptoms (sxId, polyuria, hematuria, fever) VALUES (1114, true, true, true);
INSERT INTO Symptoms (sxId, fatigue, malaise, nausea, vomiting, hypotension, tachycardia, cloudy_urine, smelly_urine, sense_of_incomplete_bladder_emptying) VALUES (1115, true, false, true, true, true, true, true, true, true);
INSERT INTO Cases (diagnosisId, age, gender, majorSx, minorSx, painId) VALUES (6, 75, 'F', 1114, 1115, 1114);
INSERT INTO Positions (posId, left_costovertebral, right_costovertebral, left_flank, right_flank, pelvic, suprapubic) VALUES (1116, true, true, true, true, false, true);
INSERT INTO Positions (posId, left_groin, right_groin) VALUES (1117, true, true);
INSERT INTO Pain (pid, positionId, referred_pain_position, dysuria, dull, constant, four_hours, eight_hours, one_day, two_days) VALUES (1116, 1116, 1117, true, false, true, false, true, true, true);
INSERT INTO Symptoms (sxId, polyuria, hematuria, fever) VALUES (1116, true, true, false);
INSERT INTO Symptoms (sxId, fatigue, malaise, nausea, vomiting, hypotension, tachycardia, cloudy_urine, smelly_urine, sense_of_incomplete_bladder_emptying) VALUES (1117, true, true, true, true, true, false, true, true, true);
INSERT INTO Cases (diagnosisId, age, gender, majorSx, minorSx, painId) VALUES (6, 71, 'F', 1116, 1117, 1116);
INSERT INTO Positions (posId, left_costovertebral, right_costovertebral, left_flank, right_flank, pelvic, suprapubic) VALUES (1118, false, true, true, true, true, true);
INSERT INTO Positions (posId, left_groin, right_groin) VALUES (1119, false, true);
INSERT INTO Pain (pid, positionId, referred_pain_position, dysuria, dull, constant, four_hours, eight_hours, one_day, two_days) VALUES (1118, 1118, 1119, true, true, true, true, true, true, true);
INSERT INTO Symptoms (sxId, polyuria, hematuria, fever) VALUES (1118, true, true, true);
INSERT INTO Symptoms (sxId, fatigue, malaise, nausea, vomiting, hypotension, tachycardia, cloudy_urine, smelly_urine, sense_of_incomplete_bladder_emptying) VALUES (1119, true, true, true, true, true, true, true, true, true);
INSERT INTO Cases (diagnosisId, age, gender, majorSx, minorSx, painId) VALUES (6, 74, 'F', 1118, 1119, 1118);
INSERT INTO Positions (posId, left_costovertebral, right_costovertebral, left_flank, right_flank, pelvic, suprapubic) VALUES (1120, true, true, true, true, true, true);
INSERT INTO Positions (posId, left_groin, right_groin) VALUES (1121, true, true);
INSERT INTO Pain (pid, positionId, referred_pain_position, dysuria, dull, constant, four_hours, eight_hours, one_day, two_days) VALUES (1120, 1120, 1121, false, true, true, true, true, true, true);
INSERT INTO Symptoms (sxId, polyuria, hematuria, fever) VALUES (1120, true, true, true);
INSERT INTO Symptoms (sxId, fatigue, malaise, nausea, vomiting, hypotension, tachycardia, cloudy_urine, smelly_urine, sense_of_incomplete_bladder_emptying) VALUES (1121, true, true, true, true, true, true, true, true, false);
INSERT INTO Cases (diagnosisId, age, gender, majorSx, minorSx, painId) VALUES (6, 72, 'M', 1120, 1121, 1120);
INSERT INTO Positions (posId, left_costovertebral, right_costovertebral, left_flank, right_flank, pelvic, suprapubic) VALUES (1122, true, true, true, true, true, true);
INSERT INTO Positions (posId, left_groin, right_groin) VALUES (1123, true, true);
INSERT INTO Pain (pid, positionId, referred_pain_position, dysuria, dull, constant, four_hours, eight_hours, one_day, two_days) VALUES (1122, 1122, 1123, true, true, true, false, true, true, true);
INSERT INTO Symptoms (sxId, polyuria, hematuria, fever) VALUES (1122, false, true, true);
INSERT INTO Symptoms (sxId, fatigue, malaise, nausea, vomiting, hypotension, tachycardia, cloudy_urine, smelly_urine, sense_of_incomplete_bladder_emptying) VALUES (1123, true, true, true, true, true, true, false, false, true);
INSERT INTO Cases (diagnosisId, age, gender, majorSx, minorSx, painId) VALUES (6, 73, 'M', 1122, 1123, 1122);
INSERT INTO Positions (posId, left_costovertebral, right_costovertebral, left_flank, right_flank, pelvic, suprapubic) VALUES (1124, true, false, true, false, true, true);
INSERT INTO Positions (posId, left_groin, right_groin) VALUES (1125, true, true);
INSERT INTO Pain (pid, positionId, referred_pain_position, dysuria, dull, constant, four_hours, eight_hours, one_day, two_days) VALUES (1124, 1124, 1125, true, true, true, true, true, true, true);
INSERT INTO Symptoms (sxId, polyuria, hematuria, fever) VALUES (1124, true, true, true);
INSERT INTO Symptoms (sxId, fatigue, malaise, nausea, vomiting, hypotension, tachycardia, cloudy_urine, smelly_urine, sense_of_incomplete_bladder_emptying) VALUES (1125, true, true, true, true, true, true, true, true, true);
INSERT INTO Cases (diagnosisId, age, gender, majorSx, minorSx, painId) VALUES (6, 71, 'F', 1124, 1125, 1124);
INSERT INTO Positions (posId, left_costovertebral, right_costovertebral, left_flank, right_flank, pelvic, suprapubic) VALUES (1126, true, true, true, true, true, true);
INSERT INTO Positions (posId, left_groin, right_groin) VALUES (1127, true, true);
INSERT INTO Pain (pid, positionId, referred_pain_position, dysuria, dull, constant, four_hours, eight_hours, one_day, two_days) VALUES (1126, 1126, 1127, true, true, true, true, true, true, true);
INSERT INTO Symptoms (sxId, polyuria, hematuria, fever) VALUES (1126, true, true, true);
INSERT INTO Symptoms (sxId, fatigue, malaise, nausea, vomiting, hypotension, tachycardia, cloudy_urine, smelly_urine, sense_of_incomplete_bladder_emptying) VALUES (1127, true, true, true, true, true, true, true, true, true);
INSERT INTO Cases (diagnosisId, age, gender, majorSx, minorSx, painId) VALUES (6, 73, 'M', 1126, 1127, 1126);
INSERT INTO Positions (posId, left_costovertebral, right_costovertebral, left_flank, right_flank, pelvic, suprapubic) VALUES (1128, true, true, true, true, true, true);
INSERT INTO Positions (posId, left_groin, right_groin) VALUES (1129, true, true);
INSERT INTO Pain (pid, positionId, referred_pain_position, dysuria, dull, constant, four_hours, eight_hours, one_day, two_days) VALUES (1128, 1128, 1129, true, true, true, true, true, true, true);
INSERT INTO Symptoms (sxId, polyuria, hematuria, fever) VALUES (1128, true, true, true);
INSERT INTO Symptoms (sxId, fatigue, malaise, nausea, vomiting, hypotension, tachycardia, cloudy_urine, smelly_urine, sense_of_incomplete_bladder_emptying) VALUES (1129, true, true, true, true, true, true, true, true, true);
INSERT INTO Cases (diagnosisId, age, gender, majorSx, minorSx, painId) VALUES (6, 71, 'M', 1128, 1129, 1128);
INSERT INTO Positions (posId, left_costovertebral, right_costovertebral, left_flank, right_flank, pelvic, suprapubic) VALUES (1130, true, true, true, true, true, true);
INSERT INTO Positions (posId, left_groin, right_groin) VALUES (1131, true, true);
INSERT INTO Pain (pid, positionId, referred_pain_position, dysuria, dull, constant, four_hours, eight_hours, one_day, two_days) VALUES (1130, 1130, 1131, true, false, false, true, true, true, true);
INSERT INTO Symptoms (sxId, polyuria, hematuria, fever) VALUES (1130, true, false, true);
INSERT INTO Symptoms (sxId, fatigue, malaise, nausea, vomiting, hypotension, tachycardia, cloudy_urine, smelly_urine, sense_of_incomplete_bladder_emptying) VALUES (1131, false, true, true, true, true, true, true, true, true);
INSERT INTO Cases (diagnosisId, age, gender, majorSx, minorSx, painId) VALUES (6, 73, 'M', 1130, 1131, 1130);
INSERT INTO Positions (posId, left_costovertebral, right_costovertebral, left_flank, right_flank, pelvic, suprapubic) VALUES (1132, true, true, false, true, true, true);
INSERT INTO Positions (posId, left_groin, right_groin) VALUES (1133, true, true);
INSERT INTO Pain (pid, positionId, referred_pain_position, dysuria, dull, constant, four_hours, eight_hours, one_day, two_days) VALUES (1132, 1132, 1133, true, true, true, true, true, true, true);
INSERT INTO Symptoms (sxId, polyuria, hematuria, fever) VALUES (1132, true, true, true);
INSERT INTO Symptoms (sxId, fatigue, malaise, nausea, vomiting, hypotension, tachycardia, cloudy_urine, smelly_urine, sense_of_incomplete_bladder_emptying) VALUES (1133, true, true, true, true, true, true, true, true, true);
INSERT INTO Cases (diagnosisId, age, gender, majorSx, minorSx, painId) VALUES (6, 72, 'M', 1132, 1133, 1132);
INSERT INTO Positions (posId, left_costovertebral, right_costovertebral, left_flank, right_flank, pelvic, suprapubic) VALUES (1134, true, true, true, true, true, true);
INSERT INTO Positions (posId, left_groin, right_groin) VALUES (1135, true, true);
INSERT INTO Pain (pid, positionId, referred_pain_position, dysuria, dull, constant, four_hours, eight_hours, one_day, two_days) VALUES (1134, 1134, 1135, true, true, true, true, true, true, true);
INSERT INTO Symptoms (sxId, polyuria, hematuria, fever) VALUES (1134, false, true, true);
INSERT INTO Symptoms (sxId, fatigue, malaise, nausea, vomiting, hypotension, tachycardia, cloudy_urine, smelly_urine, sense_of_incomplete_bladder_emptying) VALUES (1135, true, true, true, true, false, true, true, true, true);
INSERT INTO Cases (diagnosisId, age, gender, majorSx, minorSx, painId) VALUES (6, 80, 'F', 1134, 1135, 1134);
INSERT INTO Positions (posId, left_costovertebral, right_costovertebral, left_flank, right_flank, pelvic, suprapubic) VALUES (1136, true, true, true, true, true, true);
INSERT INTO Positions (posId, left_groin, right_groin) VALUES (1137, true, true);
INSERT INTO Pain (pid, positionId, referred_pain_position, dysuria, dull, constant, four_hours, eight_hours, one_day, two_days) VALUES (1136, 1136, 1137, true, true, true, true, true, true, true);
INSERT INTO Symptoms (sxId, polyuria, hematuria, fever) VALUES (1136, true, true, true);
INSERT INTO Symptoms (sxId, fatigue, malaise, nausea, vomiting, hypotension, tachycardia, cloudy_urine, smelly_urine, sense_of_incomplete_bladder_emptying) VALUES (1137, true, true, false, true, true, true, true, true, true);
INSERT INTO Cases (diagnosisId, age, gender, majorSx, minorSx, painId) VALUES (6, 78, 'F', 1136, 1137, 1136);
INSERT INTO Positions (posId, left_costovertebral, right_costovertebral, left_flank, right_flank, pelvic, suprapubic) VALUES (1138, true, true, true, true, true, true);
INSERT INTO Positions (posId, left_groin, right_groin) VALUES (1139, true, true);
INSERT INTO Pain (pid, positionId, referred_pain_position, dysuria, dull, constant, four_hours, eight_hours, one_day, two_days) VALUES (1138, 1138, 1139, true, true, true, true, true, true, true);
INSERT INTO Symptoms (sxId, polyuria, hematuria, fever) VALUES (1138, true, true, true);
INSERT INTO Symptoms (sxId, fatigue, malaise, nausea, vomiting, hypotension, tachycardia, cloudy_urine, smelly_urine, sense_of_incomplete_bladder_emptying) VALUES (1139, true, true, true, true, true, true, true, true, true);
INSERT INTO Cases (diagnosisId, age, gender, majorSx, minorSx, painId) VALUES (6, 76, 'M', 1138, 1139, 1138);
INSERT INTO Positions (posId, left_costovertebral, right_costovertebral, left_flank, right_flank, pelvic, suprapubic) VALUES (1140, true, true, true, true, true, true);
INSERT INTO Positions (posId, left_groin, right_groin) VALUES (1141, true, true);
INSERT INTO Pain (pid, positionId, referred_pain_position, dysuria, dull, constant, four_hours, eight_hours, one_day, two_days) VALUES (1140, 1140, 1141, true, true, false, true, true, true, true);
INSERT INTO Symptoms (sxId, polyuria, hematuria, fever) VALUES (1140, false, true, true);
INSERT INTO Symptoms (sxId, fatigue, malaise, nausea, vomiting, hypotension, tachycardia, cloudy_urine, smelly_urine, sense_of_incomplete_bladder_emptying) VALUES (1141, true, true, true, true, true, true, true, true, true);
INSERT INTO Cases (diagnosisId, age, gender, majorSx, minorSx, painId) VALUES (6, 80, 'M', 1140, 1141, 1140);
INSERT INTO Positions (posId, left_costovertebral, right_costovertebral, left_flank, right_flank, pelvic, suprapubic) VALUES (1142, true, true, true, true, true, true);
INSERT INTO Positions (posId, left_groin, right_groin) VALUES (1143, true, true);
INSERT INTO Pain (pid, positionId, referred_pain_position, dysuria, dull, constant, four_hours, eight_hours, one_day, two_days) VALUES (1142, 1142, 1143, true, true, true, true, true, true, true);
INSERT INTO Symptoms (sxId, polyuria, hematuria, fever) VALUES (1142, true, true, true);
INSERT INTO Symptoms (sxId, fatigue, malaise, nausea, vomiting, hypotension, tachycardia, cloudy_urine, smelly_urine, sense_of_incomplete_bladder_emptying) VALUES (1143, true, false, true, false, true, true, true, true, true);
INSERT INTO Cases (diagnosisId, age, gender, majorSx, minorSx, painId) VALUES (6, 80, 'M', 1142, 1143, 1142);
INSERT INTO Positions (posId, left_costovertebral, right_costovertebral, left_flank, right_flank, pelvic, suprapubic) VALUES (1144, true, true, true, true, true, true);
INSERT INTO Positions (posId, left_groin, right_groin) VALUES (1145, true, false);
INSERT INTO Pain (pid, positionId, referred_pain_position, dysuria, dull, constant, four_hours, eight_hours, one_day, two_days) VALUES (1144, 1144, 1145, true, true, true, true, true, true, false);
INSERT INTO Symptoms (sxId, polyuria, hematuria, fever) VALUES (1144, true, true, true);
INSERT INTO Symptoms (sxId, fatigue, malaise, nausea, vomiting, hypotension, tachycardia, cloudy_urine, smelly_urine, sense_of_incomplete_bladder_emptying) VALUES (1145, true, true, true, true, true, false, true, true, true);
INSERT INTO Cases (diagnosisId, age, gender, majorSx, minorSx, painId) VALUES (6, 78, 'F', 1144, 1145, 1144);
INSERT INTO Positions (posId, left_costovertebral, right_costovertebral, left_flank, right_flank, pelvic, suprapubic) VALUES (1146, true, true, true, true, true, true);
INSERT INTO Positions (posId, left_groin, right_groin) VALUES (1147, true, true);
INSERT INTO Pain (pid, positionId, referred_pain_position, dysuria, dull, constant, four_hours, eight_hours, one_day, two_days) VALUES (1146, 1146, 1147, true, false, false, true, true, true, false);
INSERT INTO Symptoms (sxId, polyuria, hematuria, fever) VALUES (1146, true, true, true);
INSERT INTO Symptoms (sxId, fatigue, malaise, nausea, vomiting, hypotension, tachycardia, cloudy_urine, smelly_urine, sense_of_incomplete_bladder_emptying) VALUES (1147, false, true, true, true, true, true, true, true, true);
INSERT INTO Cases (diagnosisId, age, gender, majorSx, minorSx, painId) VALUES (6, 76, 'M', 1146, 1147, 1146);
INSERT INTO Positions (posId, left_costovertebral, right_costovertebral, left_flank, right_flank, pelvic, suprapubic) VALUES (1148, true, true, true, true, true, true);
INSERT INTO Positions (posId, left_groin, right_groin) VALUES (1149, true, true);
INSERT INTO Pain (pid, positionId, referred_pain_position, dysuria, dull, constant, four_hours, eight_hours, one_day, two_days) VALUES (1148, 1148, 1149, true, true, true, true, true, true, true);
INSERT INTO Symptoms (sxId, polyuria, hematuria, fever) VALUES (1148, false, true, false);
INSERT INTO Symptoms (sxId, fatigue, malaise, nausea, vomiting, hypotension, tachycardia, cloudy_urine, smelly_urine, sense_of_incomplete_bladder_emptying) VALUES (1149, true, true, true, false, true, true, true, true, true);
INSERT INTO Cases (diagnosisId, age, gender, majorSx, minorSx, painId) VALUES (6, 76, 'F', 1148, 1149, 1148);
INSERT INTO Positions (posId, left_costovertebral, right_costovertebral, left_flank, right_flank, pelvic, suprapubic) VALUES (1150, true, true, true, true, true, true);
INSERT INTO Positions (posId, left_groin, right_groin) VALUES (1151, true, true);
INSERT INTO Pain (pid, positionId, referred_pain_position, dysuria, dull, constant, four_hours, eight_hours, one_day, two_days) VALUES (1150, 1150, 1151, true, true, true, true, true, true, true);
INSERT INTO Symptoms (sxId, polyuria, hematuria, fever) VALUES (1150, true, true, true);
INSERT INTO Symptoms (sxId, fatigue, malaise, nausea, vomiting, hypotension, tachycardia, cloudy_urine, smelly_urine, sense_of_incomplete_bladder_emptying) VALUES (1151, true, true, false, true, true, true, true, true, true);
INSERT INTO Cases (diagnosisId, age, gender, majorSx, minorSx, painId) VALUES (6, 80, 'M', 1150, 1151, 1150);
INSERT INTO Positions (posId, left_costovertebral, right_costovertebral, left_flank, right_flank, pelvic, suprapubic) VALUES (1152, true, true, true, true, true, true);
INSERT INTO Positions (posId, left_groin, right_groin) VALUES (1153, true, true);
INSERT INTO Pain (pid, positionId, referred_pain_position, dysuria, dull, constant, four_hours, eight_hours, one_day, two_days) VALUES (1152, 1152, 1153, true, true, true, true, true, true, true);
INSERT INTO Symptoms (sxId, polyuria, hematuria, fever) VALUES (1152, true, true, false);
INSERT INTO Symptoms (sxId, fatigue, malaise, nausea, vomiting, hypotension, tachycardia, cloudy_urine, smelly_urine, sense_of_incomplete_bladder_emptying) VALUES (1153, true, true, true, true, true, true, true, true, true);
INSERT INTO Cases (diagnosisId, age, gender, majorSx, minorSx, painId) VALUES (6, 80, 'M', 1152, 1153, 1152);
INSERT INTO Positions (posId, left_costovertebral, right_costovertebral, left_flank, right_flank, pelvic, suprapubic) VALUES (1154, true, true, true, true, true, true);
INSERT INTO Positions (posId, left_groin, right_groin) VALUES (1155, true, true);
INSERT INTO Pain (pid, positionId, referred_pain_position, dysuria, dull, constant, four_hours, eight_hours, one_day, two_days) VALUES (1154, 1154, 1155, true, true, true, false, true, true, true);
INSERT INTO Symptoms (sxId, polyuria, hematuria, fever) VALUES (1154, true, true, true);
INSERT INTO Symptoms (sxId, fatigue, malaise, nausea, vomiting, hypotension, tachycardia, cloudy_urine, smelly_urine, sense_of_incomplete_bladder_emptying) VALUES (1155, true, false, true, true, true, true, true, true, true);
INSERT INTO Cases (diagnosisId, age, gender, majorSx, minorSx, painId) VALUES (6, 82, 'F', 1154, 1155, 1154);
INSERT INTO Positions (posId, left_costovertebral, right_costovertebral, left_flank, right_flank, pelvic, suprapubic) VALUES (1156, true, true, true, true, true, true);
INSERT INTO Positions (posId, left_groin, right_groin) VALUES (1157, true, true);
INSERT INTO Pain (pid, positionId, referred_pain_position, dysuria, dull, constant, four_hours, eight_hours, one_day, two_days) VALUES (1156, 1156, 1157, true, true, true, true, true, true, true);
INSERT INTO Symptoms (sxId, polyuria, hematuria, fever) VALUES (1156, true, true, true);
INSERT INTO Symptoms (sxId, fatigue, malaise, nausea, vomiting, hypotension, tachycardia, cloudy_urine, smelly_urine, sense_of_incomplete_bladder_emptying) VALUES (1157, true, true, true, true, true, true, true, true, true);
INSERT INTO Cases (diagnosisId, age, gender, majorSx, minorSx, painId) VALUES (6, 81, 'F', 1156, 1157, 1156);
INSERT INTO Positions (posId, left_costovertebral, right_costovertebral, left_flank, right_flank, pelvic, suprapubic) VALUES (1158, true, true, true, true, true, true);
INSERT INTO Positions (posId, left_groin, right_groin) VALUES (1159, true, true);
INSERT INTO Pain (pid, positionId, referred_pain_position, dysuria, dull, constant, four_hours, eight_hours, one_day, two_days) VALUES (1158, 1158, 1159, false, true, true, true, true, true, true);
INSERT INTO Symptoms (sxId, polyuria, hematuria, fever) VALUES (1158, true, true, true);
INSERT INTO Symptoms (sxId, fatigue, malaise, nausea, vomiting, hypotension, tachycardia, cloudy_urine, smelly_urine, sense_of_incomplete_bladder_emptying) VALUES (1159, true, true, true, true, true, true, true, true, true);
INSERT INTO Cases (diagnosisId, age, gender, majorSx, minorSx, painId) VALUES (6, 82, 'F', 1158, 1159, 1158);
INSERT INTO Positions (posId, left_costovertebral, right_costovertebral, left_flank, right_flank, pelvic, suprapubic) VALUES (1160, true, true, true, true, true, true);
INSERT INTO Positions (posId, left_groin, right_groin) VALUES (1161, true, true);
INSERT INTO Pain (pid, positionId, referred_pain_position, dysuria, dull, constant, four_hours, eight_hours, one_day, two_days) VALUES (1160, 1160, 1161, true, true, true, true, true, true, true);
INSERT INTO Symptoms (sxId, polyuria, hematuria, fever) VALUES (1160, true, true, false);
INSERT INTO Symptoms (sxId, fatigue, malaise, nausea, vomiting, hypotension, tachycardia, cloudy_urine, smelly_urine, sense_of_incomplete_bladder_emptying) VALUES (1161, false, true, true, true, false, true, true, true, true);
INSERT INTO Cases (diagnosisId, age, gender, majorSx, minorSx, painId) VALUES (6, 81, 'F', 1160, 1161, 1160);
INSERT INTO Positions (posId, left_costovertebral, right_costovertebral, left_flank, right_flank, pelvic, suprapubic) VALUES (1162, true, true, true, true, true, true);
INSERT INTO Positions (posId, left_groin, right_groin) VALUES (1163, true, false);
INSERT INTO Pain (pid, positionId, referred_pain_position, dysuria, dull, constant, four_hours, eight_hours, one_day, two_days) VALUES (1162, 1162, 1163, false, true, true, true, true, true, true);
INSERT INTO Symptoms (sxId, polyuria, hematuria, fever) VALUES (1162, true, true, true);
INSERT INTO Symptoms (sxId, fatigue, malaise, nausea, vomiting, hypotension, tachycardia, cloudy_urine, smelly_urine, sense_of_incomplete_bladder_emptying) VALUES (1163, true, true, true, true, true, false, true, true, true);
INSERT INTO Cases (diagnosisId, age, gender, majorSx, minorSx, painId) VALUES (6, 81, 'F', 1162, 1163, 1162);
INSERT INTO Positions (posId, left_costovertebral, right_costovertebral, left_flank, right_flank, pelvic, suprapubic) VALUES (1164, true, true, true, true, true, true);
INSERT INTO Positions (posId, left_groin, right_groin) VALUES (1165, true, true);
INSERT INTO Pain (pid, positionId, referred_pain_position, dysuria, dull, constant, four_hours, eight_hours, one_day, two_days) VALUES (1164, 1164, 1165, true, true, true, true, true, false, true);
INSERT INTO Symptoms (sxId, polyuria, hematuria, fever) VALUES (1164, true, true, true);
INSERT INTO Symptoms (sxId, fatigue, malaise, nausea, vomiting, hypotension, tachycardia, cloudy_urine, smelly_urine, sense_of_incomplete_bladder_emptying) VALUES (1165, true, true, false, true, true, true, true, true, true);
INSERT INTO Cases (diagnosisId, age, gender, majorSx, minorSx, painId) VALUES (6, 83, 'M', 1164, 1165, 1164);
INSERT INTO Positions (posId, left_costovertebral, right_costovertebral, left_flank, right_flank, pelvic, suprapubic) VALUES (1166, true, true, false, true, true, true);
INSERT INTO Positions (posId, left_groin, right_groin) VALUES (1167, true, true);
INSERT INTO Pain (pid, positionId, referred_pain_position, dysuria, dull, constant, four_hours, eight_hours, one_day, two_days) VALUES (1166, 1166, 1167, true, true, false, true, true, true, false);
INSERT INTO Symptoms (sxId, polyuria, hematuria, fever) VALUES (1166, true, true, true);
INSERT INTO Symptoms (sxId, fatigue, malaise, nausea, vomiting, hypotension, tachycardia, cloudy_urine, smelly_urine, sense_of_incomplete_bladder_emptying) VALUES (1167, true, false, true, false, true, true, true, true, true);
INSERT INTO Cases (diagnosisId, age, gender, majorSx, minorSx, painId) VALUES (6, 85, 'M', 1166, 1167, 1166);
INSERT INTO Positions (posId, left_costovertebral, right_costovertebral, left_flank, right_flank, pelvic, suprapubic) VALUES (1168, true, true, true, true, true, true);
INSERT INTO Positions (posId, left_groin, right_groin) VALUES (1169, true, true);
INSERT INTO Pain (pid, positionId, referred_pain_position, dysuria, dull, constant, four_hours, eight_hours, one_day, two_days) VALUES (1168, 1168, 1169, true, true, true, true, true, true, true);
INSERT INTO Symptoms (sxId, polyuria, hematuria, fever) VALUES (1168, true, true, true);
INSERT INTO Symptoms (sxId, fatigue, malaise, nausea, vomiting, hypotension, tachycardia, cloudy_urine, smelly_urine, sense_of_incomplete_bladder_emptying) VALUES (1169, true, true, false, true, true, true, true, true, false);
INSERT INTO Cases (diagnosisId, age, gender, majorSx, minorSx, painId) VALUES (6, 83, 'M', 1168, 1169, 1168);
INSERT INTO Positions (posId, left_costovertebral, right_costovertebral, left_flank, right_flank, pelvic, suprapubic) VALUES (1170, true, false, false, true, true, true);
INSERT INTO Positions (posId, left_groin, right_groin) VALUES (1171, false, true);
INSERT INTO Pain (pid, positionId, referred_pain_position, dysuria, dull, constant, four_hours, eight_hours, one_day, two_days) VALUES (1170, 1170, 1171, true, true, true, true, true, true, true);
INSERT INTO Symptoms (sxId, polyuria, hematuria, fever) VALUES (1170, true, true, true);
INSERT INTO Symptoms (sxId, fatigue, malaise, nausea, vomiting, hypotension, tachycardia, cloudy_urine, smelly_urine, sense_of_incomplete_bladder_emptying) VALUES (1171, true, true, true, true, false, true, true, false, true);
INSERT INTO Cases (diagnosisId, age, gender, majorSx, minorSx, painId) VALUES (6, 84, 'M', 1170, 1171, 1170);
INSERT INTO Positions (posId, left_costovertebral, right_costovertebral, left_flank, right_flank, pelvic, suprapubic) VALUES (1172, true, true, true, true, false, true);
INSERT INTO Positions (posId, left_groin, right_groin) VALUES (1173, true, true);
INSERT INTO Pain (pid, positionId, referred_pain_position, dysuria, dull, constant, four_hours, eight_hours, one_day, two_days) VALUES (1172, 1172, 1173, true, true, true, true, true, true, true);
INSERT INTO Symptoms (sxId, polyuria, hematuria, fever) VALUES (1172, true, true, true);
INSERT INTO Symptoms (sxId, fatigue, malaise, nausea, vomiting, hypotension, tachycardia, cloudy_urine, smelly_urine, sense_of_incomplete_bladder_emptying) VALUES (1173, false, true, true, true, true, true, true, true, true);
INSERT INTO Cases (diagnosisId, age, gender, majorSx, minorSx, painId) VALUES (6, 84, 'F', 1172, 1173, 1172);
INSERT INTO Positions (posId, left_costovertebral, right_costovertebral, left_flank, right_flank, pelvic, suprapubic) VALUES (1174, true, true, false, true, true, true);
INSERT INTO Positions (posId, left_groin, right_groin) VALUES (1175, true, true);
INSERT INTO Pain (pid, positionId, referred_pain_position, dysuria, dull, constant, four_hours, eight_hours, one_day, two_days) VALUES (1174, 1174, 1175, true, true, true, false, true, false, true);
INSERT INTO Symptoms (sxId, polyuria, hematuria, fever) VALUES (1174, true, false, true);
INSERT INTO Symptoms (sxId, fatigue, malaise, nausea, vomiting, hypotension, tachycardia, cloudy_urine, smelly_urine, sense_of_incomplete_bladder_emptying) VALUES (1175, true, true, true, true, true, true, true, true, true);
INSERT INTO Cases (diagnosisId, age, gender, majorSx, minorSx, painId) VALUES (6, 89, 'M', 1174, 1175, 1174);
INSERT INTO Positions (posId, left_costovertebral, right_costovertebral, left_flank, right_flank, pelvic, suprapubic) VALUES (1176, true, true, true, true, false, false);
INSERT INTO Positions (posId, left_groin, right_groin) VALUES (1177, false, true);
INSERT INTO Pain (pid, positionId, referred_pain_position, dysuria, dull, constant, four_hours, eight_hours, one_day, two_days) VALUES (1176, 1176, 1177, true, true, true, true, true, true, true);
INSERT INTO Symptoms (sxId, polyuria, hematuria, fever) VALUES (1176, true, true, true);
INSERT INTO Symptoms (sxId, fatigue, malaise, nausea, vomiting, hypotension, tachycardia, cloudy_urine, smelly_urine, sense_of_incomplete_bladder_emptying) VALUES (1177, true, true, true, true, true, true, true, true, true);
INSERT INTO Cases (diagnosisId, age, gender, majorSx, minorSx, painId) VALUES (6, 88, 'M', 1176, 1177, 1176);
INSERT INTO Positions (posId, left_costovertebral, right_costovertebral, left_flank, right_flank, pelvic, suprapubic) VALUES (1178, true, true, true, true, true, true);
INSERT INTO Positions (posId, left_groin, right_groin) VALUES (1179, true, true);
INSERT INTO Pain (pid, positionId, referred_pain_position, dysuria, dull, constant, four_hours, eight_hours, one_day, two_days) VALUES (1178, 1178, 1179, false, true, true, true, true, true, true);
INSERT INTO Symptoms (sxId, polyuria, hematuria, fever) VALUES (1178, true, true, true);
INSERT INTO Symptoms (sxId, fatigue, malaise, nausea, vomiting, hypotension, tachycardia, cloudy_urine, smelly_urine, sense_of_incomplete_bladder_emptying) VALUES (1179, true, true, true, true, true, false, true, true, true);
INSERT INTO Cases (diagnosisId, age, gender, majorSx, minorSx, painId) VALUES (6, 88, 'M', 1178, 1179, 1178);
INSERT INTO Positions (posId, left_costovertebral, right_costovertebral, left_flank, right_flank, pelvic, suprapubic) VALUES (1180, true, true, true, true, true, true);
INSERT INTO Positions (posId, left_groin, right_groin) VALUES (1181, true, true);
INSERT INTO Pain (pid, positionId, referred_pain_position, dysuria, dull, constant, four_hours, eight_hours, one_day, two_days) VALUES (1180, 1180, 1181, true, true, true, true, true, true, true);
INSERT INTO Symptoms (sxId, polyuria, hematuria, fever) VALUES (1180, true, true, true);
INSERT INTO Symptoms (sxId, fatigue, malaise, nausea, vomiting, hypotension, tachycardia, cloudy_urine, smelly_urine, sense_of_incomplete_bladder_emptying) VALUES (1181, true, true, true, true, true, true, true, true, true);
INSERT INTO Cases (diagnosisId, age, gender, majorSx, minorSx, painId) VALUES (6, 90, 'F', 1180, 1181, 1180);
INSERT INTO Positions (posId, left_costovertebral, right_costovertebral, left_flank, right_flank, pelvic, suprapubic) VALUES (1182, true, true, true, true, true, true);
INSERT INTO Positions (posId, left_groin, right_groin) VALUES (1183, true, true);
INSERT INTO Pain (pid, positionId, referred_pain_position, dysuria, dull, constant, four_hours, eight_hours, one_day, two_days) VALUES (1182, 1182, 1183, true, true, true, true, true, false, true);
INSERT INTO Symptoms (sxId, polyuria, hematuria, fever) VALUES (1182, true, true, true);
INSERT INTO Symptoms (sxId, fatigue, malaise, nausea, vomiting, hypotension, tachycardia, cloudy_urine, smelly_urine, sense_of_incomplete_bladder_emptying) VALUES (1183, true, true, true, true, true, true, true, true, true);
INSERT INTO Cases (diagnosisId, age, gender, majorSx, minorSx, painId) VALUES (6, 89, 'M', 1182, 1183, 1182);
INSERT INTO Positions (posId, left_costovertebral, right_costovertebral, left_flank, right_flank, pelvic, suprapubic) VALUES (1184, true, true, true, true, true, true);
INSERT INTO Positions (posId, left_groin, right_groin) VALUES (1185, true, true);
INSERT INTO Pain (pid, positionId, referred_pain_position, dysuria, dull, constant, four_hours, eight_hours, one_day, two_days) VALUES (1184, 1184, 1185, true, false, true, true, true, true, true);
INSERT INTO Symptoms (sxId, polyuria, hematuria, fever) VALUES (1184, true, true, true);
INSERT INTO Symptoms (sxId, fatigue, malaise, nausea, vomiting, hypotension, tachycardia, cloudy_urine, smelly_urine, sense_of_incomplete_bladder_emptying) VALUES (1185, true, true, true, true, true, true, true, true, true);
INSERT INTO Cases (diagnosisId, age, gender, majorSx, minorSx, painId) VALUES (6, 86, 'F', 1184, 1185, 1184);
INSERT INTO Positions (posId, left_costovertebral, right_costovertebral, left_flank, right_flank, pelvic, suprapubic) VALUES (1186, true, true, true, true, true, true);
INSERT INTO Positions (posId, left_groin, right_groin) VALUES (1187, true, true);
INSERT INTO Pain (pid, positionId, referred_pain_position, dysuria, dull, constant, four_hours, eight_hours, one_day, two_days) VALUES (1186, 1186, 1187, true, true, false, false, true, true, true);
INSERT INTO Symptoms (sxId, polyuria, hematuria, fever) VALUES (1186, true, true, true);
INSERT INTO Symptoms (sxId, fatigue, malaise, nausea, vomiting, hypotension, tachycardia, cloudy_urine, smelly_urine, sense_of_incomplete_bladder_emptying) VALUES (1187, true, true, true, true, true, true, true, true, true);
INSERT INTO Cases (diagnosisId, age, gender, majorSx, minorSx, painId) VALUES (6, 91, 'M', 1186, 1187, 1186);
INSERT INTO Positions (posId, left_costovertebral, right_costovertebral, left_flank, right_flank, pelvic, suprapubic) VALUES (1188, true, true, true, true, true, true);
INSERT INTO Positions (posId, left_groin, right_groin) VALUES (1189, true, true);
INSERT INTO Pain (pid, positionId, referred_pain_position, dysuria, dull, constant, four_hours, eight_hours, one_day, two_days) VALUES (1188, 1188, 1189, true, true, true, true, true, true, true);
INSERT INTO Symptoms (sxId, polyuria, hematuria, fever) VALUES (1188, true, true, true);
INSERT INTO Symptoms (sxId, fatigue, malaise, nausea, vomiting, hypotension, tachycardia, cloudy_urine, smelly_urine, sense_of_incomplete_bladder_emptying) VALUES (1189, true, true, false, true, true, true, false, true, true);
INSERT INTO Cases (diagnosisId, age, gender, majorSx, minorSx, painId) VALUES (6, 94, 'F', 1188, 1189, 1188);
INSERT INTO Positions (posId, left_costovertebral, right_costovertebral, left_flank, right_flank, pelvic, suprapubic) VALUES (1190, true, true, false, false, true, true);
INSERT INTO Positions (posId, left_groin, right_groin) VALUES (1191, true, true);
INSERT INTO Pain (pid, positionId, referred_pain_position, dysuria, dull, constant, four_hours, eight_hours, one_day, two_days) VALUES (1190, 1190, 1191, true, true, true, true, true, true, true);
INSERT INTO Symptoms (sxId, polyuria, hematuria, fever) VALUES (1190, true, true, false);
INSERT INTO Symptoms (sxId, fatigue, malaise, nausea, vomiting, hypotension, tachycardia, cloudy_urine, smelly_urine, sense_of_incomplete_bladder_emptying) VALUES (1191, true, true, true, true, true, true, true, true, true);
INSERT INTO Cases (diagnosisId, age, gender, majorSx, minorSx, painId) VALUES (6, 94, 'F', 1190, 1191, 1190);
INSERT INTO Positions (posId, left_costovertebral, right_costovertebral, left_flank, right_flank, pelvic, suprapubic) VALUES (1192, true, true, true, true, true, true);
INSERT INTO Positions (posId, left_groin, right_groin) VALUES (1193, true, true);
INSERT INTO Pain (pid, positionId, referred_pain_position, dysuria, dull, constant, four_hours, eight_hours, one_day, two_days) VALUES (1192, 1192, 1193, true, true, true, true, true, true, true);
INSERT INTO Symptoms (sxId, polyuria, hematuria, fever) VALUES (1192, true, false, true);
INSERT INTO Symptoms (sxId, fatigue, malaise, nausea, vomiting, hypotension, tachycardia, cloudy_urine, smelly_urine, sense_of_incomplete_bladder_emptying) VALUES (1193, true, false, true, true, true, true, true, true, false);
INSERT INTO Cases (diagnosisId, age, gender, majorSx, minorSx, painId) VALUES (6, 94, 'M', 1192, 1193, 1192);
INSERT INTO Positions (posId, left_costovertebral, right_costovertebral, left_flank, right_flank, pelvic, suprapubic) VALUES (1194, true, false, true, true, false, true);
INSERT INTO Positions (posId, left_groin, right_groin) VALUES (1195, true, true);
INSERT INTO Pain (pid, positionId, referred_pain_position, dysuria, dull, constant, four_hours, eight_hours, one_day, two_days) VALUES (1194, 1194, 1195, true, true, true, false, true, true, true);
INSERT INTO Symptoms (sxId, polyuria, hematuria, fever) VALUES (1194, true, true, true);
INSERT INTO Symptoms (sxId, fatigue, malaise, nausea, vomiting, hypotension, tachycardia, cloudy_urine, smelly_urine, sense_of_incomplete_bladder_emptying) VALUES (1195, true, true, true, true, true, true, true, true, true);
INSERT INTO Cases (diagnosisId, age, gender, majorSx, minorSx, painId) VALUES (6, 99, 'F', 1194, 1195, 1194);
INSERT INTO Positions (posId, left_costovertebral, right_costovertebral, left_flank, right_flank, pelvic, suprapubic) VALUES (1196, true, false, true, true, true, true);
INSERT INTO Positions (posId, left_groin, right_groin) VALUES (1197, true, true);
INSERT INTO Pain (pid, positionId, referred_pain_position, dysuria, dull, constant, four_hours, eight_hours, one_day, two_days) VALUES (1196, 1196, 1197, true, true, true, true, false, true, true);
INSERT INTO Symptoms (sxId, polyuria, hematuria, fever) VALUES (1196, true, true, true);
INSERT INTO Symptoms (sxId, fatigue, malaise, nausea, vomiting, hypotension, tachycardia, cloudy_urine, smelly_urine, sense_of_incomplete_bladder_emptying) VALUES (1197, true, true, true, true, true, true, true, true, true);
INSERT INTO Cases (diagnosisId, age, gender, majorSx, minorSx, painId) VALUES (6, 97, 'F', 1196, 1197, 1196);
INSERT INTO Positions (posId, left_costovertebral, right_costovertebral, left_flank, right_flank, pelvic, suprapubic) VALUES (1198, true, true, true, true, true, true);
INSERT INTO Positions (posId, left_groin, right_groin) VALUES (1199, true, true);
INSERT INTO Pain (pid, positionId, referred_pain_position, dysuria, dull, constant, four_hours, eight_hours, one_day, two_days) VALUES (1198, 1198, 1199, true, true, true, true, true, true, true);
INSERT INTO Symptoms (sxId, polyuria, hematuria, fever) VALUES (1198, true, true, true);
INSERT INTO Symptoms (sxId, fatigue, malaise, nausea, vomiting, hypotension, tachycardia, cloudy_urine, smelly_urine, sense_of_incomplete_bladder_emptying) VALUES (1199, true, true, true, true, true, true, true, true, true);
INSERT INTO Cases (diagnosisId, age, gender, majorSx, minorSx, painId) VALUES (6, 99, 'F', 1198, 1199, 1198);
INSERT INTO Positions (posId, left_costovertebral, right_costovertebral, left_flank, right_flank, pelvic, suprapubic) VALUES (1200, true, true, true, true, true, true);
INSERT INTO Positions (posId, left_groin, right_groin) VALUES (1201, true, true);
INSERT INTO Pain (pid, positionId, referred_pain_position, dysuria, dull, constant, four_hours, eight_hours, one_day, two_days) VALUES (1200, 1200, 1201, true, true, true, true, true, true, false);
INSERT INTO Symptoms (sxId, polyuria, hematuria, fever) VALUES (1200, true, true, true);
INSERT INTO Symptoms (sxId, fatigue, malaise, nausea, vomiting, hypotension, tachycardia, cloudy_urine, smelly_urine, sense_of_incomplete_bladder_emptying) VALUES (1201, true, true, false, true, true, true, true, true, true);
INSERT INTO Cases (diagnosisId, age, gender, majorSx, minorSx, painId) VALUES (6, 104, 'M', 1200, 1201, 1200);
Insert INTO Diagnosis (dId, dname) Values (7, 'Urinary');
INSERT INTO Positions (posId, pelvic, suprapubic) VALUES (1202, false, true);
INSERT INTO Positions (posId, lower_back) VALUES (1203, true);
INSERT INTO Pain (pid, positionId, referred_pain_position, dysuria, dysparenunia, four_hours, eight_hours, one_day, two_days) VALUES (1202, 1202, 1203, false, false, false, true, false, true);
INSERT INTO Symptoms (sxId, polyuria, cloudy_urine, smelly_urine, sense_of_incomplete_bladder_emptying) VALUES (1202, true, true, true, true);
INSERT INTO Symptoms (sxId, fever, hematuria) VALUES (1203, true, false);
INSERT INTO Cases (diagnosisId, age, gender, majorSx, minorSx, painId) VALUES (7, 2, 'F', 1202, 1203, 1202);
INSERT INTO Positions (posId, pelvic, suprapubic) VALUES (1204, true, true);
INSERT INTO Positions (posId, lower_back) VALUES (1205, true);
INSERT INTO Pain (pid, positionId, referred_pain_position, dysuria, dysparenunia, four_hours, eight_hours, one_day, two_days) VALUES (1204, 1204, 1205, true, true, true, true, true, true);
INSERT INTO Symptoms (sxId, polyuria, cloudy_urine, smelly_urine, sense_of_incomplete_bladder_emptying) VALUES (1204, true, true, true, true);
INSERT INTO Symptoms (sxId, fever, hematuria) VALUES (1205, true, true);
INSERT INTO Cases (diagnosisId, age, gender, majorSx, minorSx, painId) VALUES (7, 1, 'F', 1204, 1205, 1204);
INSERT INTO Positions (posId, pelvic, suprapubic) VALUES (1206, false, true);
INSERT INTO Positions (posId, lower_back) VALUES (1207, true);
INSERT INTO Pain (pid, positionId, referred_pain_position, dysuria, dysparenunia, four_hours, eight_hours, one_day, two_days) VALUES (1206, 1206, 1207, true, true, true, true, true, true);
INSERT INTO Symptoms (sxId, polyuria, cloudy_urine, smelly_urine, sense_of_incomplete_bladder_emptying) VALUES (1206, true, true, false, true);
INSERT INTO Symptoms (sxId, fever, hematuria) VALUES (1207, true, true);
INSERT INTO Cases (diagnosisId, age, gender, majorSx, minorSx, painId) VALUES (7, 3, 'F', 1206, 1207, 1206);
INSERT INTO Positions (posId, pelvic, suprapubic) VALUES (1208, true, true);
INSERT INTO Positions (posId, lower_back) VALUES (1209, true);
INSERT INTO Pain (pid, positionId, referred_pain_position, dysuria, dysparenunia, four_hours, eight_hours, one_day, two_days) VALUES (1208, 1208, 1209, true, true, true, true, true, true);
INSERT INTO Symptoms (sxId, polyuria, cloudy_urine, smelly_urine, sense_of_incomplete_bladder_emptying) VALUES (1208, true, true, true, true);
INSERT INTO Symptoms (sxId, fever, hematuria) VALUES (1209, false, true);
INSERT INTO Cases (diagnosisId, age, gender, majorSx, minorSx, painId) VALUES (7, 1, 'F', 1208, 1209, 1208);
INSERT INTO Positions (posId, pelvic, suprapubic) VALUES (1210, true, true);
INSERT INTO Positions (posId, lower_back) VALUES (1211, true);
INSERT INTO Pain (pid, positionId, referred_pain_position, dysuria, dysparenunia, four_hours, eight_hours, one_day, two_days) VALUES (1210, 1210, 1211, true, true, true, true, true, true);
INSERT INTO Symptoms (sxId, polyuria, cloudy_urine, smelly_urine, sense_of_incomplete_bladder_emptying) VALUES (1210, true, true, true, true);
INSERT INTO Symptoms (sxId, fever, hematuria) VALUES (1211, true, true);
INSERT INTO Cases (diagnosisId, age, gender, majorSx, minorSx, painId) VALUES (7, 3, 'F', 1210, 1211, 1210);
INSERT INTO Positions (posId, pelvic, suprapubic) VALUES (1212, true, true);
INSERT INTO Positions (posId, lower_back) VALUES (1213, false);
INSERT INTO Pain (pid, positionId, referred_pain_position, dysuria, dysparenunia, four_hours, eight_hours, one_day, two_days) VALUES (1212, 1212, 1213, true, true, true, true, true, true);
INSERT INTO Symptoms (sxId, polyuria, cloudy_urine, smelly_urine, sense_of_incomplete_bladder_emptying) VALUES (1212, true, true, false, true);
INSERT INTO Symptoms (sxId, fever, hematuria) VALUES (1213, true, true);
INSERT INTO Cases (diagnosisId, age, gender, majorSx, minorSx, painId) VALUES (7, 5, 'M', 1212, 1213, 1212);
INSERT INTO Positions (posId, pelvic, suprapubic) VALUES (1214, true, true);
INSERT INTO Positions (posId, lower_back) VALUES (1215, true);
INSERT INTO Pain (pid, positionId, referred_pain_position, dysuria, dysparenunia, four_hours, eight_hours, one_day, two_days) VALUES (1214, 1214, 1215, true, true, true, true, true, true);
INSERT INTO Symptoms (sxId, polyuria, cloudy_urine, smelly_urine, sense_of_incomplete_bladder_emptying) VALUES (1214, true, true, true, true);
INSERT INTO Symptoms (sxId, fever, hematuria) VALUES (1215, false, true);
INSERT INTO Cases (diagnosisId, age, gender, majorSx, minorSx, painId) VALUES (7, 9, 'F', 1214, 1215, 1214);
INSERT INTO Positions (posId, pelvic, suprapubic) VALUES (1216, true, false);
INSERT INTO Positions (posId, lower_back) VALUES (1217, true);
INSERT INTO Pain (pid, positionId, referred_pain_position, dysuria, dysparenunia, four_hours, eight_hours, one_day, two_days) VALUES (1216, 1216, 1217, true, true, true, true, true, true);
INSERT INTO Symptoms (sxId, polyuria, cloudy_urine, smelly_urine, sense_of_incomplete_bladder_emptying) VALUES (1216, true, true, false, true);
INSERT INTO Symptoms (sxId, fever, hematuria) VALUES (1217, true, true);
INSERT INTO Cases (diagnosisId, age, gender, majorSx, minorSx, painId) VALUES (7, 8, 'M', 1216, 1217, 1216);
INSERT INTO Positions (posId, pelvic, suprapubic) VALUES (1218, false, true);
INSERT INTO Positions (posId, lower_back) VALUES (1219, true);
INSERT INTO Pain (pid, positionId, referred_pain_position, dysuria, dysparenunia, four_hours, eight_hours, one_day, two_days) VALUES (1218, 1218, 1219, true, false, false, true, true, true);
INSERT INTO Symptoms (sxId, polyuria, cloudy_urine, smelly_urine, sense_of_incomplete_bladder_emptying) VALUES (1218, true, true, true, true);
INSERT INTO Symptoms (sxId, fever, hematuria) VALUES (1219, true, true);
INSERT INTO Cases (diagnosisId, age, gender, majorSx, minorSx, painId) VALUES (7, 7, 'F', 1218, 1219, 1218);
INSERT INTO Positions (posId, pelvic, suprapubic) VALUES (1220, true, true);
INSERT INTO Positions (posId, lower_back) VALUES (1221, true);
INSERT INTO Pain (pid, positionId, referred_pain_position, dysuria, dysparenunia, four_hours, eight_hours, one_day, two_days) VALUES (1220, 1220, 1221, true, false, true, true, true, true);
INSERT INTO Symptoms (sxId, polyuria, cloudy_urine, smelly_urine, sense_of_incomplete_bladder_emptying) VALUES (1220, true, true, true, true);
INSERT INTO Symptoms (sxId, fever, hematuria) VALUES (1221, true, true);
INSERT INTO Cases (diagnosisId, age, gender, majorSx, minorSx, painId) VALUES (7, 14, 'M', 1220, 1221, 1220);
INSERT INTO Positions (posId, pelvic, suprapubic) VALUES (1222, true, true);
INSERT INTO Positions (posId, lower_back) VALUES (1223, false);
INSERT INTO Pain (pid, positionId, referred_pain_position, dysuria, dysparenunia, four_hours, eight_hours, one_day, two_days) VALUES (1222, 1222, 1223, true, true, true, true, true, true);
INSERT INTO Symptoms (sxId, polyuria, cloudy_urine, smelly_urine, sense_of_incomplete_bladder_emptying) VALUES (1222, true, true, true, true);
INSERT INTO Symptoms (sxId, fever, hematuria) VALUES (1223, true, true);
INSERT INTO Cases (diagnosisId, age, gender, majorSx, minorSx, painId) VALUES (7, 11, 'F', 1222, 1223, 1222);
INSERT INTO Positions (posId, pelvic, suprapubic) VALUES (1224, true, true);
INSERT INTO Positions (posId, lower_back) VALUES (1225, true);
INSERT INTO Pain (pid, positionId, referred_pain_position, dysuria, dysparenunia, four_hours, eight_hours, one_day, two_days) VALUES (1224, 1224, 1225, true, true, true, true, true, true);
INSERT INTO Symptoms (sxId, polyuria, cloudy_urine, smelly_urine, sense_of_incomplete_bladder_emptying) VALUES (1224, false, true, true, true);
INSERT INTO Symptoms (sxId, fever, hematuria) VALUES (1225, true, true);
INSERT INTO Cases (diagnosisId, age, gender, majorSx, minorSx, painId) VALUES (7, 17, 'M', 1224, 1225, 1224);
INSERT INTO Positions (posId, pelvic, suprapubic) VALUES (1226, true, true);
INSERT INTO Positions (posId, lower_back) VALUES (1227, true);
INSERT INTO Pain (pid, positionId, referred_pain_position, dysuria, dysparenunia, four_hours, eight_hours, one_day, two_days) VALUES (1226, 1226, 1227, true, true, true, true, false, true);
INSERT INTO Symptoms (sxId, polyuria, cloudy_urine, smelly_urine, sense_of_incomplete_bladder_emptying) VALUES (1226, true, true, true, false);
INSERT INTO Symptoms (sxId, fever, hematuria) VALUES (1227, false, true);
INSERT INTO Cases (diagnosisId, age, gender, majorSx, minorSx, painId) VALUES (7, 19, 'F', 1226, 1227, 1226);
INSERT INTO Positions (posId, pelvic, suprapubic) VALUES (1228, true, true);
INSERT INTO Positions (posId, lower_back) VALUES (1229, true);
INSERT INTO Pain (pid, positionId, referred_pain_position, dysuria, dysparenunia, four_hours, eight_hours, one_day, two_days) VALUES (1228, 1228, 1229, true, true, true, true, true, true);
INSERT INTO Symptoms (sxId, polyuria, cloudy_urine, smelly_urine, sense_of_incomplete_bladder_emptying) VALUES (1228, true, true, false, true);
INSERT INTO Symptoms (sxId, fever, hematuria) VALUES (1229, true, true);
INSERT INTO Cases (diagnosisId, age, gender, majorSx, minorSx, painId) VALUES (7, 23, 'M', 1228, 1229, 1228);
INSERT INTO Positions (posId, pelvic, suprapubic) VALUES (1230, true, true);
INSERT INTO Positions (posId, lower_back) VALUES (1231, true);
INSERT INTO Pain (pid, positionId, referred_pain_position, dysuria, dysparenunia, four_hours, eight_hours, one_day, two_days) VALUES (1230, 1230, 1231, true, true, true, true, true, true);
INSERT INTO Symptoms (sxId, polyuria, cloudy_urine, smelly_urine, sense_of_incomplete_bladder_emptying) VALUES (1230, true, true, true, true);
INSERT INTO Symptoms (sxId, fever, hematuria) VALUES (1231, true, true);
INSERT INTO Cases (diagnosisId, age, gender, majorSx, minorSx, painId) VALUES (7, 24, 'M', 1230, 1231, 1230);
INSERT INTO Positions (posId, pelvic, suprapubic) VALUES (1232, false, true);
INSERT INTO Positions (posId, lower_back) VALUES (1233, true);
INSERT INTO Pain (pid, positionId, referred_pain_position, dysuria, dysparenunia, four_hours, eight_hours, one_day, two_days) VALUES (1232, 1232, 1233, true, true, true, true, true, true);
INSERT INTO Symptoms (sxId, polyuria, cloudy_urine, smelly_urine, sense_of_incomplete_bladder_emptying) VALUES (1232, true, true, true, true);
INSERT INTO Symptoms (sxId, fever, hematuria) VALUES (1233, false, true);
INSERT INTO Cases (diagnosisId, age, gender, majorSx, minorSx, painId) VALUES (7, 28, 'M', 1232, 1233, 1232);
INSERT INTO Positions (posId, pelvic, suprapubic) VALUES (1234, true, true);
INSERT INTO Positions (posId, lower_back) VALUES (1235, true);
INSERT INTO Pain (pid, positionId, referred_pain_position, dysuria, dysparenunia, four_hours, eight_hours, one_day, two_days) VALUES (1234, 1234, 1235, true, true, true, true, true, true);
INSERT INTO Symptoms (sxId, polyuria, cloudy_urine, smelly_urine, sense_of_incomplete_bladder_emptying) VALUES (1234, true, true, true, true);
INSERT INTO Symptoms (sxId, fever, hematuria) VALUES (1235, true, true);
INSERT INTO Cases (diagnosisId, age, gender, majorSx, minorSx, painId) VALUES (7, 30, 'F', 1234, 1235, 1234);
INSERT INTO Positions (posId, pelvic, suprapubic) VALUES (1236, true, false);
INSERT INTO Positions (posId, lower_back) VALUES (1237, true);
INSERT INTO Pain (pid, positionId, referred_pain_position, dysuria, dysparenunia, four_hours, eight_hours, one_day, two_days) VALUES (1236, 1236, 1237, true, true, true, true, true, true);
INSERT INTO Symptoms (sxId, polyuria, cloudy_urine, smelly_urine, sense_of_incomplete_bladder_emptying) VALUES (1236, true, true, true, true);
INSERT INTO Symptoms (sxId, fever, hematuria) VALUES (1237, false, true);
INSERT INTO Cases (diagnosisId, age, gender, majorSx, minorSx, painId) VALUES (7, 35, 'M', 1236, 1237, 1236);
INSERT INTO Positions (posId, pelvic, suprapubic) VALUES (1238, true, true);
INSERT INTO Positions (posId, lower_back) VALUES (1239, true);
INSERT INTO Pain (pid, positionId, referred_pain_position, dysuria, dysparenunia, four_hours, eight_hours, one_day, two_days) VALUES (1238, 1238, 1239, true, true, true, true, true, true);
INSERT INTO Symptoms (sxId, polyuria, cloudy_urine, smelly_urine, sense_of_incomplete_bladder_emptying) VALUES (1238, true, true, false, true);
INSERT INTO Symptoms (sxId, fever, hematuria) VALUES (1239, true, false);
INSERT INTO Cases (diagnosisId, age, gender, majorSx, minorSx, painId) VALUES (7, 33, 'F', 1238, 1239, 1238);
INSERT INTO Positions (posId, pelvic, suprapubic) VALUES (1240, true, true);
INSERT INTO Positions (posId, lower_back) VALUES (1241, true);
INSERT INTO Pain (pid, positionId, referred_pain_position, dysuria, dysparenunia, four_hours, eight_hours, one_day, two_days) VALUES (1240, 1240, 1241, true, true, true, true, true, false);
INSERT INTO Symptoms (sxId, polyuria, cloudy_urine, smelly_urine, sense_of_incomplete_bladder_emptying) VALUES (1240, true, true, true, true);
INSERT INTO Symptoms (sxId, fever, hematuria) VALUES (1241, false, true);
INSERT INTO Cases (diagnosisId, age, gender, majorSx, minorSx, painId) VALUES (7, 37, 'M', 1240, 1241, 1240);
INSERT INTO Positions (posId, pelvic, suprapubic) VALUES (1242, true, true);
INSERT INTO Positions (posId, lower_back) VALUES (1243, true);
INSERT INTO Pain (pid, positionId, referred_pain_position, dysuria, dysparenunia, four_hours, eight_hours, one_day, two_days) VALUES (1242, 1242, 1243, true, true, true, true, true, true);
INSERT INTO Symptoms (sxId, polyuria, cloudy_urine, smelly_urine, sense_of_incomplete_bladder_emptying) VALUES (1242, true, true, true, true);
INSERT INTO Symptoms (sxId, fever, hematuria) VALUES (1243, true, true);
INSERT INTO Cases (diagnosisId, age, gender, majorSx, minorSx, painId) VALUES (7, 37, 'F', 1242, 1243, 1242);
INSERT INTO Positions (posId, pelvic, suprapubic) VALUES (1244, true, true);
INSERT INTO Positions (posId, lower_back) VALUES (1245, true);
INSERT INTO Pain (pid, positionId, referred_pain_position, dysuria, dysparenunia, four_hours, eight_hours, one_day, two_days) VALUES (1244, 1244, 1245, true, true, true, true, true, true);
INSERT INTO Symptoms (sxId, polyuria, cloudy_urine, smelly_urine, sense_of_incomplete_bladder_emptying) VALUES (1244, true, true, true, true);
INSERT INTO Symptoms (sxId, fever, hematuria) VALUES (1245, false, true);
INSERT INTO Cases (diagnosisId, age, gender, majorSx, minorSx, painId) VALUES (7, 39, 'F', 1244, 1245, 1244);
INSERT INTO Positions (posId, pelvic, suprapubic) VALUES (1246, true, true);
INSERT INTO Positions (posId, lower_back) VALUES (1247, true);
INSERT INTO Pain (pid, positionId, referred_pain_position, dysuria, dysparenunia, four_hours, eight_hours, one_day, two_days) VALUES (1246, 1246, 1247, true, true, true, false, true, true);
INSERT INTO Symptoms (sxId, polyuria, cloudy_urine, smelly_urine, sense_of_incomplete_bladder_emptying) VALUES (1246, true, true, true, true);
INSERT INTO Symptoms (sxId, fever, hematuria) VALUES (1247, true, true);
INSERT INTO Cases (diagnosisId, age, gender, majorSx, minorSx, painId) VALUES (7, 42, 'M', 1246, 1247, 1246);
INSERT INTO Positions (posId, pelvic, suprapubic) VALUES (1248, true, true);
INSERT INTO Positions (posId, lower_back) VALUES (1249, true);
INSERT INTO Pain (pid, positionId, referred_pain_position, dysuria, dysparenunia, four_hours, eight_hours, one_day, two_days) VALUES (1248, 1248, 1249, false, true, true, true, true, true);
INSERT INTO Symptoms (sxId, polyuria, cloudy_urine, smelly_urine, sense_of_incomplete_bladder_emptying) VALUES (1248, true, true, true, true);
INSERT INTO Symptoms (sxId, fever, hematuria) VALUES (1249, true, true);
INSERT INTO Cases (diagnosisId, age, gender, majorSx, minorSx, painId) VALUES (7, 45, 'F', 1248, 1249, 1248);
INSERT INTO Positions (posId, pelvic, suprapubic) VALUES (1250, true, true);
INSERT INTO Positions (posId, lower_back) VALUES (1251, true);
INSERT INTO Pain (pid, positionId, referred_pain_position, dysuria, dysparenunia, four_hours, eight_hours, one_day, two_days) VALUES (1250, 1250, 1251, true, true, true, true, false, true);
INSERT INTO Symptoms (sxId, polyuria, cloudy_urine, smelly_urine, sense_of_incomplete_bladder_emptying) VALUES (1250, true, true, false, true);
INSERT INTO Symptoms (sxId, fever, hematuria) VALUES (1251, true, true);
INSERT INTO Cases (diagnosisId, age, gender, majorSx, minorSx, painId) VALUES (7, 45, 'M', 1250, 1251, 1250);
INSERT INTO Positions (posId, pelvic, suprapubic) VALUES (1252, true, true);
INSERT INTO Positions (posId, lower_back) VALUES (1253, false);
INSERT INTO Pain (pid, positionId, referred_pain_position, dysuria, dysparenunia, four_hours, eight_hours, one_day, two_days) VALUES (1252, 1252, 1253, true, true, true, true, true, true);
INSERT INTO Symptoms (sxId, polyuria, cloudy_urine, smelly_urine, sense_of_incomplete_bladder_emptying) VALUES (1252, true, true, true, true);
INSERT INTO Symptoms (sxId, fever, hematuria) VALUES (1253, true, false);
INSERT INTO Cases (diagnosisId, age, gender, majorSx, minorSx, painId) VALUES (7, 44, 'M', 1252, 1253, 1252);
INSERT INTO Positions (posId, pelvic, suprapubic) VALUES (1254, true, true);
INSERT INTO Positions (posId, lower_back) VALUES (1255, true);
INSERT INTO Pain (pid, positionId, referred_pain_position, dysuria, dysparenunia, four_hours, eight_hours, one_day, two_days) VALUES (1254, 1254, 1255, true, true, true, false, true, false);
INSERT INTO Symptoms (sxId, polyuria, cloudy_urine, smelly_urine, sense_of_incomplete_bladder_emptying) VALUES (1254, true, true, true, true);
INSERT INTO Symptoms (sxId, fever, hematuria) VALUES (1255, false, true);
INSERT INTO Cases (diagnosisId, age, gender, majorSx, minorSx, painId) VALUES (7, 48, 'F', 1254, 1255, 1254);
INSERT INTO Positions (posId, pelvic, suprapubic) VALUES (1256, true, true);
INSERT INTO Positions (posId, lower_back) VALUES (1257, true);
INSERT INTO Pain (pid, positionId, referred_pain_position, dysuria, dysparenunia, four_hours, eight_hours, one_day, two_days) VALUES (1256, 1256, 1257, true, true, true, true, true, true);
INSERT INTO Symptoms (sxId, polyuria, cloudy_urine, smelly_urine, sense_of_incomplete_bladder_emptying) VALUES (1256, true, true, false, true);
INSERT INTO Symptoms (sxId, fever, hematuria) VALUES (1257, true, true);
INSERT INTO Cases (diagnosisId, age, gender, majorSx, minorSx, painId) VALUES (7, 50, 'M', 1256, 1257, 1256);
INSERT INTO Positions (posId, pelvic, suprapubic) VALUES (1258, false, true);
INSERT INTO Positions (posId, lower_back) VALUES (1259, true);
INSERT INTO Pain (pid, positionId, referred_pain_position, dysuria, dysparenunia, four_hours, eight_hours, one_day, two_days) VALUES (1258, 1258, 1259, false, true, true, false, true, true);
INSERT INTO Symptoms (sxId, polyuria, cloudy_urine, smelly_urine, sense_of_incomplete_bladder_emptying) VALUES (1258, false, true, true, true);
INSERT INTO Symptoms (sxId, fever, hematuria) VALUES (1259, true, true);
INSERT INTO Cases (diagnosisId, age, gender, majorSx, minorSx, painId) VALUES (7, 50, 'M', 1258, 1259, 1258);
INSERT INTO Positions (posId, pelvic, suprapubic) VALUES (1260, true, true);
INSERT INTO Positions (posId, lower_back) VALUES (1261, false);
INSERT INTO Pain (pid, positionId, referred_pain_position, dysuria, dysparenunia, four_hours, eight_hours, one_day, two_days) VALUES (1260, 1260, 1261, true, true, true, true, true, true);
INSERT INTO Symptoms (sxId, polyuria, cloudy_urine, smelly_urine, sense_of_incomplete_bladder_emptying) VALUES (1260, true, false, true, true);
INSERT INTO Symptoms (sxId, fever, hematuria) VALUES (1261, true, true);
INSERT INTO Cases (diagnosisId, age, gender, majorSx, minorSx, painId) VALUES (7, 49, 'M', 1260, 1261, 1260);
INSERT INTO Positions (posId, pelvic, suprapubic) VALUES (1262, true, true);
INSERT INTO Positions (posId, lower_back) VALUES (1263, true);
INSERT INTO Pain (pid, positionId, referred_pain_position, dysuria, dysparenunia, four_hours, eight_hours, one_day, two_days) VALUES (1262, 1262, 1263, true, false, true, true, true, true);
INSERT INTO Symptoms (sxId, polyuria, cloudy_urine, smelly_urine, sense_of_incomplete_bladder_emptying) VALUES (1262, true, true, true, true);
INSERT INTO Symptoms (sxId, fever, hematuria) VALUES (1263, true, true);
INSERT INTO Cases (diagnosisId, age, gender, majorSx, minorSx, painId) VALUES (7, 55, 'F', 1262, 1263, 1262);
INSERT INTO Positions (posId, pelvic, suprapubic) VALUES (1264, true, true);
INSERT INTO Positions (posId, lower_back) VALUES (1265, true);
INSERT INTO Pain (pid, positionId, referred_pain_position, dysuria, dysparenunia, four_hours, eight_hours, one_day, two_days) VALUES (1264, 1264, 1265, true, true, true, true, true, true);
INSERT INTO Symptoms (sxId, polyuria, cloudy_urine, smelly_urine, sense_of_incomplete_bladder_emptying) VALUES (1264, true, true, true, true);
INSERT INTO Symptoms (sxId, fever, hematuria) VALUES (1265, true, true);
INSERT INTO Cases (diagnosisId, age, gender, majorSx, minorSx, painId) VALUES (7, 53, 'F', 1264, 1265, 1264);
INSERT INTO Positions (posId, pelvic, suprapubic) VALUES (1266, true, true);
INSERT INTO Positions (posId, lower_back) VALUES (1267, true);
INSERT INTO Pain (pid, positionId, referred_pain_position, dysuria, dysparenunia, four_hours, eight_hours, one_day, two_days) VALUES (1266, 1266, 1267, true, false, true, true, true, true);
INSERT INTO Symptoms (sxId, polyuria, cloudy_urine, smelly_urine, sense_of_incomplete_bladder_emptying) VALUES (1266, true, true, false, true);
INSERT INTO Symptoms (sxId, fever, hematuria) VALUES (1267, true, true);
INSERT INTO Cases (diagnosisId, age, gender, majorSx, minorSx, painId) VALUES (7, 51, 'F', 1266, 1267, 1266);
INSERT INTO Positions (posId, pelvic, suprapubic) VALUES (1268, true, true);
INSERT INTO Positions (posId, lower_back) VALUES (1269, true);
INSERT INTO Pain (pid, positionId, referred_pain_position, dysuria, dysparenunia, four_hours, eight_hours, one_day, two_days) VALUES (1268, 1268, 1269, true, true, true, true, true, true);
INSERT INTO Symptoms (sxId, polyuria, cloudy_urine, smelly_urine, sense_of_incomplete_bladder_emptying) VALUES (1268, true, true, true, true);
INSERT INTO Symptoms (sxId, fever, hematuria) VALUES (1269, true, true);
INSERT INTO Cases (diagnosisId, age, gender, majorSx, minorSx, painId) VALUES (7, 52, 'F', 1268, 1269, 1268);
INSERT INTO Positions (posId, pelvic, suprapubic) VALUES (1270, true, true);
INSERT INTO Positions (posId, lower_back) VALUES (1271, true);
INSERT INTO Pain (pid, positionId, referred_pain_position, dysuria, dysparenunia, four_hours, eight_hours, one_day, two_days) VALUES (1270, 1270, 1271, false, false, true, true, true, true);
INSERT INTO Symptoms (sxId, polyuria, cloudy_urine, smelly_urine, sense_of_incomplete_bladder_emptying) VALUES (1270, true, true, true, true);
INSERT INTO Symptoms (sxId, fever, hematuria) VALUES (1271, true, true);
INSERT INTO Cases (diagnosisId, age, gender, majorSx, minorSx, painId) VALUES (7, 53, 'F', 1270, 1271, 1270);
INSERT INTO Positions (posId, pelvic, suprapubic) VALUES (1272, true, true);
INSERT INTO Positions (posId, lower_back) VALUES (1273, true);
INSERT INTO Pain (pid, positionId, referred_pain_position, dysuria, dysparenunia, four_hours, eight_hours, one_day, two_days) VALUES (1272, 1272, 1273, true, false, true, true, true, true);
INSERT INTO Symptoms (sxId, polyuria, cloudy_urine, smelly_urine, sense_of_incomplete_bladder_emptying) VALUES (1272, true, true, true, true);
INSERT INTO Symptoms (sxId, fever, hematuria) VALUES (1273, true, false);
INSERT INTO Cases (diagnosisId, age, gender, majorSx, minorSx, painId) VALUES (7, 56, 'M', 1272, 1273, 1272);
INSERT INTO Positions (posId, pelvic, suprapubic) VALUES (1274, true, true);
INSERT INTO Positions (posId, lower_back) VALUES (1275, true);
INSERT INTO Pain (pid, positionId, referred_pain_position, dysuria, dysparenunia, four_hours, eight_hours, one_day, two_days) VALUES (1274, 1274, 1275, true, true, true, true, true, true);
INSERT INTO Symptoms (sxId, polyuria, cloudy_urine, smelly_urine, sense_of_incomplete_bladder_emptying) VALUES (1274, true, true, true, true);
INSERT INTO Symptoms (sxId, fever, hematuria) VALUES (1275, true, true);
INSERT INTO Cases (diagnosisId, age, gender, majorSx, minorSx, painId) VALUES (7, 57, 'F', 1274, 1275, 1274);
INSERT INTO Positions (posId, pelvic, suprapubic) VALUES (1276, false, false);
INSERT INTO Positions (posId, lower_back) VALUES (1277, true);
INSERT INTO Pain (pid, positionId, referred_pain_position, dysuria, dysparenunia, four_hours, eight_hours, one_day, two_days) VALUES (1276, 1276, 1277, true, true, true, true, true, true);
INSERT INTO Symptoms (sxId, polyuria, cloudy_urine, smelly_urine, sense_of_incomplete_bladder_emptying) VALUES (1276, false, true, true, false);
INSERT INTO Symptoms (sxId, fever, hematuria) VALUES (1277, false, true);
INSERT INTO Cases (diagnosisId, age, gender, majorSx, minorSx, painId) VALUES (7, 56, 'M', 1276, 1277, 1276);
INSERT INTO Positions (posId, pelvic, suprapubic) VALUES (1278, true, true);
INSERT INTO Positions (posId, lower_back) VALUES (1279, true);
INSERT INTO Pain (pid, positionId, referred_pain_position, dysuria, dysparenunia, four_hours, eight_hours, one_day, two_days) VALUES (1278, 1278, 1279, true, true, true, true, true, true);
INSERT INTO Symptoms (sxId, polyuria, cloudy_urine, smelly_urine, sense_of_incomplete_bladder_emptying) VALUES (1278, true, true, true, true);
INSERT INTO Symptoms (sxId, fever, hematuria) VALUES (1279, true, true);
INSERT INTO Cases (diagnosisId, age, gender, majorSx, minorSx, painId) VALUES (7, 56, 'F', 1278, 1279, 1278);
INSERT INTO Positions (posId, pelvic, suprapubic) VALUES (1280, true, true);
INSERT INTO Positions (posId, lower_back) VALUES (1281, false);
INSERT INTO Pain (pid, positionId, referred_pain_position, dysuria, dysparenunia, four_hours, eight_hours, one_day, two_days) VALUES (1280, 1280, 1281, true, true, true, true, true, true);
INSERT INTO Symptoms (sxId, polyuria, cloudy_urine, smelly_urine, sense_of_incomplete_bladder_emptying) VALUES (1280, true, true, true, true);
INSERT INTO Symptoms (sxId, fever, hematuria) VALUES (1281, true, true);
INSERT INTO Cases (diagnosisId, age, gender, majorSx, minorSx, painId) VALUES (7, 60, 'M', 1280, 1281, 1280);
INSERT INTO Positions (posId, pelvic, suprapubic) VALUES (1282, true, true);
INSERT INTO Positions (posId, lower_back) VALUES (1283, true);
INSERT INTO Pain (pid, positionId, referred_pain_position, dysuria, dysparenunia, four_hours, eight_hours, one_day, two_days) VALUES (1282, 1282, 1283, true, true, true, true, true, true);
INSERT INTO Symptoms (sxId, polyuria, cloudy_urine, smelly_urine, sense_of_incomplete_bladder_emptying) VALUES (1282, true, true, false, true);
INSERT INTO Symptoms (sxId, fever, hematuria) VALUES (1283, true, true);
INSERT INTO Cases (diagnosisId, age, gender, majorSx, minorSx, painId) VALUES (7, 62, 'F', 1282, 1283, 1282);
INSERT INTO Positions (posId, pelvic, suprapubic) VALUES (1284, true, true);
INSERT INTO Positions (posId, lower_back) VALUES (1285, true);
INSERT INTO Pain (pid, positionId, referred_pain_position, dysuria, dysparenunia, four_hours, eight_hours, one_day, two_days) VALUES (1284, 1284, 1285, true, true, true, true, true, true);
INSERT INTO Symptoms (sxId, polyuria, cloudy_urine, smelly_urine, sense_of_incomplete_bladder_emptying) VALUES (1284, true, true, true, true);
INSERT INTO Symptoms (sxId, fever, hematuria) VALUES (1285, true, true);
INSERT INTO Cases (diagnosisId, age, gender, majorSx, minorSx, painId) VALUES (7, 61, 'M', 1284, 1285, 1284);
INSERT INTO Positions (posId, pelvic, suprapubic) VALUES (1286, true, true);
INSERT INTO Positions (posId, lower_back) VALUES (1287, true);
INSERT INTO Pain (pid, positionId, referred_pain_position, dysuria, dysparenunia, four_hours, eight_hours, one_day, two_days) VALUES (1286, 1286, 1287, true, false, true, false, true, true);
INSERT INTO Symptoms (sxId, polyuria, cloudy_urine, smelly_urine, sense_of_incomplete_bladder_emptying) VALUES (1286, false, true, true, false);
INSERT INTO Symptoms (sxId, fever, hematuria) VALUES (1287, true, true);
INSERT INTO Cases (diagnosisId, age, gender, majorSx, minorSx, painId) VALUES (7, 61, 'F', 1286, 1287, 1286);
INSERT INTO Positions (posId, pelvic, suprapubic) VALUES (1288, false, true);
INSERT INTO Positions (posId, lower_back) VALUES (1289, true);
INSERT INTO Pain (pid, positionId, referred_pain_position, dysuria, dysparenunia, four_hours, eight_hours, one_day, two_days) VALUES (1288, 1288, 1289, true, true, true, true, true, true);
INSERT INTO Symptoms (sxId, polyuria, cloudy_urine, smelly_urine, sense_of_incomplete_bladder_emptying) VALUES (1288, true, true, true, true);
INSERT INTO Symptoms (sxId, fever, hematuria) VALUES (1289, true, true);
INSERT INTO Cases (diagnosisId, age, gender, majorSx, minorSx, painId) VALUES (7, 65, 'M', 1288, 1289, 1288);
INSERT INTO Positions (posId, pelvic, suprapubic) VALUES (1290, true, true);
INSERT INTO Positions (posId, lower_back) VALUES (1291, true);
INSERT INTO Pain (pid, positionId, referred_pain_position, dysuria, dysparenunia, four_hours, eight_hours, one_day, two_days) VALUES (1290, 1290, 1291, true, true, true, true, true, true);
INSERT INTO Symptoms (sxId, polyuria, cloudy_urine, smelly_urine, sense_of_incomplete_bladder_emptying) VALUES (1290, true, false, true, true);
INSERT INTO Symptoms (sxId, fever, hematuria) VALUES (1291, true, true);
INSERT INTO Cases (diagnosisId, age, gender, majorSx, minorSx, painId) VALUES (7, 61, 'F', 1290, 1291, 1290);
INSERT INTO Positions (posId, pelvic, suprapubic) VALUES (1292, false, false);
INSERT INTO Positions (posId, lower_back) VALUES (1293, true);
INSERT INTO Pain (pid, positionId, referred_pain_position, dysuria, dysparenunia, four_hours, eight_hours, one_day, two_days) VALUES (1292, 1292, 1293, true, true, true, true, true, true);
INSERT INTO Symptoms (sxId, polyuria, cloudy_urine, smelly_urine, sense_of_incomplete_bladder_emptying) VALUES (1292, true, true, true, true);
INSERT INTO Symptoms (sxId, fever, hematuria) VALUES (1293, true, true);
INSERT INTO Cases (diagnosisId, age, gender, majorSx, minorSx, painId) VALUES (7, 64, 'F', 1292, 1293, 1292);
INSERT INTO Positions (posId, pelvic, suprapubic) VALUES (1294, true, false);
INSERT INTO Positions (posId, lower_back) VALUES (1295, true);
INSERT INTO Pain (pid, positionId, referred_pain_position, dysuria, dysparenunia, four_hours, eight_hours, one_day, two_days) VALUES (1294, 1294, 1295, true, true, true, true, true, true);
INSERT INTO Symptoms (sxId, polyuria, cloudy_urine, smelly_urine, sense_of_incomplete_bladder_emptying) VALUES (1294, true, true, true, false);
INSERT INTO Symptoms (sxId, fever, hematuria) VALUES (1295, false, true);
INSERT INTO Cases (diagnosisId, age, gender, majorSx, minorSx, painId) VALUES (7, 63, 'M', 1294, 1295, 1294);
INSERT INTO Positions (posId, pelvic, suprapubic) VALUES (1296, true, true);
INSERT INTO Positions (posId, lower_back) VALUES (1297, true);
INSERT INTO Pain (pid, positionId, referred_pain_position, dysuria, dysparenunia, four_hours, eight_hours, one_day, two_days) VALUES (1296, 1296, 1297, true, true, true, true, true, false);
INSERT INTO Symptoms (sxId, polyuria, cloudy_urine, smelly_urine, sense_of_incomplete_bladder_emptying) VALUES (1296, true, false, true, true);
INSERT INTO Symptoms (sxId, fever, hematuria) VALUES (1297, true, true);
INSERT INTO Cases (diagnosisId, age, gender, majorSx, minorSx, painId) VALUES (7, 68, 'M', 1296, 1297, 1296);
INSERT INTO Positions (posId, pelvic, suprapubic) VALUES (1298, true, true);
INSERT INTO Positions (posId, lower_back) VALUES (1299, false);
INSERT INTO Pain (pid, positionId, referred_pain_position, dysuria, dysparenunia, four_hours, eight_hours, one_day, two_days) VALUES (1298, 1298, 1299, true, true, true, true, true, true);
INSERT INTO Symptoms (sxId, polyuria, cloudy_urine, smelly_urine, sense_of_incomplete_bladder_emptying) VALUES (1298, true, false, true, true);
INSERT INTO Symptoms (sxId, fever, hematuria) VALUES (1299, false, true);
INSERT INTO Cases (diagnosisId, age, gender, majorSx, minorSx, painId) VALUES (7, 70, 'M', 1298, 1299, 1298);
INSERT INTO Positions (posId, pelvic, suprapubic) VALUES (1300, true, true);
INSERT INTO Positions (posId, lower_back) VALUES (1301, true);
INSERT INTO Pain (pid, positionId, referred_pain_position, dysuria, dysparenunia, four_hours, eight_hours, one_day, two_days) VALUES (1300, 1300, 1301, true, true, true, true, true, true);
INSERT INTO Symptoms (sxId, polyuria, cloudy_urine, smelly_urine, sense_of_incomplete_bladder_emptying) VALUES (1300, true, true, false, true);
INSERT INTO Symptoms (sxId, fever, hematuria) VALUES (1301, true, true);
INSERT INTO Cases (diagnosisId, age, gender, majorSx, minorSx, painId) VALUES (7, 68, 'F', 1300, 1301, 1300);
INSERT INTO Positions (posId, pelvic, suprapubic) VALUES (1302, true, true);
INSERT INTO Positions (posId, lower_back) VALUES (1303, true);
INSERT INTO Pain (pid, positionId, referred_pain_position, dysuria, dysparenunia, four_hours, eight_hours, one_day, two_days) VALUES (1302, 1302, 1303, true, true, true, true, true, true);
INSERT INTO Symptoms (sxId, polyuria, cloudy_urine, smelly_urine, sense_of_incomplete_bladder_emptying) VALUES (1302, true, true, true, true);
INSERT INTO Symptoms (sxId, fever, hematuria) VALUES (1303, true, true);
INSERT INTO Cases (diagnosisId, age, gender, majorSx, minorSx, painId) VALUES (7, 69, 'M', 1302, 1303, 1302);
INSERT INTO Positions (posId, pelvic, suprapubic) VALUES (1304, true, true);
INSERT INTO Positions (posId, lower_back) VALUES (1305, true);
INSERT INTO Pain (pid, positionId, referred_pain_position, dysuria, dysparenunia, four_hours, eight_hours, one_day, two_days) VALUES (1304, 1304, 1305, true, true, true, true, true, true);
INSERT INTO Symptoms (sxId, polyuria, cloudy_urine, smelly_urine, sense_of_incomplete_bladder_emptying) VALUES (1304, true, true, true, true);
INSERT INTO Symptoms (sxId, fever, hematuria) VALUES (1305, true, true);
INSERT INTO Cases (diagnosisId, age, gender, majorSx, minorSx, painId) VALUES (7, 69, 'M', 1304, 1305, 1304);
INSERT INTO Positions (posId, pelvic, suprapubic) VALUES (1306, true, true);
INSERT INTO Positions (posId, lower_back) VALUES (1307, true);
INSERT INTO Pain (pid, positionId, referred_pain_position, dysuria, dysparenunia, four_hours, eight_hours, one_day, two_days) VALUES (1306, 1306, 1307, true, true, true, true, true, true);
INSERT INTO Symptoms (sxId, polyuria, cloudy_urine, smelly_urine, sense_of_incomplete_bladder_emptying) VALUES (1306, true, true, true, true);
INSERT INTO Symptoms (sxId, fever, hematuria) VALUES (1307, false, true);
INSERT INTO Cases (diagnosisId, age, gender, majorSx, minorSx, painId) VALUES (7, 69, 'M', 1306, 1307, 1306);
INSERT INTO Positions (posId, pelvic, suprapubic) VALUES (1308, true, true);
INSERT INTO Positions (posId, lower_back) VALUES (1309, true);
INSERT INTO Pain (pid, positionId, referred_pain_position, dysuria, dysparenunia, four_hours, eight_hours, one_day, two_days) VALUES (1308, 1308, 1309, true, true, true, true, true, true);
INSERT INTO Symptoms (sxId, polyuria, cloudy_urine, smelly_urine, sense_of_incomplete_bladder_emptying) VALUES (1308, true, true, false, true);
INSERT INTO Symptoms (sxId, fever, hematuria) VALUES (1309, true, true);
INSERT INTO Cases (diagnosisId, age, gender, majorSx, minorSx, painId) VALUES (7, 70, 'F', 1308, 1309, 1308);
INSERT INTO Positions (posId, pelvic, suprapubic) VALUES (1310, true, true);
INSERT INTO Positions (posId, lower_back) VALUES (1311, true);
INSERT INTO Pain (pid, positionId, referred_pain_position, dysuria, dysparenunia, four_hours, eight_hours, one_day, two_days) VALUES (1310, 1310, 1311, true, true, true, true, true, true);
INSERT INTO Symptoms (sxId, polyuria, cloudy_urine, smelly_urine, sense_of_incomplete_bladder_emptying) VALUES (1310, true, true, true, false);
INSERT INTO Symptoms (sxId, fever, hematuria) VALUES (1311, true, true);
INSERT INTO Cases (diagnosisId, age, gender, majorSx, minorSx, painId) VALUES (7, 66, 'F', 1310, 1311, 1310);
INSERT INTO Positions (posId, pelvic, suprapubic) VALUES (1312, true, true);
INSERT INTO Positions (posId, lower_back) VALUES (1313, true);
INSERT INTO Pain (pid, positionId, referred_pain_position, dysuria, dysparenunia, four_hours, eight_hours, one_day, two_days) VALUES (1312, 1312, 1313, true, false, true, true, true, false);
INSERT INTO Symptoms (sxId, polyuria, cloudy_urine, smelly_urine, sense_of_incomplete_bladder_emptying) VALUES (1312, true, true, true, true);
INSERT INTO Symptoms (sxId, fever, hematuria) VALUES (1313, true, true);
INSERT INTO Cases (diagnosisId, age, gender, majorSx, minorSx, painId) VALUES (7, 70, 'F', 1312, 1313, 1312);
INSERT INTO Positions (posId, pelvic, suprapubic) VALUES (1314, true, true);
INSERT INTO Positions (posId, lower_back) VALUES (1315, true);
INSERT INTO Pain (pid, positionId, referred_pain_position, dysuria, dysparenunia, four_hours, eight_hours, one_day, two_days) VALUES (1314, 1314, 1315, false, true, true, true, true, true);
INSERT INTO Symptoms (sxId, polyuria, cloudy_urine, smelly_urine, sense_of_incomplete_bladder_emptying) VALUES (1314, true, true, false, true);
INSERT INTO Symptoms (sxId, fever, hematuria) VALUES (1315, true, true);
INSERT INTO Cases (diagnosisId, age, gender, majorSx, minorSx, painId) VALUES (7, 75, 'F', 1314, 1315, 1314);
INSERT INTO Positions (posId, pelvic, suprapubic) VALUES (1316, true, true);
INSERT INTO Positions (posId, lower_back) VALUES (1317, true);
INSERT INTO Pain (pid, positionId, referred_pain_position, dysuria, dysparenunia, four_hours, eight_hours, one_day, two_days) VALUES (1316, 1316, 1317, true, true, true, true, true, true);
INSERT INTO Symptoms (sxId, polyuria, cloudy_urine, smelly_urine, sense_of_incomplete_bladder_emptying) VALUES (1316, true, true, true, true);
INSERT INTO Symptoms (sxId, fever, hematuria) VALUES (1317, true, false);
INSERT INTO Cases (diagnosisId, age, gender, majorSx, minorSx, painId) VALUES (7, 74, 'F', 1316, 1317, 1316);
INSERT INTO Positions (posId, pelvic, suprapubic) VALUES (1318, true, false);
INSERT INTO Positions (posId, lower_back) VALUES (1319, true);
INSERT INTO Pain (pid, positionId, referred_pain_position, dysuria, dysparenunia, four_hours, eight_hours, one_day, two_days) VALUES (1318, 1318, 1319, true, true, true, true, false, true);
INSERT INTO Symptoms (sxId, polyuria, cloudy_urine, smelly_urine, sense_of_incomplete_bladder_emptying) VALUES (1318, true, true, true, true);
INSERT INTO Symptoms (sxId, fever, hematuria) VALUES (1319, false, true);
INSERT INTO Cases (diagnosisId, age, gender, majorSx, minorSx, painId) VALUES (7, 75, 'F', 1318, 1319, 1318);
INSERT INTO Positions (posId, pelvic, suprapubic) VALUES (1320, false, true);
INSERT INTO Positions (posId, lower_back) VALUES (1321, true);
INSERT INTO Pain (pid, positionId, referred_pain_position, dysuria, dysparenunia, four_hours, eight_hours, one_day, two_days) VALUES (1320, 1320, 1321, true, true, true, true, true, false);
INSERT INTO Symptoms (sxId, polyuria, cloudy_urine, smelly_urine, sense_of_incomplete_bladder_emptying) VALUES (1320, true, true, true, false);
INSERT INTO Symptoms (sxId, fever, hematuria) VALUES (1321, true, true);
INSERT INTO Cases (diagnosisId, age, gender, majorSx, minorSx, painId) VALUES (7, 71, 'F', 1320, 1321, 1320);
INSERT INTO Positions (posId, pelvic, suprapubic) VALUES (1322, true, true);
INSERT INTO Positions (posId, lower_back) VALUES (1323, false);
INSERT INTO Pain (pid, positionId, referred_pain_position, dysuria, dysparenunia, four_hours, eight_hours, one_day, two_days) VALUES (1322, 1322, 1323, true, true, false, true, true, true);
INSERT INTO Symptoms (sxId, polyuria, cloudy_urine, smelly_urine, sense_of_incomplete_bladder_emptying) VALUES (1322, true, true, true, true);
INSERT INTO Symptoms (sxId, fever, hematuria) VALUES (1323, true, true);
INSERT INTO Cases (diagnosisId, age, gender, majorSx, minorSx, painId) VALUES (7, 73, 'F', 1322, 1323, 1322);
INSERT INTO Positions (posId, pelvic, suprapubic) VALUES (1324, true, true);
INSERT INTO Positions (posId, lower_back) VALUES (1325, true);
INSERT INTO Pain (pid, positionId, referred_pain_position, dysuria, dysparenunia, four_hours, eight_hours, one_day, two_days) VALUES (1324, 1324, 1325, true, false, true, true, true, true);
INSERT INTO Symptoms (sxId, polyuria, cloudy_urine, smelly_urine, sense_of_incomplete_bladder_emptying) VALUES (1324, true, true, true, true);
INSERT INTO Symptoms (sxId, fever, hematuria) VALUES (1325, true, true);
INSERT INTO Cases (diagnosisId, age, gender, majorSx, minorSx, painId) VALUES (7, 72, 'F', 1324, 1325, 1324);
INSERT INTO Positions (posId, pelvic, suprapubic) VALUES (1326, true, true);
INSERT INTO Positions (posId, lower_back) VALUES (1327, true);
INSERT INTO Pain (pid, positionId, referred_pain_position, dysuria, dysparenunia, four_hours, eight_hours, one_day, two_days) VALUES (1326, 1326, 1327, true, true, true, true, true, true);
INSERT INTO Symptoms (sxId, polyuria, cloudy_urine, smelly_urine, sense_of_incomplete_bladder_emptying) VALUES (1326, true, true, true, true);
INSERT INTO Symptoms (sxId, fever, hematuria) VALUES (1327, true, true);
INSERT INTO Cases (diagnosisId, age, gender, majorSx, minorSx, painId) VALUES (7, 74, 'M', 1326, 1327, 1326);
INSERT INTO Positions (posId, pelvic, suprapubic) VALUES (1328, true, false);
INSERT INTO Positions (posId, lower_back) VALUES (1329, true);
INSERT INTO Pain (pid, positionId, referred_pain_position, dysuria, dysparenunia, four_hours, eight_hours, one_day, two_days) VALUES (1328, 1328, 1329, true, true, true, true, true, false);
INSERT INTO Symptoms (sxId, polyuria, cloudy_urine, smelly_urine, sense_of_incomplete_bladder_emptying) VALUES (1328, true, true, true, true);
INSERT INTO Symptoms (sxId, fever, hematuria) VALUES (1329, true, true);
INSERT INTO Cases (diagnosisId, age, gender, majorSx, minorSx, painId) VALUES (7, 72, 'F', 1328, 1329, 1328);
INSERT INTO Positions (posId, pelvic, suprapubic) VALUES (1330, true, true);
INSERT INTO Positions (posId, lower_back) VALUES (1331, true);
INSERT INTO Pain (pid, positionId, referred_pain_position, dysuria, dysparenunia, four_hours, eight_hours, one_day, two_days) VALUES (1330, 1330, 1331, true, true, true, true, true, true);
INSERT INTO Symptoms (sxId, polyuria, cloudy_urine, smelly_urine, sense_of_incomplete_bladder_emptying) VALUES (1330, true, true, true, true);
INSERT INTO Symptoms (sxId, fever, hematuria) VALUES (1331, false, true);
INSERT INTO Cases (diagnosisId, age, gender, majorSx, minorSx, painId) VALUES (7, 71, 'F', 1330, 1331, 1330);
INSERT INTO Positions (posId, pelvic, suprapubic) VALUES (1332, false, false);
INSERT INTO Positions (posId, lower_back) VALUES (1333, true);
INSERT INTO Pain (pid, positionId, referred_pain_position, dysuria, dysparenunia, four_hours, eight_hours, one_day, two_days) VALUES (1332, 1332, 1333, false, true, false, true, false, true);
INSERT INTO Symptoms (sxId, polyuria, cloudy_urine, smelly_urine, sense_of_incomplete_bladder_emptying) VALUES (1332, true, true, true, true);
INSERT INTO Symptoms (sxId, fever, hematuria) VALUES (1333, true, true);
INSERT INTO Cases (diagnosisId, age, gender, majorSx, minorSx, painId) VALUES (7, 72, 'F', 1332, 1333, 1332);
INSERT INTO Positions (posId, pelvic, suprapubic) VALUES (1334, true, true);
INSERT INTO Positions (posId, lower_back) VALUES (1335, false);
INSERT INTO Pain (pid, positionId, referred_pain_position, dysuria, dysparenunia, four_hours, eight_hours, one_day, two_days) VALUES (1334, 1334, 1335, true, false, true, true, true, true);
INSERT INTO Symptoms (sxId, polyuria, cloudy_urine, smelly_urine, sense_of_incomplete_bladder_emptying) VALUES (1334, true, true, true, true);
INSERT INTO Symptoms (sxId, fever, hematuria) VALUES (1335, true, true);
INSERT INTO Cases (diagnosisId, age, gender, majorSx, minorSx, painId) VALUES (7, 79, 'F', 1334, 1335, 1334);
INSERT INTO Positions (posId, pelvic, suprapubic) VALUES (1336, true, true);
INSERT INTO Positions (posId, lower_back) VALUES (1337, true);
INSERT INTO Pain (pid, positionId, referred_pain_position, dysuria, dysparenunia, four_hours, eight_hours, one_day, two_days) VALUES (1336, 1336, 1337, true, false, false, true, false, true);
INSERT INTO Symptoms (sxId, polyuria, cloudy_urine, smelly_urine, sense_of_incomplete_bladder_emptying) VALUES (1336, true, false, true, true);
INSERT INTO Symptoms (sxId, fever, hematuria) VALUES (1337, true, true);
INSERT INTO Cases (diagnosisId, age, gender, majorSx, minorSx, painId) VALUES (7, 76, 'F', 1336, 1337, 1336);
INSERT INTO Positions (posId, pelvic, suprapubic) VALUES (1338, true, true);
INSERT INTO Positions (posId, lower_back) VALUES (1339, true);
INSERT INTO Pain (pid, positionId, referred_pain_position, dysuria, dysparenunia, four_hours, eight_hours, one_day, two_days) VALUES (1338, 1338, 1339, true, true, true, true, true, true);
INSERT INTO Symptoms (sxId, polyuria, cloudy_urine, smelly_urine, sense_of_incomplete_bladder_emptying) VALUES (1338, true, true, true, true);
INSERT INTO Symptoms (sxId, fever, hematuria) VALUES (1339, true, true);
INSERT INTO Cases (diagnosisId, age, gender, majorSx, minorSx, painId) VALUES (7, 77, 'M', 1338, 1339, 1338);
INSERT INTO Positions (posId, pelvic, suprapubic) VALUES (1340, true, true);
INSERT INTO Positions (posId, lower_back) VALUES (1341, true);
INSERT INTO Pain (pid, positionId, referred_pain_position, dysuria, dysparenunia, four_hours, eight_hours, one_day, two_days) VALUES (1340, 1340, 1341, true, true, true, true, true, true);
INSERT INTO Symptoms (sxId, polyuria, cloudy_urine, smelly_urine, sense_of_incomplete_bladder_emptying) VALUES (1340, true, true, false, false);
INSERT INTO Symptoms (sxId, fever, hematuria) VALUES (1341, true, true);
INSERT INTO Cases (diagnosisId, age, gender, majorSx, minorSx, painId) VALUES (7, 79, 'M', 1340, 1341, 1340);
INSERT INTO Positions (posId, pelvic, suprapubic) VALUES (1342, true, true);
INSERT INTO Positions (posId, lower_back) VALUES (1343, false);
INSERT INTO Pain (pid, positionId, referred_pain_position, dysuria, dysparenunia, four_hours, eight_hours, one_day, two_days) VALUES (1342, 1342, 1343, true, true, true, true, true, true);
INSERT INTO Symptoms (sxId, polyuria, cloudy_urine, smelly_urine, sense_of_incomplete_bladder_emptying) VALUES (1342, true, true, true, true);
INSERT INTO Symptoms (sxId, fever, hematuria) VALUES (1343, true, true);
INSERT INTO Cases (diagnosisId, age, gender, majorSx, minorSx, painId) VALUES (7, 80, 'F', 1342, 1343, 1342);
INSERT INTO Positions (posId, pelvic, suprapubic) VALUES (1344, true, true);
INSERT INTO Positions (posId, lower_back) VALUES (1345, true);
INSERT INTO Pain (pid, positionId, referred_pain_position, dysuria, dysparenunia, four_hours, eight_hours, one_day, two_days) VALUES (1344, 1344, 1345, true, true, true, true, true, true);
INSERT INTO Symptoms (sxId, polyuria, cloudy_urine, smelly_urine, sense_of_incomplete_bladder_emptying) VALUES (1344, true, true, true, true);
INSERT INTO Symptoms (sxId, fever, hematuria) VALUES (1345, true, true);
INSERT INTO Cases (diagnosisId, age, gender, majorSx, minorSx, painId) VALUES (7, 77, 'F', 1344, 1345, 1344);
INSERT INTO Positions (posId, pelvic, suprapubic) VALUES (1346, true, true);
INSERT INTO Positions (posId, lower_back) VALUES (1347, true);
INSERT INTO Pain (pid, positionId, referred_pain_position, dysuria, dysparenunia, four_hours, eight_hours, one_day, two_days) VALUES (1346, 1346, 1347, true, true, true, true, true, true);
INSERT INTO Symptoms (sxId, polyuria, cloudy_urine, smelly_urine, sense_of_incomplete_bladder_emptying) VALUES (1346, true, false, true, true);
INSERT INTO Symptoms (sxId, fever, hematuria) VALUES (1347, true, true);
INSERT INTO Cases (diagnosisId, age, gender, majorSx, minorSx, painId) VALUES (7, 80, 'F', 1346, 1347, 1346);
INSERT INTO Positions (posId, pelvic, suprapubic) VALUES (1348, true, true);
INSERT INTO Positions (posId, lower_back) VALUES (1349, true);
INSERT INTO Pain (pid, positionId, referred_pain_position, dysuria, dysparenunia, four_hours, eight_hours, one_day, two_days) VALUES (1348, 1348, 1349, true, true, true, true, true, false);
INSERT INTO Symptoms (sxId, polyuria, cloudy_urine, smelly_urine, sense_of_incomplete_bladder_emptying) VALUES (1348, false, true, true, true);
INSERT INTO Symptoms (sxId, fever, hematuria) VALUES (1349, true, true);
INSERT INTO Cases (diagnosisId, age, gender, majorSx, minorSx, painId) VALUES (7, 78, 'F', 1348, 1349, 1348);
INSERT INTO Positions (posId, pelvic, suprapubic) VALUES (1350, true, true);
INSERT INTO Positions (posId, lower_back) VALUES (1351, true);
INSERT INTO Pain (pid, positionId, referred_pain_position, dysuria, dysparenunia, four_hours, eight_hours, one_day, two_days) VALUES (1350, 1350, 1351, true, true, true, true, true, true);
INSERT INTO Symptoms (sxId, polyuria, cloudy_urine, smelly_urine, sense_of_incomplete_bladder_emptying) VALUES (1350, true, false, true, true);
INSERT INTO Symptoms (sxId, fever, hematuria) VALUES (1351, true, true);
INSERT INTO Cases (diagnosisId, age, gender, majorSx, minorSx, painId) VALUES (7, 78, 'M', 1350, 1351, 1350);
INSERT INTO Positions (posId, pelvic, suprapubic) VALUES (1352, true, true);
INSERT INTO Positions (posId, lower_back) VALUES (1353, false);
INSERT INTO Pain (pid, positionId, referred_pain_position, dysuria, dysparenunia, four_hours, eight_hours, one_day, two_days) VALUES (1352, 1352, 1353, true, true, true, true, true, true);
INSERT INTO Symptoms (sxId, polyuria, cloudy_urine, smelly_urine, sense_of_incomplete_bladder_emptying) VALUES (1352, true, true, true, true);
INSERT INTO Symptoms (sxId, fever, hematuria) VALUES (1353, true, true);
INSERT INTO Cases (diagnosisId, age, gender, majorSx, minorSx, painId) VALUES (7, 76, 'F', 1352, 1353, 1352);
INSERT INTO Positions (posId, pelvic, suprapubic) VALUES (1354, true, true);
INSERT INTO Positions (posId, lower_back) VALUES (1355, true);
INSERT INTO Pain (pid, positionId, referred_pain_position, dysuria, dysparenunia, four_hours, eight_hours, one_day, two_days) VALUES (1354, 1354, 1355, true, true, true, true, true, true);
INSERT INTO Symptoms (sxId, polyuria, cloudy_urine, smelly_urine, sense_of_incomplete_bladder_emptying) VALUES (1354, false, true, true, true);
INSERT INTO Symptoms (sxId, fever, hematuria) VALUES (1355, true, true);
INSERT INTO Cases (diagnosisId, age, gender, majorSx, minorSx, painId) VALUES (7, 81, 'F', 1354, 1355, 1354);
INSERT INTO Positions (posId, pelvic, suprapubic) VALUES (1356, true, true);
INSERT INTO Positions (posId, lower_back) VALUES (1357, true);
INSERT INTO Pain (pid, positionId, referred_pain_position, dysuria, dysparenunia, four_hours, eight_hours, one_day, two_days) VALUES (1356, 1356, 1357, true, true, true, true, true, true);
INSERT INTO Symptoms (sxId, polyuria, cloudy_urine, smelly_urine, sense_of_incomplete_bladder_emptying) VALUES (1356, true, true, true, true);
INSERT INTO Symptoms (sxId, fever, hematuria) VALUES (1357, true, true);
INSERT INTO Cases (diagnosisId, age, gender, majorSx, minorSx, painId) VALUES (7, 83, 'M', 1356, 1357, 1356);
INSERT INTO Positions (posId, pelvic, suprapubic) VALUES (1358, true, true);
INSERT INTO Positions (posId, lower_back) VALUES (1359, true);
INSERT INTO Pain (pid, positionId, referred_pain_position, dysuria, dysparenunia, four_hours, eight_hours, one_day, two_days) VALUES (1358, 1358, 1359, true, true, true, true, true, true);
INSERT INTO Symptoms (sxId, polyuria, cloudy_urine, smelly_urine, sense_of_incomplete_bladder_emptying) VALUES (1358, true, true, false, true);
INSERT INTO Symptoms (sxId, fever, hematuria) VALUES (1359, true, true);
INSERT INTO Cases (diagnosisId, age, gender, majorSx, minorSx, painId) VALUES (7, 82, 'F', 1358, 1359, 1358);
INSERT INTO Positions (posId, pelvic, suprapubic) VALUES (1360, false, false);
INSERT INTO Positions (posId, lower_back) VALUES (1361, true);
INSERT INTO Pain (pid, positionId, referred_pain_position, dysuria, dysparenunia, four_hours, eight_hours, one_day, two_days) VALUES (1360, 1360, 1361, true, true, true, true, true, true);
INSERT INTO Symptoms (sxId, polyuria, cloudy_urine, smelly_urine, sense_of_incomplete_bladder_emptying) VALUES (1360, true, true, true, true);
INSERT INTO Symptoms (sxId, fever, hematuria) VALUES (1361, true, true);
INSERT INTO Cases (diagnosisId, age, gender, majorSx, minorSx, painId) VALUES (7, 84, 'F', 1360, 1361, 1360);
INSERT INTO Positions (posId, pelvic, suprapubic) VALUES (1362, true, true);
INSERT INTO Positions (posId, lower_back) VALUES (1363, true);
INSERT INTO Pain (pid, positionId, referred_pain_position, dysuria, dysparenunia, four_hours, eight_hours, one_day, two_days) VALUES (1362, 1362, 1363, true, true, true, true, true, true);
INSERT INTO Symptoms (sxId, polyuria, cloudy_urine, smelly_urine, sense_of_incomplete_bladder_emptying) VALUES (1362, true, true, true, true);
INSERT INTO Symptoms (sxId, fever, hematuria) VALUES (1363, false, true);
INSERT INTO Cases (diagnosisId, age, gender, majorSx, minorSx, painId) VALUES (7, 82, 'F', 1362, 1363, 1362);
INSERT INTO Positions (posId, pelvic, suprapubic) VALUES (1364, true, true);
INSERT INTO Positions (posId, lower_back) VALUES (1365, true);
INSERT INTO Pain (pid, positionId, referred_pain_position, dysuria, dysparenunia, four_hours, eight_hours, one_day, two_days) VALUES (1364, 1364, 1365, true, true, true, true, true, true);
INSERT INTO Symptoms (sxId, polyuria, cloudy_urine, smelly_urine, sense_of_incomplete_bladder_emptying) VALUES (1364, true, true, false, true);
INSERT INTO Symptoms (sxId, fever, hematuria) VALUES (1365, true, true);
INSERT INTO Cases (diagnosisId, age, gender, majorSx, minorSx, painId) VALUES (7, 81, 'M', 1364, 1365, 1364);
INSERT INTO Positions (posId, pelvic, suprapubic) VALUES (1366, true, true);
INSERT INTO Positions (posId, lower_back) VALUES (1367, true);
INSERT INTO Pain (pid, positionId, referred_pain_position, dysuria, dysparenunia, four_hours, eight_hours, one_day, two_days) VALUES (1366, 1366, 1367, true, false, true, false, true, true);
INSERT INTO Symptoms (sxId, polyuria, cloudy_urine, smelly_urine, sense_of_incomplete_bladder_emptying) VALUES (1366, true, true, true, true);
INSERT INTO Symptoms (sxId, fever, hematuria) VALUES (1367, true, true);
INSERT INTO Cases (diagnosisId, age, gender, majorSx, minorSx, painId) VALUES (7, 82, 'F', 1366, 1367, 1366);
INSERT INTO Positions (posId, pelvic, suprapubic) VALUES (1368, true, true);
INSERT INTO Positions (posId, lower_back) VALUES (1369, true);
INSERT INTO Pain (pid, positionId, referred_pain_position, dysuria, dysparenunia, four_hours, eight_hours, one_day, two_days) VALUES (1368, 1368, 1369, true, true, true, true, true, false);
INSERT INTO Symptoms (sxId, polyuria, cloudy_urine, smelly_urine, sense_of_incomplete_bladder_emptying) VALUES (1368, false, true, false, true);
INSERT INTO Symptoms (sxId, fever, hematuria) VALUES (1369, true, true);
INSERT INTO Cases (diagnosisId, age, gender, majorSx, minorSx, painId) VALUES (7, 84, 'M', 1368, 1369, 1368);
INSERT INTO Positions (posId, pelvic, suprapubic) VALUES (1370, true, true);
INSERT INTO Positions (posId, lower_back) VALUES (1371, true);
INSERT INTO Pain (pid, positionId, referred_pain_position, dysuria, dysparenunia, four_hours, eight_hours, one_day, two_days) VALUES (1370, 1370, 1371, false, true, true, false, true, true);
INSERT INTO Symptoms (sxId, polyuria, cloudy_urine, smelly_urine, sense_of_incomplete_bladder_emptying) VALUES (1370, true, true, true, true);
INSERT INTO Symptoms (sxId, fever, hematuria) VALUES (1371, true, true);
INSERT INTO Cases (diagnosisId, age, gender, majorSx, minorSx, painId) VALUES (7, 83, 'F', 1370, 1371, 1370);
INSERT INTO Positions (posId, pelvic, suprapubic) VALUES (1372, true, true);
INSERT INTO Positions (posId, lower_back) VALUES (1373, true);
INSERT INTO Pain (pid, positionId, referred_pain_position, dysuria, dysparenunia, four_hours, eight_hours, one_day, two_days) VALUES (1372, 1372, 1373, true, true, true, true, true, true);
INSERT INTO Symptoms (sxId, polyuria, cloudy_urine, smelly_urine, sense_of_incomplete_bladder_emptying) VALUES (1372, true, true, true, true);
INSERT INTO Symptoms (sxId, fever, hematuria) VALUES (1373, true, true);
INSERT INTO Cases (diagnosisId, age, gender, majorSx, minorSx, painId) VALUES (7, 83, 'F', 1372, 1373, 1372);
INSERT INTO Positions (posId, pelvic, suprapubic) VALUES (1374, true, true);
INSERT INTO Positions (posId, lower_back) VALUES (1375, true);
INSERT INTO Pain (pid, positionId, referred_pain_position, dysuria, dysparenunia, four_hours, eight_hours, one_day, two_days) VALUES (1374, 1374, 1375, true, true, true, true, true, false);
INSERT INTO Symptoms (sxId, polyuria, cloudy_urine, smelly_urine, sense_of_incomplete_bladder_emptying) VALUES (1374, true, true, true, false);
INSERT INTO Symptoms (sxId, fever, hematuria) VALUES (1375, true, true);
INSERT INTO Cases (diagnosisId, age, gender, majorSx, minorSx, painId) VALUES (7, 89, 'F', 1374, 1375, 1374);
INSERT INTO Positions (posId, pelvic, suprapubic) VALUES (1376, true, true);
INSERT INTO Positions (posId, lower_back) VALUES (1377, true);
INSERT INTO Pain (pid, positionId, referred_pain_position, dysuria, dysparenunia, four_hours, eight_hours, one_day, two_days) VALUES (1376, 1376, 1377, true, true, true, true, true, true);
INSERT INTO Symptoms (sxId, polyuria, cloudy_urine, smelly_urine, sense_of_incomplete_bladder_emptying) VALUES (1376, true, true, false, true);
INSERT INTO Symptoms (sxId, fever, hematuria) VALUES (1377, true, true);
INSERT INTO Cases (diagnosisId, age, gender, majorSx, minorSx, painId) VALUES (7, 86, 'F', 1376, 1377, 1376);
INSERT INTO Positions (posId, pelvic, suprapubic) VALUES (1378, true, true);
INSERT INTO Positions (posId, lower_back) VALUES (1379, true);
INSERT INTO Pain (pid, positionId, referred_pain_position, dysuria, dysparenunia, four_hours, eight_hours, one_day, two_days) VALUES (1378, 1378, 1379, true, true, true, true, true, true);
INSERT INTO Symptoms (sxId, polyuria, cloudy_urine, smelly_urine, sense_of_incomplete_bladder_emptying) VALUES (1378, true, true, true, true);
INSERT INTO Symptoms (sxId, fever, hematuria) VALUES (1379, false, true);
INSERT INTO Cases (diagnosisId, age, gender, majorSx, minorSx, painId) VALUES (7, 90, 'F', 1378, 1379, 1378);
INSERT INTO Positions (posId, pelvic, suprapubic) VALUES (1380, true, true);
INSERT INTO Positions (posId, lower_back) VALUES (1381, true);
INSERT INTO Pain (pid, positionId, referred_pain_position, dysuria, dysparenunia, four_hours, eight_hours, one_day, two_days) VALUES (1380, 1380, 1381, true, true, true, true, true, true);
INSERT INTO Symptoms (sxId, polyuria, cloudy_urine, smelly_urine, sense_of_incomplete_bladder_emptying) VALUES (1380, true, true, true, true);
INSERT INTO Symptoms (sxId, fever, hematuria) VALUES (1381, true, true);
INSERT INTO Cases (diagnosisId, age, gender, majorSx, minorSx, painId) VALUES (7, 87, 'M', 1380, 1381, 1380);
INSERT INTO Positions (posId, pelvic, suprapubic) VALUES (1382, true, true);
INSERT INTO Positions (posId, lower_back) VALUES (1383, true);
INSERT INTO Pain (pid, positionId, referred_pain_position, dysuria, dysparenunia, four_hours, eight_hours, one_day, two_days) VALUES (1382, 1382, 1383, true, true, true, true, true, true);
INSERT INTO Symptoms (sxId, polyuria, cloudy_urine, smelly_urine, sense_of_incomplete_bladder_emptying) VALUES (1382, true, true, true, true);
INSERT INTO Symptoms (sxId, fever, hematuria) VALUES (1383, true, true);
INSERT INTO Cases (diagnosisId, age, gender, majorSx, minorSx, painId) VALUES (7, 88, 'M', 1382, 1383, 1382);
INSERT INTO Positions (posId, pelvic, suprapubic) VALUES (1384, true, true);
INSERT INTO Positions (posId, lower_back) VALUES (1385, true);
INSERT INTO Pain (pid, positionId, referred_pain_position, dysuria, dysparenunia, four_hours, eight_hours, one_day, two_days) VALUES (1384, 1384, 1385, true, true, true, true, true, true);
INSERT INTO Symptoms (sxId, polyuria, cloudy_urine, smelly_urine, sense_of_incomplete_bladder_emptying) VALUES (1384, true, true, true, true);
INSERT INTO Symptoms (sxId, fever, hematuria) VALUES (1385, true, true);
INSERT INTO Cases (diagnosisId, age, gender, majorSx, minorSx, painId) VALUES (7, 86, 'M', 1384, 1385, 1384);
INSERT INTO Positions (posId, pelvic, suprapubic) VALUES (1386, true, true);
INSERT INTO Positions (posId, lower_back) VALUES (1387, false);
INSERT INTO Pain (pid, positionId, referred_pain_position, dysuria, dysparenunia, four_hours, eight_hours, one_day, two_days) VALUES (1386, 1386, 1387, true, true, true, true, true, true);
INSERT INTO Symptoms (sxId, polyuria, cloudy_urine, smelly_urine, sense_of_incomplete_bladder_emptying) VALUES (1386, true, true, true, true);
INSERT INTO Symptoms (sxId, fever, hematuria) VALUES (1387, true, true);
INSERT INTO Cases (diagnosisId, age, gender, majorSx, minorSx, painId) VALUES (7, 92, 'F', 1386, 1387, 1386);
INSERT INTO Positions (posId, pelvic, suprapubic) VALUES (1388, true, true);
INSERT INTO Positions (posId, lower_back) VALUES (1389, true);
INSERT INTO Pain (pid, positionId, referred_pain_position, dysuria, dysparenunia, four_hours, eight_hours, one_day, two_days) VALUES (1388, 1388, 1389, true, true, true, true, true, true);
INSERT INTO Symptoms (sxId, polyuria, cloudy_urine, smelly_urine, sense_of_incomplete_bladder_emptying) VALUES (1388, true, false, true, true);
INSERT INTO Symptoms (sxId, fever, hematuria) VALUES (1389, true, true);
INSERT INTO Cases (diagnosisId, age, gender, majorSx, minorSx, painId) VALUES (7, 91, 'M', 1388, 1389, 1388);
INSERT INTO Positions (posId, pelvic, suprapubic) VALUES (1390, true, true);
INSERT INTO Positions (posId, lower_back) VALUES (1391, true);
INSERT INTO Pain (pid, positionId, referred_pain_position, dysuria, dysparenunia, four_hours, eight_hours, one_day, two_days) VALUES (1390, 1390, 1391, true, false, true, true, true, true);
INSERT INTO Symptoms (sxId, polyuria, cloudy_urine, smelly_urine, sense_of_incomplete_bladder_emptying) VALUES (1390, false, true, true, true);
INSERT INTO Symptoms (sxId, fever, hematuria) VALUES (1391, true, true);
INSERT INTO Cases (diagnosisId, age, gender, majorSx, minorSx, painId) VALUES (7, 91, 'F', 1390, 1391, 1390);
INSERT INTO Positions (posId, pelvic, suprapubic) VALUES (1392, true, true);
INSERT INTO Positions (posId, lower_back) VALUES (1393, true);
INSERT INTO Pain (pid, positionId, referred_pain_position, dysuria, dysparenunia, four_hours, eight_hours, one_day, two_days) VALUES (1392, 1392, 1393, true, true, true, true, true, true);
INSERT INTO Symptoms (sxId, polyuria, cloudy_urine, smelly_urine, sense_of_incomplete_bladder_emptying) VALUES (1392, true, true, true, true);
INSERT INTO Symptoms (sxId, fever, hematuria) VALUES (1393, true, true);
INSERT INTO Cases (diagnosisId, age, gender, majorSx, minorSx, painId) VALUES (7, 95, 'F', 1392, 1393, 1392);
INSERT INTO Positions (posId, pelvic, suprapubic) VALUES (1394, true, true);
INSERT INTO Positions (posId, lower_back) VALUES (1395, true);
INSERT INTO Pain (pid, positionId, referred_pain_position, dysuria, dysparenunia, four_hours, eight_hours, one_day, two_days) VALUES (1394, 1394, 1395, true, true, true, true, true, true);
INSERT INTO Symptoms (sxId, polyuria, cloudy_urine, smelly_urine, sense_of_incomplete_bladder_emptying) VALUES (1394, false, true, true, true);
INSERT INTO Symptoms (sxId, fever, hematuria) VALUES (1395, true, true);
INSERT INTO Cases (diagnosisId, age, gender, majorSx, minorSx, painId) VALUES (7, 100, 'F', 1394, 1395, 1394);
INSERT INTO Positions (posId, pelvic, suprapubic) VALUES (1396, true, true);
INSERT INTO Positions (posId, lower_back) VALUES (1397, true);
INSERT INTO Pain (pid, positionId, referred_pain_position, dysuria, dysparenunia, four_hours, eight_hours, one_day, two_days) VALUES (1396, 1396, 1397, false, true, true, true, true, true);
INSERT INTO Symptoms (sxId, polyuria, cloudy_urine, smelly_urine, sense_of_incomplete_bladder_emptying) VALUES (1396, true, true, true, true);
INSERT INTO Symptoms (sxId, fever, hematuria) VALUES (1397, true, true);
INSERT INTO Cases (diagnosisId, age, gender, majorSx, minorSx, painId) VALUES (7, 99, 'F', 1396, 1397, 1396);
INSERT INTO Positions (posId, pelvic, suprapubic) VALUES (1398, true, true);
INSERT INTO Positions (posId, lower_back) VALUES (1399, true);
INSERT INTO Pain (pid, positionId, referred_pain_position, dysuria, dysparenunia, four_hours, eight_hours, one_day, two_days) VALUES (1398, 1398, 1399, true, false, true, true, true, true);
INSERT INTO Symptoms (sxId, polyuria, cloudy_urine, smelly_urine, sense_of_incomplete_bladder_emptying) VALUES (1398, true, false, true, true);
INSERT INTO Symptoms (sxId, fever, hematuria) VALUES (1399, true, true);
INSERT INTO Cases (diagnosisId, age, gender, majorSx, minorSx, painId) VALUES (7, 96, 'F', 1398, 1399, 1398);
INSERT INTO Positions (posId, pelvic, suprapubic) VALUES (1400, true, true);
INSERT INTO Positions (posId, lower_back) VALUES (1401, true);
INSERT INTO Pain (pid, positionId, referred_pain_position, dysuria, dysparenunia, four_hours, eight_hours, one_day, two_days) VALUES (1400, 1400, 1401, true, true, true, true, true, false);
INSERT INTO Symptoms (sxId, polyuria, cloudy_urine, smelly_urine, sense_of_incomplete_bladder_emptying) VALUES (1400, true, true, true, false);
INSERT INTO Symptoms (sxId, fever, hematuria) VALUES (1401, true, false);
INSERT INTO Cases (diagnosisId, age, gender, majorSx, minorSx, painId) VALUES (7, 104, 'M', 1400, 1401, 1400);
Insert INTO Diagnosis (dId, dname) Values (8, 'nephrolithisis');
INSERT INTO Positions (posId, left_costovertebral, right_costovertebral, left_flank, right_flank, pelvic, suprapubic) VALUES (1402, true, false, false, true, true, true);
INSERT INTO Positions (posId, left_groin, right_groin, testicular) VALUES (1403, true, true, true);
INSERT INTO Pain (pid, positionId, referred_pain_position, dysuria, sharp, colicky, four_hours, eight_hours, one_day, two_days, one_week) VALUES (1402, 1402, 1403, true, false, false, true, false, true, true, true);
INSERT INTO Symptoms (sxId, nausea, hematuria) VALUES (1402, true, false);
INSERT INTO Symptoms (sxId, polyuria, diaphoresis, vomiting) VALUES (1403, true, true, true);
INSERT INTO Cases (diagnosisId, age, gender, majorSx, minorSx, painId) VALUES (8, 17, 'M', 1402, 1403, 1402);
INSERT INTO Positions (posId, left_costovertebral, right_costovertebral, left_flank, right_flank, pelvic, suprapubic) VALUES (1404, true, true, true, true, true, true);
INSERT INTO Positions (posId, left_groin, right_groin, testicular) VALUES (1405, false, true, true);
INSERT INTO Pain (pid, positionId, referred_pain_position, dysuria, sharp, colicky, four_hours, eight_hours, one_day, two_days, one_week) VALUES (1404, 1404, 1405, false, true, true, true, true, true, true, true);
INSERT INTO Symptoms (sxId, nausea, hematuria) VALUES (1404, true, true);
INSERT INTO Symptoms (sxId, polyuria, diaphoresis, vomiting) VALUES (1405, true, true, true);
INSERT INTO Cases (diagnosisId, age, gender, majorSx, minorSx, painId) VALUES (8, 20, 'M', 1404, 1405, 1404);
INSERT INTO Positions (posId, left_costovertebral, right_costovertebral, left_flank, right_flank, pelvic, suprapubic) VALUES (1406, true, true, true, true, true, true);
INSERT INTO Positions (posId, left_groin, right_groin, testicular) VALUES (1407, true, true, true);
INSERT INTO Pain (pid, positionId, referred_pain_position, dysuria, sharp, colicky, four_hours, eight_hours, one_day, two_days, one_week) VALUES (1406, 1406, 1407, true, false, true, true, true, false, true, true);
INSERT INTO Symptoms (sxId, nausea, hematuria) VALUES (1406, true, true);
INSERT INTO Symptoms (sxId, polyuria, diaphoresis, vomiting) VALUES (1407, false, false, true);
INSERT INTO Cases (diagnosisId, age, gender, majorSx, minorSx, painId) VALUES (8, 16, 'M', 1406, 1407, 1406);
INSERT INTO Positions (posId, left_costovertebral, right_costovertebral, left_flank, right_flank, pelvic, suprapubic) VALUES (1408, true, true, false, true, true, true);
INSERT INTO Positions (posId, left_groin, right_groin, testicular) VALUES (1409, true, true, true);
INSERT INTO Pain (pid, positionId, referred_pain_position, dysuria, sharp, colicky, four_hours, eight_hours, one_day, two_days, one_week) VALUES (1408, 1408, 1409, true, true, true, true, true, true, true, true);
INSERT INTO Symptoms (sxId, nausea, hematuria) VALUES (1408, true, true);
INSERT INTO Symptoms (sxId, polyuria, diaphoresis, vomiting) VALUES (1409, true, true, true);
INSERT INTO Cases (diagnosisId, age, gender, majorSx, minorSx, painId) VALUES (8, 20, 'M', 1408, 1409, 1408);
INSERT INTO Positions (posId, left_costovertebral, right_costovertebral, left_flank, right_flank, pelvic, suprapubic) VALUES (1410, true, true, true, false, true, true);
INSERT INTO Positions (posId, left_groin, right_groin, testicular) VALUES (1411, true, true, true);
INSERT INTO Pain (pid, positionId, referred_pain_position, dysuria, sharp, colicky, four_hours, eight_hours, one_day, two_days, one_week) VALUES (1410, 1410, 1411, true, true, true, true, true, true, true, true);
INSERT INTO Symptoms (sxId, nausea, hematuria) VALUES (1410, true, true);
INSERT INTO Symptoms (sxId, polyuria, diaphoresis, vomiting) VALUES (1411, true, true, true);
INSERT INTO Cases (diagnosisId, age, gender, majorSx, minorSx, painId) VALUES (8, 19, 'F', 1410, 1411, 1410);
INSERT INTO Positions (posId, left_costovertebral, right_costovertebral, left_flank, right_flank, pelvic, suprapubic) VALUES (1412, true, true, true, true, false, true);
INSERT INTO Positions (posId, left_groin, right_groin, testicular) VALUES (1413, true, true, false);
INSERT INTO Pain (pid, positionId, referred_pain_position, dysuria, sharp, colicky, four_hours, eight_hours, one_day, two_days, one_week) VALUES (1412, 1412, 1413, true, true, true, true, true, true, true, true);
INSERT INTO Symptoms (sxId, nausea, hematuria) VALUES (1412, true, false);
INSERT INTO Symptoms (sxId, polyuria, diaphoresis, vomiting) VALUES (1413, false, false, true);
INSERT INTO Cases (diagnosisId, age, gender, majorSx, minorSx, painId) VALUES (8, 22, 'F', 1412, 1413, 1412);
INSERT INTO Positions (posId, left_costovertebral, right_costovertebral, left_flank, right_flank, pelvic, suprapubic) VALUES (1414, true, true, true, true, true, true);
INSERT INTO Positions (posId, left_groin, right_groin, testicular) VALUES (1415, true, false, true);
INSERT INTO Pain (pid, positionId, referred_pain_position, dysuria, sharp, colicky, four_hours, eight_hours, one_day, two_days, one_week) VALUES (1414, 1414, 1415, true, true, true, true, true, true, true, true);
INSERT INTO Symptoms (sxId, nausea, hematuria) VALUES (1414, true, true);
INSERT INTO Symptoms (sxId, polyuria, diaphoresis, vomiting) VALUES (1415, true, true, true);
INSERT INTO Cases (diagnosisId, age, gender, majorSx, minorSx, painId) VALUES (8, 21, 'F', 1414, 1415, 1414);
INSERT INTO Positions (posId, left_costovertebral, right_costovertebral, left_flank, right_flank, pelvic, suprapubic) VALUES (1416, true, true, true, true, true, true);
INSERT INTO Positions (posId, left_groin, right_groin, testicular) VALUES (1417, true, true, true);
INSERT INTO Pain (pid, positionId, referred_pain_position, dysuria, sharp, colicky, four_hours, eight_hours, one_day, two_days, one_week) VALUES (1416, 1416, 1417, true, true, true, true, true, true, true, true);
INSERT INTO Symptoms (sxId, nausea, hematuria) VALUES (1416, true, true);
INSERT INTO Symptoms (sxId, polyuria, diaphoresis, vomiting) VALUES (1417, true, true, true);
INSERT INTO Cases (diagnosisId, age, gender, majorSx, minorSx, painId) VALUES (8, 23, 'M', 1416, 1417, 1416);
INSERT INTO Positions (posId, left_costovertebral, right_costovertebral, left_flank, right_flank, pelvic, suprapubic) VALUES (1418, true, true, true, true, true, true);
INSERT INTO Positions (posId, left_groin, right_groin, testicular) VALUES (1419, true, true, true);
INSERT INTO Pain (pid, positionId, referred_pain_position, dysuria, sharp, colicky, four_hours, eight_hours, one_day, two_days, one_week) VALUES (1418, 1418, 1419, true, true, true, true, true, true, true, true);
INSERT INTO Symptoms (sxId, nausea, hematuria) VALUES (1418, true, true);
INSERT INTO Symptoms (sxId, polyuria, diaphoresis, vomiting) VALUES (1419, true, true, true);
INSERT INTO Cases (diagnosisId, age, gender, majorSx, minorSx, painId) VALUES (8, 23, 'M', 1418, 1419, 1418);
INSERT INTO Positions (posId, left_costovertebral, right_costovertebral, left_flank, right_flank, pelvic, suprapubic) VALUES (1420, true, true, true, true, true, true);
INSERT INTO Positions (posId, left_groin, right_groin, testicular) VALUES (1421, true, true, true);
INSERT INTO Pain (pid, positionId, referred_pain_position, dysuria, sharp, colicky, four_hours, eight_hours, one_day, two_days, one_week) VALUES (1420, 1420, 1421, false, true, true, true, true, true, true, true);
INSERT INTO Symptoms (sxId, nausea, hematuria) VALUES (1420, true, true);
INSERT INTO Symptoms (sxId, polyuria, diaphoresis, vomiting) VALUES (1421, true, true, true);
INSERT INTO Cases (diagnosisId, age, gender, majorSx, minorSx, painId) VALUES (8, 23, 'F', 1420, 1421, 1420);
INSERT INTO Positions (posId, left_costovertebral, right_costovertebral, left_flank, right_flank, pelvic, suprapubic) VALUES (1422, false, true, false, false, true, false);
INSERT INTO Positions (posId, left_groin, right_groin, testicular) VALUES (1423, true, true, true);
INSERT INTO Pain (pid, positionId, referred_pain_position, dysuria, sharp, colicky, four_hours, eight_hours, one_day, two_days, one_week) VALUES (1422, 1422, 1423, true, true, true, false, true, true, true, true);
INSERT INTO Symptoms (sxId, nausea, hematuria) VALUES (1422, true, false);
INSERT INTO Symptoms (sxId, polyuria, diaphoresis, vomiting) VALUES (1423, true, true, false);
INSERT INTO Cases (diagnosisId, age, gender, majorSx, minorSx, painId) VALUES (8, 23, 'F', 1422, 1423, 1422);
INSERT INTO Positions (posId, left_costovertebral, right_costovertebral, left_flank, right_flank, pelvic, suprapubic) VALUES (1424, true, false, true, true, true, true);
INSERT INTO Positions (posId, left_groin, right_groin, testicular) VALUES (1425, true, false, false);
INSERT INTO Pain (pid, positionId, referred_pain_position, dysuria, sharp, colicky, four_hours, eight_hours, one_day, two_days, one_week) VALUES (1424, 1424, 1425, true, true, true, true, false, false, true, true);
INSERT INTO Symptoms (sxId, nausea, hematuria) VALUES (1424, true, true);
INSERT INTO Symptoms (sxId, polyuria, diaphoresis, vomiting) VALUES (1425, true, true, true);
INSERT INTO Cases (diagnosisId, age, gender, majorSx, minorSx, painId) VALUES (8, 28, 'M', 1424, 1425, 1424);
INSERT INTO Positions (posId, left_costovertebral, right_costovertebral, left_flank, right_flank, pelvic, suprapubic) VALUES (1426, true, true, true, true, true, true);
INSERT INTO Positions (posId, left_groin, right_groin, testicular) VALUES (1427, true, true, true);
INSERT INTO Pain (pid, positionId, referred_pain_position, dysuria, sharp, colicky, four_hours, eight_hours, one_day, two_days, one_week) VALUES (1426, 1426, 1427, true, true, true, true, true, true, false, true);
INSERT INTO Symptoms (sxId, nausea, hematuria) VALUES (1426, true, true);
INSERT INTO Symptoms (sxId, polyuria, diaphoresis, vomiting) VALUES (1427, true, true, true);
INSERT INTO Cases (diagnosisId, age, gender, majorSx, minorSx, painId) VALUES (8, 28, 'F', 1426, 1427, 1426);
INSERT INTO Positions (posId, left_costovertebral, right_costovertebral, left_flank, right_flank, pelvic, suprapubic) VALUES (1428, true, true, true, true, true, true);
INSERT INTO Positions (posId, left_groin, right_groin, testicular) VALUES (1429, true, true, true);
INSERT INTO Pain (pid, positionId, referred_pain_position, dysuria, sharp, colicky, four_hours, eight_hours, one_day, two_days, one_week) VALUES (1428, 1428, 1429, true, true, true, true, true, true, true, false);
INSERT INTO Symptoms (sxId, nausea, hematuria) VALUES (1428, true, true);
INSERT INTO Symptoms (sxId, polyuria, diaphoresis, vomiting) VALUES (1429, true, true, true);
INSERT INTO Cases (diagnosisId, age, gender, majorSx, minorSx, painId) VALUES (8, 27, 'M', 1428, 1429, 1428);
INSERT INTO Positions (posId, left_costovertebral, right_costovertebral, left_flank, right_flank, pelvic, suprapubic) VALUES (1430, true, true, true, true, true, true);
INSERT INTO Positions (posId, left_groin, right_groin, testicular) VALUES (1431, true, true, true);
INSERT INTO Pain (pid, positionId, referred_pain_position, dysuria, sharp, colicky, four_hours, eight_hours, one_day, two_days, one_week) VALUES (1430, 1430, 1431, false, true, true, true, true, true, true, true);
INSERT INTO Symptoms (sxId, nausea, hematuria) VALUES (1430, true, true);
INSERT INTO Symptoms (sxId, polyuria, diaphoresis, vomiting) VALUES (1431, true, false, true);
INSERT INTO Cases (diagnosisId, age, gender, majorSx, minorSx, painId) VALUES (8, 28, 'F', 1430, 1431, 1430);
INSERT INTO Positions (posId, left_costovertebral, right_costovertebral, left_flank, right_flank, pelvic, suprapubic) VALUES (1432, true, true, true, true, true, true);
INSERT INTO Positions (posId, left_groin, right_groin, testicular) VALUES (1433, true, true, true);
INSERT INTO Pain (pid, positionId, referred_pain_position, dysuria, sharp, colicky, four_hours, eight_hours, one_day, two_days, one_week) VALUES (1432, 1432, 1433, true, true, true, false, true, true, true, true);
INSERT INTO Symptoms (sxId, nausea, hematuria) VALUES (1432, true, true);
INSERT INTO Symptoms (sxId, polyuria, diaphoresis, vomiting) VALUES (1433, true, true, true);
INSERT INTO Cases (diagnosisId, age, gender, majorSx, minorSx, painId) VALUES (8, 28, 'M', 1432, 1433, 1432);
INSERT INTO Positions (posId, left_costovertebral, right_costovertebral, left_flank, right_flank, pelvic, suprapubic) VALUES (1434, true, true, true, true, true, true);
INSERT INTO Positions (posId, left_groin, right_groin, testicular) VALUES (1435, true, true, true);
INSERT INTO Pain (pid, positionId, referred_pain_position, dysuria, sharp, colicky, four_hours, eight_hours, one_day, two_days, one_week) VALUES (1434, 1434, 1435, true, true, true, true, true, true, true, true);
INSERT INTO Symptoms (sxId, nausea, hematuria) VALUES (1434, true, true);
INSERT INTO Symptoms (sxId, polyuria, diaphoresis, vomiting) VALUES (1435, true, true, false);
INSERT INTO Cases (diagnosisId, age, gender, majorSx, minorSx, painId) VALUES (8, 29, 'M', 1434, 1435, 1434);
INSERT INTO Positions (posId, left_costovertebral, right_costovertebral, left_flank, right_flank, pelvic, suprapubic) VALUES (1436, true, true, true, true, true, true);
INSERT INTO Positions (posId, left_groin, right_groin, testicular) VALUES (1437, true, true, false);
INSERT INTO Pain (pid, positionId, referred_pain_position, dysuria, sharp, colicky, four_hours, eight_hours, one_day, two_days, one_week) VALUES (1436, 1436, 1437, true, true, true, true, true, true, true, true);
INSERT INTO Symptoms (sxId, nausea, hematuria) VALUES (1436, true, true);
INSERT INTO Symptoms (sxId, polyuria, diaphoresis, vomiting) VALUES (1437, true, true, true);
INSERT INTO Cases (diagnosisId, age, gender, majorSx, minorSx, painId) VALUES (8, 31, 'F', 1436, 1437, 1436);
INSERT INTO Positions (posId, left_costovertebral, right_costovertebral, left_flank, right_flank, pelvic, suprapubic) VALUES (1438, true, true, true, true, true, true);
INSERT INTO Positions (posId, left_groin, right_groin, testicular) VALUES (1439, true, true, true);
INSERT INTO Pain (pid, positionId, referred_pain_position, dysuria, sharp, colicky, four_hours, eight_hours, one_day, two_days, one_week) VALUES (1438, 1438, 1439, true, true, true, true, true, true, true, false);
INSERT INTO Symptoms (sxId, nausea, hematuria) VALUES (1438, true, true);
INSERT INTO Symptoms (sxId, polyuria, diaphoresis, vomiting) VALUES (1439, true, false, false);
INSERT INTO Cases (diagnosisId, age, gender, majorSx, minorSx, painId) VALUES (8, 32, 'M', 1438, 1439, 1438);
INSERT INTO Positions (posId, left_costovertebral, right_costovertebral, left_flank, right_flank, pelvic, suprapubic) VALUES (1440, true, true, true, true, true, true);
INSERT INTO Positions (posId, left_groin, right_groin, testicular) VALUES (1441, true, false, true);
INSERT INTO Pain (pid, positionId, referred_pain_position, dysuria, sharp, colicky, four_hours, eight_hours, one_day, two_days, one_week) VALUES (1440, 1440, 1441, true, true, true, true, true, true, true, true);
INSERT INTO Symptoms (sxId, nausea, hematuria) VALUES (1440, false, true);
INSERT INTO Symptoms (sxId, polyuria, diaphoresis, vomiting) VALUES (1441, true, false, true);
INSERT INTO Cases (diagnosisId, age, gender, majorSx, minorSx, painId) VALUES (8, 33, 'M', 1440, 1441, 1440);
INSERT INTO Positions (posId, left_costovertebral, right_costovertebral, left_flank, right_flank, pelvic, suprapubic) VALUES (1442, true, true, true, true, false, true);
INSERT INTO Positions (posId, left_groin, right_groin, testicular) VALUES (1443, true, true, true);
INSERT INTO Pain (pid, positionId, referred_pain_position, dysuria, sharp, colicky, four_hours, eight_hours, one_day, two_days, one_week) VALUES (1442, 1442, 1443, true, true, true, true, true, true, true, true);
INSERT INTO Symptoms (sxId, nausea, hematuria) VALUES (1442, true, true);
INSERT INTO Symptoms (sxId, polyuria, diaphoresis, vomiting) VALUES (1443, true, true, true);
INSERT INTO Cases (diagnosisId, age, gender, majorSx, minorSx, painId) VALUES (8, 34, 'F', 1442, 1443, 1442);
INSERT INTO Positions (posId, left_costovertebral, right_costovertebral, left_flank, right_flank, pelvic, suprapubic) VALUES (1444, true, true, true, true, true, true);
INSERT INTO Positions (posId, left_groin, right_groin, testicular) VALUES (1445, true, true, true);
INSERT INTO Pain (pid, positionId, referred_pain_position, dysuria, sharp, colicky, four_hours, eight_hours, one_day, two_days, one_week) VALUES (1444, 1444, 1445, true, true, true, true, true, true, true, true);
INSERT INTO Symptoms (sxId, nausea, hematuria) VALUES (1444, true, true);
INSERT INTO Symptoms (sxId, polyuria, diaphoresis, vomiting) VALUES (1445, true, true, true);
INSERT INTO Cases (diagnosisId, age, gender, majorSx, minorSx, painId) VALUES (8, 33, 'F', 1444, 1445, 1444);
INSERT INTO Positions (posId, left_costovertebral, right_costovertebral, left_flank, right_flank, pelvic, suprapubic) VALUES (1446, true, true, true, true, true, true);
INSERT INTO Positions (posId, left_groin, right_groin, testicular) VALUES (1447, true, true, false);
INSERT INTO Pain (pid, positionId, referred_pain_position, dysuria, sharp, colicky, four_hours, eight_hours, one_day, two_days, one_week) VALUES (1446, 1446, 1447, true, true, true, true, true, false, true, true);
INSERT INTO Symptoms (sxId, nausea, hematuria) VALUES (1446, true, true);
INSERT INTO Symptoms (sxId, polyuria, diaphoresis, vomiting) VALUES (1447, true, true, true);
INSERT INTO Cases (diagnosisId, age, gender, majorSx, minorSx, painId) VALUES (8, 32, 'M', 1446, 1447, 1446);
INSERT INTO Positions (posId, left_costovertebral, right_costovertebral, left_flank, right_flank, pelvic, suprapubic) VALUES (1448, true, true, true, true, true, true);
INSERT INTO Positions (posId, left_groin, right_groin, testicular) VALUES (1449, true, true, true);
INSERT INTO Pain (pid, positionId, referred_pain_position, dysuria, sharp, colicky, four_hours, eight_hours, one_day, two_days, one_week) VALUES (1448, 1448, 1449, true, true, true, true, true, false, true, false);
INSERT INTO Symptoms (sxId, nausea, hematuria) VALUES (1448, true, true);
INSERT INTO Symptoms (sxId, polyuria, diaphoresis, vomiting) VALUES (1449, true, true, true);
INSERT INTO Cases (diagnosisId, age, gender, majorSx, minorSx, painId) VALUES (8, 33, 'M', 1448, 1449, 1448);
INSERT INTO Positions (posId, left_costovertebral, right_costovertebral, left_flank, right_flank, pelvic, suprapubic) VALUES (1450, true, true, false, true, false, true);
INSERT INTO Positions (posId, left_groin, right_groin, testicular) VALUES (1451, true, true, true);
INSERT INTO Pain (pid, positionId, referred_pain_position, dysuria, sharp, colicky, four_hours, eight_hours, one_day, two_days, one_week) VALUES (1450, 1450, 1451, true, true, true, true, true, false, true, true);
INSERT INTO Symptoms (sxId, nausea, hematuria) VALUES (1450, true, true);
INSERT INTO Symptoms (sxId, polyuria, diaphoresis, vomiting) VALUES (1451, true, true, true);
INSERT INTO Cases (diagnosisId, age, gender, majorSx, minorSx, painId) VALUES (8, 40, 'M', 1450, 1451, 1450);
INSERT INTO Positions (posId, left_costovertebral, right_costovertebral, left_flank, right_flank, pelvic, suprapubic) VALUES (1452, true, true, false, false, true, true);
INSERT INTO Positions (posId, left_groin, right_groin, testicular) VALUES (1453, true, true, true);
INSERT INTO Pain (pid, positionId, referred_pain_position, dysuria, sharp, colicky, four_hours, eight_hours, one_day, two_days, one_week) VALUES (1452, 1452, 1453, true, true, true, false, true, true, true, true);
INSERT INTO Symptoms (sxId, nausea, hematuria) VALUES (1452, true, false);
INSERT INTO Symptoms (sxId, polyuria, diaphoresis, vomiting) VALUES (1453, true, true, true);
INSERT INTO Cases (diagnosisId, age, gender, majorSx, minorSx, painId) VALUES (8, 38, 'M', 1452, 1453, 1452);
INSERT INTO Positions (posId, left_costovertebral, right_costovertebral, left_flank, right_flank, pelvic, suprapubic) VALUES (1454, true, true, true, true, true, true);
INSERT INTO Positions (posId, left_groin, right_groin, testicular) VALUES (1455, false, true, true);
INSERT INTO Pain (pid, positionId, referred_pain_position, dysuria, sharp, colicky, four_hours, eight_hours, one_day, two_days, one_week) VALUES (1454, 1454, 1455, true, true, true, true, true, true, true, true);
INSERT INTO Symptoms (sxId, nausea, hematuria) VALUES (1454, true, true);
INSERT INTO Symptoms (sxId, polyuria, diaphoresis, vomiting) VALUES (1455, true, true, true);
INSERT INTO Cases (diagnosisId, age, gender, majorSx, minorSx, painId) VALUES (8, 37, 'M', 1454, 1455, 1454);
INSERT INTO Positions (posId, left_costovertebral, right_costovertebral, left_flank, right_flank, pelvic, suprapubic) VALUES (1456, true, true, true, true, true, false);
INSERT INTO Positions (posId, left_groin, right_groin, testicular) VALUES (1457, true, true, true);
INSERT INTO Pain (pid, positionId, referred_pain_position, dysuria, sharp, colicky, four_hours, eight_hours, one_day, two_days, one_week) VALUES (1456, 1456, 1457, true, true, true, true, true, true, true, true);
INSERT INTO Symptoms (sxId, nausea, hematuria) VALUES (1456, true, true);
INSERT INTO Symptoms (sxId, polyuria, diaphoresis, vomiting) VALUES (1457, true, true, true);
INSERT INTO Cases (diagnosisId, age, gender, majorSx, minorSx, painId) VALUES (8, 40, 'M', 1456, 1457, 1456);
INSERT INTO Positions (posId, left_costovertebral, right_costovertebral, left_flank, right_flank, pelvic, suprapubic) VALUES (1458, true, true, true, true, true, true);
INSERT INTO Positions (posId, left_groin, right_groin, testicular) VALUES (1459, true, true, true);
INSERT INTO Pain (pid, positionId, referred_pain_position, dysuria, sharp, colicky, four_hours, eight_hours, one_day, two_days, one_week) VALUES (1458, 1458, 1459, true, true, true, true, true, true, true, true);
INSERT INTO Symptoms (sxId, nausea, hematuria) VALUES (1458, true, true);
INSERT INTO Symptoms (sxId, polyuria, diaphoresis, vomiting) VALUES (1459, true, false, true);
INSERT INTO Cases (diagnosisId, age, gender, majorSx, minorSx, painId) VALUES (8, 39, 'M', 1458, 1459, 1458);
INSERT INTO Positions (posId, left_costovertebral, right_costovertebral, left_flank, right_flank, pelvic, suprapubic) VALUES (1460, true, true, true, true, true, true);
INSERT INTO Positions (posId, left_groin, right_groin, testicular) VALUES (1461, true, true, true);
INSERT INTO Pain (pid, positionId, referred_pain_position, dysuria, sharp, colicky, four_hours, eight_hours, one_day, two_days, one_week) VALUES (1460, 1460, 1461, true, true, false, true, true, true, true, true);
INSERT INTO Symptoms (sxId, nausea, hematuria) VALUES (1460, true, true);
INSERT INTO Symptoms (sxId, polyuria, diaphoresis, vomiting) VALUES (1461, true, true, true);
INSERT INTO Cases (diagnosisId, age, gender, majorSx, minorSx, painId) VALUES (8, 37, 'F', 1460, 1461, 1460);
INSERT INTO Positions (posId, left_costovertebral, right_costovertebral, left_flank, right_flank, pelvic, suprapubic) VALUES (1462, true, true, true, true, false, true);
INSERT INTO Positions (posId, left_groin, right_groin, testicular) VALUES (1463, true, true, true);
INSERT INTO Pain (pid, positionId, referred_pain_position, dysuria, sharp, colicky, four_hours, eight_hours, one_day, two_days, one_week) VALUES (1462, 1462, 1463, true, true, true, true, true, true, true, true);
INSERT INTO Symptoms (sxId, nausea, hematuria) VALUES (1462, false, true);
INSERT INTO Symptoms (sxId, polyuria, diaphoresis, vomiting) VALUES (1463, true, true, true);
INSERT INTO Cases (diagnosisId, age, gender, majorSx, minorSx, painId) VALUES (8, 40, 'F', 1462, 1463, 1462);
INSERT INTO Positions (posId, left_costovertebral, right_costovertebral, left_flank, right_flank, pelvic, suprapubic) VALUES (1464, true, true, true, true, true, true);
INSERT INTO Positions (posId, left_groin, right_groin, testicular) VALUES (1465, true, true, true);
INSERT INTO Pain (pid, positionId, referred_pain_position, dysuria, sharp, colicky, four_hours, eight_hours, one_day, two_days, one_week) VALUES (1464, 1464, 1465, true, false, true, true, false, true, true, false);
INSERT INTO Symptoms (sxId, nausea, hematuria) VALUES (1464, true, false);
INSERT INTO Symptoms (sxId, polyuria, diaphoresis, vomiting) VALUES (1465, true, true, true);
INSERT INTO Cases (diagnosisId, age, gender, majorSx, minorSx, painId) VALUES (8, 43, 'M', 1464, 1465, 1464);
INSERT INTO Positions (posId, left_costovertebral, right_costovertebral, left_flank, right_flank, pelvic, suprapubic) VALUES (1466, true, true, true, true, true, true);
INSERT INTO Positions (posId, left_groin, right_groin, testicular) VALUES (1467, true, true, true);
INSERT INTO Pain (pid, positionId, referred_pain_position, dysuria, sharp, colicky, four_hours, eight_hours, one_day, two_days, one_week) VALUES (1466, 1466, 1467, true, true, true, true, true, true, true, true);
INSERT INTO Symptoms (sxId, nausea, hematuria) VALUES (1466, true, true);
INSERT INTO Symptoms (sxId, polyuria, diaphoresis, vomiting) VALUES (1467, true, true, true);
INSERT INTO Cases (diagnosisId, age, gender, majorSx, minorSx, painId) VALUES (8, 41, 'M', 1466, 1467, 1466);
INSERT INTO Positions (posId, left_costovertebral, right_costovertebral, left_flank, right_flank, pelvic, suprapubic) VALUES (1468, false, true, true, true, true, true);
INSERT INTO Positions (posId, left_groin, right_groin, testicular) VALUES (1469, true, true, true);
INSERT INTO Pain (pid, positionId, referred_pain_position, dysuria, sharp, colicky, four_hours, eight_hours, one_day, two_days, one_week) VALUES (1468, 1468, 1469, true, false, true, true, true, true, true, true);
INSERT INTO Symptoms (sxId, nausea, hematuria) VALUES (1468, true, true);
INSERT INTO Symptoms (sxId, polyuria, diaphoresis, vomiting) VALUES (1469, true, true, true);
INSERT INTO Cases (diagnosisId, age, gender, majorSx, minorSx, painId) VALUES (8, 42, 'M', 1468, 1469, 1468);
INSERT INTO Positions (posId, left_costovertebral, right_costovertebral, left_flank, right_flank, pelvic, suprapubic) VALUES (1470, true, true, true, true, false, true);
INSERT INTO Positions (posId, left_groin, right_groin, testicular) VALUES (1471, true, true, false);
INSERT INTO Pain (pid, positionId, referred_pain_position, dysuria, sharp, colicky, four_hours, eight_hours, one_day, two_days, one_week) VALUES (1470, 1470, 1471, true, true, true, true, true, false, true, true);
INSERT INTO Symptoms (sxId, nausea, hematuria) VALUES (1470, true, true);
INSERT INTO Symptoms (sxId, polyuria, diaphoresis, vomiting) VALUES (1471, true, true, true);
INSERT INTO Cases (diagnosisId, age, gender, majorSx, minorSx, painId) VALUES (8, 43, 'F', 1470, 1471, 1470);
INSERT INTO Positions (posId, left_costovertebral, right_costovertebral, left_flank, right_flank, pelvic, suprapubic) VALUES (1472, true, true, true, false, true, true);
INSERT INTO Positions (posId, left_groin, right_groin, testicular) VALUES (1473, false, true, true);
INSERT INTO Pain (pid, positionId, referred_pain_position, dysuria, sharp, colicky, four_hours, eight_hours, one_day, two_days, one_week) VALUES (1472, 1472, 1473, true, true, true, true, true, true, true, true);
INSERT INTO Symptoms (sxId, nausea, hematuria) VALUES (1472, true, true);
INSERT INTO Symptoms (sxId, polyuria, diaphoresis, vomiting) VALUES (1473, true, true, true);
INSERT INTO Cases (diagnosisId, age, gender, majorSx, minorSx, painId) VALUES (8, 43, 'M', 1472, 1473, 1472);
INSERT INTO Positions (posId, left_costovertebral, right_costovertebral, left_flank, right_flank, pelvic, suprapubic) VALUES (1474, true, true, true, true, true, true);
INSERT INTO Positions (posId, left_groin, right_groin, testicular) VALUES (1475, false, true, true);
INSERT INTO Pain (pid, positionId, referred_pain_position, dysuria, sharp, colicky, four_hours, eight_hours, one_day, two_days, one_week) VALUES (1474, 1474, 1475, true, true, true, true, true, true, true, true);
INSERT INTO Symptoms (sxId, nausea, hematuria) VALUES (1474, true, true);
INSERT INTO Symptoms (sxId, polyuria, diaphoresis, vomiting) VALUES (1475, true, true, true);
INSERT INTO Cases (diagnosisId, age, gender, majorSx, minorSx, painId) VALUES (8, 44, 'M', 1474, 1475, 1474);
INSERT INTO Positions (posId, left_costovertebral, right_costovertebral, left_flank, right_flank, pelvic, suprapubic) VALUES (1476, true, true, true, true, true, false);
INSERT INTO Positions (posId, left_groin, right_groin, testicular) VALUES (1477, false, true, true);
INSERT INTO Pain (pid, positionId, referred_pain_position, dysuria, sharp, colicky, four_hours, eight_hours, one_day, two_days, one_week) VALUES (1476, 1476, 1477, true, true, true, true, true, false, true, true);
INSERT INTO Symptoms (sxId, nausea, hematuria) VALUES (1476, false, false);
INSERT INTO Symptoms (sxId, polyuria, diaphoresis, vomiting) VALUES (1477, true, true, true);
INSERT INTO Cases (diagnosisId, age, gender, majorSx, minorSx, painId) VALUES (8, 44, 'M', 1476, 1477, 1476);
INSERT INTO Positions (posId, left_costovertebral, right_costovertebral, left_flank, right_flank, pelvic, suprapubic) VALUES (1478, true, true, true, true, true, true);
INSERT INTO Positions (posId, left_groin, right_groin, testicular) VALUES (1479, true, true, true);
INSERT INTO Pain (pid, positionId, referred_pain_position, dysuria, sharp, colicky, four_hours, eight_hours, one_day, two_days, one_week) VALUES (1478, 1478, 1479, true, true, true, true, true, true, true, true);
INSERT INTO Symptoms (sxId, nausea, hematuria) VALUES (1478, true, true);
INSERT INTO Symptoms (sxId, polyuria, diaphoresis, vomiting) VALUES (1479, true, true, true);
INSERT INTO Cases (diagnosisId, age, gender, majorSx, minorSx, painId) VALUES (8, 47, 'F', 1478, 1479, 1478);
INSERT INTO Positions (posId, left_costovertebral, right_costovertebral, left_flank, right_flank, pelvic, suprapubic) VALUES (1480, true, true, true, true, true, true);
INSERT INTO Positions (posId, left_groin, right_groin, testicular) VALUES (1481, true, true, true);
INSERT INTO Pain (pid, positionId, referred_pain_position, dysuria, sharp, colicky, four_hours, eight_hours, one_day, two_days, one_week) VALUES (1480, 1480, 1481, true, true, false, false, true, true, true, true);
INSERT INTO Symptoms (sxId, nausea, hematuria) VALUES (1480, true, true);
INSERT INTO Symptoms (sxId, polyuria, diaphoresis, vomiting) VALUES (1481, true, true, true);
INSERT INTO Cases (diagnosisId, age, gender, majorSx, minorSx, painId) VALUES (8, 49, 'F', 1480, 1481, 1480);
INSERT INTO Positions (posId, left_costovertebral, right_costovertebral, left_flank, right_flank, pelvic, suprapubic) VALUES (1482, true, true, true, true, false, true);
INSERT INTO Positions (posId, left_groin, right_groin, testicular) VALUES (1483, true, true, true);
INSERT INTO Pain (pid, positionId, referred_pain_position, dysuria, sharp, colicky, four_hours, eight_hours, one_day, two_days, one_week) VALUES (1482, 1482, 1483, true, true, true, false, true, true, true, true);
INSERT INTO Symptoms (sxId, nausea, hematuria) VALUES (1482, true, true);
INSERT INTO Symptoms (sxId, polyuria, diaphoresis, vomiting) VALUES (1483, true, true, false);
INSERT INTO Cases (diagnosisId, age, gender, majorSx, minorSx, painId) VALUES (8, 47, 'M', 1482, 1483, 1482);
INSERT INTO Positions (posId, left_costovertebral, right_costovertebral, left_flank, right_flank, pelvic, suprapubic) VALUES (1484, true, true, true, true, true, true);
INSERT INTO Positions (posId, left_groin, right_groin, testicular) VALUES (1485, true, true, true);
INSERT INTO Pain (pid, positionId, referred_pain_position, dysuria, sharp, colicky, four_hours, eight_hours, one_day, two_days, one_week) VALUES (1484, 1484, 1485, true, true, true, true, true, true, false, true);
INSERT INTO Symptoms (sxId, nausea, hematuria) VALUES (1484, true, true);
INSERT INTO Symptoms (sxId, polyuria, diaphoresis, vomiting) VALUES (1485, true, true, true);
INSERT INTO Cases (diagnosisId, age, gender, majorSx, minorSx, painId) VALUES (8, 47, 'M', 1484, 1485, 1484);
INSERT INTO Positions (posId, left_costovertebral, right_costovertebral, left_flank, right_flank, pelvic, suprapubic) VALUES (1486, false, true, false, true, true, true);
INSERT INTO Positions (posId, left_groin, right_groin, testicular) VALUES (1487, true, true, true);
INSERT INTO Pain (pid, positionId, referred_pain_position, dysuria, sharp, colicky, four_hours, eight_hours, one_day, two_days, one_week) VALUES (1486, 1486, 1487, true, true, true, true, true, true, true, true);
INSERT INTO Symptoms (sxId, nausea, hematuria) VALUES (1486, false, true);
INSERT INTO Symptoms (sxId, polyuria, diaphoresis, vomiting) VALUES (1487, true, true, true);
INSERT INTO Cases (diagnosisId, age, gender, majorSx, minorSx, painId) VALUES (8, 49, 'M', 1486, 1487, 1486);
INSERT INTO Positions (posId, left_costovertebral, right_costovertebral, left_flank, right_flank, pelvic, suprapubic) VALUES (1488, false, false, true, true, true, true);
INSERT INTO Positions (posId, left_groin, right_groin, testicular) VALUES (1489, true, true, true);
INSERT INTO Pain (pid, positionId, referred_pain_position, dysuria, sharp, colicky, four_hours, eight_hours, one_day, two_days, one_week) VALUES (1488, 1488, 1489, true, true, true, true, true, true, true, false);
INSERT INTO Symptoms (sxId, nausea, hematuria) VALUES (1488, true, true);
INSERT INTO Symptoms (sxId, polyuria, diaphoresis, vomiting) VALUES (1489, true, true, true);
INSERT INTO Cases (diagnosisId, age, gender, majorSx, minorSx, painId) VALUES (8, 48, 'M', 1488, 1489, 1488);
INSERT INTO Positions (posId, left_costovertebral, right_costovertebral, left_flank, right_flank, pelvic, suprapubic) VALUES (1490, true, true, true, true, true, true);
INSERT INTO Positions (posId, left_groin, right_groin, testicular) VALUES (1491, true, true, true);
INSERT INTO Pain (pid, positionId, referred_pain_position, dysuria, sharp, colicky, four_hours, eight_hours, one_day, two_days, one_week) VALUES (1490, 1490, 1491, true, false, true, true, true, true, true, true);
INSERT INTO Symptoms (sxId, nausea, hematuria) VALUES (1490, true, true);
INSERT INTO Symptoms (sxId, polyuria, diaphoresis, vomiting) VALUES (1491, true, true, true);
INSERT INTO Cases (diagnosisId, age, gender, majorSx, minorSx, painId) VALUES (8, 48, 'M', 1490, 1491, 1490);
INSERT INTO Positions (posId, left_costovertebral, right_costovertebral, left_flank, right_flank, pelvic, suprapubic) VALUES (1492, true, true, true, true, false, true);
INSERT INTO Positions (posId, left_groin, right_groin, testicular) VALUES (1493, false, true, false);
INSERT INTO Pain (pid, positionId, referred_pain_position, dysuria, sharp, colicky, four_hours, eight_hours, one_day, two_days, one_week) VALUES (1492, 1492, 1493, true, true, true, true, false, true, true, true);
INSERT INTO Symptoms (sxId, nausea, hematuria) VALUES (1492, true, false);
INSERT INTO Symptoms (sxId, polyuria, diaphoresis, vomiting) VALUES (1493, true, true, true);
INSERT INTO Cases (diagnosisId, age, gender, majorSx, minorSx, painId) VALUES (8, 48, 'M', 1492, 1493, 1492);
INSERT INTO Positions (posId, left_costovertebral, right_costovertebral, left_flank, right_flank, pelvic, suprapubic) VALUES (1494, true, true, true, true, true, true);
INSERT INTO Positions (posId, left_groin, right_groin, testicular) VALUES (1495, true, true, true);
INSERT INTO Pain (pid, positionId, referred_pain_position, dysuria, sharp, colicky, four_hours, eight_hours, one_day, two_days, one_week) VALUES (1494, 1494, 1495, true, false, false, false, true, true, true, true);
INSERT INTO Symptoms (sxId, nausea, hematuria) VALUES (1494, true, true);
INSERT INTO Symptoms (sxId, polyuria, diaphoresis, vomiting) VALUES (1495, true, true, true);
INSERT INTO Cases (diagnosisId, age, gender, majorSx, minorSx, painId) VALUES (8, 52, 'F', 1494, 1495, 1494);
INSERT INTO Positions (posId, left_costovertebral, right_costovertebral, left_flank, right_flank, pelvic, suprapubic) VALUES (1496, true, false, true, true, true, true);
INSERT INTO Positions (posId, left_groin, right_groin, testicular) VALUES (1497, true, true, true);
INSERT INTO Pain (pid, positionId, referred_pain_position, dysuria, sharp, colicky, four_hours, eight_hours, one_day, two_days, one_week) VALUES (1496, 1496, 1497, true, true, true, true, true, true, false, true);
INSERT INTO Symptoms (sxId, nausea, hematuria) VALUES (1496, true, true);
INSERT INTO Symptoms (sxId, polyuria, diaphoresis, vomiting) VALUES (1497, true, true, true);
INSERT INTO Cases (diagnosisId, age, gender, majorSx, minorSx, painId) VALUES (8, 54, 'M', 1496, 1497, 1496);
INSERT INTO Positions (posId, left_costovertebral, right_costovertebral, left_flank, right_flank, pelvic, suprapubic) VALUES (1498, true, true, true, true, true, true);
INSERT INTO Positions (posId, left_groin, right_groin, testicular) VALUES (1499, true, true, true);
INSERT INTO Pain (pid, positionId, referred_pain_position, dysuria, sharp, colicky, four_hours, eight_hours, one_day, two_days, one_week) VALUES (1498, 1498, 1499, true, true, true, true, true, true, true, false);
INSERT INTO Symptoms (sxId, nausea, hematuria) VALUES (1498, true, true);
INSERT INTO Symptoms (sxId, polyuria, diaphoresis, vomiting) VALUES (1499, true, true, true);
INSERT INTO Cases (diagnosisId, age, gender, majorSx, minorSx, painId) VALUES (8, 51, 'M', 1498, 1499, 1498);
INSERT INTO Positions (posId, left_costovertebral, right_costovertebral, left_flank, right_flank, pelvic, suprapubic) VALUES (1500, true, true, true, false, true, true);
INSERT INTO Positions (posId, left_groin, right_groin, testicular) VALUES (1501, true, true, true);
INSERT INTO Pain (pid, positionId, referred_pain_position, dysuria, sharp, colicky, four_hours, eight_hours, one_day, two_days, one_week) VALUES (1500, 1500, 1501, true, true, true, true, true, true, true, false);
INSERT INTO Symptoms (sxId, nausea, hematuria) VALUES (1500, true, false);
INSERT INTO Symptoms (sxId, polyuria, diaphoresis, vomiting) VALUES (1501, true, false, true);
INSERT INTO Cases (diagnosisId, age, gender, majorSx, minorSx, painId) VALUES (8, 55, 'M', 1500, 1501, 1500);
INSERT INTO Positions (posId, left_costovertebral, right_costovertebral, left_flank, right_flank, pelvic, suprapubic) VALUES (1502, true, false, true, true, true, true);
INSERT INTO Positions (posId, left_groin, right_groin, testicular) VALUES (1503, true, true, true);
INSERT INTO Pain (pid, positionId, referred_pain_position, dysuria, sharp, colicky, four_hours, eight_hours, one_day, two_days, one_week) VALUES (1502, 1502, 1503, true, true, true, true, true, true, true, true);
INSERT INTO Symptoms (sxId, nausea, hematuria) VALUES (1502, true, true);
INSERT INTO Symptoms (sxId, polyuria, diaphoresis, vomiting) VALUES (1503, false, true, true);
INSERT INTO Cases (diagnosisId, age, gender, majorSx, minorSx, painId) VALUES (8, 51, 'M', 1502, 1503, 1502);
INSERT INTO Positions (posId, left_costovertebral, right_costovertebral, left_flank, right_flank, pelvic, suprapubic) VALUES (1504, true, true, true, true, true, true);
INSERT INTO Positions (posId, left_groin, right_groin, testicular) VALUES (1505, true, true, true);
INSERT INTO Pain (pid, positionId, referred_pain_position, dysuria, sharp, colicky, four_hours, eight_hours, one_day, two_days, one_week) VALUES (1504, 1504, 1505, true, false, false, true, true, true, true, true);
INSERT INTO Symptoms (sxId, nausea, hematuria) VALUES (1504, true, true);
INSERT INTO Symptoms (sxId, polyuria, diaphoresis, vomiting) VALUES (1505, true, true, true);
INSERT INTO Cases (diagnosisId, age, gender, majorSx, minorSx, painId) VALUES (8, 51, 'M', 1504, 1505, 1504);
INSERT INTO Positions (posId, left_costovertebral, right_costovertebral, left_flank, right_flank, pelvic, suprapubic) VALUES (1506, true, true, true, true, true, true);
INSERT INTO Positions (posId, left_groin, right_groin, testicular) VALUES (1507, true, true, true);
INSERT INTO Pain (pid, positionId, referred_pain_position, dysuria, sharp, colicky, four_hours, eight_hours, one_day, two_days, one_week) VALUES (1506, 1506, 1507, true, true, false, true, true, true, true, true);
INSERT INTO Symptoms (sxId, nausea, hematuria) VALUES (1506, true, true);
INSERT INTO Symptoms (sxId, polyuria, diaphoresis, vomiting) VALUES (1507, true, true, true);
INSERT INTO Cases (diagnosisId, age, gender, majorSx, minorSx, painId) VALUES (8, 55, 'M', 1506, 1507, 1506);
INSERT INTO Positions (posId, left_costovertebral, right_costovertebral, left_flank, right_flank, pelvic, suprapubic) VALUES (1508, true, true, true, true, false, true);
INSERT INTO Positions (posId, left_groin, right_groin, testicular) VALUES (1509, true, true, true);
INSERT INTO Pain (pid, positionId, referred_pain_position, dysuria, sharp, colicky, four_hours, eight_hours, one_day, two_days, one_week) VALUES (1508, 1508, 1509, true, true, true, true, true, false, true, true);
INSERT INTO Symptoms (sxId, nausea, hematuria) VALUES (1508, true, true);
INSERT INTO Symptoms (sxId, polyuria, diaphoresis, vomiting) VALUES (1509, true, true, true);
INSERT INTO Cases (diagnosisId, age, gender, majorSx, minorSx, painId) VALUES (8, 51, 'F', 1508, 1509, 1508);
INSERT INTO Positions (posId, left_costovertebral, right_costovertebral, left_flank, right_flank, pelvic, suprapubic) VALUES (1510, true, true, true, true, true, true);
INSERT INTO Positions (posId, left_groin, right_groin, testicular) VALUES (1511, true, false, true);
INSERT INTO Pain (pid, positionId, referred_pain_position, dysuria, sharp, colicky, four_hours, eight_hours, one_day, two_days, one_week) VALUES (1510, 1510, 1511, true, true, true, true, true, false, true, true);
INSERT INTO Symptoms (sxId, nausea, hematuria) VALUES (1510, true, true);
INSERT INTO Symptoms (sxId, polyuria, diaphoresis, vomiting) VALUES (1511, false, true, true);
INSERT INTO Cases (diagnosisId, age, gender, majorSx, minorSx, painId) VALUES (8, 59, 'M', 1510, 1511, 1510);
INSERT INTO Positions (posId, left_costovertebral, right_costovertebral, left_flank, right_flank, pelvic, suprapubic) VALUES (1512, true, true, true, true, true, true);
INSERT INTO Positions (posId, left_groin, right_groin, testicular) VALUES (1513, true, true, true);
INSERT INTO Pain (pid, positionId, referred_pain_position, dysuria, sharp, colicky, four_hours, eight_hours, one_day, two_days, one_week) VALUES (1512, 1512, 1513, true, true, true, true, true, true, true, true);
INSERT INTO Symptoms (sxId, nausea, hematuria) VALUES (1512, true, true);
INSERT INTO Symptoms (sxId, polyuria, diaphoresis, vomiting) VALUES (1513, true, true, true);
INSERT INTO Cases (diagnosisId, age, gender, majorSx, minorSx, painId) VALUES (8, 60, 'F', 1512, 1513, 1512);
INSERT INTO Positions (posId, left_costovertebral, right_costovertebral, left_flank, right_flank, pelvic, suprapubic) VALUES (1514, true, true, true, true, true, true);
INSERT INTO Positions (posId, left_groin, right_groin, testicular) VALUES (1515, true, true, true);
INSERT INTO Pain (pid, positionId, referred_pain_position, dysuria, sharp, colicky, four_hours, eight_hours, one_day, two_days, one_week) VALUES (1514, 1514, 1515, true, true, true, true, true, true, true, true);
INSERT INTO Symptoms (sxId, nausea, hematuria) VALUES (1514, true, true);
INSERT INTO Symptoms (sxId, polyuria, diaphoresis, vomiting) VALUES (1515, false, true, false);
INSERT INTO Cases (diagnosisId, age, gender, majorSx, minorSx, painId) VALUES (8, 58, 'F', 1514, 1515, 1514);
INSERT INTO Positions (posId, left_costovertebral, right_costovertebral, left_flank, right_flank, pelvic, suprapubic) VALUES (1516, true, true, true, true, false, true);
INSERT INTO Positions (posId, left_groin, right_groin, testicular) VALUES (1517, true, true, false);
INSERT INTO Pain (pid, positionId, referred_pain_position, dysuria, sharp, colicky, four_hours, eight_hours, one_day, two_days, one_week) VALUES (1516, 1516, 1517, true, true, true, true, true, true, true, true);
INSERT INTO Symptoms (sxId, nausea, hematuria) VALUES (1516, true, true);
INSERT INTO Symptoms (sxId, polyuria, diaphoresis, vomiting) VALUES (1517, true, true, false);
INSERT INTO Cases (diagnosisId, age, gender, majorSx, minorSx, painId) VALUES (8, 56, 'M', 1516, 1517, 1516);
INSERT INTO Positions (posId, left_costovertebral, right_costovertebral, left_flank, right_flank, pelvic, suprapubic) VALUES (1518, true, true, true, true, true, true);
INSERT INTO Positions (posId, left_groin, right_groin, testicular) VALUES (1519, true, true, true);
INSERT INTO Pain (pid, positionId, referred_pain_position, dysuria, sharp, colicky, four_hours, eight_hours, one_day, two_days, one_week) VALUES (1518, 1518, 1519, true, true, true, true, true, true, true, false);
INSERT INTO Symptoms (sxId, nausea, hematuria) VALUES (1518, true, true);
INSERT INTO Symptoms (sxId, polyuria, diaphoresis, vomiting) VALUES (1519, false, true, true);
INSERT INTO Cases (diagnosisId, age, gender, majorSx, minorSx, painId) VALUES (8, 56, 'M', 1518, 1519, 1518);
INSERT INTO Positions (posId, left_costovertebral, right_costovertebral, left_flank, right_flank, pelvic, suprapubic) VALUES (1520, true, true, true, true, true, true);
INSERT INTO Positions (posId, left_groin, right_groin, testicular) VALUES (1521, true, true, true);
INSERT INTO Pain (pid, positionId, referred_pain_position, dysuria, sharp, colicky, four_hours, eight_hours, one_day, two_days, one_week) VALUES (1520, 1520, 1521, true, true, true, true, true, true, false, true);
INSERT INTO Symptoms (sxId, nausea, hematuria) VALUES (1520, true, false);
INSERT INTO Symptoms (sxId, polyuria, diaphoresis, vomiting) VALUES (1521, true, false, true);
INSERT INTO Cases (diagnosisId, age, gender, majorSx, minorSx, painId) VALUES (8, 59, 'M', 1520, 1521, 1520);
INSERT INTO Positions (posId, left_costovertebral, right_costovertebral, left_flank, right_flank, pelvic, suprapubic) VALUES (1522, true, false, true, true, true, true);
INSERT INTO Positions (posId, left_groin, right_groin, testicular) VALUES (1523, false, true, true);
INSERT INTO Pain (pid, positionId, referred_pain_position, dysuria, sharp, colicky, four_hours, eight_hours, one_day, two_days, one_week) VALUES (1522, 1522, 1523, true, true, false, true, true, false, true, true);
INSERT INTO Symptoms (sxId, nausea, hematuria) VALUES (1522, true, true);
INSERT INTO Symptoms (sxId, polyuria, diaphoresis, vomiting) VALUES (1523, true, true, false);
INSERT INTO Cases (diagnosisId, age, gender, majorSx, minorSx, painId) VALUES (8, 60, 'M', 1522, 1523, 1522);
INSERT INTO Positions (posId, left_costovertebral, right_costovertebral, left_flank, right_flank, pelvic, suprapubic) VALUES (1524, true, false, true, true, true, true);
INSERT INTO Positions (posId, left_groin, right_groin, testicular) VALUES (1525, false, false, true);
INSERT INTO Pain (pid, positionId, referred_pain_position, dysuria, sharp, colicky, four_hours, eight_hours, one_day, two_days, one_week) VALUES (1524, 1524, 1525, true, true, true, true, true, true, true, true);
INSERT INTO Symptoms (sxId, nausea, hematuria) VALUES (1524, true, true);
INSERT INTO Symptoms (sxId, polyuria, diaphoresis, vomiting) VALUES (1525, true, false, true);
INSERT INTO Cases (diagnosisId, age, gender, majorSx, minorSx, painId) VALUES (8, 58, 'M', 1524, 1525, 1524);
INSERT INTO Positions (posId, left_costovertebral, right_costovertebral, left_flank, right_flank, pelvic, suprapubic) VALUES (1526, true, true, true, true, true, true);
INSERT INTO Positions (posId, left_groin, right_groin, testicular) VALUES (1527, true, true, true);
INSERT INTO Pain (pid, positionId, referred_pain_position, dysuria, sharp, colicky, four_hours, eight_hours, one_day, two_days, one_week) VALUES (1526, 1526, 1527, true, true, true, false, true, true, true, false);
INSERT INTO Symptoms (sxId, nausea, hematuria) VALUES (1526, true, true);
INSERT INTO Symptoms (sxId, polyuria, diaphoresis, vomiting) VALUES (1527, true, true, true);
INSERT INTO Cases (diagnosisId, age, gender, majorSx, minorSx, painId) VALUES (8, 65, 'M', 1526, 1527, 1526);
INSERT INTO Positions (posId, left_costovertebral, right_costovertebral, left_flank, right_flank, pelvic, suprapubic) VALUES (1528, true, true, false, true, true, true);
INSERT INTO Positions (posId, left_groin, right_groin, testicular) VALUES (1529, true, true, true);
INSERT INTO Pain (pid, positionId, referred_pain_position, dysuria, sharp, colicky, four_hours, eight_hours, one_day, two_days, one_week) VALUES (1528, 1528, 1529, true, true, true, true, true, true, true, true);
INSERT INTO Symptoms (sxId, nausea, hematuria) VALUES (1528, false, true);
INSERT INTO Symptoms (sxId, polyuria, diaphoresis, vomiting) VALUES (1529, true, true, true);
INSERT INTO Cases (diagnosisId, age, gender, majorSx, minorSx, painId) VALUES (8, 63, 'M', 1528, 1529, 1528);
INSERT INTO Positions (posId, left_costovertebral, right_costovertebral, left_flank, right_flank, pelvic, suprapubic) VALUES (1530, true, true, true, true, true, false);
INSERT INTO Positions (posId, left_groin, right_groin, testicular) VALUES (1531, true, true, true);
INSERT INTO Pain (pid, positionId, referred_pain_position, dysuria, sharp, colicky, four_hours, eight_hours, one_day, two_days, one_week) VALUES (1530, 1530, 1531, true, true, false, true, true, true, true, true);
INSERT INTO Symptoms (sxId, nausea, hematuria) VALUES (1530, true, true);
INSERT INTO Symptoms (sxId, polyuria, diaphoresis, vomiting) VALUES (1531, true, true, true);
INSERT INTO Cases (diagnosisId, age, gender, majorSx, minorSx, painId) VALUES (8, 62, 'F', 1530, 1531, 1530);
INSERT INTO Positions (posId, left_costovertebral, right_costovertebral, left_flank, right_flank, pelvic, suprapubic) VALUES (1532, true, true, true, true, true, true);
INSERT INTO Positions (posId, left_groin, right_groin, testicular) VALUES (1533, true, true, true);
INSERT INTO Pain (pid, positionId, referred_pain_position, dysuria, sharp, colicky, four_hours, eight_hours, one_day, two_days, one_week) VALUES (1532, 1532, 1533, true, true, true, true, true, true, true, true);
INSERT INTO Symptoms (sxId, nausea, hematuria) VALUES (1532, true, true);
INSERT INTO Symptoms (sxId, polyuria, diaphoresis, vomiting) VALUES (1533, true, true, true);
INSERT INTO Cases (diagnosisId, age, gender, majorSx, minorSx, painId) VALUES (8, 65, 'M', 1532, 1533, 1532);
INSERT INTO Positions (posId, left_costovertebral, right_costovertebral, left_flank, right_flank, pelvic, suprapubic) VALUES (1534, true, true, true, true, true, true);
INSERT INTO Positions (posId, left_groin, right_groin, testicular) VALUES (1535, true, false, true);
INSERT INTO Pain (pid, positionId, referred_pain_position, dysuria, sharp, colicky, four_hours, eight_hours, one_day, two_days, one_week) VALUES (1534, 1534, 1535, true, true, true, true, true, true, true, true);
INSERT INTO Symptoms (sxId, nausea, hematuria) VALUES (1534, true, false);
INSERT INTO Symptoms (sxId, polyuria, diaphoresis, vomiting) VALUES (1535, true, true, false);
INSERT INTO Cases (diagnosisId, age, gender, majorSx, minorSx, painId) VALUES (8, 64, 'M', 1534, 1535, 1534);
INSERT INTO Positions (posId, left_costovertebral, right_costovertebral, left_flank, right_flank, pelvic, suprapubic) VALUES (1536, true, true, true, true, true, false);
INSERT INTO Positions (posId, left_groin, right_groin, testicular) VALUES (1537, true, true, true);
INSERT INTO Pain (pid, positionId, referred_pain_position, dysuria, sharp, colicky, four_hours, eight_hours, one_day, two_days, one_week) VALUES (1536, 1536, 1537, true, false, false, true, true, true, true, true);
INSERT INTO Symptoms (sxId, nausea, hematuria) VALUES (1536, true, true);
INSERT INTO Symptoms (sxId, polyuria, diaphoresis, vomiting) VALUES (1537, true, true, true);
INSERT INTO Cases (diagnosisId, age, gender, majorSx, minorSx, painId) VALUES (8, 65, 'M', 1536, 1537, 1536);
INSERT INTO Positions (posId, left_costovertebral, right_costovertebral, left_flank, right_flank, pelvic, suprapubic) VALUES (1538, true, false, true, true, true, true);
INSERT INTO Positions (posId, left_groin, right_groin, testicular) VALUES (1539, true, true, true);
INSERT INTO Pain (pid, positionId, referred_pain_position, dysuria, sharp, colicky, four_hours, eight_hours, one_day, two_days, one_week) VALUES (1538, 1538, 1539, true, true, true, true, true, true, true, false);
INSERT INTO Symptoms (sxId, nausea, hematuria) VALUES (1538, true, true);
INSERT INTO Symptoms (sxId, polyuria, diaphoresis, vomiting) VALUES (1539, true, true, true);
INSERT INTO Cases (diagnosisId, age, gender, majorSx, minorSx, painId) VALUES (8, 61, 'M', 1538, 1539, 1538);
INSERT INTO Positions (posId, left_costovertebral, right_costovertebral, left_flank, right_flank, pelvic, suprapubic) VALUES (1540, false, true, true, true, true, true);
INSERT INTO Positions (posId, left_groin, right_groin, testicular) VALUES (1541, true, true, true);
INSERT INTO Pain (pid, positionId, referred_pain_position, dysuria, sharp, colicky, four_hours, eight_hours, one_day, two_days, one_week) VALUES (1540, 1540, 1541, true, true, true, true, true, true, true, true);
INSERT INTO Symptoms (sxId, nausea, hematuria) VALUES (1540, true, true);
INSERT INTO Symptoms (sxId, polyuria, diaphoresis, vomiting) VALUES (1541, true, true, true);
INSERT INTO Cases (diagnosisId, age, gender, majorSx, minorSx, painId) VALUES (8, 67, 'M', 1540, 1541, 1540);
INSERT INTO Positions (posId, left_costovertebral, right_costovertebral, left_flank, right_flank, pelvic, suprapubic) VALUES (1542, true, true, true, false, true, true);
INSERT INTO Positions (posId, left_groin, right_groin, testicular) VALUES (1543, true, true, true);
INSERT INTO Pain (pid, positionId, referred_pain_position, dysuria, sharp, colicky, four_hours, eight_hours, one_day, two_days, one_week) VALUES (1542, 1542, 1543, true, true, true, true, true, true, true, true);
INSERT INTO Symptoms (sxId, nausea, hematuria) VALUES (1542, true, true);
INSERT INTO Symptoms (sxId, polyuria, diaphoresis, vomiting) VALUES (1543, true, false, true);
INSERT INTO Cases (diagnosisId, age, gender, majorSx, minorSx, painId) VALUES (8, 67, 'F', 1542, 1543, 1542);
INSERT INTO Positions (posId, left_costovertebral, right_costovertebral, left_flank, right_flank, pelvic, suprapubic) VALUES (1544, true, true, true, true, true, true);
INSERT INTO Positions (posId, left_groin, right_groin, testicular) VALUES (1545, true, true, true);
INSERT INTO Pain (pid, positionId, referred_pain_position, dysuria, sharp, colicky, four_hours, eight_hours, one_day, two_days, one_week) VALUES (1544, 1544, 1545, true, true, true, true, true, true, true, true);
INSERT INTO Symptoms (sxId, nausea, hematuria) VALUES (1544, true, true);
INSERT INTO Symptoms (sxId, polyuria, diaphoresis, vomiting) VALUES (1545, true, true, true);
INSERT INTO Cases (diagnosisId, age, gender, majorSx, minorSx, painId) VALUES (8, 68, 'F', 1544, 1545, 1544);
INSERT INTO Positions (posId, left_costovertebral, right_costovertebral, left_flank, right_flank, pelvic, suprapubic) VALUES (1546, true, true, true, true, false, true);
INSERT INTO Positions (posId, left_groin, right_groin, testicular) VALUES (1547, true, false, true);
INSERT INTO Pain (pid, positionId, referred_pain_position, dysuria, sharp, colicky, four_hours, eight_hours, one_day, two_days, one_week) VALUES (1546, 1546, 1547, true, false, true, true, true, true, true, true);
INSERT INTO Symptoms (sxId, nausea, hematuria) VALUES (1546, true, true);
INSERT INTO Symptoms (sxId, polyuria, diaphoresis, vomiting) VALUES (1547, true, true, true);
INSERT INTO Cases (diagnosisId, age, gender, majorSx, minorSx, painId) VALUES (8, 66, 'M', 1546, 1547, 1546);
INSERT INTO Positions (posId, left_costovertebral, right_costovertebral, left_flank, right_flank, pelvic, suprapubic) VALUES (1548, true, true, true, true, true, false);
INSERT INTO Positions (posId, left_groin, right_groin, testicular) VALUES (1549, true, true, true);
INSERT INTO Pain (pid, positionId, referred_pain_position, dysuria, sharp, colicky, four_hours, eight_hours, one_day, two_days, one_week) VALUES (1548, 1548, 1549, true, true, true, true, true, true, true, true);
INSERT INTO Symptoms (sxId, nausea, hematuria) VALUES (1548, true, true);
INSERT INTO Symptoms (sxId, polyuria, diaphoresis, vomiting) VALUES (1549, true, true, true);
INSERT INTO Cases (diagnosisId, age, gender, majorSx, minorSx, painId) VALUES (8, 67, 'M', 1548, 1549, 1548);
INSERT INTO Positions (posId, left_costovertebral, right_costovertebral, left_flank, right_flank, pelvic, suprapubic) VALUES (1550, true, true, false, false, true, true);
INSERT INTO Positions (posId, left_groin, right_groin, testicular) VALUES (1551, true, true, true);
INSERT INTO Pain (pid, positionId, referred_pain_position, dysuria, sharp, colicky, four_hours, eight_hours, one_day, two_days, one_week) VALUES (1550, 1550, 1551, true, true, false, true, true, true, false, true);
INSERT INTO Symptoms (sxId, nausea, hematuria) VALUES (1550, true, true);
INSERT INTO Symptoms (sxId, polyuria, diaphoresis, vomiting) VALUES (1551, true, true, true);
INSERT INTO Cases (diagnosisId, age, gender, majorSx, minorSx, painId) VALUES (8, 66, 'M', 1550, 1551, 1550);
INSERT INTO Positions (posId, left_costovertebral, right_costovertebral, left_flank, right_flank, pelvic, suprapubic) VALUES (1552, true, true, true, true, true, true);
INSERT INTO Positions (posId, left_groin, right_groin, testicular) VALUES (1553, true, true, true);
INSERT INTO Pain (pid, positionId, referred_pain_position, dysuria, sharp, colicky, four_hours, eight_hours, one_day, two_days, one_week) VALUES (1552, 1552, 1553, true, true, true, true, true, true, true, false);
INSERT INTO Symptoms (sxId, nausea, hematuria) VALUES (1552, true, false);
INSERT INTO Symptoms (sxId, polyuria, diaphoresis, vomiting) VALUES (1553, true, false, true);
INSERT INTO Cases (diagnosisId, age, gender, majorSx, minorSx, painId) VALUES (8, 70, 'M', 1552, 1553, 1552);
INSERT INTO Positions (posId, left_costovertebral, right_costovertebral, left_flank, right_flank, pelvic, suprapubic) VALUES (1554, true, true, false, true, true, true);
INSERT INTO Positions (posId, left_groin, right_groin, testicular) VALUES (1555, false, true, true);
INSERT INTO Pain (pid, positionId, referred_pain_position, dysuria, sharp, colicky, four_hours, eight_hours, one_day, two_days, one_week) VALUES (1554, 1554, 1555, true, true, true, true, true, true, true, true);
INSERT INTO Symptoms (sxId, nausea, hematuria) VALUES (1554, true, true);
INSERT INTO Symptoms (sxId, polyuria, diaphoresis, vomiting) VALUES (1555, true, true, true);
INSERT INTO Cases (diagnosisId, age, gender, majorSx, minorSx, painId) VALUES (8, 75, 'M', 1554, 1555, 1554);
INSERT INTO Positions (posId, left_costovertebral, right_costovertebral, left_flank, right_flank, pelvic, suprapubic) VALUES (1556, true, true, true, true, true, true);
INSERT INTO Positions (posId, left_groin, right_groin, testicular) VALUES (1557, true, true, true);
INSERT INTO Pain (pid, positionId, referred_pain_position, dysuria, sharp, colicky, four_hours, eight_hours, one_day, two_days, one_week) VALUES (1556, 1556, 1557, true, true, true, true, true, true, true, true);
INSERT INTO Symptoms (sxId, nausea, hematuria) VALUES (1556, true, true);
INSERT INTO Symptoms (sxId, polyuria, diaphoresis, vomiting) VALUES (1557, true, true, true);
INSERT INTO Cases (diagnosisId, age, gender, majorSx, minorSx, painId) VALUES (8, 75, 'M', 1556, 1557, 1556);
INSERT INTO Positions (posId, left_costovertebral, right_costovertebral, left_flank, right_flank, pelvic, suprapubic) VALUES (1558, true, true, true, true, true, true);
INSERT INTO Positions (posId, left_groin, right_groin, testicular) VALUES (1559, true, true, true);
INSERT INTO Pain (pid, positionId, referred_pain_position, dysuria, sharp, colicky, four_hours, eight_hours, one_day, two_days, one_week) VALUES (1558, 1558, 1559, true, false, true, true, true, true, true, false);
INSERT INTO Symptoms (sxId, nausea, hematuria) VALUES (1558, true, true);
INSERT INTO Symptoms (sxId, polyuria, diaphoresis, vomiting) VALUES (1559, true, true, true);
INSERT INTO Cases (diagnosisId, age, gender, majorSx, minorSx, painId) VALUES (8, 74, 'F', 1558, 1559, 1558);
INSERT INTO Positions (posId, left_costovertebral, right_costovertebral, left_flank, right_flank, pelvic, suprapubic) VALUES (1560, true, true, true, true, true, true);
INSERT INTO Positions (posId, left_groin, right_groin, testicular) VALUES (1561, true, true, true);
INSERT INTO Pain (pid, positionId, referred_pain_position, dysuria, sharp, colicky, four_hours, eight_hours, one_day, two_days, one_week) VALUES (1560, 1560, 1561, true, true, true, true, true, true, true, true);
INSERT INTO Symptoms (sxId, nausea, hematuria) VALUES (1560, true, true);
INSERT INTO Symptoms (sxId, polyuria, diaphoresis, vomiting) VALUES (1561, false, true, true);
INSERT INTO Cases (diagnosisId, age, gender, majorSx, minorSx, painId) VALUES (8, 72, 'F', 1560, 1561, 1560);
INSERT INTO Positions (posId, left_costovertebral, right_costovertebral, left_flank, right_flank, pelvic, suprapubic) VALUES (1562, true, true, false, true, true, true);
INSERT INTO Positions (posId, left_groin, right_groin, testicular) VALUES (1563, false, true, true);
INSERT INTO Pain (pid, positionId, referred_pain_position, dysuria, sharp, colicky, four_hours, eight_hours, one_day, two_days, one_week) VALUES (1562, 1562, 1563, true, false, true, true, true, true, true, true);
INSERT INTO Symptoms (sxId, nausea, hematuria) VALUES (1562, true, true);
INSERT INTO Symptoms (sxId, polyuria, diaphoresis, vomiting) VALUES (1563, true, true, true);
INSERT INTO Cases (diagnosisId, age, gender, majorSx, minorSx, painId) VALUES (8, 73, 'M', 1562, 1563, 1562);
INSERT INTO Positions (posId, left_costovertebral, right_costovertebral, left_flank, right_flank, pelvic, suprapubic) VALUES (1564, true, true, true, true, true, true);
INSERT INTO Positions (posId, left_groin, right_groin, testicular) VALUES (1565, true, true, true);
INSERT INTO Pain (pid, positionId, referred_pain_position, dysuria, sharp, colicky, four_hours, eight_hours, one_day, two_days, one_week) VALUES (1564, 1564, 1565, true, true, true, true, true, true, true, true);
INSERT INTO Symptoms (sxId, nausea, hematuria) VALUES (1564, false, true);
INSERT INTO Symptoms (sxId, polyuria, diaphoresis, vomiting) VALUES (1565, true, true, true);
INSERT INTO Cases (diagnosisId, age, gender, majorSx, minorSx, painId) VALUES (8, 73, 'F', 1564, 1565, 1564);
INSERT INTO Positions (posId, left_costovertebral, right_costovertebral, left_flank, right_flank, pelvic, suprapubic) VALUES (1566, true, true, true, true, true, true);
INSERT INTO Positions (posId, left_groin, right_groin, testicular) VALUES (1567, true, true, true);
INSERT INTO Pain (pid, positionId, referred_pain_position, dysuria, sharp, colicky, four_hours, eight_hours, one_day, two_days, one_week) VALUES (1566, 1566, 1567, true, true, true, true, true, true, true, true);
INSERT INTO Symptoms (sxId, nausea, hematuria) VALUES (1566, true, true);
INSERT INTO Symptoms (sxId, polyuria, diaphoresis, vomiting) VALUES (1567, true, true, true);
INSERT INTO Cases (diagnosisId, age, gender, majorSx, minorSx, painId) VALUES (8, 75, 'F', 1566, 1567, 1566);
INSERT INTO Positions (posId, left_costovertebral, right_costovertebral, left_flank, right_flank, pelvic, suprapubic) VALUES (1568, true, true, true, true, true, true);
INSERT INTO Positions (posId, left_groin, right_groin, testicular) VALUES (1569, true, true, true);
INSERT INTO Pain (pid, positionId, referred_pain_position, dysuria, sharp, colicky, four_hours, eight_hours, one_day, two_days, one_week) VALUES (1568, 1568, 1569, true, true, true, true, true, true, true, true);
INSERT INTO Symptoms (sxId, nausea, hematuria) VALUES (1568, true, true);
INSERT INTO Symptoms (sxId, polyuria, diaphoresis, vomiting) VALUES (1569, false, true, true);
INSERT INTO Cases (diagnosisId, age, gender, majorSx, minorSx, painId) VALUES (8, 80, 'F', 1568, 1569, 1568);
INSERT INTO Positions (posId, left_costovertebral, right_costovertebral, left_flank, right_flank, pelvic, suprapubic) VALUES (1570, true, true, true, true, true, true);
INSERT INTO Positions (posId, left_groin, right_groin, testicular) VALUES (1571, true, true, true);
INSERT INTO Pain (pid, positionId, referred_pain_position, dysuria, sharp, colicky, four_hours, eight_hours, one_day, two_days, one_week) VALUES (1570, 1570, 1571, true, true, true, true, true, true, true, true);
INSERT INTO Symptoms (sxId, nausea, hematuria) VALUES (1570, true, true);
INSERT INTO Symptoms (sxId, polyuria, diaphoresis, vomiting) VALUES (1571, true, true, true);
INSERT INTO Cases (diagnosisId, age, gender, majorSx, minorSx, painId) VALUES (8, 80, 'F', 1570, 1571, 1570);
INSERT INTO Positions (posId, left_costovertebral, right_costovertebral, left_flank, right_flank, pelvic, suprapubic) VALUES (1572, true, true, false, true, true, true);
INSERT INTO Positions (posId, left_groin, right_groin, testicular) VALUES (1573, true, true, true);
INSERT INTO Pain (pid, positionId, referred_pain_position, dysuria, sharp, colicky, four_hours, eight_hours, one_day, two_days, one_week) VALUES (1572, 1572, 1573, true, true, false, true, true, true, true, true);
INSERT INTO Symptoms (sxId, nausea, hematuria) VALUES (1572, true, true);
INSERT INTO Symptoms (sxId, polyuria, diaphoresis, vomiting) VALUES (1573, true, true, true);
INSERT INTO Cases (diagnosisId, age, gender, majorSx, minorSx, painId) VALUES (8, 79, 'F', 1572, 1573, 1572);
INSERT INTO Positions (posId, left_costovertebral, right_costovertebral, left_flank, right_flank, pelvic, suprapubic) VALUES (1574, true, true, true, true, true, true);
INSERT INTO Positions (posId, left_groin, right_groin, testicular) VALUES (1575, true, false, true);
INSERT INTO Pain (pid, positionId, referred_pain_position, dysuria, sharp, colicky, four_hours, eight_hours, one_day, two_days, one_week) VALUES (1574, 1574, 1575, true, true, true, true, true, true, true, true);
INSERT INTO Symptoms (sxId, nausea, hematuria) VALUES (1574, true, true);
INSERT INTO Symptoms (sxId, polyuria, diaphoresis, vomiting) VALUES (1575, true, true, true);
INSERT INTO Cases (diagnosisId, age, gender, majorSx, minorSx, painId) VALUES (8, 78, 'M', 1574, 1575, 1574);
INSERT INTO Positions (posId, left_costovertebral, right_costovertebral, left_flank, right_flank, pelvic, suprapubic) VALUES (1576, true, true, true, true, true, true);
INSERT INTO Positions (posId, left_groin, right_groin, testicular) VALUES (1577, true, true, true);
INSERT INTO Pain (pid, positionId, referred_pain_position, dysuria, sharp, colicky, four_hours, eight_hours, one_day, two_days, one_week) VALUES (1576, 1576, 1577, true, false, true, true, true, true, true, true);
INSERT INTO Symptoms (sxId, nausea, hematuria) VALUES (1576, true, true);
INSERT INTO Symptoms (sxId, polyuria, diaphoresis, vomiting) VALUES (1577, true, true, true);
INSERT INTO Cases (diagnosisId, age, gender, majorSx, minorSx, painId) VALUES (8, 79, 'M', 1576, 1577, 1576);
INSERT INTO Positions (posId, left_costovertebral, right_costovertebral, left_flank, right_flank, pelvic, suprapubic) VALUES (1578, true, true, true, true, true, true);
INSERT INTO Positions (posId, left_groin, right_groin, testicular) VALUES (1579, true, true, true);
INSERT INTO Pain (pid, positionId, referred_pain_position, dysuria, sharp, colicky, four_hours, eight_hours, one_day, two_days, one_week) VALUES (1578, 1578, 1579, true, true, false, true, true, true, true, true);
INSERT INTO Symptoms (sxId, nausea, hematuria) VALUES (1578, true, true);
INSERT INTO Symptoms (sxId, polyuria, diaphoresis, vomiting) VALUES (1579, true, true, true);
INSERT INTO Cases (diagnosisId, age, gender, majorSx, minorSx, painId) VALUES (8, 85, 'F', 1578, 1579, 1578);
INSERT INTO Positions (posId, left_costovertebral, right_costovertebral, left_flank, right_flank, pelvic, suprapubic) VALUES (1580, true, true, true, true, true, false);
INSERT INTO Positions (posId, left_groin, right_groin, testicular) VALUES (1581, true, true, true);
INSERT INTO Pain (pid, positionId, referred_pain_position, dysuria, sharp, colicky, four_hours, eight_hours, one_day, two_days, one_week) VALUES (1580, 1580, 1581, true, true, true, true, true, true, true, true);
INSERT INTO Symptoms (sxId, nausea, hematuria) VALUES (1580, true, true);
INSERT INTO Symptoms (sxId, polyuria, diaphoresis, vomiting) VALUES (1581, false, true, true);
INSERT INTO Cases (diagnosisId, age, gender, majorSx, minorSx, painId) VALUES (8, 83, 'F', 1580, 1581, 1580);
INSERT INTO Positions (posId, left_costovertebral, right_costovertebral, left_flank, right_flank, pelvic, suprapubic) VALUES (1582, true, true, true, true, true, true);
INSERT INTO Positions (posId, left_groin, right_groin, testicular) VALUES (1583, true, true, true);
INSERT INTO Pain (pid, positionId, referred_pain_position, dysuria, sharp, colicky, four_hours, eight_hours, one_day, two_days, one_week) VALUES (1582, 1582, 1583, true, true, true, true, true, true, true, true);
INSERT INTO Symptoms (sxId, nausea, hematuria) VALUES (1582, true, true);
INSERT INTO Symptoms (sxId, polyuria, diaphoresis, vomiting) VALUES (1583, true, true, true);
INSERT INTO Cases (diagnosisId, age, gender, majorSx, minorSx, painId) VALUES (8, 83, 'F', 1582, 1583, 1582);
INSERT INTO Positions (posId, left_costovertebral, right_costovertebral, left_flank, right_flank, pelvic, suprapubic) VALUES (1584, false, true, true, false, true, true);
INSERT INTO Positions (posId, left_groin, right_groin, testicular) VALUES (1585, true, true, true);
INSERT INTO Pain (pid, positionId, referred_pain_position, dysuria, sharp, colicky, four_hours, eight_hours, one_day, two_days, one_week) VALUES (1584, 1584, 1585, true, true, true, false, true, true, true, true);
INSERT INTO Symptoms (sxId, nausea, hematuria) VALUES (1584, true, true);
INSERT INTO Symptoms (sxId, polyuria, diaphoresis, vomiting) VALUES (1585, true, true, true);
INSERT INTO Cases (diagnosisId, age, gender, majorSx, minorSx, painId) VALUES (8, 81, 'M', 1584, 1585, 1584);
INSERT INTO Positions (posId, left_costovertebral, right_costovertebral, left_flank, right_flank, pelvic, suprapubic) VALUES (1586, true, true, false, false, true, true);
INSERT INTO Positions (posId, left_groin, right_groin, testicular) VALUES (1587, true, true, true);
INSERT INTO Pain (pid, positionId, referred_pain_position, dysuria, sharp, colicky, four_hours, eight_hours, one_day, two_days, one_week) VALUES (1586, 1586, 1587, true, true, true, true, true, true, true, true);
INSERT INTO Symptoms (sxId, nausea, hematuria) VALUES (1586, true, true);
INSERT INTO Symptoms (sxId, polyuria, diaphoresis, vomiting) VALUES (1587, true, true, true);
INSERT INTO Cases (diagnosisId, age, gender, majorSx, minorSx, painId) VALUES (8, 81, 'M', 1586, 1587, 1586);
INSERT INTO Positions (posId, left_costovertebral, right_costovertebral, left_flank, right_flank, pelvic, suprapubic) VALUES (1588, true, true, true, true, true, true);
INSERT INTO Positions (posId, left_groin, right_groin, testicular) VALUES (1589, true, true, true);
INSERT INTO Pain (pid, positionId, referred_pain_position, dysuria, sharp, colicky, four_hours, eight_hours, one_day, two_days, one_week) VALUES (1588, 1588, 1589, true, true, true, true, false, true, true, true);
INSERT INTO Symptoms (sxId, nausea, hematuria) VALUES (1588, true, true);
INSERT INTO Symptoms (sxId, polyuria, diaphoresis, vomiting) VALUES (1589, true, true, true);
INSERT INTO Cases (diagnosisId, age, gender, majorSx, minorSx, painId) VALUES (8, 88, 'F', 1588, 1589, 1588);
INSERT INTO Positions (posId, left_costovertebral, right_costovertebral, left_flank, right_flank, pelvic, suprapubic) VALUES (1590, true, false, true, true, true, true);
INSERT INTO Positions (posId, left_groin, right_groin, testicular) VALUES (1591, true, true, true);
INSERT INTO Pain (pid, positionId, referred_pain_position, dysuria, sharp, colicky, four_hours, eight_hours, one_day, two_days, one_week) VALUES (1590, 1590, 1591, true, true, true, true, true, true, false, true);
INSERT INTO Symptoms (sxId, nausea, hematuria) VALUES (1590, true, true);
INSERT INTO Symptoms (sxId, polyuria, diaphoresis, vomiting) VALUES (1591, true, true, true);
INSERT INTO Cases (diagnosisId, age, gender, majorSx, minorSx, painId) VALUES (8, 89, 'M', 1590, 1591, 1590);
INSERT INTO Positions (posId, left_costovertebral, right_costovertebral, left_flank, right_flank, pelvic, suprapubic) VALUES (1592, true, true, true, false, true, true);
INSERT INTO Positions (posId, left_groin, right_groin, testicular) VALUES (1593, true, true, false);
INSERT INTO Pain (pid, positionId, referred_pain_position, dysuria, sharp, colicky, four_hours, eight_hours, one_day, two_days, one_week) VALUES (1592, 1592, 1593, true, true, true, true, true, true, true, true);
INSERT INTO Symptoms (sxId, nausea, hematuria) VALUES (1592, true, true);
INSERT INTO Symptoms (sxId, polyuria, diaphoresis, vomiting) VALUES (1593, true, true, true);
INSERT INTO Cases (diagnosisId, age, gender, majorSx, minorSx, painId) VALUES (8, 89, 'M', 1592, 1593, 1592);
INSERT INTO Positions (posId, left_costovertebral, right_costovertebral, left_flank, right_flank, pelvic, suprapubic) VALUES (1594, true, true, true, true, true, true);
INSERT INTO Positions (posId, left_groin, right_groin, testicular) VALUES (1595, true, true, true);
INSERT INTO Pain (pid, positionId, referred_pain_position, dysuria, sharp, colicky, four_hours, eight_hours, one_day, two_days, one_week) VALUES (1594, 1594, 1595, true, true, false, true, true, true, true, false);
INSERT INTO Symptoms (sxId, nausea, hematuria) VALUES (1594, true, true);
INSERT INTO Symptoms (sxId, polyuria, diaphoresis, vomiting) VALUES (1595, true, true, true);
INSERT INTO Cases (diagnosisId, age, gender, majorSx, minorSx, painId) VALUES (8, 92, 'M', 1594, 1595, 1594);
INSERT INTO Positions (posId, left_costovertebral, right_costovertebral, left_flank, right_flank, pelvic, suprapubic) VALUES (1596, true, true, true, true, true, false);
INSERT INTO Positions (posId, left_groin, right_groin, testicular) VALUES (1597, true, true, true);
INSERT INTO Pain (pid, positionId, referred_pain_position, dysuria, sharp, colicky, four_hours, eight_hours, one_day, two_days, one_week) VALUES (1596, 1596, 1597, true, true, true, true, true, true, true, true);
INSERT INTO Symptoms (sxId, nausea, hematuria) VALUES (1596, true, false);
INSERT INTO Symptoms (sxId, polyuria, diaphoresis, vomiting) VALUES (1597, true, true, true);
INSERT INTO Cases (diagnosisId, age, gender, majorSx, minorSx, painId) VALUES (8, 94, 'F', 1596, 1597, 1596);
INSERT INTO Positions (posId, left_costovertebral, right_costovertebral, left_flank, right_flank, pelvic, suprapubic) VALUES (1598, true, true, true, true, true, true);
INSERT INTO Positions (posId, left_groin, right_groin, testicular) VALUES (1599, true, true, true);
INSERT INTO Pain (pid, positionId, referred_pain_position, dysuria, sharp, colicky, four_hours, eight_hours, one_day, two_days, one_week) VALUES (1598, 1598, 1599, true, true, true, true, true, true, true, true);
INSERT INTO Symptoms (sxId, nausea, hematuria) VALUES (1598, true, true);
INSERT INTO Symptoms (sxId, polyuria, diaphoresis, vomiting) VALUES (1599, true, true, true);
INSERT INTO Cases (diagnosisId, age, gender, majorSx, minorSx, painId) VALUES (8, 95, 'M', 1598, 1599, 1598);
INSERT INTO Positions (posId, left_costovertebral, right_costovertebral, left_flank, right_flank, pelvic, suprapubic) VALUES (1600, true, true, true, true, true, false);
INSERT INTO Positions (posId, left_groin, right_groin, testicular) VALUES (1601, true, false, true);
INSERT INTO Pain (pid, positionId, referred_pain_position, dysuria, sharp, colicky, four_hours, eight_hours, one_day, two_days, one_week) VALUES (1600, 1600, 1601, true, true, true, true, true, false, true, true);
INSERT INTO Symptoms (sxId, nausea, hematuria) VALUES (1600, true, true);
INSERT INTO Symptoms (sxId, polyuria, diaphoresis, vomiting) VALUES (1601, true, true, true);
INSERT INTO Cases (diagnosisId, age, gender, majorSx, minorSx, painId) VALUES (8, 102, 'M', 1600, 1601, 1600);
Insert INTO Diagnosis (dId, dname) Values (9, 'Acute');
INSERT INTO Positions (posId, head, throat, maxilar_sinuses, frontal_sinuses) VALUES (1602, true, true, true, true);
INSERT INTO Positions (posId) VALUES (1603);
INSERT INTO Pain (pid, positionId, referred_pain_position, four_hours, eight_hours, one_day, two_days, one_week, worse_with_bending_forward) VALUES (1602, 1602, 1603, true, true, true, true, true, true);
INSERT INTO Symptoms (sxId, cough, dry_cough, productive_cough, fever, rhinitis) VALUES (1602, true, true, true, true, true);
INSERT INTO Symptoms (sxId, fatigue, malaise, loss_of_appetite, dehydration, diaphoresis, shortness_of_breath, conjunctivitis, chills) VALUES (1603, false, true, true, false, true, true, true, true);
INSERT INTO Cases (diagnosisId, age, gender, majorSx, minorSx, painId) VALUES (9, 3, 'F', 1602, 1603, 1602);
INSERT INTO Positions (posId, head, throat, maxilar_sinuses, frontal_sinuses) VALUES (1604, true, true, true, true);
INSERT INTO Positions (posId) VALUES (1605);
INSERT INTO Pain (pid, positionId, referred_pain_position, four_hours, eight_hours, one_day, two_days, one_week, worse_with_bending_forward) VALUES (1604, 1604, 1605, true, true, true, false, false, true);
INSERT INTO Symptoms (sxId, cough, dry_cough, productive_cough, fever, rhinitis) VALUES (1604, true, true, true, true, true);
INSERT INTO Symptoms (sxId, fatigue, malaise, loss_of_appetite, dehydration, diaphoresis, shortness_of_breath, conjunctivitis, chills) VALUES (1605, true, true, true, true, true, true, true, true);
INSERT INTO Cases (diagnosisId, age, gender, majorSx, minorSx, painId) VALUES (9, 1, 'F', 1604, 1605, 1604);
INSERT INTO Positions (posId, head, throat, maxilar_sinuses, frontal_sinuses) VALUES (1606, true, true, true, true);
INSERT INTO Positions (posId) VALUES (1607);
INSERT INTO Pain (pid, positionId, referred_pain_position, four_hours, eight_hours, one_day, two_days, one_week, worse_with_bending_forward) VALUES (1606, 1606, 1607, true, true, true, true, true, true);
INSERT INTO Symptoms (sxId, cough, dry_cough, productive_cough, fever, rhinitis) VALUES (1606, true, true, true, true, true);
INSERT INTO Symptoms (sxId, fatigue, malaise, loss_of_appetite, dehydration, diaphoresis, shortness_of_breath, conjunctivitis, chills) VALUES (1607, true, true, true, false, true, false, true, true);
INSERT INTO Cases (diagnosisId, age, gender, majorSx, minorSx, painId) VALUES (9, 5, 'M', 1606, 1607, 1606);
INSERT INTO Positions (posId, head, throat, maxilar_sinuses, frontal_sinuses) VALUES (1608, true, true, true, true);
INSERT INTO Positions (posId) VALUES (1609);
INSERT INTO Pain (pid, positionId, referred_pain_position, four_hours, eight_hours, one_day, two_days, one_week, worse_with_bending_forward) VALUES (1608, 1608, 1609, true, true, true, true, true, true);
INSERT INTO Symptoms (sxId, cough, dry_cough, productive_cough, fever, rhinitis) VALUES (1608, true, true, true, true, true);
INSERT INTO Symptoms (sxId, fatigue, malaise, loss_of_appetite, dehydration, diaphoresis, shortness_of_breath, conjunctivitis, chills) VALUES (1609, true, true, true, true, true, true, true, true);
INSERT INTO Cases (diagnosisId, age, gender, majorSx, minorSx, painId) VALUES (9, 1, 'M', 1608, 1609, 1608);
INSERT INTO Positions (posId, head, throat, maxilar_sinuses, frontal_sinuses) VALUES (1610, true, true, true, true);
INSERT INTO Positions (posId) VALUES (1611);
INSERT INTO Pain (pid, positionId, referred_pain_position, four_hours, eight_hours, one_day, two_days, one_week, worse_with_bending_forward) VALUES (1610, 1610, 1611, true, true, true, true, true, true);
INSERT INTO Symptoms (sxId, cough, dry_cough, productive_cough, fever, rhinitis) VALUES (1610, true, true, true, false, true);
INSERT INTO Symptoms (sxId, fatigue, malaise, loss_of_appetite, dehydration, diaphoresis, shortness_of_breath, conjunctivitis, chills) VALUES (1611, true, true, true, true, true, true, true, true);
INSERT INTO Cases (diagnosisId, age, gender, majorSx, minorSx, painId) VALUES (9, 5, 'F', 1610, 1611, 1610);
INSERT INTO Positions (posId, head, throat, maxilar_sinuses, frontal_sinuses) VALUES (1612, true, false, true, true);
INSERT INTO Positions (posId) VALUES (1613);
INSERT INTO Pain (pid, positionId, referred_pain_position, four_hours, eight_hours, one_day, two_days, one_week, worse_with_bending_forward) VALUES (1612, 1612, 1613, true, true, false, true, false, true);
INSERT INTO Symptoms (sxId, cough, dry_cough, productive_cough, fever, rhinitis) VALUES (1612, true, true, true, true, true);
INSERT INTO Symptoms (sxId, fatigue, malaise, loss_of_appetite, dehydration, diaphoresis, shortness_of_breath, conjunctivitis, chills) VALUES (1613, true, true, true, true, true, false, true, true);
INSERT INTO Cases (diagnosisId, age, gender, majorSx, minorSx, painId) VALUES (9, 5, 'F', 1612, 1613, 1612);
INSERT INTO Positions (posId, head, throat, maxilar_sinuses, frontal_sinuses) VALUES (1614, true, true, true, true);
INSERT INTO Positions (posId) VALUES (1615);
INSERT INTO Pain (pid, positionId, referred_pain_position, four_hours, eight_hours, one_day, two_days, one_week, worse_with_bending_forward) VALUES (1614, 1614, 1615, false, true, true, true, true, true);
INSERT INTO Symptoms (sxId, cough, dry_cough, productive_cough, fever, rhinitis) VALUES (1614, true, true, true, true, false);
INSERT INTO Symptoms (sxId, fatigue, malaise, loss_of_appetite, dehydration, diaphoresis, shortness_of_breath, conjunctivitis, chills) VALUES (1615, true, true, true, true, true, false, true, true);
INSERT INTO Cases (diagnosisId, age, gender, majorSx, minorSx, painId) VALUES (9, 2, 'F', 1614, 1615, 1614);
INSERT INTO Positions (posId, head, throat, maxilar_sinuses, frontal_sinuses) VALUES (1616, true, true, true, true);
INSERT INTO Positions (posId) VALUES (1617);
INSERT INTO Pain (pid, positionId, referred_pain_position, four_hours, eight_hours, one_day, two_days, one_week, worse_with_bending_forward) VALUES (1616, 1616, 1617, true, true, true, true, true, true);
INSERT INTO Symptoms (sxId, cough, dry_cough, productive_cough, fever, rhinitis) VALUES (1616, true, true, true, false, true);
INSERT INTO Symptoms (sxId, fatigue, malaise, loss_of_appetite, dehydration, diaphoresis, shortness_of_breath, conjunctivitis, chills) VALUES (1617, true, true, true, true, true, true, true, true);
INSERT INTO Cases (diagnosisId, age, gender, majorSx, minorSx, painId) VALUES (9, 2, 'F', 1616, 1617, 1616);
INSERT INTO Positions (posId, head, throat, maxilar_sinuses, frontal_sinuses) VALUES (1618, false, true, true, true);
INSERT INTO Positions (posId) VALUES (1619);
INSERT INTO Pain (pid, positionId, referred_pain_position, four_hours, eight_hours, one_day, two_days, one_week, worse_with_bending_forward) VALUES (1618, 1618, 1619, true, true, true, true, true, true);
INSERT INTO Symptoms (sxId, cough, dry_cough, productive_cough, fever, rhinitis) VALUES (1618, false, true, true, true, true);
INSERT INTO Symptoms (sxId, fatigue, malaise, loss_of_appetite, dehydration, diaphoresis, shortness_of_breath, conjunctivitis, chills) VALUES (1619, true, true, true, true, true, true, false, false);
INSERT INTO Cases (diagnosisId, age, gender, majorSx, minorSx, painId) VALUES (9, 1, 'M', 1618, 1619, 1618);
INSERT INTO Positions (posId, head, throat, maxilar_sinuses, frontal_sinuses) VALUES (1620, true, true, true, true);
INSERT INTO Positions (posId) VALUES (1621);
INSERT INTO Pain (pid, positionId, referred_pain_position, four_hours, eight_hours, one_day, two_days, one_week, worse_with_bending_forward) VALUES (1620, 1620, 1621, true, true, true, true, true, false);
INSERT INTO Symptoms (sxId, cough, dry_cough, productive_cough, fever, rhinitis) VALUES (1620, false, true, true, true, true);
INSERT INTO Symptoms (sxId, fatigue, malaise, loss_of_appetite, dehydration, diaphoresis, shortness_of_breath, conjunctivitis, chills) VALUES (1621, false, true, true, true, true, true, true, true);
INSERT INTO Cases (diagnosisId, age, gender, majorSx, minorSx, painId) VALUES (9, 10, 'F', 1620, 1621, 1620);
INSERT INTO Positions (posId, head, throat, maxilar_sinuses, frontal_sinuses) VALUES (1622, true, true, true, true);
INSERT INTO Positions (posId) VALUES (1623);
INSERT INTO Pain (pid, positionId, referred_pain_position, four_hours, eight_hours, one_day, two_days, one_week, worse_with_bending_forward) VALUES (1622, 1622, 1623, true, true, true, true, true, true);
INSERT INTO Symptoms (sxId, cough, dry_cough, productive_cough, fever, rhinitis) VALUES (1622, true, true, false, true, true);
INSERT INTO Symptoms (sxId, fatigue, malaise, loss_of_appetite, dehydration, diaphoresis, shortness_of_breath, conjunctivitis, chills) VALUES (1623, true, true, false, true, true, true, true, true);
INSERT INTO Cases (diagnosisId, age, gender, majorSx, minorSx, painId) VALUES (9, 10, 'F', 1622, 1623, 1622);
INSERT INTO Positions (posId, head, throat, maxilar_sinuses, frontal_sinuses) VALUES (1624, true, true, true, true);
INSERT INTO Positions (posId) VALUES (1625);
INSERT INTO Pain (pid, positionId, referred_pain_position, four_hours, eight_hours, one_day, two_days, one_week, worse_with_bending_forward) VALUES (1624, 1624, 1625, true, true, true, true, true, true);
INSERT INTO Symptoms (sxId, cough, dry_cough, productive_cough, fever, rhinitis) VALUES (1624, true, true, true, true, true);
INSERT INTO Symptoms (sxId, fatigue, malaise, loss_of_appetite, dehydration, diaphoresis, shortness_of_breath, conjunctivitis, chills) VALUES (1625, true, true, true, true, true, false, true, true);
INSERT INTO Cases (diagnosisId, age, gender, majorSx, minorSx, painId) VALUES (9, 9, 'F', 1624, 1625, 1624);
INSERT INTO Positions (posId, head, throat, maxilar_sinuses, frontal_sinuses) VALUES (1626, true, true, true, false);
INSERT INTO Positions (posId) VALUES (1627);
INSERT INTO Pain (pid, positionId, referred_pain_position, four_hours, eight_hours, one_day, two_days, one_week, worse_with_bending_forward) VALUES (1626, 1626, 1627, true, true, true, false, true, true);
INSERT INTO Symptoms (sxId, cough, dry_cough, productive_cough, fever, rhinitis) VALUES (1626, false, true, false, true, false);
INSERT INTO Symptoms (sxId, fatigue, malaise, loss_of_appetite, dehydration, diaphoresis, shortness_of_breath, conjunctivitis, chills) VALUES (1627, true, true, true, true, true, true, true, true);
INSERT INTO Cases (diagnosisId, age, gender, majorSx, minorSx, painId) VALUES (9, 7, 'M', 1626, 1627, 1626);
INSERT INTO Positions (posId, head, throat, maxilar_sinuses, frontal_sinuses) VALUES (1628, true, false, true, true);
INSERT INTO Positions (posId) VALUES (1629);
INSERT INTO Pain (pid, positionId, referred_pain_position, four_hours, eight_hours, one_day, two_days, one_week, worse_with_bending_forward) VALUES (1628, 1628, 1629, true, true, true, true, true, true);
INSERT INTO Symptoms (sxId, cough, dry_cough, productive_cough, fever, rhinitis) VALUES (1628, true, true, true, true, true);
INSERT INTO Symptoms (sxId, fatigue, malaise, loss_of_appetite, dehydration, diaphoresis, shortness_of_breath, conjunctivitis, chills) VALUES (1629, true, true, true, true, true, false, true, true);
INSERT INTO Cases (diagnosisId, age, gender, majorSx, minorSx, painId) VALUES (9, 7, 'F', 1628, 1629, 1628);
INSERT INTO Positions (posId, head, throat, maxilar_sinuses, frontal_sinuses) VALUES (1630, true, true, true, true);
INSERT INTO Positions (posId) VALUES (1631);
INSERT INTO Pain (pid, positionId, referred_pain_position, four_hours, eight_hours, one_day, two_days, one_week, worse_with_bending_forward) VALUES (1630, 1630, 1631, true, true, true, true, true, false);
INSERT INTO Symptoms (sxId, cough, dry_cough, productive_cough, fever, rhinitis) VALUES (1630, true, true, true, true, false);
INSERT INTO Symptoms (sxId, fatigue, malaise, loss_of_appetite, dehydration, diaphoresis, shortness_of_breath, conjunctivitis, chills) VALUES (1631, true, true, false, true, true, true, true, true);
INSERT INTO Cases (diagnosisId, age, gender, majorSx, minorSx, painId) VALUES (9, 7, 'M', 1630, 1631, 1630);
INSERT INTO Positions (posId, head, throat, maxilar_sinuses, frontal_sinuses) VALUES (1632, true, true, true, true);
INSERT INTO Positions (posId) VALUES (1633);
INSERT INTO Pain (pid, positionId, referred_pain_position, four_hours, eight_hours, one_day, two_days, one_week, worse_with_bending_forward) VALUES (1632, 1632, 1633, true, true, true, true, false, true);
INSERT INTO Symptoms (sxId, cough, dry_cough, productive_cough, fever, rhinitis) VALUES (1632, true, true, true, true, true);
INSERT INTO Symptoms (sxId, fatigue, malaise, loss_of_appetite, dehydration, diaphoresis, shortness_of_breath, conjunctivitis, chills) VALUES (1633, true, true, true, true, true, true, true, false);
INSERT INTO Cases (diagnosisId, age, gender, majorSx, minorSx, painId) VALUES (9, 7, 'M', 1632, 1633, 1632);
INSERT INTO Positions (posId, head, throat, maxilar_sinuses, frontal_sinuses) VALUES (1634, true, true, true, true);
INSERT INTO Positions (posId) VALUES (1635);
INSERT INTO Pain (pid, positionId, referred_pain_position, four_hours, eight_hours, one_day, two_days, one_week, worse_with_bending_forward) VALUES (1634, 1634, 1635, true, true, true, true, true, true);
INSERT INTO Symptoms (sxId, cough, dry_cough, productive_cough, fever, rhinitis) VALUES (1634, false, false, true, true, true);
INSERT INTO Symptoms (sxId, fatigue, malaise, loss_of_appetite, dehydration, diaphoresis, shortness_of_breath, conjunctivitis, chills) VALUES (1635, false, true, true, true, true, true, true, false);
INSERT INTO Cases (diagnosisId, age, gender, majorSx, minorSx, painId) VALUES (9, 11, 'F', 1634, 1635, 1634);
INSERT INTO Positions (posId, head, throat, maxilar_sinuses, frontal_sinuses) VALUES (1636, false, false, true, false);
INSERT INTO Positions (posId) VALUES (1637);
INSERT INTO Pain (pid, positionId, referred_pain_position, four_hours, eight_hours, one_day, two_days, one_week, worse_with_bending_forward) VALUES (1636, 1636, 1637, true, true, true, true, true, true);
INSERT INTO Symptoms (sxId, cough, dry_cough, productive_cough, fever, rhinitis) VALUES (1636, true, true, true, true, true);
INSERT INTO Symptoms (sxId, fatigue, malaise, loss_of_appetite, dehydration, diaphoresis, shortness_of_breath, conjunctivitis, chills) VALUES (1637, true, true, true, true, true, true, true, true);
INSERT INTO Cases (diagnosisId, age, gender, majorSx, minorSx, painId) VALUES (9, 14, 'M', 1636, 1637, 1636);
INSERT INTO Positions (posId, head, throat, maxilar_sinuses, frontal_sinuses) VALUES (1638, true, true, true, true);
INSERT INTO Positions (posId) VALUES (1639);
INSERT INTO Pain (pid, positionId, referred_pain_position, four_hours, eight_hours, one_day, two_days, one_week, worse_with_bending_forward) VALUES (1638, 1638, 1639, true, true, true, true, true, true);
INSERT INTO Symptoms (sxId, cough, dry_cough, productive_cough, fever, rhinitis) VALUES (1638, true, true, true, true, true);
INSERT INTO Symptoms (sxId, fatigue, malaise, loss_of_appetite, dehydration, diaphoresis, shortness_of_breath, conjunctivitis, chills) VALUES (1639, true, true, true, true, true, true, true, true);
INSERT INTO Cases (diagnosisId, age, gender, majorSx, minorSx, painId) VALUES (9, 13, 'M', 1638, 1639, 1638);
INSERT INTO Positions (posId, head, throat, maxilar_sinuses, frontal_sinuses) VALUES (1640, true, true, true, true);
INSERT INTO Positions (posId) VALUES (1641);
INSERT INTO Pain (pid, positionId, referred_pain_position, four_hours, eight_hours, one_day, two_days, one_week, worse_with_bending_forward) VALUES (1640, 1640, 1641, true, true, true, true, true, true);
INSERT INTO Symptoms (sxId, cough, dry_cough, productive_cough, fever, rhinitis) VALUES (1640, true, true, true, true, true);
INSERT INTO Symptoms (sxId, fatigue, malaise, loss_of_appetite, dehydration, diaphoresis, shortness_of_breath, conjunctivitis, chills) VALUES (1641, true, true, true, true, true, false, true, true);
INSERT INTO Cases (diagnosisId, age, gender, majorSx, minorSx, painId) VALUES (9, 13, 'M', 1640, 1641, 1640);
INSERT INTO Positions (posId, head, throat, maxilar_sinuses, frontal_sinuses) VALUES (1642, true, true, true, true);
INSERT INTO Positions (posId) VALUES (1643);
INSERT INTO Pain (pid, positionId, referred_pain_position, four_hours, eight_hours, one_day, two_days, one_week, worse_with_bending_forward) VALUES (1642, 1642, 1643, false, true, true, true, false, true);
INSERT INTO Symptoms (sxId, cough, dry_cough, productive_cough, fever, rhinitis) VALUES (1642, true, true, true, true, true);
INSERT INTO Symptoms (sxId, fatigue, malaise, loss_of_appetite, dehydration, diaphoresis, shortness_of_breath, conjunctivitis, chills) VALUES (1643, false, true, true, true, true, true, true, true);
INSERT INTO Cases (diagnosisId, age, gender, majorSx, minorSx, painId) VALUES (9, 14, 'F', 1642, 1643, 1642);
INSERT INTO Positions (posId, head, throat, maxilar_sinuses, frontal_sinuses) VALUES (1644, true, true, true, false);
INSERT INTO Positions (posId) VALUES (1645);
INSERT INTO Pain (pid, positionId, referred_pain_position, four_hours, eight_hours, one_day, two_days, one_week, worse_with_bending_forward) VALUES (1644, 1644, 1645, true, true, true, true, true, true);
INSERT INTO Symptoms (sxId, cough, dry_cough, productive_cough, fever, rhinitis) VALUES (1644, true, true, true, true, true);
INSERT INTO Symptoms (sxId, fatigue, malaise, loss_of_appetite, dehydration, diaphoresis, shortness_of_breath, conjunctivitis, chills) VALUES (1645, true, true, true, true, true, true, true, true);
INSERT INTO Cases (diagnosisId, age, gender, majorSx, minorSx, painId) VALUES (9, 16, 'M', 1644, 1645, 1644);
INSERT INTO Positions (posId, head, throat, maxilar_sinuses, frontal_sinuses) VALUES (1646, true, true, true, true);
INSERT INTO Positions (posId) VALUES (1647);
INSERT INTO Pain (pid, positionId, referred_pain_position, four_hours, eight_hours, one_day, two_days, one_week, worse_with_bending_forward) VALUES (1646, 1646, 1647, false, true, true, true, true, true);
INSERT INTO Symptoms (sxId, cough, dry_cough, productive_cough, fever, rhinitis) VALUES (1646, false, true, true, false, true);
INSERT INTO Symptoms (sxId, fatigue, malaise, loss_of_appetite, dehydration, diaphoresis, shortness_of_breath, conjunctivitis, chills) VALUES (1647, true, true, true, true, true, true, false, true);
INSERT INTO Cases (diagnosisId, age, gender, majorSx, minorSx, painId) VALUES (9, 18, 'M', 1646, 1647, 1646);
INSERT INTO Positions (posId, head, throat, maxilar_sinuses, frontal_sinuses) VALUES (1648, true, true, true, true);
INSERT INTO Positions (posId) VALUES (1649);
INSERT INTO Pain (pid, positionId, referred_pain_position, four_hours, eight_hours, one_day, two_days, one_week, worse_with_bending_forward) VALUES (1648, 1648, 1649, true, true, true, true, true, true);
INSERT INTO Symptoms (sxId, cough, dry_cough, productive_cough, fever, rhinitis) VALUES (1648, false, true, false, true, true);
INSERT INTO Symptoms (sxId, fatigue, malaise, loss_of_appetite, dehydration, diaphoresis, shortness_of_breath, conjunctivitis, chills) VALUES (1649, true, true, true, true, true, true, true, true);
INSERT INTO Cases (diagnosisId, age, gender, majorSx, minorSx, painId) VALUES (9, 17, 'F', 1648, 1649, 1648);
INSERT INTO Positions (posId, head, throat, maxilar_sinuses, frontal_sinuses) VALUES (1650, true, true, true, false);
INSERT INTO Positions (posId) VALUES (1651);
INSERT INTO Pain (pid, positionId, referred_pain_position, four_hours, eight_hours, one_day, two_days, one_week, worse_with_bending_forward) VALUES (1650, 1650, 1651, true, true, true, true, false, true);
INSERT INTO Symptoms (sxId, cough, dry_cough, productive_cough, fever, rhinitis) VALUES (1650, true, true, true, true, true);
INSERT INTO Symptoms (sxId, fatigue, malaise, loss_of_appetite, dehydration, diaphoresis, shortness_of_breath, conjunctivitis, chills) VALUES (1651, true, true, false, true, true, true, true, true);
INSERT INTO Cases (diagnosisId, age, gender, majorSx, minorSx, painId) VALUES (9, 20, 'F', 1650, 1651, 1650);
INSERT INTO Positions (posId, head, throat, maxilar_sinuses, frontal_sinuses) VALUES (1652, true, true, true, true);
INSERT INTO Positions (posId) VALUES (1653);
INSERT INTO Pain (pid, positionId, referred_pain_position, four_hours, eight_hours, one_day, two_days, one_week, worse_with_bending_forward) VALUES (1652, 1652, 1653, true, true, true, true, true, true);
INSERT INTO Symptoms (sxId, cough, dry_cough, productive_cough, fever, rhinitis) VALUES (1652, true, true, true, true, true);
INSERT INTO Symptoms (sxId, fatigue, malaise, loss_of_appetite, dehydration, diaphoresis, shortness_of_breath, conjunctivitis, chills) VALUES (1653, true, true, true, true, true, true, true, true);
INSERT INTO Cases (diagnosisId, age, gender, majorSx, minorSx, painId) VALUES (9, 18, 'M', 1652, 1653, 1652);
INSERT INTO Positions (posId, head, throat, maxilar_sinuses, frontal_sinuses) VALUES (1654, true, true, true, true);
INSERT INTO Positions (posId) VALUES (1655);
INSERT INTO Pain (pid, positionId, referred_pain_position, four_hours, eight_hours, one_day, two_days, one_week, worse_with_bending_forward) VALUES (1654, 1654, 1655, true, true, true, true, true, true);
INSERT INTO Symptoms (sxId, cough, dry_cough, productive_cough, fever, rhinitis) VALUES (1654, true, true, true, true, true);
INSERT INTO Symptoms (sxId, fatigue, malaise, loss_of_appetite, dehydration, diaphoresis, shortness_of_breath, conjunctivitis, chills) VALUES (1655, true, true, true, true, false, true, true, true);
INSERT INTO Cases (diagnosisId, age, gender, majorSx, minorSx, painId) VALUES (9, 21, 'M', 1654, 1655, 1654);
INSERT INTO Positions (posId, head, throat, maxilar_sinuses, frontal_sinuses) VALUES (1656, true, true, true, true);
INSERT INTO Positions (posId) VALUES (1657);
INSERT INTO Pain (pid, positionId, referred_pain_position, four_hours, eight_hours, one_day, two_days, one_week, worse_with_bending_forward) VALUES (1656, 1656, 1657, true, true, true, true, true, true);
INSERT INTO Symptoms (sxId, cough, dry_cough, productive_cough, fever, rhinitis) VALUES (1656, true, false, true, true, true);
INSERT INTO Symptoms (sxId, fatigue, malaise, loss_of_appetite, dehydration, diaphoresis, shortness_of_breath, conjunctivitis, chills) VALUES (1657, true, true, false, true, true, true, true, false);
INSERT INTO Cases (diagnosisId, age, gender, majorSx, minorSx, painId) VALUES (9, 21, 'F', 1656, 1657, 1656);
INSERT INTO Positions (posId, head, throat, maxilar_sinuses, frontal_sinuses) VALUES (1658, true, true, true, true);
INSERT INTO Positions (posId) VALUES (1659);
INSERT INTO Pain (pid, positionId, referred_pain_position, four_hours, eight_hours, one_day, two_days, one_week, worse_with_bending_forward) VALUES (1658, 1658, 1659, true, true, true, true, true, true);
INSERT INTO Symptoms (sxId, cough, dry_cough, productive_cough, fever, rhinitis) VALUES (1658, true, true, true, true, true);
INSERT INTO Symptoms (sxId, fatigue, malaise, loss_of_appetite, dehydration, diaphoresis, shortness_of_breath, conjunctivitis, chills) VALUES (1659, true, true, true, true, true, true, true, true);
INSERT INTO Cases (diagnosisId, age, gender, majorSx, minorSx, painId) VALUES (9, 23, 'F', 1658, 1659, 1658);
INSERT INTO Positions (posId, head, throat, maxilar_sinuses, frontal_sinuses) VALUES (1660, true, true, true, true);
INSERT INTO Positions (posId) VALUES (1661);
INSERT INTO Pain (pid, positionId, referred_pain_position, four_hours, eight_hours, one_day, two_days, one_week, worse_with_bending_forward) VALUES (1660, 1660, 1661, true, true, true, true, true, false);
INSERT INTO Symptoms (sxId, cough, dry_cough, productive_cough, fever, rhinitis) VALUES (1660, true, true, true, true, true);
INSERT INTO Symptoms (sxId, fatigue, malaise, loss_of_appetite, dehydration, diaphoresis, shortness_of_breath, conjunctivitis, chills) VALUES (1661, true, true, true, true, true, true, true, true);
INSERT INTO Cases (diagnosisId, age, gender, majorSx, minorSx, painId) VALUES (9, 27, 'F', 1660, 1661, 1660);
INSERT INTO Positions (posId, head, throat, maxilar_sinuses, frontal_sinuses) VALUES (1662, true, true, true, true);
INSERT INTO Positions (posId) VALUES (1663);
INSERT INTO Pain (pid, positionId, referred_pain_position, four_hours, eight_hours, one_day, two_days, one_week, worse_with_bending_forward) VALUES (1662, 1662, 1663, true, false, true, true, true, true);
INSERT INTO Symptoms (sxId, cough, dry_cough, productive_cough, fever, rhinitis) VALUES (1662, true, true, true, true, false);
INSERT INTO Symptoms (sxId, fatigue, malaise, loss_of_appetite, dehydration, diaphoresis, shortness_of_breath, conjunctivitis, chills) VALUES (1663, false, true, false, false, true, true, true, true);
INSERT INTO Cases (diagnosisId, age, gender, majorSx, minorSx, painId) VALUES (9, 27, 'F', 1662, 1663, 1662);
INSERT INTO Positions (posId, head, throat, maxilar_sinuses, frontal_sinuses) VALUES (1664, false, true, true, false);
INSERT INTO Positions (posId) VALUES (1665);
INSERT INTO Pain (pid, positionId, referred_pain_position, four_hours, eight_hours, one_day, two_days, one_week, worse_with_bending_forward) VALUES (1664, 1664, 1665, true, true, true, true, true, true);
INSERT INTO Symptoms (sxId, cough, dry_cough, productive_cough, fever, rhinitis) VALUES (1664, true, true, true, true, true);
INSERT INTO Symptoms (sxId, fatigue, malaise, loss_of_appetite, dehydration, diaphoresis, shortness_of_breath, conjunctivitis, chills) VALUES (1665, true, true, true, true, true, true, true, true);
INSERT INTO Cases (diagnosisId, age, gender, majorSx, minorSx, painId) VALUES (9, 28, 'M', 1664, 1665, 1664);
INSERT INTO Positions (posId, head, throat, maxilar_sinuses, frontal_sinuses) VALUES (1666, true, true, true, true);
INSERT INTO Positions (posId) VALUES (1667);
INSERT INTO Pain (pid, positionId, referred_pain_position, four_hours, eight_hours, one_day, two_days, one_week, worse_with_bending_forward) VALUES (1666, 1666, 1667, true, true, true, true, true, true);
INSERT INTO Symptoms (sxId, cough, dry_cough, productive_cough, fever, rhinitis) VALUES (1666, true, true, true, true, true);
INSERT INTO Symptoms (sxId, fatigue, malaise, loss_of_appetite, dehydration, diaphoresis, shortness_of_breath, conjunctivitis, chills) VALUES (1667, true, true, true, true, true, true, false, true);
INSERT INTO Cases (diagnosisId, age, gender, majorSx, minorSx, painId) VALUES (9, 35, 'M', 1666, 1667, 1666);
INSERT INTO Positions (posId, head, throat, maxilar_sinuses, frontal_sinuses) VALUES (1668, true, true, true, true);
INSERT INTO Positions (posId) VALUES (1669);
INSERT INTO Pain (pid, positionId, referred_pain_position, four_hours, eight_hours, one_day, two_days, one_week, worse_with_bending_forward) VALUES (1668, 1668, 1669, true, true, true, true, true, true);
INSERT INTO Symptoms (sxId, cough, dry_cough, productive_cough, fever, rhinitis) VALUES (1668, true, true, true, true, true);
INSERT INTO Symptoms (sxId, fatigue, malaise, loss_of_appetite, dehydration, diaphoresis, shortness_of_breath, conjunctivitis, chills) VALUES (1669, true, true, true, true, true, true, true, false);
INSERT INTO Cases (diagnosisId, age, gender, majorSx, minorSx, painId) VALUES (9, 35, 'M', 1668, 1669, 1668);
INSERT INTO Positions (posId, head, throat, maxilar_sinuses, frontal_sinuses) VALUES (1670, true, true, true, true);
INSERT INTO Positions (posId) VALUES (1671);
INSERT INTO Pain (pid, positionId, referred_pain_position, four_hours, eight_hours, one_day, two_days, one_week, worse_with_bending_forward) VALUES (1670, 1670, 1671, false, true, true, true, true, false);
INSERT INTO Symptoms (sxId, cough, dry_cough, productive_cough, fever, rhinitis) VALUES (1670, true, false, true, true, true);
INSERT INTO Symptoms (sxId, fatigue, malaise, loss_of_appetite, dehydration, diaphoresis, shortness_of_breath, conjunctivitis, chills) VALUES (1671, true, true, true, true, true, true, true, true);
INSERT INTO Cases (diagnosisId, age, gender, majorSx, minorSx, painId) VALUES (9, 34, 'M', 1670, 1671, 1670);
INSERT INTO Positions (posId, head, throat, maxilar_sinuses, frontal_sinuses) VALUES (1672, true, true, true, true);
INSERT INTO Positions (posId) VALUES (1673);
INSERT INTO Pain (pid, positionId, referred_pain_position, four_hours, eight_hours, one_day, two_days, one_week, worse_with_bending_forward) VALUES (1672, 1672, 1673, true, true, true, true, true, true);
INSERT INTO Symptoms (sxId, cough, dry_cough, productive_cough, fever, rhinitis) VALUES (1672, true, true, true, true, true);
INSERT INTO Symptoms (sxId, fatigue, malaise, loss_of_appetite, dehydration, diaphoresis, shortness_of_breath, conjunctivitis, chills) VALUES (1673, true, true, true, true, true, true, true, true);
INSERT INTO Cases (diagnosisId, age, gender, majorSx, minorSx, painId) VALUES (9, 31, 'M', 1672, 1673, 1672);
INSERT INTO Positions (posId, head, throat, maxilar_sinuses, frontal_sinuses) VALUES (1674, true, true, true, true);
INSERT INTO Positions (posId) VALUES (1675);
INSERT INTO Pain (pid, positionId, referred_pain_position, four_hours, eight_hours, one_day, two_days, one_week, worse_with_bending_forward) VALUES (1674, 1674, 1675, true, false, true, true, true, true);
INSERT INTO Symptoms (sxId, cough, dry_cough, productive_cough, fever, rhinitis) VALUES (1674, true, true, true, true, true);
INSERT INTO Symptoms (sxId, fatigue, malaise, loss_of_appetite, dehydration, diaphoresis, shortness_of_breath, conjunctivitis, chills) VALUES (1675, true, true, true, true, true, true, true, false);
INSERT INTO Cases (diagnosisId, age, gender, majorSx, minorSx, painId) VALUES (9, 35, 'F', 1674, 1675, 1674);
INSERT INTO Positions (posId, head, throat, maxilar_sinuses, frontal_sinuses) VALUES (1676, true, false, true, true);
INSERT INTO Positions (posId) VALUES (1677);
INSERT INTO Pain (pid, positionId, referred_pain_position, four_hours, eight_hours, one_day, two_days, one_week, worse_with_bending_forward) VALUES (1676, 1676, 1677, true, true, true, true, true, true);
INSERT INTO Symptoms (sxId, cough, dry_cough, productive_cough, fever, rhinitis) VALUES (1676, true, true, true, true, true);
INSERT INTO Symptoms (sxId, fatigue, malaise, loss_of_appetite, dehydration, diaphoresis, shortness_of_breath, conjunctivitis, chills) VALUES (1677, true, true, true, true, false, true, true, true);
INSERT INTO Cases (diagnosisId, age, gender, majorSx, minorSx, painId) VALUES (9, 38, 'F', 1676, 1677, 1676);
INSERT INTO Positions (posId, head, throat, maxilar_sinuses, frontal_sinuses) VALUES (1678, true, true, true, true);
INSERT INTO Positions (posId) VALUES (1679);
INSERT INTO Pain (pid, positionId, referred_pain_position, four_hours, eight_hours, one_day, two_days, one_week, worse_with_bending_forward) VALUES (1678, 1678, 1679, true, true, true, true, true, true);
INSERT INTO Symptoms (sxId, cough, dry_cough, productive_cough, fever, rhinitis) VALUES (1678, true, true, true, true, true);
INSERT INTO Symptoms (sxId, fatigue, malaise, loss_of_appetite, dehydration, diaphoresis, shortness_of_breath, conjunctivitis, chills) VALUES (1679, true, true, true, true, true, true, true, true);
INSERT INTO Cases (diagnosisId, age, gender, majorSx, minorSx, painId) VALUES (9, 40, 'F', 1678, 1679, 1678);
INSERT INTO Positions (posId, head, throat, maxilar_sinuses, frontal_sinuses) VALUES (1680, true, true, true, true);
INSERT INTO Positions (posId) VALUES (1681);
INSERT INTO Pain (pid, positionId, referred_pain_position, four_hours, eight_hours, one_day, two_days, one_week, worse_with_bending_forward) VALUES (1680, 1680, 1681, true, true, false, false, true, false);
INSERT INTO Symptoms (sxId, cough, dry_cough, productive_cough, fever, rhinitis) VALUES (1680, true, true, true, true, true);
INSERT INTO Symptoms (sxId, fatigue, malaise, loss_of_appetite, dehydration, diaphoresis, shortness_of_breath, conjunctivitis, chills) VALUES (1681, true, true, true, true, true, true, true, true);
INSERT INTO Cases (diagnosisId, age, gender, majorSx, minorSx, painId) VALUES (9, 37, 'M', 1680, 1681, 1680);
INSERT INTO Positions (posId, head, throat, maxilar_sinuses, frontal_sinuses) VALUES (1682, true, true, true, true);
INSERT INTO Positions (posId) VALUES (1683);
INSERT INTO Pain (pid, positionId, referred_pain_position, four_hours, eight_hours, one_day, two_days, one_week, worse_with_bending_forward) VALUES (1682, 1682, 1683, true, true, true, true, true, true);
INSERT INTO Symptoms (sxId, cough, dry_cough, productive_cough, fever, rhinitis) VALUES (1682, true, true, false, true, true);
INSERT INTO Symptoms (sxId, fatigue, malaise, loss_of_appetite, dehydration, diaphoresis, shortness_of_breath, conjunctivitis, chills) VALUES (1683, true, true, true, true, true, true, true, true);
INSERT INTO Cases (diagnosisId, age, gender, majorSx, minorSx, painId) VALUES (9, 39, 'F', 1682, 1683, 1682);
INSERT INTO Positions (posId, head, throat, maxilar_sinuses, frontal_sinuses) VALUES (1684, true, true, true, true);
INSERT INTO Positions (posId) VALUES (1685);
INSERT INTO Pain (pid, positionId, referred_pain_position, four_hours, eight_hours, one_day, two_days, one_week, worse_with_bending_forward) VALUES (1684, 1684, 1685, true, true, true, true, true, true);
INSERT INTO Symptoms (sxId, cough, dry_cough, productive_cough, fever, rhinitis) VALUES (1684, true, true, true, true, true);
INSERT INTO Symptoms (sxId, fatigue, malaise, loss_of_appetite, dehydration, diaphoresis, shortness_of_breath, conjunctivitis, chills) VALUES (1685, true, true, true, true, true, true, true, true);
INSERT INTO Cases (diagnosisId, age, gender, majorSx, minorSx, painId) VALUES (9, 39, 'F', 1684, 1685, 1684);
INSERT INTO Positions (posId, head, throat, maxilar_sinuses, frontal_sinuses) VALUES (1686, true, true, true, true);
INSERT INTO Positions (posId) VALUES (1687);
INSERT INTO Pain (pid, positionId, referred_pain_position, four_hours, eight_hours, one_day, two_days, one_week, worse_with_bending_forward) VALUES (1686, 1686, 1687, true, true, true, true, true, true);
INSERT INTO Symptoms (sxId, cough, dry_cough, productive_cough, fever, rhinitis) VALUES (1686, true, true, true, true, true);
INSERT INTO Symptoms (sxId, fatigue, malaise, loss_of_appetite, dehydration, diaphoresis, shortness_of_breath, conjunctivitis, chills) VALUES (1687, true, true, true, true, true, false, true, true);
INSERT INTO Cases (diagnosisId, age, gender, majorSx, minorSx, painId) VALUES (9, 43, 'F', 1686, 1687, 1686);
INSERT INTO Positions (posId, head, throat, maxilar_sinuses, frontal_sinuses) VALUES (1688, true, true, true, false);
INSERT INTO Positions (posId) VALUES (1689);
INSERT INTO Pain (pid, positionId, referred_pain_position, four_hours, eight_hours, one_day, two_days, one_week, worse_with_bending_forward) VALUES (1688, 1688, 1689, false, true, true, false, true, true);
INSERT INTO Symptoms (sxId, cough, dry_cough, productive_cough, fever, rhinitis) VALUES (1688, false, true, true, true, true);
INSERT INTO Symptoms (sxId, fatigue, malaise, loss_of_appetite, dehydration, diaphoresis, shortness_of_breath, conjunctivitis, chills) VALUES (1689, true, true, true, true, true, true, true, true);
INSERT INTO Cases (diagnosisId, age, gender, majorSx, minorSx, painId) VALUES (9, 45, 'M', 1688, 1689, 1688);
INSERT INTO Positions (posId, head, throat, maxilar_sinuses, frontal_sinuses) VALUES (1690, true, true, false, true);
INSERT INTO Positions (posId) VALUES (1691);
INSERT INTO Pain (pid, positionId, referred_pain_position, four_hours, eight_hours, one_day, two_days, one_week, worse_with_bending_forward) VALUES (1690, 1690, 1691, true, true, true, false, true, true);
INSERT INTO Symptoms (sxId, cough, dry_cough, productive_cough, fever, rhinitis) VALUES (1690, true, true, true, true, true);
INSERT INTO Symptoms (sxId, fatigue, malaise, loss_of_appetite, dehydration, diaphoresis, shortness_of_breath, conjunctivitis, chills) VALUES (1691, true, true, true, true, true, true, true, true);
INSERT INTO Cases (diagnosisId, age, gender, majorSx, minorSx, painId) VALUES (9, 44, 'M', 1690, 1691, 1690);
INSERT INTO Positions (posId, head, throat, maxilar_sinuses, frontal_sinuses) VALUES (1692, true, true, true, true);
INSERT INTO Positions (posId) VALUES (1693);
INSERT INTO Pain (pid, positionId, referred_pain_position, four_hours, eight_hours, one_day, two_days, one_week, worse_with_bending_forward) VALUES (1692, 1692, 1693, true, true, true, true, true, true);
INSERT INTO Symptoms (sxId, cough, dry_cough, productive_cough, fever, rhinitis) VALUES (1692, true, true, true, true, true);
INSERT INTO Symptoms (sxId, fatigue, malaise, loss_of_appetite, dehydration, diaphoresis, shortness_of_breath, conjunctivitis, chills) VALUES (1693, true, true, true, true, true, true, true, true);
INSERT INTO Cases (diagnosisId, age, gender, majorSx, minorSx, painId) VALUES (9, 43, 'F', 1692, 1693, 1692);
INSERT INTO Positions (posId, head, throat, maxilar_sinuses, frontal_sinuses) VALUES (1694, true, true, false, true);
INSERT INTO Positions (posId) VALUES (1695);
INSERT INTO Pain (pid, positionId, referred_pain_position, four_hours, eight_hours, one_day, two_days, one_week, worse_with_bending_forward) VALUES (1694, 1694, 1695, true, true, true, true, true, true);
INSERT INTO Symptoms (sxId, cough, dry_cough, productive_cough, fever, rhinitis) VALUES (1694, false, true, true, true, false);
INSERT INTO Symptoms (sxId, fatigue, malaise, loss_of_appetite, dehydration, diaphoresis, shortness_of_breath, conjunctivitis, chills) VALUES (1695, true, true, true, true, true, true, true, false);
INSERT INTO Cases (diagnosisId, age, gender, majorSx, minorSx, painId) VALUES (9, 44, 'M', 1694, 1695, 1694);
INSERT INTO Positions (posId, head, throat, maxilar_sinuses, frontal_sinuses) VALUES (1696, true, false, true, true);
INSERT INTO Positions (posId) VALUES (1697);
INSERT INTO Pain (pid, positionId, referred_pain_position, four_hours, eight_hours, one_day, two_days, one_week, worse_with_bending_forward) VALUES (1696, 1696, 1697, true, true, true, true, true, true);
INSERT INTO Symptoms (sxId, cough, dry_cough, productive_cough, fever, rhinitis) VALUES (1696, true, true, true, true, true);
INSERT INTO Symptoms (sxId, fatigue, malaise, loss_of_appetite, dehydration, diaphoresis, shortness_of_breath, conjunctivitis, chills) VALUES (1697, true, true, true, true, true, true, false, true);
INSERT INTO Cases (diagnosisId, age, gender, majorSx, minorSx, painId) VALUES (9, 49, 'F', 1696, 1697, 1696);
INSERT INTO Positions (posId, head, throat, maxilar_sinuses, frontal_sinuses) VALUES (1698, true, false, true, true);
INSERT INTO Positions (posId) VALUES (1699);
INSERT INTO Pain (pid, positionId, referred_pain_position, four_hours, eight_hours, one_day, two_days, one_week, worse_with_bending_forward) VALUES (1698, 1698, 1699, false, true, true, true, true, true);
INSERT INTO Symptoms (sxId, cough, dry_cough, productive_cough, fever, rhinitis) VALUES (1698, true, false, true, true, true);
INSERT INTO Symptoms (sxId, fatigue, malaise, loss_of_appetite, dehydration, diaphoresis, shortness_of_breath, conjunctivitis, chills) VALUES (1699, true, true, true, true, true, true, true, true);
INSERT INTO Cases (diagnosisId, age, gender, majorSx, minorSx, painId) VALUES (9, 48, 'M', 1698, 1699, 1698);
INSERT INTO Positions (posId, head, throat, maxilar_sinuses, frontal_sinuses) VALUES (1700, true, false, true, true);
INSERT INTO Positions (posId) VALUES (1701);
INSERT INTO Pain (pid, positionId, referred_pain_position, four_hours, eight_hours, one_day, two_days, one_week, worse_with_bending_forward) VALUES (1700, 1700, 1701, true, true, true, true, true, true);
INSERT INTO Symptoms (sxId, cough, dry_cough, productive_cough, fever, rhinitis) VALUES (1700, false, true, true, true, true);
INSERT INTO Symptoms (sxId, fatigue, malaise, loss_of_appetite, dehydration, diaphoresis, shortness_of_breath, conjunctivitis, chills) VALUES (1701, true, true, true, true, true, true, true, true);
INSERT INTO Cases (diagnosisId, age, gender, majorSx, minorSx, painId) VALUES (9, 47, 'M', 1700, 1701, 1700);
INSERT INTO Positions (posId, head, throat, maxilar_sinuses, frontal_sinuses) VALUES (1702, true, true, false, true);
INSERT INTO Positions (posId) VALUES (1703);
INSERT INTO Pain (pid, positionId, referred_pain_position, four_hours, eight_hours, one_day, two_days, one_week, worse_with_bending_forward) VALUES (1702, 1702, 1703, true, true, true, true, true, true);
INSERT INTO Symptoms (sxId, cough, dry_cough, productive_cough, fever, rhinitis) VALUES (1702, true, true, true, true, true);
INSERT INTO Symptoms (sxId, fatigue, malaise, loss_of_appetite, dehydration, diaphoresis, shortness_of_breath, conjunctivitis, chills) VALUES (1703, true, false, true, true, true, true, false, true);
INSERT INTO Cases (diagnosisId, age, gender, majorSx, minorSx, painId) VALUES (9, 46, 'F', 1702, 1703, 1702);
INSERT INTO Positions (posId, head, throat, maxilar_sinuses, frontal_sinuses) VALUES (1704, true, true, true, true);
INSERT INTO Positions (posId) VALUES (1705);
INSERT INTO Pain (pid, positionId, referred_pain_position, four_hours, eight_hours, one_day, two_days, one_week, worse_with_bending_forward) VALUES (1704, 1704, 1705, true, true, true, true, true, true);
INSERT INTO Symptoms (sxId, cough, dry_cough, productive_cough, fever, rhinitis) VALUES (1704, true, true, true, true, true);
INSERT INTO Symptoms (sxId, fatigue, malaise, loss_of_appetite, dehydration, diaphoresis, shortness_of_breath, conjunctivitis, chills) VALUES (1705, true, true, true, true, false, true, true, true);
INSERT INTO Cases (diagnosisId, age, gender, majorSx, minorSx, painId) VALUES (9, 49, 'F', 1704, 1705, 1704);
INSERT INTO Positions (posId, head, throat, maxilar_sinuses, frontal_sinuses) VALUES (1706, true, true, true, true);
INSERT INTO Positions (posId) VALUES (1707);
INSERT INTO Pain (pid, positionId, referred_pain_position, four_hours, eight_hours, one_day, two_days, one_week, worse_with_bending_forward) VALUES (1706, 1706, 1707, true, true, false, true, true, true);
INSERT INTO Symptoms (sxId, cough, dry_cough, productive_cough, fever, rhinitis) VALUES (1706, false, true, true, true, true);
INSERT INTO Symptoms (sxId, fatigue, malaise, loss_of_appetite, dehydration, diaphoresis, shortness_of_breath, conjunctivitis, chills) VALUES (1707, true, true, true, true, true, false, true, true);
INSERT INTO Cases (diagnosisId, age, gender, majorSx, minorSx, painId) VALUES (9, 54, 'M', 1706, 1707, 1706);
INSERT INTO Positions (posId, head, throat, maxilar_sinuses, frontal_sinuses) VALUES (1708, true, true, true, true);
INSERT INTO Positions (posId) VALUES (1709);
INSERT INTO Pain (pid, positionId, referred_pain_position, four_hours, eight_hours, one_day, two_days, one_week, worse_with_bending_forward) VALUES (1708, 1708, 1709, true, true, true, true, true, true);
INSERT INTO Symptoms (sxId, cough, dry_cough, productive_cough, fever, rhinitis) VALUES (1708, true, false, false, false, false);
INSERT INTO Symptoms (sxId, fatigue, malaise, loss_of_appetite, dehydration, diaphoresis, shortness_of_breath, conjunctivitis, chills) VALUES (1709, false, true, true, true, true, true, true, true);
INSERT INTO Cases (diagnosisId, age, gender, majorSx, minorSx, painId) VALUES (9, 51, 'M', 1708, 1709, 1708);
INSERT INTO Positions (posId, head, throat, maxilar_sinuses, frontal_sinuses) VALUES (1710, true, true, true, true);
INSERT INTO Positions (posId) VALUES (1711);
INSERT INTO Pain (pid, positionId, referred_pain_position, four_hours, eight_hours, one_day, two_days, one_week, worse_with_bending_forward) VALUES (1710, 1710, 1711, true, true, true, true, true, true);
INSERT INTO Symptoms (sxId, cough, dry_cough, productive_cough, fever, rhinitis) VALUES (1710, true, true, true, true, true);
INSERT INTO Symptoms (sxId, fatigue, malaise, loss_of_appetite, dehydration, diaphoresis, shortness_of_breath, conjunctivitis, chills) VALUES (1711, true, false, true, true, true, false, true, true);
INSERT INTO Cases (diagnosisId, age, gender, majorSx, minorSx, painId) VALUES (9, 53, 'M', 1710, 1711, 1710);
INSERT INTO Positions (posId, head, throat, maxilar_sinuses, frontal_sinuses) VALUES (1712, true, true, true, true);
INSERT INTO Positions (posId) VALUES (1713);
INSERT INTO Pain (pid, positionId, referred_pain_position, four_hours, eight_hours, one_day, two_days, one_week, worse_with_bending_forward) VALUES (1712, 1712, 1713, true, true, true, true, false, false);
INSERT INTO Symptoms (sxId, cough, dry_cough, productive_cough, fever, rhinitis) VALUES (1712, true, true, false, true, true);
INSERT INTO Symptoms (sxId, fatigue, malaise, loss_of_appetite, dehydration, diaphoresis, shortness_of_breath, conjunctivitis, chills) VALUES (1713, true, true, true, true, true, true, true, true);
INSERT INTO Cases (diagnosisId, age, gender, majorSx, minorSx, painId) VALUES (9, 51, 'M', 1712, 1713, 1712);
INSERT INTO Positions (posId, head, throat, maxilar_sinuses, frontal_sinuses) VALUES (1714, true, true, true, true);
INSERT INTO Positions (posId) VALUES (1715);
INSERT INTO Pain (pid, positionId, referred_pain_position, four_hours, eight_hours, one_day, two_days, one_week, worse_with_bending_forward) VALUES (1714, 1714, 1715, false, true, true, true, true, true);
INSERT INTO Symptoms (sxId, cough, dry_cough, productive_cough, fever, rhinitis) VALUES (1714, true, true, true, true, true);
INSERT INTO Symptoms (sxId, fatigue, malaise, loss_of_appetite, dehydration, diaphoresis, shortness_of_breath, conjunctivitis, chills) VALUES (1715, true, true, true, true, true, true, true, true);
INSERT INTO Cases (diagnosisId, age, gender, majorSx, minorSx, painId) VALUES (9, 51, 'M', 1714, 1715, 1714);
INSERT INTO Positions (posId, head, throat, maxilar_sinuses, frontal_sinuses) VALUES (1716, false, false, true, true);
INSERT INTO Positions (posId) VALUES (1717);
INSERT INTO Pain (pid, positionId, referred_pain_position, four_hours, eight_hours, one_day, two_days, one_week, worse_with_bending_forward) VALUES (1716, 1716, 1717, true, false, true, true, true, true);
INSERT INTO Symptoms (sxId, cough, dry_cough, productive_cough, fever, rhinitis) VALUES (1716, true, true, true, true, false);
INSERT INTO Symptoms (sxId, fatigue, malaise, loss_of_appetite, dehydration, diaphoresis, shortness_of_breath, conjunctivitis, chills) VALUES (1717, true, true, true, true, true, true, true, true);
INSERT INTO Cases (diagnosisId, age, gender, majorSx, minorSx, painId) VALUES (9, 59, 'M', 1716, 1717, 1716);
INSERT INTO Positions (posId, head, throat, maxilar_sinuses, frontal_sinuses) VALUES (1718, false, true, true, true);
INSERT INTO Positions (posId) VALUES (1719);
INSERT INTO Pain (pid, positionId, referred_pain_position, four_hours, eight_hours, one_day, two_days, one_week, worse_with_bending_forward) VALUES (1718, 1718, 1719, true, true, true, true, true, true);
INSERT INTO Symptoms (sxId, cough, dry_cough, productive_cough, fever, rhinitis) VALUES (1718, true, true, true, true, true);
INSERT INTO Symptoms (sxId, fatigue, malaise, loss_of_appetite, dehydration, diaphoresis, shortness_of_breath, conjunctivitis, chills) VALUES (1719, true, true, true, true, true, false, true, true);
INSERT INTO Cases (diagnosisId, age, gender, majorSx, minorSx, painId) VALUES (9, 56, 'F', 1718, 1719, 1718);
INSERT INTO Positions (posId, head, throat, maxilar_sinuses, frontal_sinuses) VALUES (1720, true, true, true, true);
INSERT INTO Positions (posId) VALUES (1721);
INSERT INTO Pain (pid, positionId, referred_pain_position, four_hours, eight_hours, one_day, two_days, one_week, worse_with_bending_forward) VALUES (1720, 1720, 1721, true, true, true, true, true, true);
INSERT INTO Symptoms (sxId, cough, dry_cough, productive_cough, fever, rhinitis) VALUES (1720, true, true, true, true, true);
INSERT INTO Symptoms (sxId, fatigue, malaise, loss_of_appetite, dehydration, diaphoresis, shortness_of_breath, conjunctivitis, chills) VALUES (1721, true, true, true, true, true, true, true, true);
INSERT INTO Cases (diagnosisId, age, gender, majorSx, minorSx, painId) VALUES (9, 57, 'M', 1720, 1721, 1720);
INSERT INTO Positions (posId, head, throat, maxilar_sinuses, frontal_sinuses) VALUES (1722, true, true, true, false);
INSERT INTO Positions (posId) VALUES (1723);
INSERT INTO Pain (pid, positionId, referred_pain_position, four_hours, eight_hours, one_day, two_days, one_week, worse_with_bending_forward) VALUES (1722, 1722, 1723, true, true, true, true, true, true);
INSERT INTO Symptoms (sxId, cough, dry_cough, productive_cough, fever, rhinitis) VALUES (1722, true, true, false, true, true);
INSERT INTO Symptoms (sxId, fatigue, malaise, loss_of_appetite, dehydration, diaphoresis, shortness_of_breath, conjunctivitis, chills) VALUES (1723, true, true, true, true, true, true, true, true);
INSERT INTO Cases (diagnosisId, age, gender, majorSx, minorSx, painId) VALUES (9, 58, 'F', 1722, 1723, 1722);
INSERT INTO Positions (posId, head, throat, maxilar_sinuses, frontal_sinuses) VALUES (1724, true, true, true, true);
INSERT INTO Positions (posId) VALUES (1725);
INSERT INTO Pain (pid, positionId, referred_pain_position, four_hours, eight_hours, one_day, two_days, one_week, worse_with_bending_forward) VALUES (1724, 1724, 1725, true, true, true, true, true, true);
INSERT INTO Symptoms (sxId, cough, dry_cough, productive_cough, fever, rhinitis) VALUES (1724, true, true, true, true, false);
INSERT INTO Symptoms (sxId, fatigue, malaise, loss_of_appetite, dehydration, diaphoresis, shortness_of_breath, conjunctivitis, chills) VALUES (1725, false, true, true, true, true, true, true, true);
INSERT INTO Cases (diagnosisId, age, gender, majorSx, minorSx, painId) VALUES (9, 57, 'M', 1724, 1725, 1724);
INSERT INTO Positions (posId, head, throat, maxilar_sinuses, frontal_sinuses) VALUES (1726, true, true, true, false);
INSERT INTO Positions (posId) VALUES (1727);
INSERT INTO Pain (pid, positionId, referred_pain_position, four_hours, eight_hours, one_day, two_days, one_week, worse_with_bending_forward) VALUES (1726, 1726, 1727, true, true, true, true, true, true);
INSERT INTO Symptoms (sxId, cough, dry_cough, productive_cough, fever, rhinitis) VALUES (1726, true, true, true, true, true);
INSERT INTO Symptoms (sxId, fatigue, malaise, loss_of_appetite, dehydration, diaphoresis, shortness_of_breath, conjunctivitis, chills) VALUES (1727, true, true, false, true, true, true, true, true);
INSERT INTO Cases (diagnosisId, age, gender, majorSx, minorSx, painId) VALUES (9, 65, 'M', 1726, 1727, 1726);
INSERT INTO Positions (posId, head, throat, maxilar_sinuses, frontal_sinuses) VALUES (1728, true, true, true, true);
INSERT INTO Positions (posId) VALUES (1729);
INSERT INTO Pain (pid, positionId, referred_pain_position, four_hours, eight_hours, one_day, two_days, one_week, worse_with_bending_forward) VALUES (1728, 1728, 1729, false, true, true, true, true, true);
INSERT INTO Symptoms (sxId, cough, dry_cough, productive_cough, fever, rhinitis) VALUES (1728, true, true, true, true, true);
INSERT INTO Symptoms (sxId, fatigue, malaise, loss_of_appetite, dehydration, diaphoresis, shortness_of_breath, conjunctivitis, chills) VALUES (1729, true, true, true, true, true, true, true, true);
INSERT INTO Cases (diagnosisId, age, gender, majorSx, minorSx, painId) VALUES (9, 61, 'F', 1728, 1729, 1728);
INSERT INTO Positions (posId, head, throat, maxilar_sinuses, frontal_sinuses) VALUES (1730, false, true, true, true);
INSERT INTO Positions (posId) VALUES (1731);
INSERT INTO Pain (pid, positionId, referred_pain_position, four_hours, eight_hours, one_day, two_days, one_week, worse_with_bending_forward) VALUES (1730, 1730, 1731, true, true, true, true, true, true);
INSERT INTO Symptoms (sxId, cough, dry_cough, productive_cough, fever, rhinitis) VALUES (1730, true, true, true, true, true);
INSERT INTO Symptoms (sxId, fatigue, malaise, loss_of_appetite, dehydration, diaphoresis, shortness_of_breath, conjunctivitis, chills) VALUES (1731, true, true, true, true, true, true, true, true);
INSERT INTO Cases (diagnosisId, age, gender, majorSx, minorSx, painId) VALUES (9, 63, 'M', 1730, 1731, 1730);
INSERT INTO Positions (posId, head, throat, maxilar_sinuses, frontal_sinuses) VALUES (1732, true, true, true, true);
INSERT INTO Positions (posId) VALUES (1733);
INSERT INTO Pain (pid, positionId, referred_pain_position, four_hours, eight_hours, one_day, two_days, one_week, worse_with_bending_forward) VALUES (1732, 1732, 1733, true, true, true, true, true, true);
INSERT INTO Symptoms (sxId, cough, dry_cough, productive_cough, fever, rhinitis) VALUES (1732, true, true, true, true, true);
INSERT INTO Symptoms (sxId, fatigue, malaise, loss_of_appetite, dehydration, diaphoresis, shortness_of_breath, conjunctivitis, chills) VALUES (1733, true, true, true, true, true, false, true, true);
INSERT INTO Cases (diagnosisId, age, gender, majorSx, minorSx, painId) VALUES (9, 63, 'F', 1732, 1733, 1732);
INSERT INTO Positions (posId, head, throat, maxilar_sinuses, frontal_sinuses) VALUES (1734, true, true, true, true);
INSERT INTO Positions (posId) VALUES (1735);
INSERT INTO Pain (pid, positionId, referred_pain_position, four_hours, eight_hours, one_day, two_days, one_week, worse_with_bending_forward) VALUES (1734, 1734, 1735, true, true, true, true, true, true);
INSERT INTO Symptoms (sxId, cough, dry_cough, productive_cough, fever, rhinitis) VALUES (1734, true, true, true, true, true);
INSERT INTO Symptoms (sxId, fatigue, malaise, loss_of_appetite, dehydration, diaphoresis, shortness_of_breath, conjunctivitis, chills) VALUES (1735, true, true, true, true, true, false, true, true);
INSERT INTO Cases (diagnosisId, age, gender, majorSx, minorSx, painId) VALUES (9, 62, 'M', 1734, 1735, 1734);
INSERT INTO Positions (posId, head, throat, maxilar_sinuses, frontal_sinuses) VALUES (1736, true, true, true, true);
INSERT INTO Positions (posId) VALUES (1737);
INSERT INTO Pain (pid, positionId, referred_pain_position, four_hours, eight_hours, one_day, two_days, one_week, worse_with_bending_forward) VALUES (1736, 1736, 1737, true, true, true, true, true, true);
INSERT INTO Symptoms (sxId, cough, dry_cough, productive_cough, fever, rhinitis) VALUES (1736, true, true, true, true, true);
INSERT INTO Symptoms (sxId, fatigue, malaise, loss_of_appetite, dehydration, diaphoresis, shortness_of_breath, conjunctivitis, chills) VALUES (1737, false, false, true, true, false, true, true, true);
INSERT INTO Cases (diagnosisId, age, gender, majorSx, minorSx, painId) VALUES (9, 68, 'F', 1736, 1737, 1736);
INSERT INTO Positions (posId, head, throat, maxilar_sinuses, frontal_sinuses) VALUES (1738, true, true, true, true);
INSERT INTO Positions (posId) VALUES (1739);
INSERT INTO Pain (pid, positionId, referred_pain_position, four_hours, eight_hours, one_day, two_days, one_week, worse_with_bending_forward) VALUES (1738, 1738, 1739, true, false, true, true, true, true);
INSERT INTO Symptoms (sxId, cough, dry_cough, productive_cough, fever, rhinitis) VALUES (1738, true, true, true, true, true);
INSERT INTO Symptoms (sxId, fatigue, malaise, loss_of_appetite, dehydration, diaphoresis, shortness_of_breath, conjunctivitis, chills) VALUES (1739, true, true, true, true, true, true, true, true);
INSERT INTO Cases (diagnosisId, age, gender, majorSx, minorSx, painId) VALUES (9, 70, 'M', 1738, 1739, 1738);
INSERT INTO Positions (posId, head, throat, maxilar_sinuses, frontal_sinuses) VALUES (1740, true, true, true, false);
INSERT INTO Positions (posId) VALUES (1741);
INSERT INTO Pain (pid, positionId, referred_pain_position, four_hours, eight_hours, one_day, two_days, one_week, worse_with_bending_forward) VALUES (1740, 1740, 1741, true, true, true, true, false, true);
INSERT INTO Symptoms (sxId, cough, dry_cough, productive_cough, fever, rhinitis) VALUES (1740, true, true, true, true, false);
INSERT INTO Symptoms (sxId, fatigue, malaise, loss_of_appetite, dehydration, diaphoresis, shortness_of_breath, conjunctivitis, chills) VALUES (1741, true, true, true, true, true, true, true, true);
INSERT INTO Cases (diagnosisId, age, gender, majorSx, minorSx, painId) VALUES (9, 67, 'F', 1740, 1741, 1740);
INSERT INTO Positions (posId, head, throat, maxilar_sinuses, frontal_sinuses) VALUES (1742, true, true, true, true);
INSERT INTO Positions (posId) VALUES (1743);
INSERT INTO Pain (pid, positionId, referred_pain_position, four_hours, eight_hours, one_day, two_days, one_week, worse_with_bending_forward) VALUES (1742, 1742, 1743, true, true, true, false, true, true);
INSERT INTO Symptoms (sxId, cough, dry_cough, productive_cough, fever, rhinitis) VALUES (1742, true, true, true, true, true);
INSERT INTO Symptoms (sxId, fatigue, malaise, loss_of_appetite, dehydration, diaphoresis, shortness_of_breath, conjunctivitis, chills) VALUES (1743, true, true, true, true, true, true, true, true);
INSERT INTO Cases (diagnosisId, age, gender, majorSx, minorSx, painId) VALUES (9, 67, 'M', 1742, 1743, 1742);
INSERT INTO Positions (posId, head, throat, maxilar_sinuses, frontal_sinuses) VALUES (1744, true, true, true, true);
INSERT INTO Positions (posId) VALUES (1745);
INSERT INTO Pain (pid, positionId, referred_pain_position, four_hours, eight_hours, one_day, two_days, one_week, worse_with_bending_forward) VALUES (1744, 1744, 1745, true, true, true, true, true, true);
INSERT INTO Symptoms (sxId, cough, dry_cough, productive_cough, fever, rhinitis) VALUES (1744, true, true, true, false, false);
INSERT INTO Symptoms (sxId, fatigue, malaise, loss_of_appetite, dehydration, diaphoresis, shortness_of_breath, conjunctivitis, chills) VALUES (1745, true, true, true, true, false, true, true, true);
INSERT INTO Cases (diagnosisId, age, gender, majorSx, minorSx, painId) VALUES (9, 70, 'F', 1744, 1745, 1744);
INSERT INTO Positions (posId, head, throat, maxilar_sinuses, frontal_sinuses) VALUES (1746, true, true, true, true);
INSERT INTO Positions (posId) VALUES (1747);
INSERT INTO Pain (pid, positionId, referred_pain_position, four_hours, eight_hours, one_day, two_days, one_week, worse_with_bending_forward) VALUES (1746, 1746, 1747, false, true, true, true, true, true);
INSERT INTO Symptoms (sxId, cough, dry_cough, productive_cough, fever, rhinitis) VALUES (1746, true, false, true, true, true);
INSERT INTO Symptoms (sxId, fatigue, malaise, loss_of_appetite, dehydration, diaphoresis, shortness_of_breath, conjunctivitis, chills) VALUES (1747, true, false, true, true, true, false, true, true);
INSERT INTO Cases (diagnosisId, age, gender, majorSx, minorSx, painId) VALUES (9, 75, 'M', 1746, 1747, 1746);
INSERT INTO Positions (posId, head, throat, maxilar_sinuses, frontal_sinuses) VALUES (1748, true, true, true, true);
INSERT INTO Positions (posId) VALUES (1749);
INSERT INTO Pain (pid, positionId, referred_pain_position, four_hours, eight_hours, one_day, two_days, one_week, worse_with_bending_forward) VALUES (1748, 1748, 1749, true, true, true, true, true, true);
INSERT INTO Symptoms (sxId, cough, dry_cough, productive_cough, fever, rhinitis) VALUES (1748, true, true, true, true, false);
INSERT INTO Symptoms (sxId, fatigue, malaise, loss_of_appetite, dehydration, diaphoresis, shortness_of_breath, conjunctivitis, chills) VALUES (1749, true, true, true, true, false, true, true, true);
INSERT INTO Cases (diagnosisId, age, gender, majorSx, minorSx, painId) VALUES (9, 75, 'M', 1748, 1749, 1748);
INSERT INTO Positions (posId, head, throat, maxilar_sinuses, frontal_sinuses) VALUES (1750, true, true, true, true);
INSERT INTO Positions (posId) VALUES (1751);
INSERT INTO Pain (pid, positionId, referred_pain_position, four_hours, eight_hours, one_day, two_days, one_week, worse_with_bending_forward) VALUES (1750, 1750, 1751, true, true, true, true, true, true);
INSERT INTO Symptoms (sxId, cough, dry_cough, productive_cough, fever, rhinitis) VALUES (1750, true, true, true, false, true);
INSERT INTO Symptoms (sxId, fatigue, malaise, loss_of_appetite, dehydration, diaphoresis, shortness_of_breath, conjunctivitis, chills) VALUES (1751, true, true, true, true, true, true, true, true);
INSERT INTO Cases (diagnosisId, age, gender, majorSx, minorSx, painId) VALUES (9, 71, 'F', 1750, 1751, 1750);
INSERT INTO Positions (posId, head, throat, maxilar_sinuses, frontal_sinuses) VALUES (1752, true, true, true, true);
INSERT INTO Positions (posId) VALUES (1753);
INSERT INTO Pain (pid, positionId, referred_pain_position, four_hours, eight_hours, one_day, two_days, one_week, worse_with_bending_forward) VALUES (1752, 1752, 1753, true, true, true, true, true, true);
INSERT INTO Symptoms (sxId, cough, dry_cough, productive_cough, fever, rhinitis) VALUES (1752, true, true, true, true, true);
INSERT INTO Symptoms (sxId, fatigue, malaise, loss_of_appetite, dehydration, diaphoresis, shortness_of_breath, conjunctivitis, chills) VALUES (1753, true, true, true, true, true, true, true, true);
INSERT INTO Cases (diagnosisId, age, gender, majorSx, minorSx, painId) VALUES (9, 71, 'M', 1752, 1753, 1752);
INSERT INTO Positions (posId, head, throat, maxilar_sinuses, frontal_sinuses) VALUES (1754, false, true, true, true);
INSERT INTO Positions (posId) VALUES (1755);
INSERT INTO Pain (pid, positionId, referred_pain_position, four_hours, eight_hours, one_day, two_days, one_week, worse_with_bending_forward) VALUES (1754, 1754, 1755, true, true, true, true, true, true);
INSERT INTO Symptoms (sxId, cough, dry_cough, productive_cough, fever, rhinitis) VALUES (1754, true, true, true, true, true);
INSERT INTO Symptoms (sxId, fatigue, malaise, loss_of_appetite, dehydration, diaphoresis, shortness_of_breath, conjunctivitis, chills) VALUES (1755, true, false, true, true, true, true, true, true);
INSERT INTO Cases (diagnosisId, age, gender, majorSx, minorSx, painId) VALUES (9, 73, 'F', 1754, 1755, 1754);
INSERT INTO Positions (posId, head, throat, maxilar_sinuses, frontal_sinuses) VALUES (1756, true, true, true, true);
INSERT INTO Positions (posId) VALUES (1757);
INSERT INTO Pain (pid, positionId, referred_pain_position, four_hours, eight_hours, one_day, two_days, one_week, worse_with_bending_forward) VALUES (1756, 1756, 1757, true, false, true, false, true, true);
INSERT INTO Symptoms (sxId, cough, dry_cough, productive_cough, fever, rhinitis) VALUES (1756, true, false, true, true, true);
INSERT INTO Symptoms (sxId, fatigue, malaise, loss_of_appetite, dehydration, diaphoresis, shortness_of_breath, conjunctivitis, chills) VALUES (1757, true, true, true, true, false, true, true, false);
INSERT INTO Cases (diagnosisId, age, gender, majorSx, minorSx, painId) VALUES (9, 78, 'F', 1756, 1757, 1756);
INSERT INTO Positions (posId, head, throat, maxilar_sinuses, frontal_sinuses) VALUES (1758, false, true, true, true);
INSERT INTO Positions (posId) VALUES (1759);
INSERT INTO Pain (pid, positionId, referred_pain_position, four_hours, eight_hours, one_day, two_days, one_week, worse_with_bending_forward) VALUES (1758, 1758, 1759, true, true, true, true, true, true);
INSERT INTO Symptoms (sxId, cough, dry_cough, productive_cough, fever, rhinitis) VALUES (1758, true, true, false, true, true);
INSERT INTO Symptoms (sxId, fatigue, malaise, loss_of_appetite, dehydration, diaphoresis, shortness_of_breath, conjunctivitis, chills) VALUES (1759, true, true, true, true, true, true, true, true);
INSERT INTO Cases (diagnosisId, age, gender, majorSx, minorSx, painId) VALUES (9, 77, 'F', 1758, 1759, 1758);
INSERT INTO Positions (posId, head, throat, maxilar_sinuses, frontal_sinuses) VALUES (1760, true, true, true, true);
INSERT INTO Positions (posId) VALUES (1761);
INSERT INTO Pain (pid, positionId, referred_pain_position, four_hours, eight_hours, one_day, two_days, one_week, worse_with_bending_forward) VALUES (1760, 1760, 1761, true, false, true, true, true, true);
INSERT INTO Symptoms (sxId, cough, dry_cough, productive_cough, fever, rhinitis) VALUES (1760, true, true, true, true, false);
INSERT INTO Symptoms (sxId, fatigue, malaise, loss_of_appetite, dehydration, diaphoresis, shortness_of_breath, conjunctivitis, chills) VALUES (1761, true, true, true, true, true, true, true, true);
INSERT INTO Cases (diagnosisId, age, gender, majorSx, minorSx, painId) VALUES (9, 78, 'M', 1760, 1761, 1760);
INSERT INTO Positions (posId, head, throat, maxilar_sinuses, frontal_sinuses) VALUES (1762, true, true, true, true);
INSERT INTO Positions (posId) VALUES (1763);
INSERT INTO Pain (pid, positionId, referred_pain_position, four_hours, eight_hours, one_day, two_days, one_week, worse_with_bending_forward) VALUES (1762, 1762, 1763, false, true, true, true, true, true);
INSERT INTO Symptoms (sxId, cough, dry_cough, productive_cough, fever, rhinitis) VALUES (1762, true, true, false, true, true);
INSERT INTO Symptoms (sxId, fatigue, malaise, loss_of_appetite, dehydration, diaphoresis, shortness_of_breath, conjunctivitis, chills) VALUES (1763, true, true, false, true, true, true, true, true);
INSERT INTO Cases (diagnosisId, age, gender, majorSx, minorSx, painId) VALUES (9, 78, 'F', 1762, 1763, 1762);
INSERT INTO Positions (posId, head, throat, maxilar_sinuses, frontal_sinuses) VALUES (1764, true, true, true, true);
INSERT INTO Positions (posId) VALUES (1765);
INSERT INTO Pain (pid, positionId, referred_pain_position, four_hours, eight_hours, one_day, two_days, one_week, worse_with_bending_forward) VALUES (1764, 1764, 1765, true, true, true, true, false, true);
INSERT INTO Symptoms (sxId, cough, dry_cough, productive_cough, fever, rhinitis) VALUES (1764, true, true, true, true, true);
INSERT INTO Symptoms (sxId, fatigue, malaise, loss_of_appetite, dehydration, diaphoresis, shortness_of_breath, conjunctivitis, chills) VALUES (1765, false, true, true, true, true, true, true, true);
INSERT INTO Cases (diagnosisId, age, gender, majorSx, minorSx, painId) VALUES (9, 79, 'M', 1764, 1765, 1764);
INSERT INTO Positions (posId, head, throat, maxilar_sinuses, frontal_sinuses) VALUES (1766, true, true, true, true);
INSERT INTO Positions (posId) VALUES (1767);
INSERT INTO Pain (pid, positionId, referred_pain_position, four_hours, eight_hours, one_day, two_days, one_week, worse_with_bending_forward) VALUES (1766, 1766, 1767, true, true, false, true, true, true);
INSERT INTO Symptoms (sxId, cough, dry_cough, productive_cough, fever, rhinitis) VALUES (1766, true, true, true, true, true);
INSERT INTO Symptoms (sxId, fatigue, malaise, loss_of_appetite, dehydration, diaphoresis, shortness_of_breath, conjunctivitis, chills) VALUES (1767, false, true, true, true, true, true, true, true);
INSERT INTO Cases (diagnosisId, age, gender, majorSx, minorSx, painId) VALUES (9, 84, 'M', 1766, 1767, 1766);
INSERT INTO Positions (posId, head, throat, maxilar_sinuses, frontal_sinuses) VALUES (1768, true, true, true, true);
INSERT INTO Positions (posId) VALUES (1769);
INSERT INTO Pain (pid, positionId, referred_pain_position, four_hours, eight_hours, one_day, two_days, one_week, worse_with_bending_forward) VALUES (1768, 1768, 1769, true, true, true, true, true, true);
INSERT INTO Symptoms (sxId, cough, dry_cough, productive_cough, fever, rhinitis) VALUES (1768, true, true, true, true, true);
INSERT INTO Symptoms (sxId, fatigue, malaise, loss_of_appetite, dehydration, diaphoresis, shortness_of_breath, conjunctivitis, chills) VALUES (1769, true, true, false, true, true, true, true, true);
INSERT INTO Cases (diagnosisId, age, gender, majorSx, minorSx, painId) VALUES (9, 85, 'M', 1768, 1769, 1768);
INSERT INTO Positions (posId, head, throat, maxilar_sinuses, frontal_sinuses) VALUES (1770, true, true, true, true);
INSERT INTO Positions (posId) VALUES (1771);
INSERT INTO Pain (pid, positionId, referred_pain_position, four_hours, eight_hours, one_day, two_days, one_week, worse_with_bending_forward) VALUES (1770, 1770, 1771, true, true, true, true, true, true);
INSERT INTO Symptoms (sxId, cough, dry_cough, productive_cough, fever, rhinitis) VALUES (1770, true, true, true, true, true);
INSERT INTO Symptoms (sxId, fatigue, malaise, loss_of_appetite, dehydration, diaphoresis, shortness_of_breath, conjunctivitis, chills) VALUES (1771, true, false, false, true, false, true, true, true);
INSERT INTO Cases (diagnosisId, age, gender, majorSx, minorSx, painId) VALUES (9, 83, 'M', 1770, 1771, 1770);
INSERT INTO Positions (posId, head, throat, maxilar_sinuses, frontal_sinuses) VALUES (1772, true, true, false, false);
INSERT INTO Positions (posId) VALUES (1773);
INSERT INTO Pain (pid, positionId, referred_pain_position, four_hours, eight_hours, one_day, two_days, one_week, worse_with_bending_forward) VALUES (1772, 1772, 1773, true, true, false, true, true, true);
INSERT INTO Symptoms (sxId, cough, dry_cough, productive_cough, fever, rhinitis) VALUES (1772, true, true, true, true, true);
INSERT INTO Symptoms (sxId, fatigue, malaise, loss_of_appetite, dehydration, diaphoresis, shortness_of_breath, conjunctivitis, chills) VALUES (1773, true, true, true, true, false, false, false, true);
INSERT INTO Cases (diagnosisId, age, gender, majorSx, minorSx, painId) VALUES (9, 84, 'F', 1772, 1773, 1772);
INSERT INTO Positions (posId, head, throat, maxilar_sinuses, frontal_sinuses) VALUES (1774, false, true, true, true);
INSERT INTO Positions (posId) VALUES (1775);
INSERT INTO Pain (pid, positionId, referred_pain_position, four_hours, eight_hours, one_day, two_days, one_week, worse_with_bending_forward) VALUES (1774, 1774, 1775, true, true, true, true, true, true);
INSERT INTO Symptoms (sxId, cough, dry_cough, productive_cough, fever, rhinitis) VALUES (1774, true, true, false, true, true);
INSERT INTO Symptoms (sxId, fatigue, malaise, loss_of_appetite, dehydration, diaphoresis, shortness_of_breath, conjunctivitis, chills) VALUES (1775, true, false, true, true, true, true, false, true);
INSERT INTO Cases (diagnosisId, age, gender, majorSx, minorSx, painId) VALUES (9, 82, 'M', 1774, 1775, 1774);
INSERT INTO Positions (posId, head, throat, maxilar_sinuses, frontal_sinuses) VALUES (1776, true, true, true, true);
INSERT INTO Positions (posId) VALUES (1777);
INSERT INTO Pain (pid, positionId, referred_pain_position, four_hours, eight_hours, one_day, two_days, one_week, worse_with_bending_forward) VALUES (1776, 1776, 1777, true, true, true, true, true, true);
INSERT INTO Symptoms (sxId, cough, dry_cough, productive_cough, fever, rhinitis) VALUES (1776, true, true, true, true, true);
INSERT INTO Symptoms (sxId, fatigue, malaise, loss_of_appetite, dehydration, diaphoresis, shortness_of_breath, conjunctivitis, chills) VALUES (1777, true, true, true, true, true, true, true, false);
INSERT INTO Cases (diagnosisId, age, gender, majorSx, minorSx, painId) VALUES (9, 87, 'F', 1776, 1777, 1776);
INSERT INTO Positions (posId, head, throat, maxilar_sinuses, frontal_sinuses) VALUES (1778, true, true, true, true);
INSERT INTO Positions (posId) VALUES (1779);
INSERT INTO Pain (pid, positionId, referred_pain_position, four_hours, eight_hours, one_day, two_days, one_week, worse_with_bending_forward) VALUES (1778, 1778, 1779, true, true, true, true, true, false);
INSERT INTO Symptoms (sxId, cough, dry_cough, productive_cough, fever, rhinitis) VALUES (1778, true, true, true, false, true);
INSERT INTO Symptoms (sxId, fatigue, malaise, loss_of_appetite, dehydration, diaphoresis, shortness_of_breath, conjunctivitis, chills) VALUES (1779, true, true, true, true, true, false, true, true);
INSERT INTO Cases (diagnosisId, age, gender, majorSx, minorSx, painId) VALUES (9, 90, 'F', 1778, 1779, 1778);
INSERT INTO Positions (posId, head, throat, maxilar_sinuses, frontal_sinuses) VALUES (1780, false, true, false, true);
INSERT INTO Positions (posId) VALUES (1781);
INSERT INTO Pain (pid, positionId, referred_pain_position, four_hours, eight_hours, one_day, two_days, one_week, worse_with_bending_forward) VALUES (1780, 1780, 1781, true, true, true, false, true, true);
INSERT INTO Symptoms (sxId, cough, dry_cough, productive_cough, fever, rhinitis) VALUES (1780, true, true, true, false, false);
INSERT INTO Symptoms (sxId, fatigue, malaise, loss_of_appetite, dehydration, diaphoresis, shortness_of_breath, conjunctivitis, chills) VALUES (1781, true, true, true, true, true, true, true, true);
INSERT INTO Cases (diagnosisId, age, gender, majorSx, minorSx, painId) VALUES (9, 86, 'M', 1780, 1781, 1780);
INSERT INTO Positions (posId, head, throat, maxilar_sinuses, frontal_sinuses) VALUES (1782, true, true, true, true);
INSERT INTO Positions (posId) VALUES (1783);
INSERT INTO Pain (pid, positionId, referred_pain_position, four_hours, eight_hours, one_day, two_days, one_week, worse_with_bending_forward) VALUES (1782, 1782, 1783, true, true, true, false, true, true);
INSERT INTO Symptoms (sxId, cough, dry_cough, productive_cough, fever, rhinitis) VALUES (1782, true, true, true, true, true);
INSERT INTO Symptoms (sxId, fatigue, malaise, loss_of_appetite, dehydration, diaphoresis, shortness_of_breath, conjunctivitis, chills) VALUES (1783, true, true, true, true, true, true, true, true);
INSERT INTO Cases (diagnosisId, age, gender, majorSx, minorSx, painId) VALUES (9, 87, 'F', 1782, 1783, 1782);
INSERT INTO Positions (posId, head, throat, maxilar_sinuses, frontal_sinuses) VALUES (1784, true, true, false, true);
INSERT INTO Positions (posId) VALUES (1785);
INSERT INTO Pain (pid, positionId, referred_pain_position, four_hours, eight_hours, one_day, two_days, one_week, worse_with_bending_forward) VALUES (1784, 1784, 1785, true, true, true, true, true, true);
INSERT INTO Symptoms (sxId, cough, dry_cough, productive_cough, fever, rhinitis) VALUES (1784, true, true, true, true, true);
INSERT INTO Symptoms (sxId, fatigue, malaise, loss_of_appetite, dehydration, diaphoresis, shortness_of_breath, conjunctivitis, chills) VALUES (1785, true, true, false, true, true, true, true, true);
INSERT INTO Cases (diagnosisId, age, gender, majorSx, minorSx, painId) VALUES (9, 89, 'F', 1784, 1785, 1784);
INSERT INTO Positions (posId, head, throat, maxilar_sinuses, frontal_sinuses) VALUES (1786, true, false, true, true);
INSERT INTO Positions (posId) VALUES (1787);
INSERT INTO Pain (pid, positionId, referred_pain_position, four_hours, eight_hours, one_day, two_days, one_week, worse_with_bending_forward) VALUES (1786, 1786, 1787, true, true, true, false, false, true);
INSERT INTO Symptoms (sxId, cough, dry_cough, productive_cough, fever, rhinitis) VALUES (1786, true, true, true, true, true);
INSERT INTO Symptoms (sxId, fatigue, malaise, loss_of_appetite, dehydration, diaphoresis, shortness_of_breath, conjunctivitis, chills) VALUES (1787, true, true, true, true, true, true, true, true);
INSERT INTO Cases (diagnosisId, age, gender, majorSx, minorSx, painId) VALUES (9, 92, 'F', 1786, 1787, 1786);
INSERT INTO Positions (posId, head, throat, maxilar_sinuses, frontal_sinuses) VALUES (1788, true, true, true, true);
INSERT INTO Positions (posId) VALUES (1789);
INSERT INTO Pain (pid, positionId, referred_pain_position, four_hours, eight_hours, one_day, two_days, one_week, worse_with_bending_forward) VALUES (1788, 1788, 1789, true, true, true, true, false, true);
INSERT INTO Symptoms (sxId, cough, dry_cough, productive_cough, fever, rhinitis) VALUES (1788, true, true, true, true, true);
INSERT INTO Symptoms (sxId, fatigue, malaise, loss_of_appetite, dehydration, diaphoresis, shortness_of_breath, conjunctivitis, chills) VALUES (1789, true, false, true, false, true, true, true, true);
INSERT INTO Cases (diagnosisId, age, gender, majorSx, minorSx, painId) VALUES (9, 94, 'M', 1788, 1789, 1788);
INSERT INTO Positions (posId, head, throat, maxilar_sinuses, frontal_sinuses) VALUES (1790, true, false, false, true);
INSERT INTO Positions (posId) VALUES (1791);
INSERT INTO Pain (pid, positionId, referred_pain_position, four_hours, eight_hours, one_day, two_days, one_week, worse_with_bending_forward) VALUES (1790, 1790, 1791, true, true, true, true, true, true);
INSERT INTO Symptoms (sxId, cough, dry_cough, productive_cough, fever, rhinitis) VALUES (1790, true, true, true, true, true);
INSERT INTO Symptoms (sxId, fatigue, malaise, loss_of_appetite, dehydration, diaphoresis, shortness_of_breath, conjunctivitis, chills) VALUES (1791, true, false, true, true, false, true, true, true);
INSERT INTO Cases (diagnosisId, age, gender, majorSx, minorSx, painId) VALUES (9, 91, 'M', 1790, 1791, 1790);
INSERT INTO Positions (posId, head, throat, maxilar_sinuses, frontal_sinuses) VALUES (1792, true, true, true, true);
INSERT INTO Positions (posId) VALUES (1793);
INSERT INTO Pain (pid, positionId, referred_pain_position, four_hours, eight_hours, one_day, two_days, one_week, worse_with_bending_forward) VALUES (1792, 1792, 1793, true, true, true, false, true, true);
INSERT INTO Symptoms (sxId, cough, dry_cough, productive_cough, fever, rhinitis) VALUES (1792, true, true, true, true, true);
INSERT INTO Symptoms (sxId, fatigue, malaise, loss_of_appetite, dehydration, diaphoresis, shortness_of_breath, conjunctivitis, chills) VALUES (1793, true, true, true, true, true, true, true, true);
INSERT INTO Cases (diagnosisId, age, gender, majorSx, minorSx, painId) VALUES (9, 94, 'M', 1792, 1793, 1792);
INSERT INTO Positions (posId, head, throat, maxilar_sinuses, frontal_sinuses) VALUES (1794, true, true, true, true);
INSERT INTO Positions (posId) VALUES (1795);
INSERT INTO Pain (pid, positionId, referred_pain_position, four_hours, eight_hours, one_day, two_days, one_week, worse_with_bending_forward) VALUES (1794, 1794, 1795, true, true, true, true, true, true);
INSERT INTO Symptoms (sxId, cough, dry_cough, productive_cough, fever, rhinitis) VALUES (1794, true, true, true, true, true);
INSERT INTO Symptoms (sxId, fatigue, malaise, loss_of_appetite, dehydration, diaphoresis, shortness_of_breath, conjunctivitis, chills) VALUES (1795, true, true, true, true, true, true, true, true);
INSERT INTO Cases (diagnosisId, age, gender, majorSx, minorSx, painId) VALUES (9, 97, 'F', 1794, 1795, 1794);
INSERT INTO Positions (posId, head, throat, maxilar_sinuses, frontal_sinuses) VALUES (1796, true, true, true, true);
INSERT INTO Positions (posId) VALUES (1797);
INSERT INTO Pain (pid, positionId, referred_pain_position, four_hours, eight_hours, one_day, two_days, one_week, worse_with_bending_forward) VALUES (1796, 1796, 1797, true, true, true, true, true, true);
INSERT INTO Symptoms (sxId, cough, dry_cough, productive_cough, fever, rhinitis) VALUES (1796, true, true, true, true, true);
INSERT INTO Symptoms (sxId, fatigue, malaise, loss_of_appetite, dehydration, diaphoresis, shortness_of_breath, conjunctivitis, chills) VALUES (1797, true, true, true, true, true, true, true, true);
INSERT INTO Cases (diagnosisId, age, gender, majorSx, minorSx, painId) VALUES (9, 100, 'M', 1796, 1797, 1796);
INSERT INTO Positions (posId, head, throat, maxilar_sinuses, frontal_sinuses) VALUES (1798, true, true, true, false);
INSERT INTO Positions (posId) VALUES (1799);
INSERT INTO Pain (pid, positionId, referred_pain_position, four_hours, eight_hours, one_day, two_days, one_week, worse_with_bending_forward) VALUES (1798, 1798, 1799, false, true, true, true, true, true);
INSERT INTO Symptoms (sxId, cough, dry_cough, productive_cough, fever, rhinitis) VALUES (1798, false, true, true, true, true);
INSERT INTO Symptoms (sxId, fatigue, malaise, loss_of_appetite, dehydration, diaphoresis, shortness_of_breath, conjunctivitis, chills) VALUES (1799, true, true, true, true, false, true, true, false);
INSERT INTO Cases (diagnosisId, age, gender, majorSx, minorSx, painId) VALUES (9, 96, 'F', 1798, 1799, 1798);
INSERT INTO Positions (posId, head, throat, maxilar_sinuses, frontal_sinuses) VALUES (1800, true, false, true, true);
INSERT INTO Positions (posId) VALUES (1801);
INSERT INTO Pain (pid, positionId, referred_pain_position, four_hours, eight_hours, one_day, two_days, one_week, worse_with_bending_forward) VALUES (1800, 1800, 1801, true, true, true, true, true, true);
INSERT INTO Symptoms (sxId, cough, dry_cough, productive_cough, fever, rhinitis) VALUES (1800, true, true, true, true, true);
INSERT INTO Symptoms (sxId, fatigue, malaise, loss_of_appetite, dehydration, diaphoresis, shortness_of_breath, conjunctivitis, chills) VALUES (1801, true, true, true, true, true, true, true, true);
INSERT INTO Cases (diagnosisId, age, gender, majorSx, minorSx, painId) VALUES (9, 105, 'F', 1800, 1801, 1800);
Insert INTO Diagnosis (dId, dname) Values (10, 'Heart');
INSERT INTO Positions (posId, chest, left_chest, right_chest) VALUES (1802, false, true, true);
INSERT INTO Positions (posId, jaw, neck, left_shoulder, left_shoulder_blade, left_arm) VALUES (1803, true, true, true, true, true);
INSERT INTO Pain (pid, positionId, referred_pain_position, clenching, burning, on_rest, on_exertion, four_hours, eight_hours, one_day, better_with_rest, worse_with_moving_around) VALUES (1802, 1802, 1803, true, false, true, true, true, true, true, true, true);
INSERT INTO Symptoms (sxId, shortness_of_breath, nausea, diaphoresis, lightheadedness) VALUES (1802, true, true, true, true);
INSERT INTO Symptoms (sxId, vomiting, dizziness, fatigue, indigestion, palpitations) VALUES (1803, false, true, true, true, true);
INSERT INTO Cases (diagnosisId, age, gender, majorSx, minorSx, painId) VALUES (10, 38, 'F', 1802, 1803, 1802);
INSERT INTO Positions (posId, chest, left_chest, right_chest) VALUES (1804, true, true, true);
INSERT INTO Positions (posId, jaw, neck, left_shoulder, left_shoulder_blade, left_arm) VALUES (1805, true, false, false, true, true);
INSERT INTO Pain (pid, positionId, referred_pain_position, clenching, burning, on_rest, on_exertion, four_hours, eight_hours, one_day, better_with_rest, worse_with_moving_around) VALUES (1804, 1804, 1805, true, true, true, true, false, true, true, true, true);
INSERT INTO Symptoms (sxId, shortness_of_breath, nausea, diaphoresis, lightheadedness) VALUES (1804, true, true, true, true);
INSERT INTO Symptoms (sxId, vomiting, dizziness, fatigue, indigestion, palpitations) VALUES (1805, true, true, true, true, false);
INSERT INTO Cases (diagnosisId, age, gender, majorSx, minorSx, painId) VALUES (10, 40, 'M', 1804, 1805, 1804);
INSERT INTO Positions (posId, chest, left_chest, right_chest) VALUES (1806, true, true, true);
INSERT INTO Positions (posId, jaw, neck, left_shoulder, left_shoulder_blade, left_arm) VALUES (1807, true, false, true, true, true);
INSERT INTO Pain (pid, positionId, referred_pain_position, clenching, burning, on_rest, on_exertion, four_hours, eight_hours, one_day, better_with_rest, worse_with_moving_around) VALUES (1806, 1806, 1807, true, true, true, true, true, true, true, true, false);
INSERT INTO Symptoms (sxId, shortness_of_breath, nausea, diaphoresis, lightheadedness) VALUES (1806, true, true, true, true);
INSERT INTO Symptoms (sxId, vomiting, dizziness, fatigue, indigestion, palpitations) VALUES (1807, true, true, true, false, true);
INSERT INTO Cases (diagnosisId, age, gender, majorSx, minorSx, painId) VALUES (10, 38, 'M', 1806, 1807, 1806);
INSERT INTO Positions (posId, chest, left_chest, right_chest) VALUES (1808, true, true, true);
INSERT INTO Positions (posId, jaw, neck, left_shoulder, left_shoulder_blade, left_arm) VALUES (1809, true, true, true, true, true);
INSERT INTO Pain (pid, positionId, referred_pain_position, clenching, burning, on_rest, on_exertion, four_hours, eight_hours, one_day, better_with_rest, worse_with_moving_around) VALUES (1808, 1808, 1809, true, true, false, true, true, true, true, true, true);
INSERT INTO Symptoms (sxId, shortness_of_breath, nausea, diaphoresis, lightheadedness) VALUES (1808, false, true, true, true);
INSERT INTO Symptoms (sxId, vomiting, dizziness, fatigue, indigestion, palpitations) VALUES (1809, true, true, true, true, true);
INSERT INTO Cases (diagnosisId, age, gender, majorSx, minorSx, painId) VALUES (10, 41, 'M', 1808, 1809, 1808);
INSERT INTO Positions (posId, chest, left_chest, right_chest) VALUES (1810, true, true, true);
INSERT INTO Positions (posId, jaw, neck, left_shoulder, left_shoulder_blade, left_arm) VALUES (1811, true, false, true, true, true);
INSERT INTO Pain (pid, positionId, referred_pain_position, clenching, burning, on_rest, on_exertion, four_hours, eight_hours, one_day, better_with_rest, worse_with_moving_around) VALUES (1810, 1810, 1811, true, true, true, true, true, true, true, true, false);
INSERT INTO Symptoms (sxId, shortness_of_breath, nausea, diaphoresis, lightheadedness) VALUES (1810, true, true, true, true);
INSERT INTO Symptoms (sxId, vomiting, dizziness, fatigue, indigestion, palpitations) VALUES (1811, true, true, true, true, true);
INSERT INTO Cases (diagnosisId, age, gender, majorSx, minorSx, painId) VALUES (10, 43, 'M', 1810, 1811, 1810);
INSERT INTO Positions (posId, chest, left_chest, right_chest) VALUES (1812, true, false, true);
INSERT INTO Positions (posId, jaw, neck, left_shoulder, left_shoulder_blade, left_arm) VALUES (1813, false, true, true, true, true);
INSERT INTO Pain (pid, positionId, referred_pain_position, clenching, burning, on_rest, on_exertion, four_hours, eight_hours, one_day, better_with_rest, worse_with_moving_around) VALUES (1812, 1812, 1813, true, true, true, true, true, true, true, true, true);
INSERT INTO Symptoms (sxId, shortness_of_breath, nausea, diaphoresis, lightheadedness) VALUES (1812, true, true, true, true);
INSERT INTO Symptoms (sxId, vomiting, dizziness, fatigue, indigestion, palpitations) VALUES (1813, true, true, true, true, true);
INSERT INTO Cases (diagnosisId, age, gender, majorSx, minorSx, painId) VALUES (10, 44, 'M', 1812, 1813, 1812);
INSERT INTO Positions (posId, chest, left_chest, right_chest) VALUES (1814, false, true, true);
INSERT INTO Positions (posId, jaw, neck, left_shoulder, left_shoulder_blade, left_arm) VALUES (1815, true, true, true, true, true);
INSERT INTO Pain (pid, positionId, referred_pain_position, clenching, burning, on_rest, on_exertion, four_hours, eight_hours, one_day, better_with_rest, worse_with_moving_around) VALUES (1814, 1814, 1815, true, true, true, true, true, true, true, true, true);
INSERT INTO Symptoms (sxId, shortness_of_breath, nausea, diaphoresis, lightheadedness) VALUES (1814, true, true, true, true);
INSERT INTO Symptoms (sxId, vomiting, dizziness, fatigue, indigestion, palpitations) VALUES (1815, true, true, true, true, true);
INSERT INTO Cases (diagnosisId, age, gender, majorSx, minorSx, painId) VALUES (10, 45, 'F', 1814, 1815, 1814);
INSERT INTO Positions (posId, chest, left_chest, right_chest) VALUES (1816, true, true, true);
INSERT INTO Positions (posId, jaw, neck, left_shoulder, left_shoulder_blade, left_arm) VALUES (1817, true, true, true, true, true);
INSERT INTO Pain (pid, positionId, referred_pain_position, clenching, burning, on_rest, on_exertion, four_hours, eight_hours, one_day, better_with_rest, worse_with_moving_around) VALUES (1816, 1816, 1817, true, true, true, true, true, true, true, true, true);
INSERT INTO Symptoms (sxId, shortness_of_breath, nausea, diaphoresis, lightheadedness) VALUES (1816, true, true, true, true);
INSERT INTO Symptoms (sxId, vomiting, dizziness, fatigue, indigestion, palpitations) VALUES (1817, true, true, true, true, true);
INSERT INTO Cases (diagnosisId, age, gender, majorSx, minorSx, painId) VALUES (10, 42, 'M', 1816, 1817, 1816);
INSERT INTO Positions (posId, chest, left_chest, right_chest) VALUES (1818, true, true, true);
INSERT INTO Positions (posId, jaw, neck, left_shoulder, left_shoulder_blade, left_arm) VALUES (1819, true, true, true, true, true);
INSERT INTO Pain (pid, positionId, referred_pain_position, clenching, burning, on_rest, on_exertion, four_hours, eight_hours, one_day, better_with_rest, worse_with_moving_around) VALUES (1818, 1818, 1819, true, true, false, true, true, false, true, true, true);
INSERT INTO Symptoms (sxId, shortness_of_breath, nausea, diaphoresis, lightheadedness) VALUES (1818, true, true, false, true);
INSERT INTO Symptoms (sxId, vomiting, dizziness, fatigue, indigestion, palpitations) VALUES (1819, true, false, true, true, true);
INSERT INTO Cases (diagnosisId, age, gender, majorSx, minorSx, painId) VALUES (10, 49, 'M', 1818, 1819, 1818);
INSERT INTO Positions (posId, chest, left_chest, right_chest) VALUES (1820, true, true, true);
INSERT INTO Positions (posId, jaw, neck, left_shoulder, left_shoulder_blade, left_arm) VALUES (1821, true, true, true, true, false);
INSERT INTO Pain (pid, positionId, referred_pain_position, clenching, burning, on_rest, on_exertion, four_hours, eight_hours, one_day, better_with_rest, worse_with_moving_around) VALUES (1820, 1820, 1821, true, true, true, true, true, true, true, true, false);
INSERT INTO Symptoms (sxId, shortness_of_breath, nausea, diaphoresis, lightheadedness) VALUES (1820, true, true, true, true);
INSERT INTO Symptoms (sxId, vomiting, dizziness, fatigue, indigestion, palpitations) VALUES (1821, true, true, true, false, true);
INSERT INTO Cases (diagnosisId, age, gender, majorSx, minorSx, painId) VALUES (10, 46, 'M', 1820, 1821, 1820);
INSERT INTO Positions (posId, chest, left_chest, right_chest) VALUES (1822, true, true, true);
INSERT INTO Positions (posId, jaw, neck, left_shoulder, left_shoulder_blade, left_arm) VALUES (1823, true, true, true, true, true);
INSERT INTO Pain (pid, positionId, referred_pain_position, clenching, burning, on_rest, on_exertion, four_hours, eight_hours, one_day, better_with_rest, worse_with_moving_around) VALUES (1822, 1822, 1823, true, true, false, true, true, true, true, true, true);
INSERT INTO Symptoms (sxId, shortness_of_breath, nausea, diaphoresis, lightheadedness) VALUES (1822, true, true, true, true);
INSERT INTO Symptoms (sxId, vomiting, dizziness, fatigue, indigestion, palpitations) VALUES (1823, true, true, true, true, true);
INSERT INTO Cases (diagnosisId, age, gender, majorSx, minorSx, painId) VALUES (10, 46, 'M', 1822, 1823, 1822);
INSERT INTO Positions (posId, chest, left_chest, right_chest) VALUES (1824, true, false, true);
INSERT INTO Positions (posId, jaw, neck, left_shoulder, left_shoulder_blade, left_arm) VALUES (1825, true, true, true, true, true);
INSERT INTO Pain (pid, positionId, referred_pain_position, clenching, burning, on_rest, on_exertion, four_hours, eight_hours, one_day, better_with_rest, worse_with_moving_around) VALUES (1824, 1824, 1825, true, true, false, true, true, true, true, true, true);
INSERT INTO Symptoms (sxId, shortness_of_breath, nausea, diaphoresis, lightheadedness) VALUES (1824, true, true, true, false);
INSERT INTO Symptoms (sxId, vomiting, dizziness, fatigue, indigestion, palpitations) VALUES (1825, true, true, true, true, true);
INSERT INTO Cases (diagnosisId, age, gender, majorSx, minorSx, painId) VALUES (10, 49, 'F', 1824, 1825, 1824);
INSERT INTO Positions (posId, chest, left_chest, right_chest) VALUES (1826, true, true, true);
INSERT INTO Positions (posId, jaw, neck, left_shoulder, left_shoulder_blade, left_arm) VALUES (1827, true, false, true, true, true);
INSERT INTO Pain (pid, positionId, referred_pain_position, clenching, burning, on_rest, on_exertion, four_hours, eight_hours, one_day, better_with_rest, worse_with_moving_around) VALUES (1826, 1826, 1827, true, true, true, true, true, true, true, false, true);
INSERT INTO Symptoms (sxId, shortness_of_breath, nausea, diaphoresis, lightheadedness) VALUES (1826, true, true, true, true);
INSERT INTO Symptoms (sxId, vomiting, dizziness, fatigue, indigestion, palpitations) VALUES (1827, true, true, true, true, true);
INSERT INTO Cases (diagnosisId, age, gender, majorSx, minorSx, painId) VALUES (10, 48, 'M', 1826, 1827, 1826);
INSERT INTO Positions (posId, chest, left_chest, right_chest) VALUES (1828, true, true, true);
INSERT INTO Positions (posId, jaw, neck, left_shoulder, left_shoulder_blade, left_arm) VALUES (1829, true, true, true, true, true);
INSERT INTO Pain (pid, positionId, referred_pain_position, clenching, burning, on_rest, on_exertion, four_hours, eight_hours, one_day, better_with_rest, worse_with_moving_around) VALUES (1828, 1828, 1829, true, true, true, true, false, true, true, false, true);
INSERT INTO Symptoms (sxId, shortness_of_breath, nausea, diaphoresis, lightheadedness) VALUES (1828, true, true, true, true);
INSERT INTO Symptoms (sxId, vomiting, dizziness, fatigue, indigestion, palpitations) VALUES (1829, true, true, true, false, true);
INSERT INTO Cases (diagnosisId, age, gender, majorSx, minorSx, painId) VALUES (10, 50, 'M', 1828, 1829, 1828);
INSERT INTO Positions (posId, chest, left_chest, right_chest) VALUES (1830, false, true, true);
INSERT INTO Positions (posId, jaw, neck, left_shoulder, left_shoulder_blade, left_arm) VALUES (1831, true, true, true, true, false);
INSERT INTO Pain (pid, positionId, referred_pain_position, clenching, burning, on_rest, on_exertion, four_hours, eight_hours, one_day, better_with_rest, worse_with_moving_around) VALUES (1830, 1830, 1831, true, true, true, true, true, true, true, true, true);
INSERT INTO Symptoms (sxId, shortness_of_breath, nausea, diaphoresis, lightheadedness) VALUES (1830, true, true, true, true);
INSERT INTO Symptoms (sxId, vomiting, dizziness, fatigue, indigestion, palpitations) VALUES (1831, true, true, false, true, true);
INSERT INTO Cases (diagnosisId, age, gender, majorSx, minorSx, painId) VALUES (10, 47, 'M', 1830, 1831, 1830);
INSERT INTO Positions (posId, chest, left_chest, right_chest) VALUES (1832, true, true, true);
INSERT INTO Positions (posId, jaw, neck, left_shoulder, left_shoulder_blade, left_arm) VALUES (1833, true, true, true, true, true);
INSERT INTO Pain (pid, positionId, referred_pain_position, clenching, burning, on_rest, on_exertion, four_hours, eight_hours, one_day, better_with_rest, worse_with_moving_around) VALUES (1832, 1832, 1833, true, true, false, true, true, true, true, true, true);
INSERT INTO Symptoms (sxId, shortness_of_breath, nausea, diaphoresis, lightheadedness) VALUES (1832, true, true, true, true);
INSERT INTO Symptoms (sxId, vomiting, dizziness, fatigue, indigestion, palpitations) VALUES (1833, false, true, false, true, true);
INSERT INTO Cases (diagnosisId, age, gender, majorSx, minorSx, painId) VALUES (10, 55, 'M', 1832, 1833, 1832);
INSERT INTO Positions (posId, chest, left_chest, right_chest) VALUES (1834, true, true, true);
INSERT INTO Positions (posId, jaw, neck, left_shoulder, left_shoulder_blade, left_arm) VALUES (1835, true, true, true, false, false);
INSERT INTO Pain (pid, positionId, referred_pain_position, clenching, burning, on_rest, on_exertion, four_hours, eight_hours, one_day, better_with_rest, worse_with_moving_around) VALUES (1834, 1834, 1835, true, true, true, true, true, true, true, true, true);
INSERT INTO Symptoms (sxId, shortness_of_breath, nausea, diaphoresis, lightheadedness) VALUES (1834, true, true, true, true);
INSERT INTO Symptoms (sxId, vomiting, dizziness, fatigue, indigestion, palpitations) VALUES (1835, true, true, true, true, true);
INSERT INTO Cases (diagnosisId, age, gender, majorSx, minorSx, painId) VALUES (10, 52, 'M', 1834, 1835, 1834);
INSERT INTO Positions (posId, chest, left_chest, right_chest) VALUES (1836, true, true, true);
INSERT INTO Positions (posId, jaw, neck, left_shoulder, left_shoulder_blade, left_arm) VALUES (1837, true, true, true, true, false);
INSERT INTO Pain (pid, positionId, referred_pain_position, clenching, burning, on_rest, on_exertion, four_hours, eight_hours, one_day, better_with_rest, worse_with_moving_around) VALUES (1836, 1836, 1837, true, true, true, true, true, true, true, true, true);
INSERT INTO Symptoms (sxId, shortness_of_breath, nausea, diaphoresis, lightheadedness) VALUES (1836, true, true, true, true);
INSERT INTO Symptoms (sxId, vomiting, dizziness, fatigue, indigestion, palpitations) VALUES (1837, true, true, true, true, true);
INSERT INTO Cases (diagnosisId, age, gender, majorSx, minorSx, painId) VALUES (10, 53, 'F', 1836, 1837, 1836);
INSERT INTO Positions (posId, chest, left_chest, right_chest) VALUES (1838, false, true, true);
INSERT INTO Positions (posId, jaw, neck, left_shoulder, left_shoulder_blade, left_arm) VALUES (1839, true, true, true, true, false);
INSERT INTO Pain (pid, positionId, referred_pain_position, clenching, burning, on_rest, on_exertion, four_hours, eight_hours, one_day, better_with_rest, worse_with_moving_around) VALUES (1838, 1838, 1839, true, true, true, true, true, true, true, true, true);
INSERT INTO Symptoms (sxId, shortness_of_breath, nausea, diaphoresis, lightheadedness) VALUES (1838, true, true, false, true);
INSERT INTO Symptoms (sxId, vomiting, dizziness, fatigue, indigestion, palpitations) VALUES (1839, true, true, true, true, true);
INSERT INTO Cases (diagnosisId, age, gender, majorSx, minorSx, painId) VALUES (10, 54, 'F', 1838, 1839, 1838);
INSERT INTO Positions (posId, chest, left_chest, right_chest) VALUES (1840, true, true, true);
INSERT INTO Positions (posId, jaw, neck, left_shoulder, left_shoulder_blade, left_arm) VALUES (1841, true, true, true, true, true);
INSERT INTO Pain (pid, positionId, referred_pain_position, clenching, burning, on_rest, on_exertion, four_hours, eight_hours, one_day, better_with_rest, worse_with_moving_around) VALUES (1840, 1840, 1841, true, true, true, true, true, true, false, true, true);
INSERT INTO Symptoms (sxId, shortness_of_breath, nausea, diaphoresis, lightheadedness) VALUES (1840, true, false, true, true);
INSERT INTO Symptoms (sxId, vomiting, dizziness, fatigue, indigestion, palpitations) VALUES (1841, true, true, true, true, true);
INSERT INTO Cases (diagnosisId, age, gender, majorSx, minorSx, painId) VALUES (10, 51, 'M', 1840, 1841, 1840);
INSERT INTO Positions (posId, chest, left_chest, right_chest) VALUES (1842, true, true, true);
INSERT INTO Positions (posId, jaw, neck, left_shoulder, left_shoulder_blade, left_arm) VALUES (1843, true, true, true, true, true);
INSERT INTO Pain (pid, positionId, referred_pain_position, clenching, burning, on_rest, on_exertion, four_hours, eight_hours, one_day, better_with_rest, worse_with_moving_around) VALUES (1842, 1842, 1843, true, true, true, true, true, true, true, true, true);
INSERT INTO Symptoms (sxId, shortness_of_breath, nausea, diaphoresis, lightheadedness) VALUES (1842, true, true, true, true);
INSERT INTO Symptoms (sxId, vomiting, dizziness, fatigue, indigestion, palpitations) VALUES (1843, true, true, true, true, true);
INSERT INTO Cases (diagnosisId, age, gender, majorSx, minorSx, painId) VALUES (10, 55, 'M', 1842, 1843, 1842);
INSERT INTO Positions (posId, chest, left_chest, right_chest) VALUES (1844, true, true, true);
INSERT INTO Positions (posId, jaw, neck, left_shoulder, left_shoulder_blade, left_arm) VALUES (1845, true, true, true, true, false);
INSERT INTO Pain (pid, positionId, referred_pain_position, clenching, burning, on_rest, on_exertion, four_hours, eight_hours, one_day, better_with_rest, worse_with_moving_around) VALUES (1844, 1844, 1845, true, true, false, true, true, true, true, true, true);
INSERT INTO Symptoms (sxId, shortness_of_breath, nausea, diaphoresis, lightheadedness) VALUES (1844, true, true, true, true);
INSERT INTO Symptoms (sxId, vomiting, dizziness, fatigue, indigestion, palpitations) VALUES (1845, true, true, true, true, true);
INSERT INTO Cases (diagnosisId, age, gender, majorSx, minorSx, painId) VALUES (10, 55, 'M', 1844, 1845, 1844);
INSERT INTO Positions (posId, chest, left_chest, right_chest) VALUES (1846, true, true, true);
INSERT INTO Positions (posId, jaw, neck, left_shoulder, left_shoulder_blade, left_arm) VALUES (1847, true, true, true, true, true);
INSERT INTO Pain (pid, positionId, referred_pain_position, clenching, burning, on_rest, on_exertion, four_hours, eight_hours, one_day, better_with_rest, worse_with_moving_around) VALUES (1846, 1846, 1847, false, true, true, true, true, true, true, true, true);
INSERT INTO Symptoms (sxId, shortness_of_breath, nausea, diaphoresis, lightheadedness) VALUES (1846, false, true, true, true);
INSERT INTO Symptoms (sxId, vomiting, dizziness, fatigue, indigestion, palpitations) VALUES (1847, true, true, true, true, true);
INSERT INTO Cases (diagnosisId, age, gender, majorSx, minorSx, painId) VALUES (10, 60, 'F', 1846, 1847, 1846);
INSERT INTO Positions (posId, chest, left_chest, right_chest) VALUES (1848, true, true, true);
INSERT INTO Positions (posId, jaw, neck, left_shoulder, left_shoulder_blade, left_arm) VALUES (1849, true, true, true, true, true);
INSERT INTO Pain (pid, positionId, referred_pain_position, clenching, burning, on_rest, on_exertion, four_hours, eight_hours, one_day, better_with_rest, worse_with_moving_around) VALUES (1848, 1848, 1849, true, true, true, true, true, true, true, true, true);
INSERT INTO Symptoms (sxId, shortness_of_breath, nausea, diaphoresis, lightheadedness) VALUES (1848, true, true, true, false);
INSERT INTO Symptoms (sxId, vomiting, dizziness, fatigue, indigestion, palpitations) VALUES (1849, true, true, false, true, true);
INSERT INTO Cases (diagnosisId, age, gender, majorSx, minorSx, painId) VALUES (10, 58, 'M', 1848, 1849, 1848);
INSERT INTO Positions (posId, chest, left_chest, right_chest) VALUES (1850, true, true, true);
INSERT INTO Positions (posId, jaw, neck, left_shoulder, left_shoulder_blade, left_arm) VALUES (1851, true, true, true, true, true);
INSERT INTO Pain (pid, positionId, referred_pain_position, clenching, burning, on_rest, on_exertion, four_hours, eight_hours, one_day, better_with_rest, worse_with_moving_around) VALUES (1850, 1850, 1851, true, true, true, true, true, true, true, true, true);
INSERT INTO Symptoms (sxId, shortness_of_breath, nausea, diaphoresis, lightheadedness) VALUES (1850, true, true, true, true);
INSERT INTO Symptoms (sxId, vomiting, dizziness, fatigue, indigestion, palpitations) VALUES (1851, true, true, true, true, true);
INSERT INTO Cases (diagnosisId, age, gender, majorSx, minorSx, painId) VALUES (10, 60, 'M', 1850, 1851, 1850);
INSERT INTO Positions (posId, chest, left_chest, right_chest) VALUES (1852, true, true, false);
INSERT INTO Positions (posId, jaw, neck, left_shoulder, left_shoulder_blade, left_arm) VALUES (1853, true, true, true, true, true);
INSERT INTO Pain (pid, positionId, referred_pain_position, clenching, burning, on_rest, on_exertion, four_hours, eight_hours, one_day, better_with_rest, worse_with_moving_around) VALUES (1852, 1852, 1853, true, true, true, true, true, true, true, true, true);
INSERT INTO Symptoms (sxId, shortness_of_breath, nausea, diaphoresis, lightheadedness) VALUES (1852, true, true, true, false);
INSERT INTO Symptoms (sxId, vomiting, dizziness, fatigue, indigestion, palpitations) VALUES (1853, true, true, true, true, true);
INSERT INTO Cases (diagnosisId, age, gender, majorSx, minorSx, painId) VALUES (10, 58, 'F', 1852, 1853, 1852);
INSERT INTO Positions (posId, chest, left_chest, right_chest) VALUES (1854, true, true, true);
INSERT INTO Positions (posId, jaw, neck, left_shoulder, left_shoulder_blade, left_arm) VALUES (1855, true, true, true, true, true);
INSERT INTO Pain (pid, positionId, referred_pain_position, clenching, burning, on_rest, on_exertion, four_hours, eight_hours, one_day, better_with_rest, worse_with_moving_around) VALUES (1854, 1854, 1855, true, true, true, true, true, true, true, true, true);
INSERT INTO Symptoms (sxId, shortness_of_breath, nausea, diaphoresis, lightheadedness) VALUES (1854, true, true, true, true);
INSERT INTO Symptoms (sxId, vomiting, dizziness, fatigue, indigestion, palpitations) VALUES (1855, true, true, true, true, true);
INSERT INTO Cases (diagnosisId, age, gender, majorSx, minorSx, painId) VALUES (10, 59, 'F', 1854, 1855, 1854);
INSERT INTO Positions (posId, chest, left_chest, right_chest) VALUES (1856, true, false, false);
INSERT INTO Positions (posId, jaw, neck, left_shoulder, left_shoulder_blade, left_arm) VALUES (1857, true, true, true, true, true);
INSERT INTO Pain (pid, positionId, referred_pain_position, clenching, burning, on_rest, on_exertion, four_hours, eight_hours, one_day, better_with_rest, worse_with_moving_around) VALUES (1856, 1856, 1857, false, true, true, true, true, true, true, true, true);
INSERT INTO Symptoms (sxId, shortness_of_breath, nausea, diaphoresis, lightheadedness) VALUES (1856, true, true, true, true);
INSERT INTO Symptoms (sxId, vomiting, dizziness, fatigue, indigestion, palpitations) VALUES (1857, false, false, true, true, true);
INSERT INTO Cases (diagnosisId, age, gender, majorSx, minorSx, painId) VALUES (10, 56, 'F', 1856, 1857, 1856);
INSERT INTO Positions (posId, chest, left_chest, right_chest) VALUES (1858, false, true, true);
INSERT INTO Positions (posId, jaw, neck, left_shoulder, left_shoulder_blade, left_arm) VALUES (1859, true, true, true, true, false);
INSERT INTO Pain (pid, positionId, referred_pain_position, clenching, burning, on_rest, on_exertion, four_hours, eight_hours, one_day, better_with_rest, worse_with_moving_around) VALUES (1858, 1858, 1859, true, true, true, true, true, true, true, true, true);
INSERT INTO Symptoms (sxId, shortness_of_breath, nausea, diaphoresis, lightheadedness) VALUES (1858, true, true, true, true);
INSERT INTO Symptoms (sxId, vomiting, dizziness, fatigue, indigestion, palpitations) VALUES (1859, true, true, true, true, true);
INSERT INTO Cases (diagnosisId, age, gender, majorSx, minorSx, painId) VALUES (10, 60, 'M', 1858, 1859, 1858);
INSERT INTO Positions (posId, chest, left_chest, right_chest) VALUES (1860, false, true, true);
INSERT INTO Positions (posId, jaw, neck, left_shoulder, left_shoulder_blade, left_arm) VALUES (1861, true, true, true, true, true);
INSERT INTO Pain (pid, positionId, referred_pain_position, clenching, burning, on_rest, on_exertion, four_hours, eight_hours, one_day, better_with_rest, worse_with_moving_around) VALUES (1860, 1860, 1861, true, false, true, true, true, true, true, true, true);
INSERT INTO Symptoms (sxId, shortness_of_breath, nausea, diaphoresis, lightheadedness) VALUES (1860, true, true, true, true);
INSERT INTO Symptoms (sxId, vomiting, dizziness, fatigue, indigestion, palpitations) VALUES (1861, true, true, true, false, true);
INSERT INTO Cases (diagnosisId, age, gender, majorSx, minorSx, painId) VALUES (10, 58, 'M', 1860, 1861, 1860);
INSERT INTO Positions (posId, chest, left_chest, right_chest) VALUES (1862, false, true, true);
INSERT INTO Positions (posId, jaw, neck, left_shoulder, left_shoulder_blade, left_arm) VALUES (1863, true, true, true, true, true);
INSERT INTO Pain (pid, positionId, referred_pain_position, clenching, burning, on_rest, on_exertion, four_hours, eight_hours, one_day, better_with_rest, worse_with_moving_around) VALUES (1862, 1862, 1863, true, true, true, true, false, true, false, true, true);
INSERT INTO Symptoms (sxId, shortness_of_breath, nausea, diaphoresis, lightheadedness) VALUES (1862, true, true, true, true);
INSERT INTO Symptoms (sxId, vomiting, dizziness, fatigue, indigestion, palpitations) VALUES (1863, false, true, true, true, true);
INSERT INTO Cases (diagnosisId, age, gender, majorSx, minorSx, painId) VALUES (10, 57, 'M', 1862, 1863, 1862);
INSERT INTO Positions (posId, chest, left_chest, right_chest) VALUES (1864, true, true, true);
INSERT INTO Positions (posId, jaw, neck, left_shoulder, left_shoulder_blade, left_arm) VALUES (1865, true, true, true, true, true);
INSERT INTO Pain (pid, positionId, referred_pain_position, clenching, burning, on_rest, on_exertion, four_hours, eight_hours, one_day, better_with_rest, worse_with_moving_around) VALUES (1864, 1864, 1865, true, false, true, true, true, true, true, true, true);
INSERT INTO Symptoms (sxId, shortness_of_breath, nausea, diaphoresis, lightheadedness) VALUES (1864, true, true, true, false);
INSERT INTO Symptoms (sxId, vomiting, dizziness, fatigue, indigestion, palpitations) VALUES (1865, true, true, true, true, true);
INSERT INTO Cases (diagnosisId, age, gender, majorSx, minorSx, painId) VALUES (10, 58, 'F', 1864, 1865, 1864);
INSERT INTO Positions (posId, chest, left_chest, right_chest) VALUES (1866, true, true, true);
INSERT INTO Positions (posId, jaw, neck, left_shoulder, left_shoulder_blade, left_arm) VALUES (1867, true, true, true, true, true);
INSERT INTO Pain (pid, positionId, referred_pain_position, clenching, burning, on_rest, on_exertion, four_hours, eight_hours, one_day, better_with_rest, worse_with_moving_around) VALUES (1866, 1866, 1867, true, true, true, false, true, true, true, true, true);
INSERT INTO Symptoms (sxId, shortness_of_breath, nausea, diaphoresis, lightheadedness) VALUES (1866, true, true, true, true);
INSERT INTO Symptoms (sxId, vomiting, dizziness, fatigue, indigestion, palpitations) VALUES (1867, true, true, true, true, true);
INSERT INTO Cases (diagnosisId, age, gender, majorSx, minorSx, painId) VALUES (10, 65, 'F', 1866, 1867, 1866);
INSERT INTO Positions (posId, chest, left_chest, right_chest) VALUES (1868, false, true, true);
INSERT INTO Positions (posId, jaw, neck, left_shoulder, left_shoulder_blade, left_arm) VALUES (1869, false, true, true, true, true);
INSERT INTO Pain (pid, positionId, referred_pain_position, clenching, burning, on_rest, on_exertion, four_hours, eight_hours, one_day, better_with_rest, worse_with_moving_around) VALUES (1868, 1868, 1869, true, true, true, true, true, true, true, true, true);
INSERT INTO Symptoms (sxId, shortness_of_breath, nausea, diaphoresis, lightheadedness) VALUES (1868, true, true, true, true);
INSERT INTO Symptoms (sxId, vomiting, dizziness, fatigue, indigestion, palpitations) VALUES (1869, true, false, true, true, false);
INSERT INTO Cases (diagnosisId, age, gender, majorSx, minorSx, painId) VALUES (10, 64, 'M', 1868, 1869, 1868);
INSERT INTO Positions (posId, chest, left_chest, right_chest) VALUES (1870, true, true, true);
INSERT INTO Positions (posId, jaw, neck, left_shoulder, left_shoulder_blade, left_arm) VALUES (1871, true, true, true, true, true);
INSERT INTO Pain (pid, positionId, referred_pain_position, clenching, burning, on_rest, on_exertion, four_hours, eight_hours, one_day, better_with_rest, worse_with_moving_around) VALUES (1870, 1870, 1871, true, true, true, true, true, true, true, true, true);
INSERT INTO Symptoms (sxId, shortness_of_breath, nausea, diaphoresis, lightheadedness) VALUES (1870, true, true, true, true);
INSERT INTO Symptoms (sxId, vomiting, dizziness, fatigue, indigestion, palpitations) VALUES (1871, true, true, true, true, true);
INSERT INTO Cases (diagnosisId, age, gender, majorSx, minorSx, painId) VALUES (10, 64, 'F', 1870, 1871, 1870);
INSERT INTO Positions (posId, chest, left_chest, right_chest) VALUES (1872, true, true, true);
INSERT INTO Positions (posId, jaw, neck, left_shoulder, left_shoulder_blade, left_arm) VALUES (1873, false, true, true, true, true);
INSERT INTO Pain (pid, positionId, referred_pain_position, clenching, burning, on_rest, on_exertion, four_hours, eight_hours, one_day, better_with_rest, worse_with_moving_around) VALUES (1872, 1872, 1873, true, true, true, true, true, false, true, true, true);
INSERT INTO Symptoms (sxId, shortness_of_breath, nausea, diaphoresis, lightheadedness) VALUES (1872, true, true, true, true);
INSERT INTO Symptoms (sxId, vomiting, dizziness, fatigue, indigestion, palpitations) VALUES (1873, true, true, true, true, true);
INSERT INTO Cases (diagnosisId, age, gender, majorSx, minorSx, painId) VALUES (10, 61, 'M', 1872, 1873, 1872);
INSERT INTO Positions (posId, chest, left_chest, right_chest) VALUES (1874, true, true, true);
INSERT INTO Positions (posId, jaw, neck, left_shoulder, left_shoulder_blade, left_arm) VALUES (1875, true, true, false, true, true);
INSERT INTO Pain (pid, positionId, referred_pain_position, clenching, burning, on_rest, on_exertion, four_hours, eight_hours, one_day, better_with_rest, worse_with_moving_around) VALUES (1874, 1874, 1875, true, true, true, true, true, true, true, false, true);
INSERT INTO Symptoms (sxId, shortness_of_breath, nausea, diaphoresis, lightheadedness) VALUES (1874, false, true, true, true);
INSERT INTO Symptoms (sxId, vomiting, dizziness, fatigue, indigestion, palpitations) VALUES (1875, true, true, false, true, true);
INSERT INTO Cases (diagnosisId, age, gender, majorSx, minorSx, painId) VALUES (10, 64, 'M', 1874, 1875, 1874);
INSERT INTO Positions (posId, chest, left_chest, right_chest) VALUES (1876, true, true, true);
INSERT INTO Positions (posId, jaw, neck, left_shoulder, left_shoulder_blade, left_arm) VALUES (1877, true, true, true, false, true);
INSERT INTO Pain (pid, positionId, referred_pain_position, clenching, burning, on_rest, on_exertion, four_hours, eight_hours, one_day, better_with_rest, worse_with_moving_around) VALUES (1876, 1876, 1877, true, true, true, true, true, true, true, true, true);
INSERT INTO Symptoms (sxId, shortness_of_breath, nausea, diaphoresis, lightheadedness) VALUES (1876, false, true, true, true);
INSERT INTO Symptoms (sxId, vomiting, dizziness, fatigue, indigestion, palpitations) VALUES (1877, true, true, true, true, true);
INSERT INTO Cases (diagnosisId, age, gender, majorSx, minorSx, painId) VALUES (10, 64, 'M', 1876, 1877, 1876);
INSERT INTO Positions (posId, chest, left_chest, right_chest) VALUES (1878, true, true, true);
INSERT INTO Positions (posId, jaw, neck, left_shoulder, left_shoulder_blade, left_arm) VALUES (1879, true, true, true, true, true);
INSERT INTO Pain (pid, positionId, referred_pain_position, clenching, burning, on_rest, on_exertion, four_hours, eight_hours, one_day, better_with_rest, worse_with_moving_around) VALUES (1878, 1878, 1879, true, true, true, true, true, true, true, true, true);
INSERT INTO Symptoms (sxId, shortness_of_breath, nausea, diaphoresis, lightheadedness) VALUES (1878, true, true, true, false);
INSERT INTO Symptoms (sxId, vomiting, dizziness, fatigue, indigestion, palpitations) VALUES (1879, true, true, true, true, true);
INSERT INTO Cases (diagnosisId, age, gender, majorSx, minorSx, painId) VALUES (10, 62, 'F', 1878, 1879, 1878);
INSERT INTO Positions (posId, chest, left_chest, right_chest) VALUES (1880, true, true, true);
INSERT INTO Positions (posId, jaw, neck, left_shoulder, left_shoulder_blade, left_arm) VALUES (1881, true, true, true, false, true);
INSERT INTO Pain (pid, positionId, referred_pain_position, clenching, burning, on_rest, on_exertion, four_hours, eight_hours, one_day, better_with_rest, worse_with_moving_around) VALUES (1880, 1880, 1881, false, true, true, true, true, true, true, true, true);
INSERT INTO Symptoms (sxId, shortness_of_breath, nausea, diaphoresis, lightheadedness) VALUES (1880, true, true, true, true);
INSERT INTO Symptoms (sxId, vomiting, dizziness, fatigue, indigestion, palpitations) VALUES (1881, true, true, true, true, true);
INSERT INTO Cases (diagnosisId, age, gender, majorSx, minorSx, painId) VALUES (10, 64, 'M', 1880, 1881, 1880);
INSERT INTO Positions (posId, chest, left_chest, right_chest) VALUES (1882, true, true, true);
INSERT INTO Positions (posId, jaw, neck, left_shoulder, left_shoulder_blade, left_arm) VALUES (1883, true, true, true, true, true);
INSERT INTO Pain (pid, positionId, referred_pain_position, clenching, burning, on_rest, on_exertion, four_hours, eight_hours, one_day, better_with_rest, worse_with_moving_around) VALUES (1882, 1882, 1883, true, true, true, true, true, true, true, true, true);
INSERT INTO Symptoms (sxId, shortness_of_breath, nausea, diaphoresis, lightheadedness) VALUES (1882, true, true, true, true);
INSERT INTO Symptoms (sxId, vomiting, dizziness, fatigue, indigestion, palpitations) VALUES (1883, true, true, false, false, true);
INSERT INTO Cases (diagnosisId, age, gender, majorSx, minorSx, painId) VALUES (10, 63, 'M', 1882, 1883, 1882);
INSERT INTO Positions (posId, chest, left_chest, right_chest) VALUES (1884, false, true, true);
INSERT INTO Positions (posId, jaw, neck, left_shoulder, left_shoulder_blade, left_arm) VALUES (1885, false, true, true, true, false);
INSERT INTO Pain (pid, positionId, referred_pain_position, clenching, burning, on_rest, on_exertion, four_hours, eight_hours, one_day, better_with_rest, worse_with_moving_around) VALUES (1884, 1884, 1885, true, true, true, false, true, true, true, true, true);
INSERT INTO Symptoms (sxId, shortness_of_breath, nausea, diaphoresis, lightheadedness) VALUES (1884, true, true, true, true);
INSERT INTO Symptoms (sxId, vomiting, dizziness, fatigue, indigestion, palpitations) VALUES (1885, true, true, false, true, true);
INSERT INTO Cases (diagnosisId, age, gender, majorSx, minorSx, painId) VALUES (10, 63, 'F', 1884, 1885, 1884);
INSERT INTO Positions (posId, chest, left_chest, right_chest) VALUES (1886, true, true, true);
INSERT INTO Positions (posId, jaw, neck, left_shoulder, left_shoulder_blade, left_arm) VALUES (1887, true, false, true, true, true);
INSERT INTO Pain (pid, positionId, referred_pain_position, clenching, burning, on_rest, on_exertion, four_hours, eight_hours, one_day, better_with_rest, worse_with_moving_around) VALUES (1886, 1886, 1887, true, true, true, true, true, true, true, true, true);
INSERT INTO Symptoms (sxId, shortness_of_breath, nausea, diaphoresis, lightheadedness) VALUES (1886, true, true, true, true);
INSERT INTO Symptoms (sxId, vomiting, dizziness, fatigue, indigestion, palpitations) VALUES (1887, false, true, true, true, true);
INSERT INTO Cases (diagnosisId, age, gender, majorSx, minorSx, painId) VALUES (10, 70, 'M', 1886, 1887, 1886);
INSERT INTO Positions (posId, chest, left_chest, right_chest) VALUES (1888, true, true, true);
INSERT INTO Positions (posId, jaw, neck, left_shoulder, left_shoulder_blade, left_arm) VALUES (1889, true, true, false, true, true);
INSERT INTO Pain (pid, positionId, referred_pain_position, clenching, burning, on_rest, on_exertion, four_hours, eight_hours, one_day, better_with_rest, worse_with_moving_around) VALUES (1888, 1888, 1889, true, true, true, false, true, true, true, true, true);
INSERT INTO Symptoms (sxId, shortness_of_breath, nausea, diaphoresis, lightheadedness) VALUES (1888, true, true, true, true);
INSERT INTO Symptoms (sxId, vomiting, dizziness, fatigue, indigestion, palpitations) VALUES (1889, true, true, true, true, true);
INSERT INTO Cases (diagnosisId, age, gender, majorSx, minorSx, painId) VALUES (10, 69, 'M', 1888, 1889, 1888);
INSERT INTO Positions (posId, chest, left_chest, right_chest) VALUES (1890, true, false, true);
INSERT INTO Positions (posId, jaw, neck, left_shoulder, left_shoulder_blade, left_arm) VALUES (1891, true, false, true, true, true);
INSERT INTO Pain (pid, positionId, referred_pain_position, clenching, burning, on_rest, on_exertion, four_hours, eight_hours, one_day, better_with_rest, worse_with_moving_around) VALUES (1890, 1890, 1891, true, true, true, true, true, true, true, true, true);
INSERT INTO Symptoms (sxId, shortness_of_breath, nausea, diaphoresis, lightheadedness) VALUES (1890, true, true, true, true);
INSERT INTO Symptoms (sxId, vomiting, dizziness, fatigue, indigestion, palpitations) VALUES (1891, true, true, true, true, true);
INSERT INTO Cases (diagnosisId, age, gender, majorSx, minorSx, painId) VALUES (10, 67, 'F', 1890, 1891, 1890);
INSERT INTO Positions (posId, chest, left_chest, right_chest) VALUES (1892, true, true, true);
INSERT INTO Positions (posId, jaw, neck, left_shoulder, left_shoulder_blade, left_arm) VALUES (1893, true, true, true, true, true);
INSERT INTO Pain (pid, positionId, referred_pain_position, clenching, burning, on_rest, on_exertion, four_hours, eight_hours, one_day, better_with_rest, worse_with_moving_around) VALUES (1892, 1892, 1893, true, true, true, true, false, true, true, true, true);
INSERT INTO Symptoms (sxId, shortness_of_breath, nausea, diaphoresis, lightheadedness) VALUES (1892, true, true, true, true);
INSERT INTO Symptoms (sxId, vomiting, dizziness, fatigue, indigestion, palpitations) VALUES (1893, true, true, true, true, true);
INSERT INTO Cases (diagnosisId, age, gender, majorSx, minorSx, painId) VALUES (10, 69, 'F', 1892, 1893, 1892);
INSERT INTO Positions (posId, chest, left_chest, right_chest) VALUES (1894, true, true, true);
INSERT INTO Positions (posId, jaw, neck, left_shoulder, left_shoulder_blade, left_arm) VALUES (1895, true, true, true, true, true);
INSERT INTO Pain (pid, positionId, referred_pain_position, clenching, burning, on_rest, on_exertion, four_hours, eight_hours, one_day, better_with_rest, worse_with_moving_around) VALUES (1894, 1894, 1895, true, true, true, true, true, true, true, true, true);
INSERT INTO Symptoms (sxId, shortness_of_breath, nausea, diaphoresis, lightheadedness) VALUES (1894, true, true, true, true);
INSERT INTO Symptoms (sxId, vomiting, dizziness, fatigue, indigestion, palpitations) VALUES (1895, true, true, true, true, true);
INSERT INTO Cases (diagnosisId, age, gender, majorSx, minorSx, painId) VALUES (10, 67, 'M', 1894, 1895, 1894);
INSERT INTO Positions (posId, chest, left_chest, right_chest) VALUES (1896, true, true, true);
INSERT INTO Positions (posId, jaw, neck, left_shoulder, left_shoulder_blade, left_arm) VALUES (1897, true, true, true, true, true);
INSERT INTO Pain (pid, positionId, referred_pain_position, clenching, burning, on_rest, on_exertion, four_hours, eight_hours, one_day, better_with_rest, worse_with_moving_around) VALUES (1896, 1896, 1897, true, false, true, true, true, true, true, true, true);
INSERT INTO Symptoms (sxId, shortness_of_breath, nausea, diaphoresis, lightheadedness) VALUES (1896, true, true, true, true);
INSERT INTO Symptoms (sxId, vomiting, dizziness, fatigue, indigestion, palpitations) VALUES (1897, true, true, true, true, true);
INSERT INTO Cases (diagnosisId, age, gender, majorSx, minorSx, painId) VALUES (10, 69, 'M', 1896, 1897, 1896);
INSERT INTO Positions (posId, chest, left_chest, right_chest) VALUES (1898, true, true, true);
INSERT INTO Positions (posId, jaw, neck, left_shoulder, left_shoulder_blade, left_arm) VALUES (1899, true, true, true, true, false);
INSERT INTO Pain (pid, positionId, referred_pain_position, clenching, burning, on_rest, on_exertion, four_hours, eight_hours, one_day, better_with_rest, worse_with_moving_around) VALUES (1898, 1898, 1899, true, false, true, true, true, true, false, true, true);
INSERT INTO Symptoms (sxId, shortness_of_breath, nausea, diaphoresis, lightheadedness) VALUES (1898, true, true, false, true);
INSERT INTO Symptoms (sxId, vomiting, dizziness, fatigue, indigestion, palpitations) VALUES (1899, true, true, true, true, false);
INSERT INTO Cases (diagnosisId, age, gender, majorSx, minorSx, painId) VALUES (10, 66, 'M', 1898, 1899, 1898);
INSERT INTO Positions (posId, chest, left_chest, right_chest) VALUES (1900, true, true, true);
INSERT INTO Positions (posId, jaw, neck, left_shoulder, left_shoulder_blade, left_arm) VALUES (1901, true, true, true, true, true);
INSERT INTO Pain (pid, positionId, referred_pain_position, clenching, burning, on_rest, on_exertion, four_hours, eight_hours, one_day, better_with_rest, worse_with_moving_around) VALUES (1900, 1900, 1901, true, true, true, true, true, true, true, true, false);
INSERT INTO Symptoms (sxId, shortness_of_breath, nausea, diaphoresis, lightheadedness) VALUES (1900, true, true, true, true);
INSERT INTO Symptoms (sxId, vomiting, dizziness, fatigue, indigestion, palpitations) VALUES (1901, true, true, true, true, true);
INSERT INTO Cases (diagnosisId, age, gender, majorSx, minorSx, painId) VALUES (10, 66, 'F', 1900, 1901, 1900);
INSERT INTO Positions (posId, chest, left_chest, right_chest) VALUES (1902, true, true, true);
INSERT INTO Positions (posId, jaw, neck, left_shoulder, left_shoulder_blade, left_arm) VALUES (1903, true, true, true, true, true);
INSERT INTO Pain (pid, positionId, referred_pain_position, clenching, burning, on_rest, on_exertion, four_hours, eight_hours, one_day, better_with_rest, worse_with_moving_around) VALUES (1902, 1902, 1903, true, true, true, true, true, true, true, true, true);
INSERT INTO Symptoms (sxId, shortness_of_breath, nausea, diaphoresis, lightheadedness) VALUES (1902, true, true, true, true);
INSERT INTO Symptoms (sxId, vomiting, dizziness, fatigue, indigestion, palpitations) VALUES (1903, true, true, true, true, true);
INSERT INTO Cases (diagnosisId, age, gender, majorSx, minorSx, painId) VALUES (10, 70, 'M', 1902, 1903, 1902);
INSERT INTO Positions (posId, chest, left_chest, right_chest) VALUES (1904, true, true, true);
INSERT INTO Positions (posId, jaw, neck, left_shoulder, left_shoulder_blade, left_arm) VALUES (1905, true, true, true, true, true);
INSERT INTO Pain (pid, positionId, referred_pain_position, clenching, burning, on_rest, on_exertion, four_hours, eight_hours, one_day, better_with_rest, worse_with_moving_around) VALUES (1904, 1904, 1905, true, true, true, true, true, true, true, true, true);
INSERT INTO Symptoms (sxId, shortness_of_breath, nausea, diaphoresis, lightheadedness) VALUES (1904, true, true, true, false);
INSERT INTO Symptoms (sxId, vomiting, dizziness, fatigue, indigestion, palpitations) VALUES (1905, true, true, true, true, true);
INSERT INTO Cases (diagnosisId, age, gender, majorSx, minorSx, painId) VALUES (10, 67, 'M', 1904, 1905, 1904);
INSERT INTO Positions (posId, chest, left_chest, right_chest) VALUES (1906, true, true, true);
INSERT INTO Positions (posId, jaw, neck, left_shoulder, left_shoulder_blade, left_arm) VALUES (1907, true, true, true, true, true);
INSERT INTO Pain (pid, positionId, referred_pain_position, clenching, burning, on_rest, on_exertion, four_hours, eight_hours, one_day, better_with_rest, worse_with_moving_around) VALUES (1906, 1906, 1907, true, true, true, true, true, false, true, false, true);
INSERT INTO Symptoms (sxId, shortness_of_breath, nausea, diaphoresis, lightheadedness) VALUES (1906, true, true, true, true);
INSERT INTO Symptoms (sxId, vomiting, dizziness, fatigue, indigestion, palpitations) VALUES (1907, true, true, true, false, true);
INSERT INTO Cases (diagnosisId, age, gender, majorSx, minorSx, painId) VALUES (10, 67, 'F', 1906, 1907, 1906);
INSERT INTO Positions (posId, chest, left_chest, right_chest) VALUES (1908, true, true, true);
INSERT INTO Positions (posId, jaw, neck, left_shoulder, left_shoulder_blade, left_arm) VALUES (1909, true, true, false, true, true);
INSERT INTO Pain (pid, positionId, referred_pain_position, clenching, burning, on_rest, on_exertion, four_hours, eight_hours, one_day, better_with_rest, worse_with_moving_around) VALUES (1908, 1908, 1909, true, true, true, true, true, true, true, true, true);
INSERT INTO Symptoms (sxId, shortness_of_breath, nausea, diaphoresis, lightheadedness) VALUES (1908, true, true, true, true);
INSERT INTO Symptoms (sxId, vomiting, dizziness, fatigue, indigestion, palpitations) VALUES (1909, true, true, true, true, false);
INSERT INTO Cases (diagnosisId, age, gender, majorSx, minorSx, painId) VALUES (10, 68, 'M', 1908, 1909, 1908);
INSERT INTO Positions (posId, chest, left_chest, right_chest) VALUES (1910, true, true, true);
INSERT INTO Positions (posId, jaw, neck, left_shoulder, left_shoulder_blade, left_arm) VALUES (1911, true, true, true, true, true);
INSERT INTO Pain (pid, positionId, referred_pain_position, clenching, burning, on_rest, on_exertion, four_hours, eight_hours, one_day, better_with_rest, worse_with_moving_around) VALUES (1910, 1910, 1911, true, true, true, true, true, true, true, true, true);
INSERT INTO Symptoms (sxId, shortness_of_breath, nausea, diaphoresis, lightheadedness) VALUES (1910, true, true, true, true);
INSERT INTO Symptoms (sxId, vomiting, dizziness, fatigue, indigestion, palpitations) VALUES (1911, true, true, true, true, true);
INSERT INTO Cases (diagnosisId, age, gender, majorSx, minorSx, painId) VALUES (10, 74, 'F', 1910, 1911, 1910);
INSERT INTO Positions (posId, chest, left_chest, right_chest) VALUES (1912, true, true, true);
INSERT INTO Positions (posId, jaw, neck, left_shoulder, left_shoulder_blade, left_arm) VALUES (1913, true, true, true, true, true);
INSERT INTO Pain (pid, positionId, referred_pain_position, clenching, burning, on_rest, on_exertion, four_hours, eight_hours, one_day, better_with_rest, worse_with_moving_around) VALUES (1912, 1912, 1913, true, true, true, true, true, true, true, true, false);
INSERT INTO Symptoms (sxId, shortness_of_breath, nausea, diaphoresis, lightheadedness) VALUES (1912, true, true, false, true);
INSERT INTO Symptoms (sxId, vomiting, dizziness, fatigue, indigestion, palpitations) VALUES (1913, true, true, true, true, true);
INSERT INTO Cases (diagnosisId, age, gender, majorSx, minorSx, painId) VALUES (10, 74, 'M', 1912, 1913, 1912);
INSERT INTO Positions (posId, chest, left_chest, right_chest) VALUES (1914, false, true, true);
INSERT INTO Positions (posId, jaw, neck, left_shoulder, left_shoulder_blade, left_arm) VALUES (1915, true, true, true, true, true);
INSERT INTO Pain (pid, positionId, referred_pain_position, clenching, burning, on_rest, on_exertion, four_hours, eight_hours, one_day, better_with_rest, worse_with_moving_around) VALUES (1914, 1914, 1915, true, false, true, true, true, true, true, true, true);
INSERT INTO Symptoms (sxId, shortness_of_breath, nausea, diaphoresis, lightheadedness) VALUES (1914, true, true, true, true);
INSERT INTO Symptoms (sxId, vomiting, dizziness, fatigue, indigestion, palpitations) VALUES (1915, true, true, true, true, true);
INSERT INTO Cases (diagnosisId, age, gender, majorSx, minorSx, painId) VALUES (10, 74, 'F', 1914, 1915, 1914);
INSERT INTO Positions (posId, chest, left_chest, right_chest) VALUES (1916, true, true, true);
INSERT INTO Positions (posId, jaw, neck, left_shoulder, left_shoulder_blade, left_arm) VALUES (1917, true, true, true, false, false);
INSERT INTO Pain (pid, positionId, referred_pain_position, clenching, burning, on_rest, on_exertion, four_hours, eight_hours, one_day, better_with_rest, worse_with_moving_around) VALUES (1916, 1916, 1917, true, true, true, true, true, false, true, true, true);
INSERT INTO Symptoms (sxId, shortness_of_breath, nausea, diaphoresis, lightheadedness) VALUES (1916, true, true, true, true);
INSERT INTO Symptoms (sxId, vomiting, dizziness, fatigue, indigestion, palpitations) VALUES (1917, false, true, true, true, true);
INSERT INTO Cases (diagnosisId, age, gender, majorSx, minorSx, painId) VALUES (10, 71, 'M', 1916, 1917, 1916);
INSERT INTO Positions (posId, chest, left_chest, right_chest) VALUES (1918, true, true, true);
INSERT INTO Positions (posId, jaw, neck, left_shoulder, left_shoulder_blade, left_arm) VALUES (1919, true, true, false, true, true);
INSERT INTO Pain (pid, positionId, referred_pain_position, clenching, burning, on_rest, on_exertion, four_hours, eight_hours, one_day, better_with_rest, worse_with_moving_around) VALUES (1918, 1918, 1919, true, true, true, true, true, true, true, true, true);
INSERT INTO Symptoms (sxId, shortness_of_breath, nausea, diaphoresis, lightheadedness) VALUES (1918, true, true, true, true);
INSERT INTO Symptoms (sxId, vomiting, dizziness, fatigue, indigestion, palpitations) VALUES (1919, true, false, false, true, true);
INSERT INTO Cases (diagnosisId, age, gender, majorSx, minorSx, painId) VALUES (10, 73, 'M', 1918, 1919, 1918);
INSERT INTO Positions (posId, chest, left_chest, right_chest) VALUES (1920, true, true, false);
INSERT INTO Positions (posId, jaw, neck, left_shoulder, left_shoulder_blade, left_arm) VALUES (1921, true, true, true, true, true);
INSERT INTO Pain (pid, positionId, referred_pain_position, clenching, burning, on_rest, on_exertion, four_hours, eight_hours, one_day, better_with_rest, worse_with_moving_around) VALUES (1920, 1920, 1921, true, true, true, true, false, true, true, true, true);
INSERT INTO Symptoms (sxId, shortness_of_breath, nausea, diaphoresis, lightheadedness) VALUES (1920, false, true, false, true);
INSERT INTO Symptoms (sxId, vomiting, dizziness, fatigue, indigestion, palpitations) VALUES (1921, true, true, true, true, false);
INSERT INTO Cases (diagnosisId, age, gender, majorSx, minorSx, painId) VALUES (10, 72, 'F', 1920, 1921, 1920);
INSERT INTO Positions (posId, chest, left_chest, right_chest) VALUES (1922, true, true, true);
INSERT INTO Positions (posId, jaw, neck, left_shoulder, left_shoulder_blade, left_arm) VALUES (1923, false, true, true, true, true);
INSERT INTO Pain (pid, positionId, referred_pain_position, clenching, burning, on_rest, on_exertion, four_hours, eight_hours, one_day, better_with_rest, worse_with_moving_around) VALUES (1922, 1922, 1923, true, true, true, true, true, true, true, true, true);
INSERT INTO Symptoms (sxId, shortness_of_breath, nausea, diaphoresis, lightheadedness) VALUES (1922, false, true, true, true);
INSERT INTO Symptoms (sxId, vomiting, dizziness, fatigue, indigestion, palpitations) VALUES (1923, true, true, true, true, true);
INSERT INTO Cases (diagnosisId, age, gender, majorSx, minorSx, painId) VALUES (10, 71, 'F', 1922, 1923, 1922);
INSERT INTO Positions (posId, chest, left_chest, right_chest) VALUES (1924, true, true, false);
INSERT INTO Positions (posId, jaw, neck, left_shoulder, left_shoulder_blade, left_arm) VALUES (1925, true, true, true, true, true);
INSERT INTO Pain (pid, positionId, referred_pain_position, clenching, burning, on_rest, on_exertion, four_hours, eight_hours, one_day, better_with_rest, worse_with_moving_around) VALUES (1924, 1924, 1925, true, true, true, true, true, true, false, true, true);
INSERT INTO Symptoms (sxId, shortness_of_breath, nausea, diaphoresis, lightheadedness) VALUES (1924, true, true, true, true);
INSERT INTO Symptoms (sxId, vomiting, dizziness, fatigue, indigestion, palpitations) VALUES (1925, true, true, true, true, true);
INSERT INTO Cases (diagnosisId, age, gender, majorSx, minorSx, painId) VALUES (10, 73, 'M', 1924, 1925, 1924);
INSERT INTO Positions (posId, chest, left_chest, right_chest) VALUES (1926, true, false, true);
INSERT INTO Positions (posId, jaw, neck, left_shoulder, left_shoulder_blade, left_arm) VALUES (1927, true, true, true, true, true);
INSERT INTO Pain (pid, positionId, referred_pain_position, clenching, burning, on_rest, on_exertion, four_hours, eight_hours, one_day, better_with_rest, worse_with_moving_around) VALUES (1926, 1926, 1927, true, true, true, true, true, true, true, true, true);
INSERT INTO Symptoms (sxId, shortness_of_breath, nausea, diaphoresis, lightheadedness) VALUES (1926, true, true, true, true);
INSERT INTO Symptoms (sxId, vomiting, dizziness, fatigue, indigestion, palpitations) VALUES (1927, true, true, true, true, true);
INSERT INTO Cases (diagnosisId, age, gender, majorSx, minorSx, painId) VALUES (10, 71, 'M', 1926, 1927, 1926);
INSERT INTO Positions (posId, chest, left_chest, right_chest) VALUES (1928, true, true, true);
INSERT INTO Positions (posId, jaw, neck, left_shoulder, left_shoulder_blade, left_arm) VALUES (1929, true, true, true, true, true);
INSERT INTO Pain (pid, positionId, referred_pain_position, clenching, burning, on_rest, on_exertion, four_hours, eight_hours, one_day, better_with_rest, worse_with_moving_around) VALUES (1928, 1928, 1929, true, true, true, true, true, true, true, true, true);
INSERT INTO Symptoms (sxId, shortness_of_breath, nausea, diaphoresis, lightheadedness) VALUES (1928, true, false, true, true);
INSERT INTO Symptoms (sxId, vomiting, dizziness, fatigue, indigestion, palpitations) VALUES (1929, true, true, true, true, true);
INSERT INTO Cases (diagnosisId, age, gender, majorSx, minorSx, painId) VALUES (10, 74, 'M', 1928, 1929, 1928);
INSERT INTO Positions (posId, chest, left_chest, right_chest) VALUES (1930, true, true, true);
INSERT INTO Positions (posId, jaw, neck, left_shoulder, left_shoulder_blade, left_arm) VALUES (1931, true, true, true, false, true);
INSERT INTO Pain (pid, positionId, referred_pain_position, clenching, burning, on_rest, on_exertion, four_hours, eight_hours, one_day, better_with_rest, worse_with_moving_around) VALUES (1930, 1930, 1931, true, true, true, true, true, true, true, true, true);
INSERT INTO Symptoms (sxId, shortness_of_breath, nausea, diaphoresis, lightheadedness) VALUES (1930, true, true, true, true);
INSERT INTO Symptoms (sxId, vomiting, dizziness, fatigue, indigestion, palpitations) VALUES (1931, true, true, true, true, true);
INSERT INTO Cases (diagnosisId, age, gender, majorSx, minorSx, painId) VALUES (10, 71, 'F', 1930, 1931, 1930);
INSERT INTO Positions (posId, chest, left_chest, right_chest) VALUES (1932, true, true, true);
INSERT INTO Positions (posId, jaw, neck, left_shoulder, left_shoulder_blade, left_arm) VALUES (1933, true, true, true, true, true);
INSERT INTO Pain (pid, positionId, referred_pain_position, clenching, burning, on_rest, on_exertion, four_hours, eight_hours, one_day, better_with_rest, worse_with_moving_around) VALUES (1932, 1932, 1933, true, true, true, true, true, true, true, true, true);
INSERT INTO Symptoms (sxId, shortness_of_breath, nausea, diaphoresis, lightheadedness) VALUES (1932, true, true, true, true);
INSERT INTO Symptoms (sxId, vomiting, dizziness, fatigue, indigestion, palpitations) VALUES (1933, true, true, false, true, true);
INSERT INTO Cases (diagnosisId, age, gender, majorSx, minorSx, painId) VALUES (10, 75, 'M', 1932, 1933, 1932);
INSERT INTO Positions (posId, chest, left_chest, right_chest) VALUES (1934, true, true, true);
INSERT INTO Positions (posId, jaw, neck, left_shoulder, left_shoulder_blade, left_arm) VALUES (1935, true, true, true, true, true);
INSERT INTO Pain (pid, positionId, referred_pain_position, clenching, burning, on_rest, on_exertion, four_hours, eight_hours, one_day, better_with_rest, worse_with_moving_around) VALUES (1934, 1934, 1935, true, true, true, true, false, true, true, true, true);
INSERT INTO Symptoms (sxId, shortness_of_breath, nausea, diaphoresis, lightheadedness) VALUES (1934, true, true, true, true);
INSERT INTO Symptoms (sxId, vomiting, dizziness, fatigue, indigestion, palpitations) VALUES (1935, true, true, true, true, true);
INSERT INTO Cases (diagnosisId, age, gender, majorSx, minorSx, painId) VALUES (10, 71, 'M', 1934, 1935, 1934);
INSERT INTO Positions (posId, chest, left_chest, right_chest) VALUES (1936, true, true, true);
INSERT INTO Positions (posId, jaw, neck, left_shoulder, left_shoulder_blade, left_arm) VALUES (1937, true, true, true, true, true);
INSERT INTO Pain (pid, positionId, referred_pain_position, clenching, burning, on_rest, on_exertion, four_hours, eight_hours, one_day, better_with_rest, worse_with_moving_around) VALUES (1936, 1936, 1937, true, true, true, true, true, true, true, true, true);
INSERT INTO Symptoms (sxId, shortness_of_breath, nausea, diaphoresis, lightheadedness) VALUES (1936, true, true, true, true);
INSERT INTO Symptoms (sxId, vomiting, dizziness, fatigue, indigestion, palpitations) VALUES (1937, true, true, true, true, true);
INSERT INTO Cases (diagnosisId, age, gender, majorSx, minorSx, painId) VALUES (10, 73, 'M', 1936, 1937, 1936);
INSERT INTO Positions (posId, chest, left_chest, right_chest) VALUES (1938, true, true, true);
INSERT INTO Positions (posId, jaw, neck, left_shoulder, left_shoulder_blade, left_arm) VALUES (1939, true, true, true, true, false);
INSERT INTO Pain (pid, positionId, referred_pain_position, clenching, burning, on_rest, on_exertion, four_hours, eight_hours, one_day, better_with_rest, worse_with_moving_around) VALUES (1938, 1938, 1939, true, true, true, true, true, true, true, true, true);
INSERT INTO Symptoms (sxId, shortness_of_breath, nausea, diaphoresis, lightheadedness) VALUES (1938, false, true, true, true);
INSERT INTO Symptoms (sxId, vomiting, dizziness, fatigue, indigestion, palpitations) VALUES (1939, true, false, true, true, false);
INSERT INTO Cases (diagnosisId, age, gender, majorSx, minorSx, painId) VALUES (10, 74, 'F', 1938, 1939, 1938);
INSERT INTO Positions (posId, chest, left_chest, right_chest) VALUES (1940, false, true, true);
INSERT INTO Positions (posId, jaw, neck, left_shoulder, left_shoulder_blade, left_arm) VALUES (1941, true, true, true, true, true);
INSERT INTO Pain (pid, positionId, referred_pain_position, clenching, burning, on_rest, on_exertion, four_hours, eight_hours, one_day, better_with_rest, worse_with_moving_around) VALUES (1940, 1940, 1941, true, true, true, true, false, true, true, true, true);
INSERT INTO Symptoms (sxId, shortness_of_breath, nausea, diaphoresis, lightheadedness) VALUES (1940, true, true, true, true);
INSERT INTO Symptoms (sxId, vomiting, dizziness, fatigue, indigestion, palpitations) VALUES (1941, true, true, true, true, true);
INSERT INTO Cases (diagnosisId, age, gender, majorSx, minorSx, painId) VALUES (10, 77, 'F', 1940, 1941, 1940);
INSERT INTO Positions (posId, chest, left_chest, right_chest) VALUES (1942, true, true, true);
INSERT INTO Positions (posId, jaw, neck, left_shoulder, left_shoulder_blade, left_arm) VALUES (1943, true, true, true, true, true);
INSERT INTO Pain (pid, positionId, referred_pain_position, clenching, burning, on_rest, on_exertion, four_hours, eight_hours, one_day, better_with_rest, worse_with_moving_around) VALUES (1942, 1942, 1943, true, true, true, true, true, true, true, false, false);
INSERT INTO Symptoms (sxId, shortness_of_breath, nausea, diaphoresis, lightheadedness) VALUES (1942, true, true, true, true);
INSERT INTO Symptoms (sxId, vomiting, dizziness, fatigue, indigestion, palpitations) VALUES (1943, true, true, true, true, true);
INSERT INTO Cases (diagnosisId, age, gender, majorSx, minorSx, painId) VALUES (10, 78, 'F', 1942, 1943, 1942);
INSERT INTO Positions (posId, chest, left_chest, right_chest) VALUES (1944, true, true, true);
INSERT INTO Positions (posId, jaw, neck, left_shoulder, left_shoulder_blade, left_arm) VALUES (1945, true, true, true, true, true);
INSERT INTO Pain (pid, positionId, referred_pain_position, clenching, burning, on_rest, on_exertion, four_hours, eight_hours, one_day, better_with_rest, worse_with_moving_around) VALUES (1944, 1944, 1945, true, true, true, true, true, true, true, true, true);
INSERT INTO Symptoms (sxId, shortness_of_breath, nausea, diaphoresis, lightheadedness) VALUES (1944, true, true, true, true);
INSERT INTO Symptoms (sxId, vomiting, dizziness, fatigue, indigestion, palpitations) VALUES (1945, true, true, true, true, true);
INSERT INTO Cases (diagnosisId, age, gender, majorSx, minorSx, painId) VALUES (10, 77, 'F', 1944, 1945, 1944);
INSERT INTO Positions (posId, chest, left_chest, right_chest) VALUES (1946, true, false, false);
INSERT INTO Positions (posId, jaw, neck, left_shoulder, left_shoulder_blade, left_arm) VALUES (1947, true, true, false, true, true);
INSERT INTO Pain (pid, positionId, referred_pain_position, clenching, burning, on_rest, on_exertion, four_hours, eight_hours, one_day, better_with_rest, worse_with_moving_around) VALUES (1946, 1946, 1947, true, true, true, true, true, true, true, true, true);
INSERT INTO Symptoms (sxId, shortness_of_breath, nausea, diaphoresis, lightheadedness) VALUES (1946, true, true, true, true);
INSERT INTO Symptoms (sxId, vomiting, dizziness, fatigue, indigestion, palpitations) VALUES (1947, true, true, true, true, true);
INSERT INTO Cases (diagnosisId, age, gender, majorSx, minorSx, painId) VALUES (10, 76, 'M', 1946, 1947, 1946);
INSERT INTO Positions (posId, chest, left_chest, right_chest) VALUES (1948, true, true, true);
INSERT INTO Positions (posId, jaw, neck, left_shoulder, left_shoulder_blade, left_arm) VALUES (1949, false, true, true, true, true);
INSERT INTO Pain (pid, positionId, referred_pain_position, clenching, burning, on_rest, on_exertion, four_hours, eight_hours, one_day, better_with_rest, worse_with_moving_around) VALUES (1948, 1948, 1949, true, true, true, true, true, true, true, true, true);
INSERT INTO Symptoms (sxId, shortness_of_breath, nausea, diaphoresis, lightheadedness) VALUES (1948, true, true, true, true);
INSERT INTO Symptoms (sxId, vomiting, dizziness, fatigue, indigestion, palpitations) VALUES (1949, true, true, true, true, true);
INSERT INTO Cases (diagnosisId, age, gender, majorSx, minorSx, painId) VALUES (10, 79, 'M', 1948, 1949, 1948);
INSERT INTO Positions (posId, chest, left_chest, right_chest) VALUES (1950, true, true, true);
INSERT INTO Positions (posId, jaw, neck, left_shoulder, left_shoulder_blade, left_arm) VALUES (1951, false, true, true, false, true);
INSERT INTO Pain (pid, positionId, referred_pain_position, clenching, burning, on_rest, on_exertion, four_hours, eight_hours, one_day, better_with_rest, worse_with_moving_around) VALUES (1950, 1950, 1951, true, true, false, true, true, true, true, true, true);
INSERT INTO Symptoms (sxId, shortness_of_breath, nausea, diaphoresis, lightheadedness) VALUES (1950, true, true, true, true);
INSERT INTO Symptoms (sxId, vomiting, dizziness, fatigue, indigestion, palpitations) VALUES (1951, true, true, true, true, true);
INSERT INTO Cases (diagnosisId, age, gender, majorSx, minorSx, painId) VALUES (10, 80, 'F', 1950, 1951, 1950);
INSERT INTO Positions (posId, chest, left_chest, right_chest) VALUES (1952, true, true, true);
INSERT INTO Positions (posId, jaw, neck, left_shoulder, left_shoulder_blade, left_arm) VALUES (1953, true, true, true, true, true);
INSERT INTO Pain (pid, positionId, referred_pain_position, clenching, burning, on_rest, on_exertion, four_hours, eight_hours, one_day, better_with_rest, worse_with_moving_around) VALUES (1952, 1952, 1953, true, true, true, true, true, true, true, true, true);
INSERT INTO Symptoms (sxId, shortness_of_breath, nausea, diaphoresis, lightheadedness) VALUES (1952, true, false, true, true);
INSERT INTO Symptoms (sxId, vomiting, dizziness, fatigue, indigestion, palpitations) VALUES (1953, true, true, true, true, true);
INSERT INTO Cases (diagnosisId, age, gender, majorSx, minorSx, painId) VALUES (10, 77, 'M', 1952, 1953, 1952);
INSERT INTO Positions (posId, chest, left_chest, right_chest) VALUES (1954, true, true, true);
INSERT INTO Positions (posId, jaw, neck, left_shoulder, left_shoulder_blade, left_arm) VALUES (1955, true, false, true, true, true);
INSERT INTO Pain (pid, positionId, referred_pain_position, clenching, burning, on_rest, on_exertion, four_hours, eight_hours, one_day, better_with_rest, worse_with_moving_around) VALUES (1954, 1954, 1955, true, true, false, true, false, true, true, true, true);
INSERT INTO Symptoms (sxId, shortness_of_breath, nausea, diaphoresis, lightheadedness) VALUES (1954, true, true, false, true);
INSERT INTO Symptoms (sxId, vomiting, dizziness, fatigue, indigestion, palpitations) VALUES (1955, true, true, true, true, true);
INSERT INTO Cases (diagnosisId, age, gender, majorSx, minorSx, painId) VALUES (10, 76, 'M', 1954, 1955, 1954);
INSERT INTO Positions (posId, chest, left_chest, right_chest) VALUES (1956, false, false, true);
INSERT INTO Positions (posId, jaw, neck, left_shoulder, left_shoulder_blade, left_arm) VALUES (1957, true, true, false, false, true);
INSERT INTO Pain (pid, positionId, referred_pain_position, clenching, burning, on_rest, on_exertion, four_hours, eight_hours, one_day, better_with_rest, worse_with_moving_around) VALUES (1956, 1956, 1957, true, true, true, true, true, true, true, true, true);
INSERT INTO Symptoms (sxId, shortness_of_breath, nausea, diaphoresis, lightheadedness) VALUES (1956, true, true, false, true);
INSERT INTO Symptoms (sxId, vomiting, dizziness, fatigue, indigestion, palpitations) VALUES (1957, true, true, true, true, true);
INSERT INTO Cases (diagnosisId, age, gender, majorSx, minorSx, painId) VALUES (10, 78, 'F', 1956, 1957, 1956);
INSERT INTO Positions (posId, chest, left_chest, right_chest) VALUES (1958, true, true, true);
INSERT INTO Positions (posId, jaw, neck, left_shoulder, left_shoulder_blade, left_arm) VALUES (1959, true, true, true, true, true);
INSERT INTO Pain (pid, positionId, referred_pain_position, clenching, burning, on_rest, on_exertion, four_hours, eight_hours, one_day, better_with_rest, worse_with_moving_around) VALUES (1958, 1958, 1959, true, true, true, true, false, true, true, false, true);
INSERT INTO Symptoms (sxId, shortness_of_breath, nausea, diaphoresis, lightheadedness) VALUES (1958, true, true, true, true);
INSERT INTO Symptoms (sxId, vomiting, dizziness, fatigue, indigestion, palpitations) VALUES (1959, true, true, true, true, true);
INSERT INTO Cases (diagnosisId, age, gender, majorSx, minorSx, painId) VALUES (10, 76, 'M', 1958, 1959, 1958);
INSERT INTO Positions (posId, chest, left_chest, right_chest) VALUES (1960, false, true, true);
INSERT INTO Positions (posId, jaw, neck, left_shoulder, left_shoulder_blade, left_arm) VALUES (1961, true, true, true, true, false);
INSERT INTO Pain (pid, positionId, referred_pain_position, clenching, burning, on_rest, on_exertion, four_hours, eight_hours, one_day, better_with_rest, worse_with_moving_around) VALUES (1960, 1960, 1961, true, true, true, true, true, true, true, true, true);
INSERT INTO Symptoms (sxId, shortness_of_breath, nausea, diaphoresis, lightheadedness) VALUES (1960, true, true, true, true);
INSERT INTO Symptoms (sxId, vomiting, dizziness, fatigue, indigestion, palpitations) VALUES (1961, true, true, true, true, true);
INSERT INTO Cases (diagnosisId, age, gender, majorSx, minorSx, painId) VALUES (10, 76, 'F', 1960, 1961, 1960);
INSERT INTO Positions (posId, chest, left_chest, right_chest) VALUES (1962, true, false, true);
INSERT INTO Positions (posId, jaw, neck, left_shoulder, left_shoulder_blade, left_arm) VALUES (1963, true, false, false, true, true);
INSERT INTO Pain (pid, positionId, referred_pain_position, clenching, burning, on_rest, on_exertion, four_hours, eight_hours, one_day, better_with_rest, worse_with_moving_around) VALUES (1962, 1962, 1963, true, false, true, true, true, true, true, true, false);
INSERT INTO Symptoms (sxId, shortness_of_breath, nausea, diaphoresis, lightheadedness) VALUES (1962, true, true, false, true);
INSERT INTO Symptoms (sxId, vomiting, dizziness, fatigue, indigestion, palpitations) VALUES (1963, true, true, true, true, true);
INSERT INTO Cases (diagnosisId, age, gender, majorSx, minorSx, painId) VALUES (10, 76, 'F', 1962, 1963, 1962);
INSERT INTO Positions (posId, chest, left_chest, right_chest) VALUES (1964, true, true, true);
INSERT INTO Positions (posId, jaw, neck, left_shoulder, left_shoulder_blade, left_arm) VALUES (1965, true, true, true, true, true);
INSERT INTO Pain (pid, positionId, referred_pain_position, clenching, burning, on_rest, on_exertion, four_hours, eight_hours, one_day, better_with_rest, worse_with_moving_around) VALUES (1964, 1964, 1965, true, true, true, true, true, true, true, true, false);
INSERT INTO Symptoms (sxId, shortness_of_breath, nausea, diaphoresis, lightheadedness) VALUES (1964, false, false, true, true);
INSERT INTO Symptoms (sxId, vomiting, dizziness, fatigue, indigestion, palpitations) VALUES (1965, false, true, false, true, true);
INSERT INTO Cases (diagnosisId, age, gender, majorSx, minorSx, painId) VALUES (10, 79, 'M', 1964, 1965, 1964);
INSERT INTO Positions (posId, chest, left_chest, right_chest) VALUES (1966, true, true, true);
INSERT INTO Positions (posId, jaw, neck, left_shoulder, left_shoulder_blade, left_arm) VALUES (1967, true, true, true, true, true);
INSERT INTO Pain (pid, positionId, referred_pain_position, clenching, burning, on_rest, on_exertion, four_hours, eight_hours, one_day, better_with_rest, worse_with_moving_around) VALUES (1966, 1966, 1967, false, true, true, true, true, true, true, true, true);
INSERT INTO Symptoms (sxId, shortness_of_breath, nausea, diaphoresis, lightheadedness) VALUES (1966, true, true, true, true);
INSERT INTO Symptoms (sxId, vomiting, dizziness, fatigue, indigestion, palpitations) VALUES (1967, true, true, true, true, true);
INSERT INTO Cases (diagnosisId, age, gender, majorSx, minorSx, painId) VALUES (10, 78, 'M', 1966, 1967, 1966);
INSERT INTO Positions (posId, chest, left_chest, right_chest) VALUES (1968, true, false, true);
INSERT INTO Positions (posId, jaw, neck, left_shoulder, left_shoulder_blade, left_arm) VALUES (1969, true, true, true, true, true);
INSERT INTO Pain (pid, positionId, referred_pain_position, clenching, burning, on_rest, on_exertion, four_hours, eight_hours, one_day, better_with_rest, worse_with_moving_around) VALUES (1968, 1968, 1969, true, true, true, true, true, true, true, false, true);
INSERT INTO Symptoms (sxId, shortness_of_breath, nausea, diaphoresis, lightheadedness) VALUES (1968, true, true, true, true);
INSERT INTO Symptoms (sxId, vomiting, dizziness, fatigue, indigestion, palpitations) VALUES (1969, true, true, false, false, true);
INSERT INTO Cases (diagnosisId, age, gender, majorSx, minorSx, painId) VALUES (10, 79, 'M', 1968, 1969, 1968);
INSERT INTO Positions (posId, chest, left_chest, right_chest) VALUES (1970, true, true, true);
INSERT INTO Positions (posId, jaw, neck, left_shoulder, left_shoulder_blade, left_arm) VALUES (1971, true, true, true, true, true);
INSERT INTO Pain (pid, positionId, referred_pain_position, clenching, burning, on_rest, on_exertion, four_hours, eight_hours, one_day, better_with_rest, worse_with_moving_around) VALUES (1970, 1970, 1971, true, true, true, true, true, true, true, true, true);
INSERT INTO Symptoms (sxId, shortness_of_breath, nausea, diaphoresis, lightheadedness) VALUES (1970, true, true, true, true);
INSERT INTO Symptoms (sxId, vomiting, dizziness, fatigue, indigestion, palpitations) VALUES (1971, true, true, true, true, true);
INSERT INTO Cases (diagnosisId, age, gender, majorSx, minorSx, painId) VALUES (10, 82, 'F', 1970, 1971, 1970);
INSERT INTO Positions (posId, chest, left_chest, right_chest) VALUES (1972, true, true, true);
INSERT INTO Positions (posId, jaw, neck, left_shoulder, left_shoulder_blade, left_arm) VALUES (1973, false, true, true, true, true);
INSERT INTO Pain (pid, positionId, referred_pain_position, clenching, burning, on_rest, on_exertion, four_hours, eight_hours, one_day, better_with_rest, worse_with_moving_around) VALUES (1972, 1972, 1973, true, true, true, true, true, true, true, true, true);
INSERT INTO Symptoms (sxId, shortness_of_breath, nausea, diaphoresis, lightheadedness) VALUES (1972, true, false, true, true);
INSERT INTO Symptoms (sxId, vomiting, dizziness, fatigue, indigestion, palpitations) VALUES (1973, true, true, true, true, true);
INSERT INTO Cases (diagnosisId, age, gender, majorSx, minorSx, painId) VALUES (10, 84, 'M', 1972, 1973, 1972);
INSERT INTO Positions (posId, chest, left_chest, right_chest) VALUES (1974, true, true, true);
INSERT INTO Positions (posId, jaw, neck, left_shoulder, left_shoulder_blade, left_arm) VALUES (1975, true, true, true, true, true);
INSERT INTO Pain (pid, positionId, referred_pain_position, clenching, burning, on_rest, on_exertion, four_hours, eight_hours, one_day, better_with_rest, worse_with_moving_around) VALUES (1974, 1974, 1975, true, false, true, true, true, true, true, true, true);
INSERT INTO Symptoms (sxId, shortness_of_breath, nausea, diaphoresis, lightheadedness) VALUES (1974, true, true, true, true);
INSERT INTO Symptoms (sxId, vomiting, dizziness, fatigue, indigestion, palpitations) VALUES (1975, true, true, false, true, true);
INSERT INTO Cases (diagnosisId, age, gender, majorSx, minorSx, painId) VALUES (10, 81, 'F', 1974, 1975, 1974);
INSERT INTO Positions (posId, chest, left_chest, right_chest) VALUES (1976, true, true, true);
INSERT INTO Positions (posId, jaw, neck, left_shoulder, left_shoulder_blade, left_arm) VALUES (1977, true, true, true, true, true);
INSERT INTO Pain (pid, positionId, referred_pain_position, clenching, burning, on_rest, on_exertion, four_hours, eight_hours, one_day, better_with_rest, worse_with_moving_around) VALUES (1976, 1976, 1977, true, true, true, true, true, true, false, true, true);
INSERT INTO Symptoms (sxId, shortness_of_breath, nausea, diaphoresis, lightheadedness) VALUES (1976, true, true, true, true);
INSERT INTO Symptoms (sxId, vomiting, dizziness, fatigue, indigestion, palpitations) VALUES (1977, true, true, false, true, true);
INSERT INTO Cases (diagnosisId, age, gender, majorSx, minorSx, painId) VALUES (10, 84, 'M', 1976, 1977, 1976);
INSERT INTO Positions (posId, chest, left_chest, right_chest) VALUES (1978, true, true, true);
INSERT INTO Positions (posId, jaw, neck, left_shoulder, left_shoulder_blade, left_arm) VALUES (1979, true, true, true, true, true);
INSERT INTO Pain (pid, positionId, referred_pain_position, clenching, burning, on_rest, on_exertion, four_hours, eight_hours, one_day, better_with_rest, worse_with_moving_around) VALUES (1978, 1978, 1979, true, true, true, true, true, true, true, true, true);
INSERT INTO Symptoms (sxId, shortness_of_breath, nausea, diaphoresis, lightheadedness) VALUES (1978, true, true, true, true);
INSERT INTO Symptoms (sxId, vomiting, dizziness, fatigue, indigestion, palpitations) VALUES (1979, true, true, true, false, true);
INSERT INTO Cases (diagnosisId, age, gender, majorSx, minorSx, painId) VALUES (10, 81, 'M', 1978, 1979, 1978);
INSERT INTO Positions (posId, chest, left_chest, right_chest) VALUES (1980, true, true, true);
INSERT INTO Positions (posId, jaw, neck, left_shoulder, left_shoulder_blade, left_arm) VALUES (1981, true, true, true, true, true);
INSERT INTO Pain (pid, positionId, referred_pain_position, clenching, burning, on_rest, on_exertion, four_hours, eight_hours, one_day, better_with_rest, worse_with_moving_around) VALUES (1980, 1980, 1981, true, true, true, true, true, true, true, true, true);
INSERT INTO Symptoms (sxId, shortness_of_breath, nausea, diaphoresis, lightheadedness) VALUES (1980, true, true, true, true);
INSERT INTO Symptoms (sxId, vomiting, dizziness, fatigue, indigestion, palpitations) VALUES (1981, true, true, true, true, true);
INSERT INTO Cases (diagnosisId, age, gender, majorSx, minorSx, painId) VALUES (10, 81, 'M', 1980, 1981, 1980);
INSERT INTO Positions (posId, chest, left_chest, right_chest) VALUES (1982, true, true, true);
INSERT INTO Positions (posId, jaw, neck, left_shoulder, left_shoulder_blade, left_arm) VALUES (1983, true, true, true, true, true);
INSERT INTO Pain (pid, positionId, referred_pain_position, clenching, burning, on_rest, on_exertion, four_hours, eight_hours, one_day, better_with_rest, worse_with_moving_around) VALUES (1982, 1982, 1983, true, true, true, true, true, true, true, true, true);
INSERT INTO Symptoms (sxId, shortness_of_breath, nausea, diaphoresis, lightheadedness) VALUES (1982, true, true, true, true);
INSERT INTO Symptoms (sxId, vomiting, dizziness, fatigue, indigestion, palpitations) VALUES (1983, true, true, true, true, true);
INSERT INTO Cases (diagnosisId, age, gender, majorSx, minorSx, painId) VALUES (10, 82, 'F', 1982, 1983, 1982);
INSERT INTO Positions (posId, chest, left_chest, right_chest) VALUES (1984, true, true, false);
INSERT INTO Positions (posId, jaw, neck, left_shoulder, left_shoulder_blade, left_arm) VALUES (1985, true, true, true, true, true);
INSERT INTO Pain (pid, positionId, referred_pain_position, clenching, burning, on_rest, on_exertion, four_hours, eight_hours, one_day, better_with_rest, worse_with_moving_around) VALUES (1984, 1984, 1985, true, true, true, true, true, true, true, true, true);
INSERT INTO Symptoms (sxId, shortness_of_breath, nausea, diaphoresis, lightheadedness) VALUES (1984, true, true, false, true);
INSERT INTO Symptoms (sxId, vomiting, dizziness, fatigue, indigestion, palpitations) VALUES (1985, true, true, true, true, true);
INSERT INTO Cases (diagnosisId, age, gender, majorSx, minorSx, painId) VALUES (10, 81, 'F', 1984, 1985, 1984);
INSERT INTO Positions (posId, chest, left_chest, right_chest) VALUES (1986, true, true, true);
INSERT INTO Positions (posId, jaw, neck, left_shoulder, left_shoulder_blade, left_arm) VALUES (1987, true, true, true, true, true);
INSERT INTO Pain (pid, positionId, referred_pain_position, clenching, burning, on_rest, on_exertion, four_hours, eight_hours, one_day, better_with_rest, worse_with_moving_around) VALUES (1986, 1986, 1987, true, true, true, true, true, true, true, true, true);
INSERT INTO Symptoms (sxId, shortness_of_breath, nausea, diaphoresis, lightheadedness) VALUES (1986, true, false, true, true);
INSERT INTO Symptoms (sxId, vomiting, dizziness, fatigue, indigestion, palpitations) VALUES (1987, true, true, true, false, false);
INSERT INTO Cases (diagnosisId, age, gender, majorSx, minorSx, painId) VALUES (10, 86, 'M', 1986, 1987, 1986);
INSERT INTO Positions (posId, chest, left_chest, right_chest) VALUES (1988, true, true, true);
INSERT INTO Positions (posId, jaw, neck, left_shoulder, left_shoulder_blade, left_arm) VALUES (1989, true, true, true, true, true);
INSERT INTO Pain (pid, positionId, referred_pain_position, clenching, burning, on_rest, on_exertion, four_hours, eight_hours, one_day, better_with_rest, worse_with_moving_around) VALUES (1988, 1988, 1989, true, true, true, true, true, true, false, true, false);
INSERT INTO Symptoms (sxId, shortness_of_breath, nausea, diaphoresis, lightheadedness) VALUES (1988, true, true, true, true);
INSERT INTO Symptoms (sxId, vomiting, dizziness, fatigue, indigestion, palpitations) VALUES (1989, true, true, true, true, true);
INSERT INTO Cases (diagnosisId, age, gender, majorSx, minorSx, painId) VALUES (10, 87, 'M', 1988, 1989, 1988);
INSERT INTO Positions (posId, chest, left_chest, right_chest) VALUES (1990, false, true, true);
INSERT INTO Positions (posId, jaw, neck, left_shoulder, left_shoulder_blade, left_arm) VALUES (1991, true, true, true, false, true);
INSERT INTO Pain (pid, positionId, referred_pain_position, clenching, burning, on_rest, on_exertion, four_hours, eight_hours, one_day, better_with_rest, worse_with_moving_around) VALUES (1990, 1990, 1991, true, true, true, true, true, true, false, true, true);
INSERT INTO Symptoms (sxId, shortness_of_breath, nausea, diaphoresis, lightheadedness) VALUES (1990, true, false, true, true);
INSERT INTO Symptoms (sxId, vomiting, dizziness, fatigue, indigestion, palpitations) VALUES (1991, true, true, false, true, true);
INSERT INTO Cases (diagnosisId, age, gender, majorSx, minorSx, painId) VALUES (10, 89, 'F', 1990, 1991, 1990);
INSERT INTO Positions (posId, chest, left_chest, right_chest) VALUES (1992, true, true, true);
INSERT INTO Positions (posId, jaw, neck, left_shoulder, left_shoulder_blade, left_arm) VALUES (1993, true, true, true, true, true);
INSERT INTO Pain (pid, positionId, referred_pain_position, clenching, burning, on_rest, on_exertion, four_hours, eight_hours, one_day, better_with_rest, worse_with_moving_around) VALUES (1992, 1992, 1993, true, true, true, true, false, true, true, true, true);
INSERT INTO Symptoms (sxId, shortness_of_breath, nausea, diaphoresis, lightheadedness) VALUES (1992, true, true, true, true);
INSERT INTO Symptoms (sxId, vomiting, dizziness, fatigue, indigestion, palpitations) VALUES (1993, true, true, true, true, true);
INSERT INTO Cases (diagnosisId, age, gender, majorSx, minorSx, painId) VALUES (10, 94, 'M', 1992, 1993, 1992);
INSERT INTO Positions (posId, chest, left_chest, right_chest) VALUES (1994, true, true, true);
INSERT INTO Positions (posId, jaw, neck, left_shoulder, left_shoulder_blade, left_arm) VALUES (1995, true, true, false, true, true);
INSERT INTO Pain (pid, positionId, referred_pain_position, clenching, burning, on_rest, on_exertion, four_hours, eight_hours, one_day, better_with_rest, worse_with_moving_around) VALUES (1994, 1994, 1995, true, true, true, true, true, true, true, true, true);
INSERT INTO Symptoms (sxId, shortness_of_breath, nausea, diaphoresis, lightheadedness) VALUES (1994, true, true, true, true);
INSERT INTO Symptoms (sxId, vomiting, dizziness, fatigue, indigestion, palpitations) VALUES (1995, true, true, true, true, true);
INSERT INTO Cases (diagnosisId, age, gender, majorSx, minorSx, painId) VALUES (10, 92, 'M', 1994, 1995, 1994);
INSERT INTO Positions (posId, chest, left_chest, right_chest) VALUES (1996, true, true, true);
INSERT INTO Positions (posId, jaw, neck, left_shoulder, left_shoulder_blade, left_arm) VALUES (1997, true, true, true, true, true);
INSERT INTO Pain (pid, positionId, referred_pain_position, clenching, burning, on_rest, on_exertion, four_hours, eight_hours, one_day, better_with_rest, worse_with_moving_around) VALUES (1996, 1996, 1997, true, true, true, true, true, true, true, true, true);
INSERT INTO Symptoms (sxId, shortness_of_breath, nausea, diaphoresis, lightheadedness) VALUES (1996, true, true, true, true);
INSERT INTO Symptoms (sxId, vomiting, dizziness, fatigue, indigestion, palpitations) VALUES (1997, true, true, true, true, true);
INSERT INTO Cases (diagnosisId, age, gender, majorSx, minorSx, painId) VALUES (10, 98, 'F', 1996, 1997, 1996);
INSERT INTO Positions (posId, chest, left_chest, right_chest) VALUES (1998, true, true, true);
INSERT INTO Positions (posId, jaw, neck, left_shoulder, left_shoulder_blade, left_arm) VALUES (1999, true, true, true, false, true);
INSERT INTO Pain (pid, positionId, referred_pain_position, clenching, burning, on_rest, on_exertion, four_hours, eight_hours, one_day, better_with_rest, worse_with_moving_around) VALUES (1998, 1998, 1999, true, true, true, true, true, true, true, true, true);
INSERT INTO Symptoms (sxId, shortness_of_breath, nausea, diaphoresis, lightheadedness) VALUES (1998, true, true, true, false);
INSERT INTO Symptoms (sxId, vomiting, dizziness, fatigue, indigestion, palpitations) VALUES (1999, true, true, true, true, true);
INSERT INTO Cases (diagnosisId, age, gender, majorSx, minorSx, painId) VALUES (10, 100, 'M', 1998, 1999, 1998);
INSERT INTO Positions (posId, chest, left_chest, right_chest) VALUES (2000, true, true, true);
INSERT INTO Positions (posId, jaw, neck, left_shoulder, left_shoulder_blade, left_arm) VALUES (2001, true, true, true, true, false);
INSERT INTO Pain (pid, positionId, referred_pain_position, clenching, burning, on_rest, on_exertion, four_hours, eight_hours, one_day, better_with_rest, worse_with_moving_around) VALUES (2000, 2000, 2001, false, true, true, true, true, true, true, true, true);
INSERT INTO Symptoms (sxId, shortness_of_breath, nausea, diaphoresis, lightheadedness) VALUES (2000, true, true, true, true);
INSERT INTO Symptoms (sxId, vomiting, dizziness, fatigue, indigestion, palpitations) VALUES (2001, true, true, true, true, true);
INSERT INTO Cases (diagnosisId, age, gender, majorSx, minorSx, painId) VALUES (10, 104, 'M', 2000, 2001, 2000);
Insert INTO Diagnosis (dId, dname) Values (11, 'Pneumonia');
INSERT INTO Positions (posId, chest, right_chest, left_chest, right_shoulder_blade, left_shoulder_blade) VALUES (2002, true, true, true, true, true);
INSERT INTO Positions (posId) VALUES (2003);
INSERT INTO Pain (pid, positionId, referred_pain_position, sharp, pleuritic, worse_with_breathing, four_hours, eight_hours, one_day, two_days, one_week) VALUES (2002, 2002, 2003, true, true, true, true, true, true, true, true);
INSERT INTO Symptoms (sxId, cough, productive_cough, hemoptysis, fever, shortness_of_breath, tachypnea) VALUES (2002, true, true, true, true, true, true);
INSERT INTO Symptoms (sxId, dehydration, fatigue, loss_of_appetite, malaise, diaphoresis, chills, tachycardia) VALUES (2003, true, true, true, true, true, true, true);
INSERT INTO Cases (diagnosisId, age, gender, majorSx, minorSx, painId) VALUES (11, 5, 'M', 2002, 2003, 2002);
INSERT INTO Positions (posId, chest, right_chest, left_chest, right_shoulder_blade, left_shoulder_blade) VALUES (2004, true, true, false, true, true);
INSERT INTO Positions (posId) VALUES (2005);
INSERT INTO Pain (pid, positionId, referred_pain_position, sharp, pleuritic, worse_with_breathing, four_hours, eight_hours, one_day, two_days, one_week) VALUES (2004, 2004, 2005, true, true, true, true, true, true, true, true);
INSERT INTO Symptoms (sxId, cough, productive_cough, hemoptysis, fever, shortness_of_breath, tachypnea) VALUES (2004, true, true, true, true, true, true);
INSERT INTO Symptoms (sxId, dehydration, fatigue, loss_of_appetite, malaise, diaphoresis, chills, tachycardia) VALUES (2005, true, false, true, true, true, true, true);
INSERT INTO Cases (diagnosisId, age, gender, majorSx, minorSx, painId) VALUES (11, 1, 'M', 2004, 2005, 2004);
INSERT INTO Positions (posId, chest, right_chest, left_chest, right_shoulder_blade, left_shoulder_blade) VALUES (2006, true, false, true, true, true);
INSERT INTO Positions (posId) VALUES (2007);
INSERT INTO Pain (pid, positionId, referred_pain_position, sharp, pleuritic, worse_with_breathing, four_hours, eight_hours, one_day, two_days, one_week) VALUES (2006, 2006, 2007, true, true, true, true, false, true, true, true);
INSERT INTO Symptoms (sxId, cough, productive_cough, hemoptysis, fever, shortness_of_breath, tachypnea) VALUES (2006, true, true, true, true, true, true);
INSERT INTO Symptoms (sxId, dehydration, fatigue, loss_of_appetite, malaise, diaphoresis, chills, tachycardia) VALUES (2007, true, true, true, true, true, true, false);
INSERT INTO Cases (diagnosisId, age, gender, majorSx, minorSx, painId) VALUES (11, 5, 'F', 2006, 2007, 2006);
INSERT INTO Positions (posId, chest, right_chest, left_chest, right_shoulder_blade, left_shoulder_blade) VALUES (2008, true, true, true, true, true);
INSERT INTO Positions (posId) VALUES (2009);
INSERT INTO Pain (pid, positionId, referred_pain_position, sharp, pleuritic, worse_with_breathing, four_hours, eight_hours, one_day, two_days, one_week) VALUES (2008, 2008, 2009, false, true, true, true, true, true, false, false);
INSERT INTO Symptoms (sxId, cough, productive_cough, hemoptysis, fever, shortness_of_breath, tachypnea) VALUES (2008, true, true, false, true, true, true);
INSERT INTO Symptoms (sxId, dehydration, fatigue, loss_of_appetite, malaise, diaphoresis, chills, tachycardia) VALUES (2009, true, true, true, true, true, true, true);
INSERT INTO Cases (diagnosisId, age, gender, majorSx, minorSx, painId) VALUES (11, 5, 'M', 2008, 2009, 2008);
INSERT INTO Positions (posId, chest, right_chest, left_chest, right_shoulder_blade, left_shoulder_blade) VALUES (2010, true, true, true, false, true);
INSERT INTO Positions (posId) VALUES (2011);
INSERT INTO Pain (pid, positionId, referred_pain_position, sharp, pleuritic, worse_with_breathing, four_hours, eight_hours, one_day, two_days, one_week) VALUES (2010, 2010, 2011, true, true, true, true, true, true, true, true);
INSERT INTO Symptoms (sxId, cough, productive_cough, hemoptysis, fever, shortness_of_breath, tachypnea) VALUES (2010, true, true, true, true, true, true);
INSERT INTO Symptoms (sxId, dehydration, fatigue, loss_of_appetite, malaise, diaphoresis, chills, tachycardia) VALUES (2011, true, true, false, true, true, false, true);
INSERT INTO Cases (diagnosisId, age, gender, majorSx, minorSx, painId) VALUES (11, 5, 'F', 2010, 2011, 2010);
INSERT INTO Positions (posId, chest, right_chest, left_chest, right_shoulder_blade, left_shoulder_blade) VALUES (2012, true, true, true, true, true);
INSERT INTO Positions (posId) VALUES (2013);
INSERT INTO Pain (pid, positionId, referred_pain_position, sharp, pleuritic, worse_with_breathing, four_hours, eight_hours, one_day, two_days, one_week) VALUES (2012, 2012, 2013, true, true, true, true, true, true, true, true);
INSERT INTO Symptoms (sxId, cough, productive_cough, hemoptysis, fever, shortness_of_breath, tachypnea) VALUES (2012, true, true, true, true, true, true);
INSERT INTO Symptoms (sxId, dehydration, fatigue, loss_of_appetite, malaise, diaphoresis, chills, tachycardia) VALUES (2013, true, true, true, true, true, true, true);
INSERT INTO Cases (diagnosisId, age, gender, majorSx, minorSx, painId) VALUES (11, 1, 'M', 2012, 2013, 2012);
INSERT INTO Positions (posId, chest, right_chest, left_chest, right_shoulder_blade, left_shoulder_blade) VALUES (2014, true, true, true, true, false);
INSERT INTO Positions (posId) VALUES (2015);
INSERT INTO Pain (pid, positionId, referred_pain_position, sharp, pleuritic, worse_with_breathing, four_hours, eight_hours, one_day, two_days, one_week) VALUES (2014, 2014, 2015, true, true, true, true, true, true, true, true);
INSERT INTO Symptoms (sxId, cough, productive_cough, hemoptysis, fever, shortness_of_breath, tachypnea) VALUES (2014, true, true, true, true, true, true);
INSERT INTO Symptoms (sxId, dehydration, fatigue, loss_of_appetite, malaise, diaphoresis, chills, tachycardia) VALUES (2015, true, false, true, true, true, true, false);
INSERT INTO Cases (diagnosisId, age, gender, majorSx, minorSx, painId) VALUES (11, 10, 'F', 2014, 2015, 2014);
INSERT INTO Positions (posId, chest, right_chest, left_chest, right_shoulder_blade, left_shoulder_blade) VALUES (2016, true, true, true, true, true);
INSERT INTO Positions (posId) VALUES (2017);
INSERT INTO Pain (pid, positionId, referred_pain_position, sharp, pleuritic, worse_with_breathing, four_hours, eight_hours, one_day, two_days, one_week) VALUES (2016, 2016, 2017, true, true, true, true, true, true, true, true);
INSERT INTO Symptoms (sxId, cough, productive_cough, hemoptysis, fever, shortness_of_breath, tachypnea) VALUES (2016, true, false, false, true, true, true);
INSERT INTO Symptoms (sxId, dehydration, fatigue, loss_of_appetite, malaise, diaphoresis, chills, tachycardia) VALUES (2017, true, true, true, true, true, true, true);
INSERT INTO Cases (diagnosisId, age, gender, majorSx, minorSx, painId) VALUES (11, 6, 'F', 2016, 2017, 2016);
INSERT INTO Positions (posId, chest, right_chest, left_chest, right_shoulder_blade, left_shoulder_blade) VALUES (2018, true, true, true, true, true);
INSERT INTO Positions (posId) VALUES (2019);
INSERT INTO Pain (pid, positionId, referred_pain_position, sharp, pleuritic, worse_with_breathing, four_hours, eight_hours, one_day, two_days, one_week) VALUES (2018, 2018, 2019, true, true, true, true, true, true, true, true);
INSERT INTO Symptoms (sxId, cough, productive_cough, hemoptysis, fever, shortness_of_breath, tachypnea) VALUES (2018, true, true, true, true, true, true);
INSERT INTO Symptoms (sxId, dehydration, fatigue, loss_of_appetite, malaise, diaphoresis, chills, tachycardia) VALUES (2019, true, true, true, true, true, true, true);
INSERT INTO Cases (diagnosisId, age, gender, majorSx, minorSx, painId) VALUES (11, 8, 'F', 2018, 2019, 2018);
INSERT INTO Positions (posId, chest, right_chest, left_chest, right_shoulder_blade, left_shoulder_blade) VALUES (2020, true, true, true, true, true);
INSERT INTO Positions (posId) VALUES (2021);
INSERT INTO Pain (pid, positionId, referred_pain_position, sharp, pleuritic, worse_with_breathing, four_hours, eight_hours, one_day, two_days, one_week) VALUES (2020, 2020, 2021, true, false, true, true, true, true, true, true);
INSERT INTO Symptoms (sxId, cough, productive_cough, hemoptysis, fever, shortness_of_breath, tachypnea) VALUES (2020, true, true, true, true, true, true);
INSERT INTO Symptoms (sxId, dehydration, fatigue, loss_of_appetite, malaise, diaphoresis, chills, tachycardia) VALUES (2021, true, true, true, true, true, true, true);
INSERT INTO Cases (diagnosisId, age, gender, majorSx, minorSx, painId) VALUES (11, 14, 'M', 2020, 2021, 2020);
INSERT INTO Positions (posId, chest, right_chest, left_chest, right_shoulder_blade, left_shoulder_blade) VALUES (2022, true, true, true, true, true);
INSERT INTO Positions (posId) VALUES (2023);
INSERT INTO Pain (pid, positionId, referred_pain_position, sharp, pleuritic, worse_with_breathing, four_hours, eight_hours, one_day, two_days, one_week) VALUES (2022, 2022, 2023, true, true, true, true, true, true, false, true);
INSERT INTO Symptoms (sxId, cough, productive_cough, hemoptysis, fever, shortness_of_breath, tachypnea) VALUES (2022, true, true, true, true, true, true);
INSERT INTO Symptoms (sxId, dehydration, fatigue, loss_of_appetite, malaise, diaphoresis, chills, tachycardia) VALUES (2023, true, true, true, true, true, true, true);
INSERT INTO Cases (diagnosisId, age, gender, majorSx, minorSx, painId) VALUES (11, 11, 'F', 2022, 2023, 2022);
INSERT INTO Positions (posId, chest, right_chest, left_chest, right_shoulder_blade, left_shoulder_blade) VALUES (2024, false, true, true, true, true);
INSERT INTO Positions (posId) VALUES (2025);
INSERT INTO Pain (pid, positionId, referred_pain_position, sharp, pleuritic, worse_with_breathing, four_hours, eight_hours, one_day, two_days, one_week) VALUES (2024, 2024, 2025, true, true, true, true, true, true, true, true);
INSERT INTO Symptoms (sxId, cough, productive_cough, hemoptysis, fever, shortness_of_breath, tachypnea) VALUES (2024, true, true, true, true, true, true);
INSERT INTO Symptoms (sxId, dehydration, fatigue, loss_of_appetite, malaise, diaphoresis, chills, tachycardia) VALUES (2025, true, true, true, true, true, true, true);
INSERT INTO Cases (diagnosisId, age, gender, majorSx, minorSx, painId) VALUES (11, 19, 'F', 2024, 2025, 2024);
INSERT INTO Positions (posId, chest, right_chest, left_chest, right_shoulder_blade, left_shoulder_blade) VALUES (2026, true, true, true, true, true);
INSERT INTO Positions (posId) VALUES (2027);
INSERT INTO Pain (pid, positionId, referred_pain_position, sharp, pleuritic, worse_with_breathing, four_hours, eight_hours, one_day, two_days, one_week) VALUES (2026, 2026, 2027, true, true, true, true, true, false, true, true);
INSERT INTO Symptoms (sxId, cough, productive_cough, hemoptysis, fever, shortness_of_breath, tachypnea) VALUES (2026, true, true, true, true, true, true);
INSERT INTO Symptoms (sxId, dehydration, fatigue, loss_of_appetite, malaise, diaphoresis, chills, tachycardia) VALUES (2027, true, true, true, true, true, true, true);
INSERT INTO Cases (diagnosisId, age, gender, majorSx, minorSx, painId) VALUES (11, 20, 'M', 2026, 2027, 2026);
INSERT INTO Positions (posId, chest, right_chest, left_chest, right_shoulder_blade, left_shoulder_blade) VALUES (2028, true, true, true, true, true);
INSERT INTO Positions (posId) VALUES (2029);
INSERT INTO Pain (pid, positionId, referred_pain_position, sharp, pleuritic, worse_with_breathing, four_hours, eight_hours, one_day, two_days, one_week) VALUES (2028, 2028, 2029, true, true, false, true, false, true, true, true);
INSERT INTO Symptoms (sxId, cough, productive_cough, hemoptysis, fever, shortness_of_breath, tachypnea) VALUES (2028, true, true, true, true, true, true);
INSERT INTO Symptoms (sxId, dehydration, fatigue, loss_of_appetite, malaise, diaphoresis, chills, tachycardia) VALUES (2029, true, true, true, true, true, true, true);
INSERT INTO Cases (diagnosisId, age, gender, majorSx, minorSx, painId) VALUES (11, 22, 'F', 2028, 2029, 2028);
INSERT INTO Positions (posId, chest, right_chest, left_chest, right_shoulder_blade, left_shoulder_blade) VALUES (2030, true, true, true, true, true);
INSERT INTO Positions (posId) VALUES (2031);
INSERT INTO Pain (pid, positionId, referred_pain_position, sharp, pleuritic, worse_with_breathing, four_hours, eight_hours, one_day, two_days, one_week) VALUES (2030, 2030, 2031, true, true, true, true, true, true, false, true);
INSERT INTO Symptoms (sxId, cough, productive_cough, hemoptysis, fever, shortness_of_breath, tachypnea) VALUES (2030, true, true, false, true, true, true);
INSERT INTO Symptoms (sxId, dehydration, fatigue, loss_of_appetite, malaise, diaphoresis, chills, tachycardia) VALUES (2031, true, true, true, true, true, false, true);
INSERT INTO Cases (diagnosisId, age, gender, majorSx, minorSx, painId) VALUES (11, 21, 'F', 2030, 2031, 2030);
INSERT INTO Positions (posId, chest, right_chest, left_chest, right_shoulder_blade, left_shoulder_blade) VALUES (2032, true, true, true, true, true);
INSERT INTO Positions (posId) VALUES (2033);
INSERT INTO Pain (pid, positionId, referred_pain_position, sharp, pleuritic, worse_with_breathing, four_hours, eight_hours, one_day, two_days, one_week) VALUES (2032, 2032, 2033, true, true, true, true, true, true, true, true);
INSERT INTO Symptoms (sxId, cough, productive_cough, hemoptysis, fever, shortness_of_breath, tachypnea) VALUES (2032, true, true, true, true, true, true);
INSERT INTO Symptoms (sxId, dehydration, fatigue, loss_of_appetite, malaise, diaphoresis, chills, tachycardia) VALUES (2033, true, true, true, true, true, true, true);
INSERT INTO Cases (diagnosisId, age, gender, majorSx, minorSx, painId) VALUES (11, 30, 'F', 2032, 2033, 2032);
INSERT INTO Positions (posId, chest, right_chest, left_chest, right_shoulder_blade, left_shoulder_blade) VALUES (2034, true, true, true, true, true);
INSERT INTO Positions (posId) VALUES (2035);
INSERT INTO Pain (pid, positionId, referred_pain_position, sharp, pleuritic, worse_with_breathing, four_hours, eight_hours, one_day, two_days, one_week) VALUES (2034, 2034, 2035, true, true, true, true, true, true, false, true);
INSERT INTO Symptoms (sxId, cough, productive_cough, hemoptysis, fever, shortness_of_breath, tachypnea) VALUES (2034, true, true, true, true, true, true);
INSERT INTO Symptoms (sxId, dehydration, fatigue, loss_of_appetite, malaise, diaphoresis, chills, tachycardia) VALUES (2035, true, true, true, true, true, true, true);
INSERT INTO Cases (diagnosisId, age, gender, majorSx, minorSx, painId) VALUES (11, 26, 'M', 2034, 2035, 2034);
INSERT INTO Positions (posId, chest, right_chest, left_chest, right_shoulder_blade, left_shoulder_blade) VALUES (2036, true, true, true, true, true);
INSERT INTO Positions (posId) VALUES (2037);
INSERT INTO Pain (pid, positionId, referred_pain_position, sharp, pleuritic, worse_with_breathing, four_hours, eight_hours, one_day, two_days, one_week) VALUES (2036, 2036, 2037, true, false, true, true, true, true, false, true);
INSERT INTO Symptoms (sxId, cough, productive_cough, hemoptysis, fever, shortness_of_breath, tachypnea) VALUES (2036, true, true, true, true, true, true);
INSERT INTO Symptoms (sxId, dehydration, fatigue, loss_of_appetite, malaise, diaphoresis, chills, tachycardia) VALUES (2037, true, true, true, true, false, false, true);
INSERT INTO Cases (diagnosisId, age, gender, majorSx, minorSx, painId) VALUES (11, 34, 'M', 2036, 2037, 2036);
INSERT INTO Positions (posId, chest, right_chest, left_chest, right_shoulder_blade, left_shoulder_blade) VALUES (2038, true, true, true, false, true);
INSERT INTO Positions (posId) VALUES (2039);
INSERT INTO Pain (pid, positionId, referred_pain_position, sharp, pleuritic, worse_with_breathing, four_hours, eight_hours, one_day, two_days, one_week) VALUES (2038, 2038, 2039, true, true, true, true, true, true, false, true);
INSERT INTO Symptoms (sxId, cough, productive_cough, hemoptysis, fever, shortness_of_breath, tachypnea) VALUES (2038, true, true, true, true, true, true);
INSERT INTO Symptoms (sxId, dehydration, fatigue, loss_of_appetite, malaise, diaphoresis, chills, tachycardia) VALUES (2039, true, false, true, true, false, true, true);
INSERT INTO Cases (diagnosisId, age, gender, majorSx, minorSx, painId) VALUES (11, 32, 'M', 2038, 2039, 2038);
INSERT INTO Positions (posId, chest, right_chest, left_chest, right_shoulder_blade, left_shoulder_blade) VALUES (2040, true, true, true, true, true);
INSERT INTO Positions (posId) VALUES (2041);
INSERT INTO Pain (pid, positionId, referred_pain_position, sharp, pleuritic, worse_with_breathing, four_hours, eight_hours, one_day, two_days, one_week) VALUES (2040, 2040, 2041, true, true, true, true, true, true, true, true);
INSERT INTO Symptoms (sxId, cough, productive_cough, hemoptysis, fever, shortness_of_breath, tachypnea) VALUES (2040, true, true, true, true, true, true);
INSERT INTO Symptoms (sxId, dehydration, fatigue, loss_of_appetite, malaise, diaphoresis, chills, tachycardia) VALUES (2041, true, true, true, false, true, true, true);
INSERT INTO Cases (diagnosisId, age, gender, majorSx, minorSx, painId) VALUES (11, 39, 'M', 2040, 2041, 2040);
INSERT INTO Positions (posId, chest, right_chest, left_chest, right_shoulder_blade, left_shoulder_blade) VALUES (2042, true, true, true, true, true);
INSERT INTO Positions (posId) VALUES (2043);
INSERT INTO Pain (pid, positionId, referred_pain_position, sharp, pleuritic, worse_with_breathing, four_hours, eight_hours, one_day, two_days, one_week) VALUES (2042, 2042, 2043, true, true, true, true, true, true, true, true);
INSERT INTO Symptoms (sxId, cough, productive_cough, hemoptysis, fever, shortness_of_breath, tachypnea) VALUES (2042, true, true, true, true, false, true);
INSERT INTO Symptoms (sxId, dehydration, fatigue, loss_of_appetite, malaise, diaphoresis, chills, tachycardia) VALUES (2043, false, true, true, true, true, true, true);
INSERT INTO Cases (diagnosisId, age, gender, majorSx, minorSx, painId) VALUES (11, 37, 'F', 2042, 2043, 2042);
INSERT INTO Positions (posId, chest, right_chest, left_chest, right_shoulder_blade, left_shoulder_blade) VALUES (2044, true, true, true, false, true);
INSERT INTO Positions (posId) VALUES (2045);
INSERT INTO Pain (pid, positionId, referred_pain_position, sharp, pleuritic, worse_with_breathing, four_hours, eight_hours, one_day, two_days, one_week) VALUES (2044, 2044, 2045, true, true, true, false, true, true, true, true);
INSERT INTO Symptoms (sxId, cough, productive_cough, hemoptysis, fever, shortness_of_breath, tachypnea) VALUES (2044, true, false, true, true, true, true);
INSERT INTO Symptoms (sxId, dehydration, fatigue, loss_of_appetite, malaise, diaphoresis, chills, tachycardia) VALUES (2045, true, true, true, true, true, true, true);
INSERT INTO Cases (diagnosisId, age, gender, majorSx, minorSx, painId) VALUES (11, 36, 'M', 2044, 2045, 2044);
INSERT INTO Positions (posId, chest, right_chest, left_chest, right_shoulder_blade, left_shoulder_blade) VALUES (2046, true, true, true, true, true);
INSERT INTO Positions (posId) VALUES (2047);
INSERT INTO Pain (pid, positionId, referred_pain_position, sharp, pleuritic, worse_with_breathing, four_hours, eight_hours, one_day, two_days, one_week) VALUES (2046, 2046, 2047, true, true, true, true, true, true, true, true);
INSERT INTO Symptoms (sxId, cough, productive_cough, hemoptysis, fever, shortness_of_breath, tachypnea) VALUES (2046, false, true, true, true, true, true);
INSERT INTO Symptoms (sxId, dehydration, fatigue, loss_of_appetite, malaise, diaphoresis, chills, tachycardia) VALUES (2047, true, true, true, true, true, true, true);
INSERT INTO Cases (diagnosisId, age, gender, majorSx, minorSx, painId) VALUES (11, 42, 'M', 2046, 2047, 2046);
INSERT INTO Positions (posId, chest, right_chest, left_chest, right_shoulder_blade, left_shoulder_blade) VALUES (2048, true, true, true, true, true);
INSERT INTO Positions (posId) VALUES (2049);
INSERT INTO Pain (pid, positionId, referred_pain_position, sharp, pleuritic, worse_with_breathing, four_hours, eight_hours, one_day, two_days, one_week) VALUES (2048, 2048, 2049, true, true, true, true, true, true, true, true);
INSERT INTO Symptoms (sxId, cough, productive_cough, hemoptysis, fever, shortness_of_breath, tachypnea) VALUES (2048, true, true, true, true, false, true);
INSERT INTO Symptoms (sxId, dehydration, fatigue, loss_of_appetite, malaise, diaphoresis, chills, tachycardia) VALUES (2049, true, true, true, true, true, false, true);
INSERT INTO Cases (diagnosisId, age, gender, majorSx, minorSx, painId) VALUES (11, 41, 'M', 2048, 2049, 2048);
INSERT INTO Positions (posId, chest, right_chest, left_chest, right_shoulder_blade, left_shoulder_blade) VALUES (2050, true, true, true, false, true);
INSERT INTO Positions (posId) VALUES (2051);
INSERT INTO Pain (pid, positionId, referred_pain_position, sharp, pleuritic, worse_with_breathing, four_hours, eight_hours, one_day, two_days, one_week) VALUES (2050, 2050, 2051, true, true, true, true, false, true, true, false);
INSERT INTO Symptoms (sxId, cough, productive_cough, hemoptysis, fever, shortness_of_breath, tachypnea) VALUES (2050, true, true, true, true, true, true);
INSERT INTO Symptoms (sxId, dehydration, fatigue, loss_of_appetite, malaise, diaphoresis, chills, tachycardia) VALUES (2051, false, true, true, true, true, true, true);
INSERT INTO Cases (diagnosisId, age, gender, majorSx, minorSx, painId) VALUES (11, 43, 'F', 2050, 2051, 2050);
INSERT INTO Positions (posId, chest, right_chest, left_chest, right_shoulder_blade, left_shoulder_blade) VALUES (2052, true, true, true, true, true);
INSERT INTO Positions (posId) VALUES (2053);
INSERT INTO Pain (pid, positionId, referred_pain_position, sharp, pleuritic, worse_with_breathing, four_hours, eight_hours, one_day, two_days, one_week) VALUES (2052, 2052, 2053, true, false, true, true, true, true, true, true);
INSERT INTO Symptoms (sxId, cough, productive_cough, hemoptysis, fever, shortness_of_breath, tachypnea) VALUES (2052, true, true, true, true, true, true);
INSERT INTO Symptoms (sxId, dehydration, fatigue, loss_of_appetite, malaise, diaphoresis, chills, tachycardia) VALUES (2053, true, true, true, true, true, true, true);
INSERT INTO Cases (diagnosisId, age, gender, majorSx, minorSx, painId) VALUES (11, 42, 'F', 2052, 2053, 2052);
INSERT INTO Positions (posId, chest, right_chest, left_chest, right_shoulder_blade, left_shoulder_blade) VALUES (2054, true, true, true, true, true);
INSERT INTO Positions (posId) VALUES (2055);
INSERT INTO Pain (pid, positionId, referred_pain_position, sharp, pleuritic, worse_with_breathing, four_hours, eight_hours, one_day, two_days, one_week) VALUES (2054, 2054, 2055, true, true, true, true, false, false, true, true);
INSERT INTO Symptoms (sxId, cough, productive_cough, hemoptysis, fever, shortness_of_breath, tachypnea) VALUES (2054, true, true, true, true, true, true);
INSERT INTO Symptoms (sxId, dehydration, fatigue, loss_of_appetite, malaise, diaphoresis, chills, tachycardia) VALUES (2055, true, true, true, true, true, true, true);
INSERT INTO Cases (diagnosisId, age, gender, majorSx, minorSx, painId) VALUES (11, 47, 'F', 2054, 2055, 2054);
INSERT INTO Positions (posId, chest, right_chest, left_chest, right_shoulder_blade, left_shoulder_blade) VALUES (2056, true, true, true, true, true);
INSERT INTO Positions (posId) VALUES (2057);
INSERT INTO Pain (pid, positionId, referred_pain_position, sharp, pleuritic, worse_with_breathing, four_hours, eight_hours, one_day, two_days, one_week) VALUES (2056, 2056, 2057, true, true, true, true, false, true, true, true);
INSERT INTO Symptoms (sxId, cough, productive_cough, hemoptysis, fever, shortness_of_breath, tachypnea) VALUES (2056, true, true, false, true, true, true);
INSERT INTO Symptoms (sxId, dehydration, fatigue, loss_of_appetite, malaise, diaphoresis, chills, tachycardia) VALUES (2057, false, true, true, false, true, true, true);
INSERT INTO Cases (diagnosisId, age, gender, majorSx, minorSx, painId) VALUES (11, 46, 'F', 2056, 2057, 2056);
INSERT INTO Positions (posId, chest, right_chest, left_chest, right_shoulder_blade, left_shoulder_blade) VALUES (2058, true, true, true, true, false);
INSERT INTO Positions (posId) VALUES (2059);
INSERT INTO Pain (pid, positionId, referred_pain_position, sharp, pleuritic, worse_with_breathing, four_hours, eight_hours, one_day, two_days, one_week) VALUES (2058, 2058, 2059, true, true, true, true, true, true, true, true);
INSERT INTO Symptoms (sxId, cough, productive_cough, hemoptysis, fever, shortness_of_breath, tachypnea) VALUES (2058, true, true, true, true, true, true);
INSERT INTO Symptoms (sxId, dehydration, fatigue, loss_of_appetite, malaise, diaphoresis, chills, tachycardia) VALUES (2059, true, true, true, true, true, true, true);
INSERT INTO Cases (diagnosisId, age, gender, majorSx, minorSx, painId) VALUES (11, 46, 'M', 2058, 2059, 2058);
INSERT INTO Positions (posId, chest, right_chest, left_chest, right_shoulder_blade, left_shoulder_blade) VALUES (2060, true, false, false, true, true);
INSERT INTO Positions (posId) VALUES (2061);
INSERT INTO Pain (pid, positionId, referred_pain_position, sharp, pleuritic, worse_with_breathing, four_hours, eight_hours, one_day, two_days, one_week) VALUES (2060, 2060, 2061, true, true, true, true, false, true, true, true);
INSERT INTO Symptoms (sxId, cough, productive_cough, hemoptysis, fever, shortness_of_breath, tachypnea) VALUES (2060, true, true, true, true, true, true);
INSERT INTO Symptoms (sxId, dehydration, fatigue, loss_of_appetite, malaise, diaphoresis, chills, tachycardia) VALUES (2061, true, false, true, true, true, false, true);
INSERT INTO Cases (diagnosisId, age, gender, majorSx, minorSx, painId) VALUES (11, 48, 'F', 2060, 2061, 2060);
INSERT INTO Positions (posId, chest, right_chest, left_chest, right_shoulder_blade, left_shoulder_blade) VALUES (2062, true, true, true, true, false);
INSERT INTO Positions (posId) VALUES (2063);
INSERT INTO Pain (pid, positionId, referred_pain_position, sharp, pleuritic, worse_with_breathing, four_hours, eight_hours, one_day, two_days, one_week) VALUES (2062, 2062, 2063, true, true, true, true, true, true, true, true);
INSERT INTO Symptoms (sxId, cough, productive_cough, hemoptysis, fever, shortness_of_breath, tachypnea) VALUES (2062, true, true, true, true, true, true);
INSERT INTO Symptoms (sxId, dehydration, fatigue, loss_of_appetite, malaise, diaphoresis, chills, tachycardia) VALUES (2063, false, true, true, true, true, true, true);
INSERT INTO Cases (diagnosisId, age, gender, majorSx, minorSx, painId) VALUES (11, 54, 'F', 2062, 2063, 2062);
INSERT INTO Positions (posId, chest, right_chest, left_chest, right_shoulder_blade, left_shoulder_blade) VALUES (2064, true, true, true, true, true);
INSERT INTO Positions (posId) VALUES (2065);
INSERT INTO Pain (pid, positionId, referred_pain_position, sharp, pleuritic, worse_with_breathing, four_hours, eight_hours, one_day, two_days, one_week) VALUES (2064, 2064, 2065, true, true, true, false, true, true, false, true);
INSERT INTO Symptoms (sxId, cough, productive_cough, hemoptysis, fever, shortness_of_breath, tachypnea) VALUES (2064, true, true, true, true, true, true);
INSERT INTO Symptoms (sxId, dehydration, fatigue, loss_of_appetite, malaise, diaphoresis, chills, tachycardia) VALUES (2065, true, true, true, true, true, true, true);
INSERT INTO Cases (diagnosisId, age, gender, majorSx, minorSx, painId) VALUES (11, 51, 'F', 2064, 2065, 2064);
INSERT INTO Positions (posId, chest, right_chest, left_chest, right_shoulder_blade, left_shoulder_blade) VALUES (2066, true, true, true, true, true);
INSERT INTO Positions (posId) VALUES (2067);
INSERT INTO Pain (pid, positionId, referred_pain_position, sharp, pleuritic, worse_with_breathing, four_hours, eight_hours, one_day, two_days, one_week) VALUES (2066, 2066, 2067, true, false, true, true, true, true, true, true);
INSERT INTO Symptoms (sxId, cough, productive_cough, hemoptysis, fever, shortness_of_breath, tachypnea) VALUES (2066, true, true, true, true, true, true);
INSERT INTO Symptoms (sxId, dehydration, fatigue, loss_of_appetite, malaise, diaphoresis, chills, tachycardia) VALUES (2067, true, true, true, true, true, true, true);
INSERT INTO Cases (diagnosisId, age, gender, majorSx, minorSx, painId) VALUES (11, 51, 'M', 2066, 2067, 2066);
INSERT INTO Positions (posId, chest, right_chest, left_chest, right_shoulder_blade, left_shoulder_blade) VALUES (2068, true, true, true, true, true);
INSERT INTO Positions (posId) VALUES (2069);
INSERT INTO Pain (pid, positionId, referred_pain_position, sharp, pleuritic, worse_with_breathing, four_hours, eight_hours, one_day, two_days, one_week) VALUES (2068, 2068, 2069, true, true, true, true, true, true, true, true);
INSERT INTO Symptoms (sxId, cough, productive_cough, hemoptysis, fever, shortness_of_breath, tachypnea) VALUES (2068, true, true, true, false, true, false);
INSERT INTO Symptoms (sxId, dehydration, fatigue, loss_of_appetite, malaise, diaphoresis, chills, tachycardia) VALUES (2069, true, false, true, true, true, true, true);
INSERT INTO Cases (diagnosisId, age, gender, majorSx, minorSx, painId) VALUES (11, 55, 'F', 2068, 2069, 2068);
INSERT INTO Positions (posId, chest, right_chest, left_chest, right_shoulder_blade, left_shoulder_blade) VALUES (2070, true, true, true, true, true);
INSERT INTO Positions (posId) VALUES (2071);
INSERT INTO Pain (pid, positionId, referred_pain_position, sharp, pleuritic, worse_with_breathing, four_hours, eight_hours, one_day, two_days, one_week) VALUES (2070, 2070, 2071, true, true, true, true, true, true, true, true);
INSERT INTO Symptoms (sxId, cough, productive_cough, hemoptysis, fever, shortness_of_breath, tachypnea) VALUES (2070, true, false, true, true, true, true);
INSERT INTO Symptoms (sxId, dehydration, fatigue, loss_of_appetite, malaise, diaphoresis, chills, tachycardia) VALUES (2071, true, true, true, true, true, false, true);
INSERT INTO Cases (diagnosisId, age, gender, majorSx, minorSx, painId) VALUES (11, 53, 'M', 2070, 2071, 2070);
INSERT INTO Positions (posId, chest, right_chest, left_chest, right_shoulder_blade, left_shoulder_blade) VALUES (2072, true, true, true, true, true);
INSERT INTO Positions (posId) VALUES (2073);
INSERT INTO Pain (pid, positionId, referred_pain_position, sharp, pleuritic, worse_with_breathing, four_hours, eight_hours, one_day, two_days, one_week) VALUES (2072, 2072, 2073, true, true, true, true, true, true, true, true);
INSERT INTO Symptoms (sxId, cough, productive_cough, hemoptysis, fever, shortness_of_breath, tachypnea) VALUES (2072, true, true, true, true, true, true);
INSERT INTO Symptoms (sxId, dehydration, fatigue, loss_of_appetite, malaise, diaphoresis, chills, tachycardia) VALUES (2073, true, true, true, true, true, true, true);
INSERT INTO Cases (diagnosisId, age, gender, majorSx, minorSx, painId) VALUES (11, 60, 'F', 2072, 2073, 2072);
INSERT INTO Positions (posId, chest, right_chest, left_chest, right_shoulder_blade, left_shoulder_blade) VALUES (2074, true, false, true, true, true);
INSERT INTO Positions (posId) VALUES (2075);
INSERT INTO Pain (pid, positionId, referred_pain_position, sharp, pleuritic, worse_with_breathing, four_hours, eight_hours, one_day, two_days, one_week) VALUES (2074, 2074, 2075, true, true, true, true, false, true, true, true);
INSERT INTO Symptoms (sxId, cough, productive_cough, hemoptysis, fever, shortness_of_breath, tachypnea) VALUES (2074, true, true, true, false, true, true);
INSERT INTO Symptoms (sxId, dehydration, fatigue, loss_of_appetite, malaise, diaphoresis, chills, tachycardia) VALUES (2075, true, false, true, true, true, true, true);
INSERT INTO Cases (diagnosisId, age, gender, majorSx, minorSx, painId) VALUES (11, 57, 'F', 2074, 2075, 2074);
INSERT INTO Positions (posId, chest, right_chest, left_chest, right_shoulder_blade, left_shoulder_blade) VALUES (2076, true, true, true, true, true);
INSERT INTO Positions (posId) VALUES (2077);
INSERT INTO Pain (pid, positionId, referred_pain_position, sharp, pleuritic, worse_with_breathing, four_hours, eight_hours, one_day, two_days, one_week) VALUES (2076, 2076, 2077, true, true, true, true, true, false, true, true);
INSERT INTO Symptoms (sxId, cough, productive_cough, hemoptysis, fever, shortness_of_breath, tachypnea) VALUES (2076, true, true, true, true, true, false);
INSERT INTO Symptoms (sxId, dehydration, fatigue, loss_of_appetite, malaise, diaphoresis, chills, tachycardia) VALUES (2077, true, true, true, true, false, false, true);
INSERT INTO Cases (diagnosisId, age, gender, majorSx, minorSx, painId) VALUES (11, 57, 'M', 2076, 2077, 2076);
INSERT INTO Positions (posId, chest, right_chest, left_chest, right_shoulder_blade, left_shoulder_blade) VALUES (2078, true, true, true, true, true);
INSERT INTO Positions (posId) VALUES (2079);
INSERT INTO Pain (pid, positionId, referred_pain_position, sharp, pleuritic, worse_with_breathing, four_hours, eight_hours, one_day, two_days, one_week) VALUES (2078, 2078, 2079, false, true, true, true, true, true, true, true);
INSERT INTO Symptoms (sxId, cough, productive_cough, hemoptysis, fever, shortness_of_breath, tachypnea) VALUES (2078, true, true, true, true, true, true);
INSERT INTO Symptoms (sxId, dehydration, fatigue, loss_of_appetite, malaise, diaphoresis, chills, tachycardia) VALUES (2079, true, true, true, false, true, true, true);
INSERT INTO Cases (diagnosisId, age, gender, majorSx, minorSx, painId) VALUES (11, 60, 'F', 2078, 2079, 2078);
INSERT INTO Positions (posId, chest, right_chest, left_chest, right_shoulder_blade, left_shoulder_blade) VALUES (2080, true, true, true, true, true);
INSERT INTO Positions (posId) VALUES (2081);
INSERT INTO Pain (pid, positionId, referred_pain_position, sharp, pleuritic, worse_with_breathing, four_hours, eight_hours, one_day, two_days, one_week) VALUES (2080, 2080, 2081, true, true, true, true, true, true, true, true);
INSERT INTO Symptoms (sxId, cough, productive_cough, hemoptysis, fever, shortness_of_breath, tachypnea) VALUES (2080, true, true, true, false, true, true);
INSERT INTO Symptoms (sxId, dehydration, fatigue, loss_of_appetite, malaise, diaphoresis, chills, tachycardia) VALUES (2081, true, true, true, true, true, true, true);
INSERT INTO Cases (diagnosisId, age, gender, majorSx, minorSx, painId) VALUES (11, 58, 'M', 2080, 2081, 2080);
INSERT INTO Positions (posId, chest, right_chest, left_chest, right_shoulder_blade, left_shoulder_blade) VALUES (2082, true, true, true, true, true);
INSERT INTO Positions (posId) VALUES (2083);
INSERT INTO Pain (pid, positionId, referred_pain_position, sharp, pleuritic, worse_with_breathing, four_hours, eight_hours, one_day, two_days, one_week) VALUES (2082, 2082, 2083, true, true, true, true, true, true, true, true);
INSERT INTO Symptoms (sxId, cough, productive_cough, hemoptysis, fever, shortness_of_breath, tachypnea) VALUES (2082, true, true, true, true, true, true);
INSERT INTO Symptoms (sxId, dehydration, fatigue, loss_of_appetite, malaise, diaphoresis, chills, tachycardia) VALUES (2083, true, true, true, true, true, true, true);
INSERT INTO Cases (diagnosisId, age, gender, majorSx, minorSx, painId) VALUES (11, 62, 'M', 2082, 2083, 2082);
INSERT INTO Positions (posId, chest, right_chest, left_chest, right_shoulder_blade, left_shoulder_blade) VALUES (2084, true, true, true, true, true);
INSERT INTO Positions (posId) VALUES (2085);
INSERT INTO Pain (pid, positionId, referred_pain_position, sharp, pleuritic, worse_with_breathing, four_hours, eight_hours, one_day, two_days, one_week) VALUES (2084, 2084, 2085, true, true, true, true, true, true, true, false);
INSERT INTO Symptoms (sxId, cough, productive_cough, hemoptysis, fever, shortness_of_breath, tachypnea) VALUES (2084, true, true, true, true, true, true);
INSERT INTO Symptoms (sxId, dehydration, fatigue, loss_of_appetite, malaise, diaphoresis, chills, tachycardia) VALUES (2085, true, true, true, true, true, true, true);
INSERT INTO Cases (diagnosisId, age, gender, majorSx, minorSx, painId) VALUES (11, 62, 'M', 2084, 2085, 2084);
INSERT INTO Positions (posId, chest, right_chest, left_chest, right_shoulder_blade, left_shoulder_blade) VALUES (2086, false, true, true, true, true);
INSERT INTO Positions (posId) VALUES (2087);
INSERT INTO Pain (pid, positionId, referred_pain_position, sharp, pleuritic, worse_with_breathing, four_hours, eight_hours, one_day, two_days, one_week) VALUES (2086, 2086, 2087, true, true, true, true, true, true, true, true);
INSERT INTO Symptoms (sxId, cough, productive_cough, hemoptysis, fever, shortness_of_breath, tachypnea) VALUES (2086, true, true, true, true, true, true);
INSERT INTO Symptoms (sxId, dehydration, fatigue, loss_of_appetite, malaise, diaphoresis, chills, tachycardia) VALUES (2087, true, true, true, true, true, true, true);
INSERT INTO Cases (diagnosisId, age, gender, majorSx, minorSx, painId) VALUES (11, 63, 'F', 2086, 2087, 2086);
INSERT INTO Positions (posId, chest, right_chest, left_chest, right_shoulder_blade, left_shoulder_blade) VALUES (2088, true, true, true, true, true);
INSERT INTO Positions (posId) VALUES (2089);
INSERT INTO Pain (pid, positionId, referred_pain_position, sharp, pleuritic, worse_with_breathing, four_hours, eight_hours, one_day, two_days, one_week) VALUES (2088, 2088, 2089, true, true, true, true, true, true, true, true);
INSERT INTO Symptoms (sxId, cough, productive_cough, hemoptysis, fever, shortness_of_breath, tachypnea) VALUES (2088, true, true, true, true, true, true);
INSERT INTO Symptoms (sxId, dehydration, fatigue, loss_of_appetite, malaise, diaphoresis, chills, tachycardia) VALUES (2089, true, true, true, true, true, true, true);
INSERT INTO Cases (diagnosisId, age, gender, majorSx, minorSx, painId) VALUES (11, 63, 'F', 2088, 2089, 2088);
INSERT INTO Positions (posId, chest, right_chest, left_chest, right_shoulder_blade, left_shoulder_blade) VALUES (2090, true, true, true, true, true);
INSERT INTO Positions (posId) VALUES (2091);
INSERT INTO Pain (pid, positionId, referred_pain_position, sharp, pleuritic, worse_with_breathing, four_hours, eight_hours, one_day, two_days, one_week) VALUES (2090, 2090, 2091, false, true, true, false, true, true, true, true);
INSERT INTO Symptoms (sxId, cough, productive_cough, hemoptysis, fever, shortness_of_breath, tachypnea) VALUES (2090, true, false, true, true, true, true);
INSERT INTO Symptoms (sxId, dehydration, fatigue, loss_of_appetite, malaise, diaphoresis, chills, tachycardia) VALUES (2091, true, true, true, true, true, true, true);
INSERT INTO Cases (diagnosisId, age, gender, majorSx, minorSx, painId) VALUES (11, 65, 'M', 2090, 2091, 2090);
INSERT INTO Positions (posId, chest, right_chest, left_chest, right_shoulder_blade, left_shoulder_blade) VALUES (2092, true, true, true, true, true);
INSERT INTO Positions (posId) VALUES (2093);
INSERT INTO Pain (pid, positionId, referred_pain_position, sharp, pleuritic, worse_with_breathing, four_hours, eight_hours, one_day, two_days, one_week) VALUES (2092, 2092, 2093, true, true, true, true, true, true, true, true);
INSERT INTO Symptoms (sxId, cough, productive_cough, hemoptysis, fever, shortness_of_breath, tachypnea) VALUES (2092, true, true, true, true, true, true);
INSERT INTO Symptoms (sxId, dehydration, fatigue, loss_of_appetite, malaise, diaphoresis, chills, tachycardia) VALUES (2093, false, true, true, true, true, true, true);
INSERT INTO Cases (diagnosisId, age, gender, majorSx, minorSx, painId) VALUES (11, 65, 'F', 2092, 2093, 2092);
INSERT INTO Positions (posId, chest, right_chest, left_chest, right_shoulder_blade, left_shoulder_blade) VALUES (2094, false, true, true, true, true);
INSERT INTO Positions (posId) VALUES (2095);
INSERT INTO Pain (pid, positionId, referred_pain_position, sharp, pleuritic, worse_with_breathing, four_hours, eight_hours, one_day, two_days, one_week) VALUES (2094, 2094, 2095, true, true, true, true, true, true, false, true);
INSERT INTO Symptoms (sxId, cough, productive_cough, hemoptysis, fever, shortness_of_breath, tachypnea) VALUES (2094, true, true, true, true, true, true);
INSERT INTO Symptoms (sxId, dehydration, fatigue, loss_of_appetite, malaise, diaphoresis, chills, tachycardia) VALUES (2095, true, true, true, true, true, true, true);
INSERT INTO Cases (diagnosisId, age, gender, majorSx, minorSx, painId) VALUES (11, 62, 'F', 2094, 2095, 2094);
INSERT INTO Positions (posId, chest, right_chest, left_chest, right_shoulder_blade, left_shoulder_blade) VALUES (2096, true, true, true, false, true);
INSERT INTO Positions (posId) VALUES (2097);
INSERT INTO Pain (pid, positionId, referred_pain_position, sharp, pleuritic, worse_with_breathing, four_hours, eight_hours, one_day, two_days, one_week) VALUES (2096, 2096, 2097, true, true, true, true, true, true, true, true);
INSERT INTO Symptoms (sxId, cough, productive_cough, hemoptysis, fever, shortness_of_breath, tachypnea) VALUES (2096, true, true, true, true, true, true);
INSERT INTO Symptoms (sxId, dehydration, fatigue, loss_of_appetite, malaise, diaphoresis, chills, tachycardia) VALUES (2097, true, true, true, true, true, true, true);
INSERT INTO Cases (diagnosisId, age, gender, majorSx, minorSx, painId) VALUES (11, 66, 'M', 2096, 2097, 2096);
INSERT INTO Positions (posId, chest, right_chest, left_chest, right_shoulder_blade, left_shoulder_blade) VALUES (2098, true, true, true, true, true);
INSERT INTO Positions (posId) VALUES (2099);
INSERT INTO Pain (pid, positionId, referred_pain_position, sharp, pleuritic, worse_with_breathing, four_hours, eight_hours, one_day, two_days, one_week) VALUES (2098, 2098, 2099, true, true, true, true, true, false, true, true);
INSERT INTO Symptoms (sxId, cough, productive_cough, hemoptysis, fever, shortness_of_breath, tachypnea) VALUES (2098, true, true, true, true, true, true);
INSERT INTO Symptoms (sxId, dehydration, fatigue, loss_of_appetite, malaise, diaphoresis, chills, tachycardia) VALUES (2099, true, true, false, true, true, true, true);
INSERT INTO Cases (diagnosisId, age, gender, majorSx, minorSx, painId) VALUES (11, 69, 'M', 2098, 2099, 2098);
INSERT INTO Positions (posId, chest, right_chest, left_chest, right_shoulder_blade, left_shoulder_blade) VALUES (2100, true, true, true, true, true);
INSERT INTO Positions (posId) VALUES (2101);
INSERT INTO Pain (pid, positionId, referred_pain_position, sharp, pleuritic, worse_with_breathing, four_hours, eight_hours, one_day, two_days, one_week) VALUES (2100, 2100, 2101, true, true, true, true, true, true, false, true);
INSERT INTO Symptoms (sxId, cough, productive_cough, hemoptysis, fever, shortness_of_breath, tachypnea) VALUES (2100, true, true, true, true, false, true);
INSERT INTO Symptoms (sxId, dehydration, fatigue, loss_of_appetite, malaise, diaphoresis, chills, tachycardia) VALUES (2101, true, true, true, true, false, true, true);
INSERT INTO Cases (diagnosisId, age, gender, majorSx, minorSx, painId) VALUES (11, 67, 'F', 2100, 2101, 2100);
INSERT INTO Positions (posId, chest, right_chest, left_chest, right_shoulder_blade, left_shoulder_blade) VALUES (2102, true, true, true, true, true);
INSERT INTO Positions (posId) VALUES (2103);
INSERT INTO Pain (pid, positionId, referred_pain_position, sharp, pleuritic, worse_with_breathing, four_hours, eight_hours, one_day, two_days, one_week) VALUES (2102, 2102, 2103, false, true, false, true, true, true, false, true);
INSERT INTO Symptoms (sxId, cough, productive_cough, hemoptysis, fever, shortness_of_breath, tachypnea) VALUES (2102, true, true, true, true, true, true);
INSERT INTO Symptoms (sxId, dehydration, fatigue, loss_of_appetite, malaise, diaphoresis, chills, tachycardia) VALUES (2103, true, false, true, true, true, true, true);
INSERT INTO Cases (diagnosisId, age, gender, majorSx, minorSx, painId) VALUES (11, 66, 'F', 2102, 2103, 2102);
INSERT INTO Positions (posId, chest, right_chest, left_chest, right_shoulder_blade, left_shoulder_blade) VALUES (2104, true, true, true, true, true);
INSERT INTO Positions (posId) VALUES (2105);
INSERT INTO Pain (pid, positionId, referred_pain_position, sharp, pleuritic, worse_with_breathing, four_hours, eight_hours, one_day, two_days, one_week) VALUES (2104, 2104, 2105, true, true, true, true, true, true, true, true);
INSERT INTO Symptoms (sxId, cough, productive_cough, hemoptysis, fever, shortness_of_breath, tachypnea) VALUES (2104, true, true, true, true, true, true);
INSERT INTO Symptoms (sxId, dehydration, fatigue, loss_of_appetite, malaise, diaphoresis, chills, tachycardia) VALUES (2105, true, true, true, true, true, true, true);
INSERT INTO Cases (diagnosisId, age, gender, majorSx, minorSx, painId) VALUES (11, 67, 'M', 2104, 2105, 2104);
INSERT INTO Positions (posId, chest, right_chest, left_chest, right_shoulder_blade, left_shoulder_blade) VALUES (2106, true, true, true, true, true);
INSERT INTO Positions (posId) VALUES (2107);
INSERT INTO Pain (pid, positionId, referred_pain_position, sharp, pleuritic, worse_with_breathing, four_hours, eight_hours, one_day, two_days, one_week) VALUES (2106, 2106, 2107, false, true, true, true, true, true, true, true);
INSERT INTO Symptoms (sxId, cough, productive_cough, hemoptysis, fever, shortness_of_breath, tachypnea) VALUES (2106, true, true, true, true, true, true);
INSERT INTO Symptoms (sxId, dehydration, fatigue, loss_of_appetite, malaise, diaphoresis, chills, tachycardia) VALUES (2107, true, true, true, true, true, true, true);
INSERT INTO Cases (diagnosisId, age, gender, majorSx, minorSx, painId) VALUES (11, 66, 'F', 2106, 2107, 2106);
INSERT INTO Positions (posId, chest, right_chest, left_chest, right_shoulder_blade, left_shoulder_blade) VALUES (2108, true, true, true, true, true);
INSERT INTO Positions (posId) VALUES (2109);
INSERT INTO Pain (pid, positionId, referred_pain_position, sharp, pleuritic, worse_with_breathing, four_hours, eight_hours, one_day, two_days, one_week) VALUES (2108, 2108, 2109, true, false, true, false, true, true, true, true);
INSERT INTO Symptoms (sxId, cough, productive_cough, hemoptysis, fever, shortness_of_breath, tachypnea) VALUES (2108, true, true, false, true, true, true);
INSERT INTO Symptoms (sxId, dehydration, fatigue, loss_of_appetite, malaise, diaphoresis, chills, tachycardia) VALUES (2109, true, true, true, true, true, true, true);
INSERT INTO Cases (diagnosisId, age, gender, majorSx, minorSx, painId) VALUES (11, 69, 'M', 2108, 2109, 2108);
INSERT INTO Positions (posId, chest, right_chest, left_chest, right_shoulder_blade, left_shoulder_blade) VALUES (2110, true, false, true, true, true);
INSERT INTO Positions (posId) VALUES (2111);
INSERT INTO Pain (pid, positionId, referred_pain_position, sharp, pleuritic, worse_with_breathing, four_hours, eight_hours, one_day, two_days, one_week) VALUES (2110, 2110, 2111, true, false, true, true, true, true, false, false);
INSERT INTO Symptoms (sxId, cough, productive_cough, hemoptysis, fever, shortness_of_breath, tachypnea) VALUES (2110, true, true, true, true, true, true);
INSERT INTO Symptoms (sxId, dehydration, fatigue, loss_of_appetite, malaise, diaphoresis, chills, tachycardia) VALUES (2111, true, true, true, false, true, true, true);
INSERT INTO Cases (diagnosisId, age, gender, majorSx, minorSx, painId) VALUES (11, 66, 'M', 2110, 2111, 2110);
INSERT INTO Positions (posId, chest, right_chest, left_chest, right_shoulder_blade, left_shoulder_blade) VALUES (2112, true, true, true, true, true);
INSERT INTO Positions (posId) VALUES (2113);
INSERT INTO Pain (pid, positionId, referred_pain_position, sharp, pleuritic, worse_with_breathing, four_hours, eight_hours, one_day, two_days, one_week) VALUES (2112, 2112, 2113, true, true, true, true, true, true, true, false);
INSERT INTO Symptoms (sxId, cough, productive_cough, hemoptysis, fever, shortness_of_breath, tachypnea) VALUES (2112, true, true, true, true, true, true);
INSERT INTO Symptoms (sxId, dehydration, fatigue, loss_of_appetite, malaise, diaphoresis, chills, tachycardia) VALUES (2113, true, true, true, true, true, true, true);
INSERT INTO Cases (diagnosisId, age, gender, majorSx, minorSx, painId) VALUES (11, 69, 'M', 2112, 2113, 2112);
INSERT INTO Positions (posId, chest, right_chest, left_chest, right_shoulder_blade, left_shoulder_blade) VALUES (2114, true, true, false, false, true);
INSERT INTO Positions (posId) VALUES (2115);
INSERT INTO Pain (pid, positionId, referred_pain_position, sharp, pleuritic, worse_with_breathing, four_hours, eight_hours, one_day, two_days, one_week) VALUES (2114, 2114, 2115, true, false, true, true, true, true, true, true);
INSERT INTO Symptoms (sxId, cough, productive_cough, hemoptysis, fever, shortness_of_breath, tachypnea) VALUES (2114, true, true, false, true, true, false);
INSERT INTO Symptoms (sxId, dehydration, fatigue, loss_of_appetite, malaise, diaphoresis, chills, tachycardia) VALUES (2115, true, true, true, true, true, true, true);
INSERT INTO Cases (diagnosisId, age, gender, majorSx, minorSx, painId) VALUES (11, 73, 'M', 2114, 2115, 2114);
INSERT INTO Positions (posId, chest, right_chest, left_chest, right_shoulder_blade, left_shoulder_blade) VALUES (2116, true, true, true, true, true);
INSERT INTO Positions (posId) VALUES (2117);
INSERT INTO Pain (pid, positionId, referred_pain_position, sharp, pleuritic, worse_with_breathing, four_hours, eight_hours, one_day, two_days, one_week) VALUES (2116, 2116, 2117, false, true, true, true, true, true, true, true);
INSERT INTO Symptoms (sxId, cough, productive_cough, hemoptysis, fever, shortness_of_breath, tachypnea) VALUES (2116, true, true, true, true, true, true);
INSERT INTO Symptoms (sxId, dehydration, fatigue, loss_of_appetite, malaise, diaphoresis, chills, tachycardia) VALUES (2117, true, true, true, true, true, true, true);
INSERT INTO Cases (diagnosisId, age, gender, majorSx, minorSx, painId) VALUES (11, 71, 'M', 2116, 2117, 2116);
INSERT INTO Positions (posId, chest, right_chest, left_chest, right_shoulder_blade, left_shoulder_blade) VALUES (2118, true, true, true, true, true);
INSERT INTO Positions (posId) VALUES (2119);
INSERT INTO Pain (pid, positionId, referred_pain_position, sharp, pleuritic, worse_with_breathing, four_hours, eight_hours, one_day, two_days, one_week) VALUES (2118, 2118, 2119, true, true, true, true, true, true, true, false);
INSERT INTO Symptoms (sxId, cough, productive_cough, hemoptysis, fever, shortness_of_breath, tachypnea) VALUES (2118, true, true, true, true, true, true);
INSERT INTO Symptoms (sxId, dehydration, fatigue, loss_of_appetite, malaise, diaphoresis, chills, tachycardia) VALUES (2119, true, true, true, true, true, true, true);
INSERT INTO Cases (diagnosisId, age, gender, majorSx, minorSx, painId) VALUES (11, 71, 'F', 2118, 2119, 2118);
INSERT INTO Positions (posId, chest, right_chest, left_chest, right_shoulder_blade, left_shoulder_blade) VALUES (2120, true, false, true, true, true);
INSERT INTO Positions (posId) VALUES (2121);
INSERT INTO Pain (pid, positionId, referred_pain_position, sharp, pleuritic, worse_with_breathing, four_hours, eight_hours, one_day, two_days, one_week) VALUES (2120, 2120, 2121, true, true, true, true, true, true, false, true);
INSERT INTO Symptoms (sxId, cough, productive_cough, hemoptysis, fever, shortness_of_breath, tachypnea) VALUES (2120, true, true, true, true, true, true);
INSERT INTO Symptoms (sxId, dehydration, fatigue, loss_of_appetite, malaise, diaphoresis, chills, tachycardia) VALUES (2121, true, true, true, true, true, false, true);
INSERT INTO Cases (diagnosisId, age, gender, majorSx, minorSx, painId) VALUES (11, 72, 'M', 2120, 2121, 2120);
INSERT INTO Positions (posId, chest, right_chest, left_chest, right_shoulder_blade, left_shoulder_blade) VALUES (2122, true, true, true, true, true);
INSERT INTO Positions (posId) VALUES (2123);
INSERT INTO Pain (pid, positionId, referred_pain_position, sharp, pleuritic, worse_with_breathing, four_hours, eight_hours, one_day, two_days, one_week) VALUES (2122, 2122, 2123, true, true, true, true, true, true, true, true);
INSERT INTO Symptoms (sxId, cough, productive_cough, hemoptysis, fever, shortness_of_breath, tachypnea) VALUES (2122, true, true, false, true, true, true);
INSERT INTO Symptoms (sxId, dehydration, fatigue, loss_of_appetite, malaise, diaphoresis, chills, tachycardia) VALUES (2123, true, true, true, true, false, true, true);
INSERT INTO Cases (diagnosisId, age, gender, majorSx, minorSx, painId) VALUES (11, 75, 'M', 2122, 2123, 2122);
INSERT INTO Positions (posId, chest, right_chest, left_chest, right_shoulder_blade, left_shoulder_blade) VALUES (2124, true, true, true, true, false);
INSERT INTO Positions (posId) VALUES (2125);
INSERT INTO Pain (pid, positionId, referred_pain_position, sharp, pleuritic, worse_with_breathing, four_hours, eight_hours, one_day, two_days, one_week) VALUES (2124, 2124, 2125, true, true, true, true, false, true, true, true);
INSERT INTO Symptoms (sxId, cough, productive_cough, hemoptysis, fever, shortness_of_breath, tachypnea) VALUES (2124, true, false, true, true, true, true);
INSERT INTO Symptoms (sxId, dehydration, fatigue, loss_of_appetite, malaise, diaphoresis, chills, tachycardia) VALUES (2125, true, false, true, false, true, true, true);
INSERT INTO Cases (diagnosisId, age, gender, majorSx, minorSx, painId) VALUES (11, 73, 'M', 2124, 2125, 2124);
INSERT INTO Positions (posId, chest, right_chest, left_chest, right_shoulder_blade, left_shoulder_blade) VALUES (2126, true, true, true, true, true);
INSERT INTO Positions (posId) VALUES (2127);
INSERT INTO Pain (pid, positionId, referred_pain_position, sharp, pleuritic, worse_with_breathing, four_hours, eight_hours, one_day, two_days, one_week) VALUES (2126, 2126, 2127, true, true, true, false, true, true, true, true);
INSERT INTO Symptoms (sxId, cough, productive_cough, hemoptysis, fever, shortness_of_breath, tachypnea) VALUES (2126, true, true, true, true, false, true);
INSERT INTO Symptoms (sxId, dehydration, fatigue, loss_of_appetite, malaise, diaphoresis, chills, tachycardia) VALUES (2127, true, true, true, false, true, true, true);
INSERT INTO Cases (diagnosisId, age, gender, majorSx, minorSx, painId) VALUES (11, 73, 'F', 2126, 2127, 2126);
INSERT INTO Positions (posId, chest, right_chest, left_chest, right_shoulder_blade, left_shoulder_blade) VALUES (2128, true, true, true, true, true);
INSERT INTO Positions (posId) VALUES (2129);
INSERT INTO Pain (pid, positionId, referred_pain_position, sharp, pleuritic, worse_with_breathing, four_hours, eight_hours, one_day, two_days, one_week) VALUES (2128, 2128, 2129, true, true, true, true, true, true, false, true);
INSERT INTO Symptoms (sxId, cough, productive_cough, hemoptysis, fever, shortness_of_breath, tachypnea) VALUES (2128, true, true, true, true, true, true);
INSERT INTO Symptoms (sxId, dehydration, fatigue, loss_of_appetite, malaise, diaphoresis, chills, tachycardia) VALUES (2129, true, true, true, true, true, true, true);
INSERT INTO Cases (diagnosisId, age, gender, majorSx, minorSx, painId) VALUES (11, 75, 'F', 2128, 2129, 2128);
INSERT INTO Positions (posId, chest, right_chest, left_chest, right_shoulder_blade, left_shoulder_blade) VALUES (2130, true, true, true, false, true);
INSERT INTO Positions (posId) VALUES (2131);
INSERT INTO Pain (pid, positionId, referred_pain_position, sharp, pleuritic, worse_with_breathing, four_hours, eight_hours, one_day, two_days, one_week) VALUES (2130, 2130, 2131, true, false, true, true, true, true, true, true);
INSERT INTO Symptoms (sxId, cough, productive_cough, hemoptysis, fever, shortness_of_breath, tachypnea) VALUES (2130, true, true, true, true, true, false);
INSERT INTO Symptoms (sxId, dehydration, fatigue, loss_of_appetite, malaise, diaphoresis, chills, tachycardia) VALUES (2131, true, true, true, true, true, true, true);
INSERT INTO Cases (diagnosisId, age, gender, majorSx, minorSx, painId) VALUES (11, 75, 'F', 2130, 2131, 2130);
INSERT INTO Positions (posId, chest, right_chest, left_chest, right_shoulder_blade, left_shoulder_blade) VALUES (2132, true, true, true, true, true);
INSERT INTO Positions (posId) VALUES (2133);
INSERT INTO Pain (pid, positionId, referred_pain_position, sharp, pleuritic, worse_with_breathing, four_hours, eight_hours, one_day, two_days, one_week) VALUES (2132, 2132, 2133, true, true, true, true, true, true, true, true);
INSERT INTO Symptoms (sxId, cough, productive_cough, hemoptysis, fever, shortness_of_breath, tachypnea) VALUES (2132, true, true, true, true, true, true);
INSERT INTO Symptoms (sxId, dehydration, fatigue, loss_of_appetite, malaise, diaphoresis, chills, tachycardia) VALUES (2133, true, true, true, false, false, true, true);
INSERT INTO Cases (diagnosisId, age, gender, majorSx, minorSx, painId) VALUES (11, 72, 'M', 2132, 2133, 2132);
INSERT INTO Positions (posId, chest, right_chest, left_chest, right_shoulder_blade, left_shoulder_blade) VALUES (2134, false, true, true, true, true);
INSERT INTO Positions (posId) VALUES (2135);
INSERT INTO Pain (pid, positionId, referred_pain_position, sharp, pleuritic, worse_with_breathing, four_hours, eight_hours, one_day, two_days, one_week) VALUES (2134, 2134, 2135, true, true, true, true, true, false, true, true);
INSERT INTO Symptoms (sxId, cough, productive_cough, hemoptysis, fever, shortness_of_breath, tachypnea) VALUES (2134, true, true, true, true, true, true);
INSERT INTO Symptoms (sxId, dehydration, fatigue, loss_of_appetite, malaise, diaphoresis, chills, tachycardia) VALUES (2135, true, true, true, true, true, true, true);
INSERT INTO Cases (diagnosisId, age, gender, majorSx, minorSx, painId) VALUES (11, 80, 'M', 2134, 2135, 2134);
INSERT INTO Positions (posId, chest, right_chest, left_chest, right_shoulder_blade, left_shoulder_blade) VALUES (2136, true, true, true, false, true);
INSERT INTO Positions (posId) VALUES (2137);
INSERT INTO Pain (pid, positionId, referred_pain_position, sharp, pleuritic, worse_with_breathing, four_hours, eight_hours, one_day, two_days, one_week) VALUES (2136, 2136, 2137, true, true, true, true, true, true, true, true);
INSERT INTO Symptoms (sxId, cough, productive_cough, hemoptysis, fever, shortness_of_breath, tachypnea) VALUES (2136, true, true, false, true, false, false);
INSERT INTO Symptoms (sxId, dehydration, fatigue, loss_of_appetite, malaise, diaphoresis, chills, tachycardia) VALUES (2137, true, true, true, false, true, true, false);
INSERT INTO Cases (diagnosisId, age, gender, majorSx, minorSx, painId) VALUES (11, 77, 'F', 2136, 2137, 2136);
INSERT INTO Positions (posId, chest, right_chest, left_chest, right_shoulder_blade, left_shoulder_blade) VALUES (2138, true, true, false, true, true);
INSERT INTO Positions (posId) VALUES (2139);
INSERT INTO Pain (pid, positionId, referred_pain_position, sharp, pleuritic, worse_with_breathing, four_hours, eight_hours, one_day, two_days, one_week) VALUES (2138, 2138, 2139, true, true, true, true, true, true, true, true);
INSERT INTO Symptoms (sxId, cough, productive_cough, hemoptysis, fever, shortness_of_breath, tachypnea) VALUES (2138, true, true, false, true, true, true);
INSERT INTO Symptoms (sxId, dehydration, fatigue, loss_of_appetite, malaise, diaphoresis, chills, tachycardia) VALUES (2139, true, true, false, false, true, true, true);
INSERT INTO Cases (diagnosisId, age, gender, majorSx, minorSx, painId) VALUES (11, 80, 'M', 2138, 2139, 2138);
INSERT INTO Positions (posId, chest, right_chest, left_chest, right_shoulder_blade, left_shoulder_blade) VALUES (2140, true, true, true, true, true);
INSERT INTO Positions (posId) VALUES (2141);
INSERT INTO Pain (pid, positionId, referred_pain_position, sharp, pleuritic, worse_with_breathing, four_hours, eight_hours, one_day, two_days, one_week) VALUES (2140, 2140, 2141, true, true, false, true, true, false, true, true);
INSERT INTO Symptoms (sxId, cough, productive_cough, hemoptysis, fever, shortness_of_breath, tachypnea) VALUES (2140, true, true, true, false, false, true);
INSERT INTO Symptoms (sxId, dehydration, fatigue, loss_of_appetite, malaise, diaphoresis, chills, tachycardia) VALUES (2141, true, true, true, true, true, true, true);
INSERT INTO Cases (diagnosisId, age, gender, majorSx, minorSx, painId) VALUES (11, 80, 'M', 2140, 2141, 2140);
INSERT INTO Positions (posId, chest, right_chest, left_chest, right_shoulder_blade, left_shoulder_blade) VALUES (2142, true, true, true, true, true);
INSERT INTO Positions (posId) VALUES (2143);
INSERT INTO Pain (pid, positionId, referred_pain_position, sharp, pleuritic, worse_with_breathing, four_hours, eight_hours, one_day, two_days, one_week) VALUES (2142, 2142, 2143, true, true, true, true, true, true, false, true);
INSERT INTO Symptoms (sxId, cough, productive_cough, hemoptysis, fever, shortness_of_breath, tachypnea) VALUES (2142, false, true, false, true, true, true);
INSERT INTO Symptoms (sxId, dehydration, fatigue, loss_of_appetite, malaise, diaphoresis, chills, tachycardia) VALUES (2143, true, true, true, true, false, true, true);
INSERT INTO Cases (diagnosisId, age, gender, majorSx, minorSx, painId) VALUES (11, 76, 'F', 2142, 2143, 2142);
INSERT INTO Positions (posId, chest, right_chest, left_chest, right_shoulder_blade, left_shoulder_blade) VALUES (2144, true, true, true, false, true);
INSERT INTO Positions (posId) VALUES (2145);
INSERT INTO Pain (pid, positionId, referred_pain_position, sharp, pleuritic, worse_with_breathing, four_hours, eight_hours, one_day, two_days, one_week) VALUES (2144, 2144, 2145, true, true, true, true, true, true, true, true);
INSERT INTO Symptoms (sxId, cough, productive_cough, hemoptysis, fever, shortness_of_breath, tachypnea) VALUES (2144, true, true, true, true, true, true);
INSERT INTO Symptoms (sxId, dehydration, fatigue, loss_of_appetite, malaise, diaphoresis, chills, tachycardia) VALUES (2145, true, true, true, true, true, true, true);
INSERT INTO Cases (diagnosisId, age, gender, majorSx, minorSx, painId) VALUES (11, 78, 'M', 2144, 2145, 2144);
INSERT INTO Positions (posId, chest, right_chest, left_chest, right_shoulder_blade, left_shoulder_blade) VALUES (2146, true, true, true, true, true);
INSERT INTO Positions (posId) VALUES (2147);
INSERT INTO Pain (pid, positionId, referred_pain_position, sharp, pleuritic, worse_with_breathing, four_hours, eight_hours, one_day, two_days, one_week) VALUES (2146, 2146, 2147, true, false, true, true, true, true, true, true);
INSERT INTO Symptoms (sxId, cough, productive_cough, hemoptysis, fever, shortness_of_breath, tachypnea) VALUES (2146, true, true, true, true, true, true);
INSERT INTO Symptoms (sxId, dehydration, fatigue, loss_of_appetite, malaise, diaphoresis, chills, tachycardia) VALUES (2147, true, true, true, true, true, true, true);
INSERT INTO Cases (diagnosisId, age, gender, majorSx, minorSx, painId) VALUES (11, 77, 'M', 2146, 2147, 2146);
INSERT INTO Positions (posId, chest, right_chest, left_chest, right_shoulder_blade, left_shoulder_blade) VALUES (2148, true, true, true, false, true);
INSERT INTO Positions (posId) VALUES (2149);
INSERT INTO Pain (pid, positionId, referred_pain_position, sharp, pleuritic, worse_with_breathing, four_hours, eight_hours, one_day, two_days, one_week) VALUES (2148, 2148, 2149, true, true, true, true, true, true, true, true);
INSERT INTO Symptoms (sxId, cough, productive_cough, hemoptysis, fever, shortness_of_breath, tachypnea) VALUES (2148, true, true, true, false, true, true);
INSERT INTO Symptoms (sxId, dehydration, fatigue, loss_of_appetite, malaise, diaphoresis, chills, tachycardia) VALUES (2149, true, true, false, true, true, true, true);
INSERT INTO Cases (diagnosisId, age, gender, majorSx, minorSx, painId) VALUES (11, 77, 'F', 2148, 2149, 2148);
INSERT INTO Positions (posId, chest, right_chest, left_chest, right_shoulder_blade, left_shoulder_blade) VALUES (2150, false, true, true, true, true);
INSERT INTO Positions (posId) VALUES (2151);
INSERT INTO Pain (pid, positionId, referred_pain_position, sharp, pleuritic, worse_with_breathing, four_hours, eight_hours, one_day, two_days, one_week) VALUES (2150, 2150, 2151, true, true, true, true, false, false, true, true);
INSERT INTO Symptoms (sxId, cough, productive_cough, hemoptysis, fever, shortness_of_breath, tachypnea) VALUES (2150, true, true, true, true, true, true);
INSERT INTO Symptoms (sxId, dehydration, fatigue, loss_of_appetite, malaise, diaphoresis, chills, tachycardia) VALUES (2151, true, true, true, true, true, true, true);
INSERT INTO Cases (diagnosisId, age, gender, majorSx, minorSx, painId) VALUES (11, 78, 'M', 2150, 2151, 2150);
INSERT INTO Positions (posId, chest, right_chest, left_chest, right_shoulder_blade, left_shoulder_blade) VALUES (2152, true, true, true, true, true);
INSERT INTO Positions (posId) VALUES (2153);
INSERT INTO Pain (pid, positionId, referred_pain_position, sharp, pleuritic, worse_with_breathing, four_hours, eight_hours, one_day, two_days, one_week) VALUES (2152, 2152, 2153, true, true, true, true, true, true, true, false);
INSERT INTO Symptoms (sxId, cough, productive_cough, hemoptysis, fever, shortness_of_breath, tachypnea) VALUES (2152, true, true, true, true, true, true);
INSERT INTO Symptoms (sxId, dehydration, fatigue, loss_of_appetite, malaise, diaphoresis, chills, tachycardia) VALUES (2153, true, true, true, true, true, true, true);
INSERT INTO Cases (diagnosisId, age, gender, majorSx, minorSx, painId) VALUES (11, 79, 'F', 2152, 2153, 2152);
INSERT INTO Positions (posId, chest, right_chest, left_chest, right_shoulder_blade, left_shoulder_blade) VALUES (2154, true, true, true, true, true);
INSERT INTO Positions (posId) VALUES (2155);
INSERT INTO Pain (pid, positionId, referred_pain_position, sharp, pleuritic, worse_with_breathing, four_hours, eight_hours, one_day, two_days, one_week) VALUES (2154, 2154, 2155, true, true, true, true, true, true, true, false);
INSERT INTO Symptoms (sxId, cough, productive_cough, hemoptysis, fever, shortness_of_breath, tachypnea) VALUES (2154, true, true, true, true, true, true);
INSERT INTO Symptoms (sxId, dehydration, fatigue, loss_of_appetite, malaise, diaphoresis, chills, tachycardia) VALUES (2155, true, true, false, true, true, true, true);
INSERT INTO Cases (diagnosisId, age, gender, majorSx, minorSx, painId) VALUES (11, 83, 'M', 2154, 2155, 2154);
INSERT INTO Positions (posId, chest, right_chest, left_chest, right_shoulder_blade, left_shoulder_blade) VALUES (2156, true, true, true, true, false);
INSERT INTO Positions (posId) VALUES (2157);
INSERT INTO Pain (pid, positionId, referred_pain_position, sharp, pleuritic, worse_with_breathing, four_hours, eight_hours, one_day, two_days, one_week) VALUES (2156, 2156, 2157, true, true, true, true, true, true, true, true);
INSERT INTO Symptoms (sxId, cough, productive_cough, hemoptysis, fever, shortness_of_breath, tachypnea) VALUES (2156, true, true, true, true, true, true);
INSERT INTO Symptoms (sxId, dehydration, fatigue, loss_of_appetite, malaise, diaphoresis, chills, tachycardia) VALUES (2157, true, true, true, true, true, true, true);
INSERT INTO Cases (diagnosisId, age, gender, majorSx, minorSx, painId) VALUES (11, 84, 'F', 2156, 2157, 2156);
INSERT INTO Positions (posId, chest, right_chest, left_chest, right_shoulder_blade, left_shoulder_blade) VALUES (2158, true, true, true, true, true);
INSERT INTO Positions (posId) VALUES (2159);
INSERT INTO Pain (pid, positionId, referred_pain_position, sharp, pleuritic, worse_with_breathing, four_hours, eight_hours, one_day, two_days, one_week) VALUES (2158, 2158, 2159, true, true, true, true, true, true, true, true);
INSERT INTO Symptoms (sxId, cough, productive_cough, hemoptysis, fever, shortness_of_breath, tachypnea) VALUES (2158, true, true, true, true, false, true);
INSERT INTO Symptoms (sxId, dehydration, fatigue, loss_of_appetite, malaise, diaphoresis, chills, tachycardia) VALUES (2159, true, true, true, true, true, true, true);
INSERT INTO Cases (diagnosisId, age, gender, majorSx, minorSx, painId) VALUES (11, 83, 'M', 2158, 2159, 2158);
INSERT INTO Positions (posId, chest, right_chest, left_chest, right_shoulder_blade, left_shoulder_blade) VALUES (2160, true, true, true, true, true);
INSERT INTO Positions (posId) VALUES (2161);
INSERT INTO Pain (pid, positionId, referred_pain_position, sharp, pleuritic, worse_with_breathing, four_hours, eight_hours, one_day, two_days, one_week) VALUES (2160, 2160, 2161, true, true, true, true, true, true, true, true);
INSERT INTO Symptoms (sxId, cough, productive_cough, hemoptysis, fever, shortness_of_breath, tachypnea) VALUES (2160, true, true, true, false, true, true);
INSERT INTO Symptoms (sxId, dehydration, fatigue, loss_of_appetite, malaise, diaphoresis, chills, tachycardia) VALUES (2161, true, true, true, true, true, true, true);
INSERT INTO Cases (diagnosisId, age, gender, majorSx, minorSx, painId) VALUES (11, 84, 'M', 2160, 2161, 2160);
INSERT INTO Positions (posId, chest, right_chest, left_chest, right_shoulder_blade, left_shoulder_blade) VALUES (2162, true, true, true, true, false);
INSERT INTO Positions (posId) VALUES (2163);
INSERT INTO Pain (pid, positionId, referred_pain_position, sharp, pleuritic, worse_with_breathing, four_hours, eight_hours, one_day, two_days, one_week) VALUES (2162, 2162, 2163, true, true, true, true, true, true, true, true);
INSERT INTO Symptoms (sxId, cough, productive_cough, hemoptysis, fever, shortness_of_breath, tachypnea) VALUES (2162, true, true, true, true, false, true);
INSERT INTO Symptoms (sxId, dehydration, fatigue, loss_of_appetite, malaise, diaphoresis, chills, tachycardia) VALUES (2163, true, true, true, true, false, true, true);
INSERT INTO Cases (diagnosisId, age, gender, majorSx, minorSx, painId) VALUES (11, 84, 'M', 2162, 2163, 2162);
INSERT INTO Positions (posId, chest, right_chest, left_chest, right_shoulder_blade, left_shoulder_blade) VALUES (2164, true, true, false, true, true);
INSERT INTO Positions (posId) VALUES (2165);
INSERT INTO Pain (pid, positionId, referred_pain_position, sharp, pleuritic, worse_with_breathing, four_hours, eight_hours, one_day, two_days, one_week) VALUES (2164, 2164, 2165, true, true, true, true, true, true, false, true);
INSERT INTO Symptoms (sxId, cough, productive_cough, hemoptysis, fever, shortness_of_breath, tachypnea) VALUES (2164, true, true, true, true, true, true);
INSERT INTO Symptoms (sxId, dehydration, fatigue, loss_of_appetite, malaise, diaphoresis, chills, tachycardia) VALUES (2165, true, true, true, true, true, true, true);
INSERT INTO Cases (diagnosisId, age, gender, majorSx, minorSx, painId) VALUES (11, 85, 'M', 2164, 2165, 2164);
INSERT INTO Positions (posId, chest, right_chest, left_chest, right_shoulder_blade, left_shoulder_blade) VALUES (2166, true, true, false, true, true);
INSERT INTO Positions (posId) VALUES (2167);
INSERT INTO Pain (pid, positionId, referred_pain_position, sharp, pleuritic, worse_with_breathing, four_hours, eight_hours, one_day, two_days, one_week) VALUES (2166, 2166, 2167, true, true, true, true, true, true, true, true);
INSERT INTO Symptoms (sxId, cough, productive_cough, hemoptysis, fever, shortness_of_breath, tachypnea) VALUES (2166, true, true, true, true, true, true);
INSERT INTO Symptoms (sxId, dehydration, fatigue, loss_of_appetite, malaise, diaphoresis, chills, tachycardia) VALUES (2167, true, true, true, true, true, true, true);
INSERT INTO Cases (diagnosisId, age, gender, majorSx, minorSx, painId) VALUES (11, 83, 'M', 2166, 2167, 2166);
INSERT INTO Positions (posId, chest, right_chest, left_chest, right_shoulder_blade, left_shoulder_blade) VALUES (2168, true, true, true, true, true);
INSERT INTO Positions (posId) VALUES (2169);
INSERT INTO Pain (pid, positionId, referred_pain_position, sharp, pleuritic, worse_with_breathing, four_hours, eight_hours, one_day, two_days, one_week) VALUES (2168, 2168, 2169, true, false, true, true, true, true, true, true);
INSERT INTO Symptoms (sxId, cough, productive_cough, hemoptysis, fever, shortness_of_breath, tachypnea) VALUES (2168, true, true, true, true, true, true);
INSERT INTO Symptoms (sxId, dehydration, fatigue, loss_of_appetite, malaise, diaphoresis, chills, tachycardia) VALUES (2169, true, true, true, true, true, true, true);
INSERT INTO Cases (diagnosisId, age, gender, majorSx, minorSx, painId) VALUES (11, 82, 'M', 2168, 2169, 2168);
INSERT INTO Positions (posId, chest, right_chest, left_chest, right_shoulder_blade, left_shoulder_blade) VALUES (2170, true, true, true, true, true);
INSERT INTO Positions (posId) VALUES (2171);
INSERT INTO Pain (pid, positionId, referred_pain_position, sharp, pleuritic, worse_with_breathing, four_hours, eight_hours, one_day, two_days, one_week) VALUES (2170, 2170, 2171, true, true, true, true, true, true, true, true);
INSERT INTO Symptoms (sxId, cough, productive_cough, hemoptysis, fever, shortness_of_breath, tachypnea) VALUES (2170, true, true, true, true, true, true);
INSERT INTO Symptoms (sxId, dehydration, fatigue, loss_of_appetite, malaise, diaphoresis, chills, tachycardia) VALUES (2171, true, true, true, true, true, true, true);
INSERT INTO Cases (diagnosisId, age, gender, majorSx, minorSx, painId) VALUES (11, 82, 'F', 2170, 2171, 2170);
INSERT INTO Positions (posId, chest, right_chest, left_chest, right_shoulder_blade, left_shoulder_blade) VALUES (2172, true, true, false, true, true);
INSERT INTO Positions (posId) VALUES (2173);
INSERT INTO Pain (pid, positionId, referred_pain_position, sharp, pleuritic, worse_with_breathing, four_hours, eight_hours, one_day, two_days, one_week) VALUES (2172, 2172, 2173, true, true, true, true, true, true, true, true);
INSERT INTO Symptoms (sxId, cough, productive_cough, hemoptysis, fever, shortness_of_breath, tachypnea) VALUES (2172, true, true, true, true, true, true);
INSERT INTO Symptoms (sxId, dehydration, fatigue, loss_of_appetite, malaise, diaphoresis, chills, tachycardia) VALUES (2173, true, true, false, true, true, true, true);
INSERT INTO Cases (diagnosisId, age, gender, majorSx, minorSx, painId) VALUES (11, 82, 'F', 2172, 2173, 2172);
INSERT INTO Positions (posId, chest, right_chest, left_chest, right_shoulder_blade, left_shoulder_blade) VALUES (2174, true, true, true, true, true);
INSERT INTO Positions (posId) VALUES (2175);
INSERT INTO Pain (pid, positionId, referred_pain_position, sharp, pleuritic, worse_with_breathing, four_hours, eight_hours, one_day, two_days, one_week) VALUES (2174, 2174, 2175, true, true, true, true, true, true, true, true);
INSERT INTO Symptoms (sxId, cough, productive_cough, hemoptysis, fever, shortness_of_breath, tachypnea) VALUES (2174, true, true, false, true, true, true);
INSERT INTO Symptoms (sxId, dehydration, fatigue, loss_of_appetite, malaise, diaphoresis, chills, tachycardia) VALUES (2175, true, true, true, true, true, true, true);
INSERT INTO Cases (diagnosisId, age, gender, majorSx, minorSx, painId) VALUES (11, 90, 'M', 2174, 2175, 2174);
INSERT INTO Positions (posId, chest, right_chest, left_chest, right_shoulder_blade, left_shoulder_blade) VALUES (2176, true, true, true, true, false);
INSERT INTO Positions (posId) VALUES (2177);
INSERT INTO Pain (pid, positionId, referred_pain_position, sharp, pleuritic, worse_with_breathing, four_hours, eight_hours, one_day, two_days, one_week) VALUES (2176, 2176, 2177, false, true, true, true, true, true, true, true);
INSERT INTO Symptoms (sxId, cough, productive_cough, hemoptysis, fever, shortness_of_breath, tachypnea) VALUES (2176, true, true, true, false, true, true);
INSERT INTO Symptoms (sxId, dehydration, fatigue, loss_of_appetite, malaise, diaphoresis, chills, tachycardia) VALUES (2177, true, true, true, false, true, true, false);
INSERT INTO Cases (diagnosisId, age, gender, majorSx, minorSx, painId) VALUES (11, 89, 'F', 2176, 2177, 2176);
INSERT INTO Positions (posId, chest, right_chest, left_chest, right_shoulder_blade, left_shoulder_blade) VALUES (2178, true, true, true, true, true);
INSERT INTO Positions (posId) VALUES (2179);
INSERT INTO Pain (pid, positionId, referred_pain_position, sharp, pleuritic, worse_with_breathing, four_hours, eight_hours, one_day, two_days, one_week) VALUES (2178, 2178, 2179, true, true, true, true, true, true, true, true);
INSERT INTO Symptoms (sxId, cough, productive_cough, hemoptysis, fever, shortness_of_breath, tachypnea) VALUES (2178, true, true, true, true, true, true);
INSERT INTO Symptoms (sxId, dehydration, fatigue, loss_of_appetite, malaise, diaphoresis, chills, tachycardia) VALUES (2179, true, false, true, true, true, true, true);
INSERT INTO Cases (diagnosisId, age, gender, majorSx, minorSx, painId) VALUES (11, 90, 'F', 2178, 2179, 2178);
INSERT INTO Positions (posId, chest, right_chest, left_chest, right_shoulder_blade, left_shoulder_blade) VALUES (2180, true, true, true, true, true);
INSERT INTO Positions (posId) VALUES (2181);
INSERT INTO Pain (pid, positionId, referred_pain_position, sharp, pleuritic, worse_with_breathing, four_hours, eight_hours, one_day, two_days, one_week) VALUES (2180, 2180, 2181, true, true, true, true, true, true, true, true);
INSERT INTO Symptoms (sxId, cough, productive_cough, hemoptysis, fever, shortness_of_breath, tachypnea) VALUES (2180, true, true, false, true, true, false);
INSERT INTO Symptoms (sxId, dehydration, fatigue, loss_of_appetite, malaise, diaphoresis, chills, tachycardia) VALUES (2181, true, true, false, true, true, true, true);
INSERT INTO Cases (diagnosisId, age, gender, majorSx, minorSx, painId) VALUES (11, 88, 'F', 2180, 2181, 2180);
INSERT INTO Positions (posId, chest, right_chest, left_chest, right_shoulder_blade, left_shoulder_blade) VALUES (2182, true, true, true, true, true);
INSERT INTO Positions (posId) VALUES (2183);
INSERT INTO Pain (pid, positionId, referred_pain_position, sharp, pleuritic, worse_with_breathing, four_hours, eight_hours, one_day, two_days, one_week) VALUES (2182, 2182, 2183, true, true, true, true, false, true, true, true);
INSERT INTO Symptoms (sxId, cough, productive_cough, hemoptysis, fever, shortness_of_breath, tachypnea) VALUES (2182, true, true, true, true, true, true);
INSERT INTO Symptoms (sxId, dehydration, fatigue, loss_of_appetite, malaise, diaphoresis, chills, tachycardia) VALUES (2183, true, true, true, true, true, true, true);
INSERT INTO Cases (diagnosisId, age, gender, majorSx, minorSx, painId) VALUES (11, 88, 'M', 2182, 2183, 2182);
INSERT INTO Positions (posId, chest, right_chest, left_chest, right_shoulder_blade, left_shoulder_blade) VALUES (2184, true, true, true, true, true);
INSERT INTO Positions (posId) VALUES (2185);
INSERT INTO Pain (pid, positionId, referred_pain_position, sharp, pleuritic, worse_with_breathing, four_hours, eight_hours, one_day, two_days, one_week) VALUES (2184, 2184, 2185, true, true, true, true, true, true, true, false);
INSERT INTO Symptoms (sxId, cough, productive_cough, hemoptysis, fever, shortness_of_breath, tachypnea) VALUES (2184, true, true, false, true, true, true);
INSERT INTO Symptoms (sxId, dehydration, fatigue, loss_of_appetite, malaise, diaphoresis, chills, tachycardia) VALUES (2185, false, true, true, true, true, true, true);
INSERT INTO Cases (diagnosisId, age, gender, majorSx, minorSx, painId) VALUES (11, 90, 'F', 2184, 2185, 2184);
INSERT INTO Positions (posId, chest, right_chest, left_chest, right_shoulder_blade, left_shoulder_blade) VALUES (2186, true, true, true, true, true);
INSERT INTO Positions (posId) VALUES (2187);
INSERT INTO Pain (pid, positionId, referred_pain_position, sharp, pleuritic, worse_with_breathing, four_hours, eight_hours, one_day, two_days, one_week) VALUES (2186, 2186, 2187, true, true, true, true, true, true, true, true);
INSERT INTO Symptoms (sxId, cough, productive_cough, hemoptysis, fever, shortness_of_breath, tachypnea) VALUES (2186, true, true, true, true, true, true);
INSERT INTO Symptoms (sxId, dehydration, fatigue, loss_of_appetite, malaise, diaphoresis, chills, tachycardia) VALUES (2187, true, false, true, false, true, true, true);
INSERT INTO Cases (diagnosisId, age, gender, majorSx, minorSx, painId) VALUES (11, 91, 'M', 2186, 2187, 2186);
INSERT INTO Positions (posId, chest, right_chest, left_chest, right_shoulder_blade, left_shoulder_blade) VALUES (2188, true, true, true, true, true);
INSERT INTO Positions (posId) VALUES (2189);
INSERT INTO Pain (pid, positionId, referred_pain_position, sharp, pleuritic, worse_with_breathing, four_hours, eight_hours, one_day, two_days, one_week) VALUES (2188, 2188, 2189, true, true, true, true, true, true, true, true);
INSERT INTO Symptoms (sxId, cough, productive_cough, hemoptysis, fever, shortness_of_breath, tachypnea) VALUES (2188, true, true, true, true, true, true);
INSERT INTO Symptoms (sxId, dehydration, fatigue, loss_of_appetite, malaise, diaphoresis, chills, tachycardia) VALUES (2189, false, true, true, true, true, true, true);
INSERT INTO Cases (diagnosisId, age, gender, majorSx, minorSx, painId) VALUES (11, 91, 'F', 2188, 2189, 2188);
INSERT INTO Positions (posId, chest, right_chest, left_chest, right_shoulder_blade, left_shoulder_blade) VALUES (2190, true, true, true, true, false);
INSERT INTO Positions (posId) VALUES (2191);
INSERT INTO Pain (pid, positionId, referred_pain_position, sharp, pleuritic, worse_with_breathing, four_hours, eight_hours, one_day, two_days, one_week) VALUES (2190, 2190, 2191, true, true, true, false, true, true, true, true);
INSERT INTO Symptoms (sxId, cough, productive_cough, hemoptysis, fever, shortness_of_breath, tachypnea) VALUES (2190, true, true, true, true, false, true);
INSERT INTO Symptoms (sxId, dehydration, fatigue, loss_of_appetite, malaise, diaphoresis, chills, tachycardia) VALUES (2191, true, true, false, true, true, true, true);
INSERT INTO Cases (diagnosisId, age, gender, majorSx, minorSx, painId) VALUES (11, 94, 'M', 2190, 2191, 2190);
INSERT INTO Positions (posId, chest, right_chest, left_chest, right_shoulder_blade, left_shoulder_blade) VALUES (2192, true, true, true, true, true);
INSERT INTO Positions (posId) VALUES (2193);
INSERT INTO Pain (pid, positionId, referred_pain_position, sharp, pleuritic, worse_with_breathing, four_hours, eight_hours, one_day, two_days, one_week) VALUES (2192, 2192, 2193, true, true, true, true, true, true, true, true);
INSERT INTO Symptoms (sxId, cough, productive_cough, hemoptysis, fever, shortness_of_breath, tachypnea) VALUES (2192, true, true, true, true, true, false);
INSERT INTO Symptoms (sxId, dehydration, fatigue, loss_of_appetite, malaise, diaphoresis, chills, tachycardia) VALUES (2193, false, true, true, true, true, true, true);
INSERT INTO Cases (diagnosisId, age, gender, majorSx, minorSx, painId) VALUES (11, 91, 'M', 2192, 2193, 2192);
INSERT INTO Positions (posId, chest, right_chest, left_chest, right_shoulder_blade, left_shoulder_blade) VALUES (2194, true, true, true, false, true);
INSERT INTO Positions (posId) VALUES (2195);
INSERT INTO Pain (pid, positionId, referred_pain_position, sharp, pleuritic, worse_with_breathing, four_hours, eight_hours, one_day, two_days, one_week) VALUES (2194, 2194, 2195, true, true, true, false, true, true, true, false);
INSERT INTO Symptoms (sxId, cough, productive_cough, hemoptysis, fever, shortness_of_breath, tachypnea) VALUES (2194, false, true, true, true, true, true);
INSERT INTO Symptoms (sxId, dehydration, fatigue, loss_of_appetite, malaise, diaphoresis, chills, tachycardia) VALUES (2195, true, true, true, true, true, true, true);
INSERT INTO Cases (diagnosisId, age, gender, majorSx, minorSx, painId) VALUES (11, 97, 'M', 2194, 2195, 2194);
INSERT INTO Positions (posId, chest, right_chest, left_chest, right_shoulder_blade, left_shoulder_blade) VALUES (2196, true, true, true, true, true);
INSERT INTO Positions (posId) VALUES (2197);
INSERT INTO Pain (pid, positionId, referred_pain_position, sharp, pleuritic, worse_with_breathing, four_hours, eight_hours, one_day, two_days, one_week) VALUES (2196, 2196, 2197, true, true, true, true, true, true, true, true);
INSERT INTO Symptoms (sxId, cough, productive_cough, hemoptysis, fever, shortness_of_breath, tachypnea) VALUES (2196, true, true, true, true, true, true);
INSERT INTO Symptoms (sxId, dehydration, fatigue, loss_of_appetite, malaise, diaphoresis, chills, tachycardia) VALUES (2197, true, true, true, true, true, true, true);
INSERT INTO Cases (diagnosisId, age, gender, majorSx, minorSx, painId) VALUES (11, 99, 'F', 2196, 2197, 2196);
INSERT INTO Positions (posId, chest, right_chest, left_chest, right_shoulder_blade, left_shoulder_blade) VALUES (2198, true, true, false, true, true);
INSERT INTO Positions (posId) VALUES (2199);
INSERT INTO Pain (pid, positionId, referred_pain_position, sharp, pleuritic, worse_with_breathing, four_hours, eight_hours, one_day, two_days, one_week) VALUES (2198, 2198, 2199, true, false, false, true, true, true, true, true);
INSERT INTO Symptoms (sxId, cough, productive_cough, hemoptysis, fever, shortness_of_breath, tachypnea) VALUES (2198, true, true, true, true, true, true);
INSERT INTO Symptoms (sxId, dehydration, fatigue, loss_of_appetite, malaise, diaphoresis, chills, tachycardia) VALUES (2199, true, true, true, true, true, true, true);
INSERT INTO Cases (diagnosisId, age, gender, majorSx, minorSx, painId) VALUES (11, 96, 'M', 2198, 2199, 2198);
INSERT INTO Positions (posId, chest, right_chest, left_chest, right_shoulder_blade, left_shoulder_blade) VALUES (2200, true, true, true, true, true);
INSERT INTO Positions (posId) VALUES (2201);
INSERT INTO Pain (pid, positionId, referred_pain_position, sharp, pleuritic, worse_with_breathing, four_hours, eight_hours, one_day, two_days, one_week) VALUES (2200, 2200, 2201, true, true, false, true, true, true, true, true);
INSERT INTO Symptoms (sxId, cough, productive_cough, hemoptysis, fever, shortness_of_breath, tachypnea) VALUES (2200, true, true, true, true, true, true);
INSERT INTO Symptoms (sxId, dehydration, fatigue, loss_of_appetite, malaise, diaphoresis, chills, tachycardia) VALUES (2201, true, false, true, true, true, true, false);
INSERT INTO Cases (diagnosisId, age, gender, majorSx, minorSx, painId) VALUES (11, 101, 'M', 2200, 2201, 2200);
Insert INTO Diagnosis (dId, dname) Values (12, 'Crohns');
INSERT INTO Positions (posId, anal, left_lower_quadrant, right_lower_quadrant, periumbilical, suprapubic, pelvic) VALUES (2202, true, true, true, true, true, true);
INSERT INTO Positions (posId, lower_back) VALUES (2203, true);
INSERT INTO Pain (pid, positionId, referred_pain_position, dull, four_hours, eight_hours, one_day, two_days, one_week, one_month, six_months, worse_with_eating) VALUES (2202, 2202, 2203, true, true, true, true, true, true, true, true, true);
INSERT INTO Symptoms (sxId, hematochesia, melena, diarrhea, fever) VALUES (2202, true, true, true, true);
INSERT INTO Symptoms (sxId, bloating, constipation, weight_loss, fatigue, loss_of_appetite, nausea, vomiting, abdominal_distension) VALUES (2203, true, true, true, true, true, true, true, true);
INSERT INTO Cases (diagnosisId, age, gender, majorSx, minorSx, painId) VALUES (12, 18, 'F', 2202, 2203, 2202);
INSERT INTO Positions (posId, anal, left_lower_quadrant, right_lower_quadrant, periumbilical, suprapubic, pelvic) VALUES (2204, true, true, true, true, true, true);
INSERT INTO Positions (posId, lower_back) VALUES (2205, true);
INSERT INTO Pain (pid, positionId, referred_pain_position, dull, four_hours, eight_hours, one_day, two_days, one_week, one_month, six_months, worse_with_eating) VALUES (2204, 2204, 2205, true, true, true, true, true, true, false, true, true);
INSERT INTO Symptoms (sxId, hematochesia, melena, diarrhea, fever) VALUES (2204, false, true, true, true);
INSERT INTO Symptoms (sxId, bloating, constipation, weight_loss, fatigue, loss_of_appetite, nausea, vomiting, abdominal_distension) VALUES (2205, true, true, true, true, true, true, true, false);
INSERT INTO Cases (diagnosisId, age, gender, majorSx, minorSx, painId) VALUES (12, 17, 'F', 2204, 2205, 2204);
INSERT INTO Positions (posId, anal, left_lower_quadrant, right_lower_quadrant, periumbilical, suprapubic, pelvic) VALUES (2206, true, true, false, false, false, true);
INSERT INTO Positions (posId, lower_back) VALUES (2207, true);
INSERT INTO Pain (pid, positionId, referred_pain_position, dull, four_hours, eight_hours, one_day, two_days, one_week, one_month, six_months, worse_with_eating) VALUES (2206, 2206, 2207, true, true, true, true, true, true, true, true, true);
INSERT INTO Symptoms (sxId, hematochesia, melena, diarrhea, fever) VALUES (2206, true, true, true, false);
INSERT INTO Symptoms (sxId, bloating, constipation, weight_loss, fatigue, loss_of_appetite, nausea, vomiting, abdominal_distension) VALUES (2207, true, true, false, true, true, true, true, false);
INSERT INTO Cases (diagnosisId, age, gender, majorSx, minorSx, painId) VALUES (12, 21, 'F', 2206, 2207, 2206);
INSERT INTO Positions (posId, anal, left_lower_quadrant, right_lower_quadrant, periumbilical, suprapubic, pelvic) VALUES (2208, false, true, true, true, true, true);
INSERT INTO Positions (posId, lower_back) VALUES (2209, true);
INSERT INTO Pain (pid, positionId, referred_pain_position, dull, four_hours, eight_hours, one_day, two_days, one_week, one_month, six_months, worse_with_eating) VALUES (2208, 2208, 2209, true, true, true, true, true, true, true, true, true);
INSERT INTO Symptoms (sxId, hematochesia, melena, diarrhea, fever) VALUES (2208, true, true, true, false);
INSERT INTO Symptoms (sxId, bloating, constipation, weight_loss, fatigue, loss_of_appetite, nausea, vomiting, abdominal_distension) VALUES (2209, true, true, true, true, false, true, true, true);
INSERT INTO Cases (diagnosisId, age, gender, majorSx, minorSx, painId) VALUES (12, 21, 'M', 2208, 2209, 2208);
INSERT INTO Positions (posId, anal, left_lower_quadrant, right_lower_quadrant, periumbilical, suprapubic, pelvic) VALUES (2210, true, true, true, true, true, true);
INSERT INTO Positions (posId, lower_back) VALUES (2211, true);
INSERT INTO Pain (pid, positionId, referred_pain_position, dull, four_hours, eight_hours, one_day, two_days, one_week, one_month, six_months, worse_with_eating) VALUES (2210, 2210, 2211, true, true, true, true, true, true, true, true, false);
INSERT INTO Symptoms (sxId, hematochesia, melena, diarrhea, fever) VALUES (2210, true, true, true, true);
INSERT INTO Symptoms (sxId, bloating, constipation, weight_loss, fatigue, loss_of_appetite, nausea, vomiting, abdominal_distension) VALUES (2211, true, true, true, true, true, true, true, true);
INSERT INTO Cases (diagnosisId, age, gender, majorSx, minorSx, painId) VALUES (12, 21, 'F', 2210, 2211, 2210);
INSERT INTO Positions (posId, anal, left_lower_quadrant, right_lower_quadrant, periumbilical, suprapubic, pelvic) VALUES (2212, true, false, true, true, true, true);
INSERT INTO Positions (posId, lower_back) VALUES (2213, true);
INSERT INTO Pain (pid, positionId, referred_pain_position, dull, four_hours, eight_hours, one_day, two_days, one_week, one_month, six_months, worse_with_eating) VALUES (2212, 2212, 2213, true, true, true, true, true, true, true, true, true);
INSERT INTO Symptoms (sxId, hematochesia, melena, diarrhea, fever) VALUES (2212, true, false, true, true);
INSERT INTO Symptoms (sxId, bloating, constipation, weight_loss, fatigue, loss_of_appetite, nausea, vomiting, abdominal_distension) VALUES (2213, false, true, true, true, true, true, true, true);
INSERT INTO Cases (diagnosisId, age, gender, majorSx, minorSx, painId) VALUES (12, 24, 'M', 2212, 2213, 2212);
INSERT INTO Positions (posId, anal, left_lower_quadrant, right_lower_quadrant, periumbilical, suprapubic, pelvic) VALUES (2214, true, true, true, true, true, true);
INSERT INTO Positions (posId, lower_back) VALUES (2215, true);
INSERT INTO Pain (pid, positionId, referred_pain_position, dull, four_hours, eight_hours, one_day, two_days, one_week, one_month, six_months, worse_with_eating) VALUES (2214, 2214, 2215, true, true, true, true, true, true, true, true, true);
INSERT INTO Symptoms (sxId, hematochesia, melena, diarrhea, fever) VALUES (2214, false, true, true, true);
INSERT INTO Symptoms (sxId, bloating, constipation, weight_loss, fatigue, loss_of_appetite, nausea, vomiting, abdominal_distension) VALUES (2215, true, true, true, true, true, false, true, true);
INSERT INTO Cases (diagnosisId, age, gender, majorSx, minorSx, painId) VALUES (12, 30, 'F', 2214, 2215, 2214);
INSERT INTO Positions (posId, anal, left_lower_quadrant, right_lower_quadrant, periumbilical, suprapubic, pelvic) VALUES (2216, true, true, false, false, true, false);
INSERT INTO Positions (posId, lower_back) VALUES (2217, true);
INSERT INTO Pain (pid, positionId, referred_pain_position, dull, four_hours, eight_hours, one_day, two_days, one_week, one_month, six_months, worse_with_eating) VALUES (2216, 2216, 2217, true, true, true, true, true, true, true, true, true);
INSERT INTO Symptoms (sxId, hematochesia, melena, diarrhea, fever) VALUES (2216, true, true, true, true);
INSERT INTO Symptoms (sxId, bloating, constipation, weight_loss, fatigue, loss_of_appetite, nausea, vomiting, abdominal_distension) VALUES (2217, true, true, false, true, true, true, true, true);
INSERT INTO Cases (diagnosisId, age, gender, majorSx, minorSx, painId) VALUES (12, 29, 'F', 2216, 2217, 2216);
INSERT INTO Positions (posId, anal, left_lower_quadrant, right_lower_quadrant, periumbilical, suprapubic, pelvic) VALUES (2218, true, true, true, true, true, true);
INSERT INTO Positions (posId, lower_back) VALUES (2219, true);
INSERT INTO Pain (pid, positionId, referred_pain_position, dull, four_hours, eight_hours, one_day, two_days, one_week, one_month, six_months, worse_with_eating) VALUES (2218, 2218, 2219, true, true, true, true, true, true, true, true, true);
INSERT INTO Symptoms (sxId, hematochesia, melena, diarrhea, fever) VALUES (2218, true, true, true, true);
INSERT INTO Symptoms (sxId, bloating, constipation, weight_loss, fatigue, loss_of_appetite, nausea, vomiting, abdominal_distension) VALUES (2219, true, true, true, true, false, true, true, true);
INSERT INTO Cases (diagnosisId, age, gender, majorSx, minorSx, painId) VALUES (12, 26, 'M', 2218, 2219, 2218);
INSERT INTO Positions (posId, anal, left_lower_quadrant, right_lower_quadrant, periumbilical, suprapubic, pelvic) VALUES (2220, true, true, true, true, true, true);
INSERT INTO Positions (posId, lower_back) VALUES (2221, true);
INSERT INTO Pain (pid, positionId, referred_pain_position, dull, four_hours, eight_hours, one_day, two_days, one_week, one_month, six_months, worse_with_eating) VALUES (2220, 2220, 2221, true, true, true, true, true, true, true, true, false);
INSERT INTO Symptoms (sxId, hematochesia, melena, diarrhea, fever) VALUES (2220, true, true, true, true);
INSERT INTO Symptoms (sxId, bloating, constipation, weight_loss, fatigue, loss_of_appetite, nausea, vomiting, abdominal_distension) VALUES (2221, true, true, true, false, false, true, false, true);
INSERT INTO Cases (diagnosisId, age, gender, majorSx, minorSx, painId) VALUES (12, 26, 'M', 2220, 2221, 2220);
INSERT INTO Positions (posId, anal, left_lower_quadrant, right_lower_quadrant, periumbilical, suprapubic, pelvic) VALUES (2222, true, true, true, true, true, true);
INSERT INTO Positions (posId, lower_back) VALUES (2223, true);
INSERT INTO Pain (pid, positionId, referred_pain_position, dull, four_hours, eight_hours, one_day, two_days, one_week, one_month, six_months, worse_with_eating) VALUES (2222, 2222, 2223, true, false, true, true, true, true, true, true, true);
INSERT INTO Symptoms (sxId, hematochesia, melena, diarrhea, fever) VALUES (2222, true, true, true, true);
INSERT INTO Symptoms (sxId, bloating, constipation, weight_loss, fatigue, loss_of_appetite, nausea, vomiting, abdominal_distension) VALUES (2223, true, true, true, true, true, true, true, true);
INSERT INTO Cases (diagnosisId, age, gender, majorSx, minorSx, painId) VALUES (12, 27, 'F', 2222, 2223, 2222);
INSERT INTO Positions (posId, anal, left_lower_quadrant, right_lower_quadrant, periumbilical, suprapubic, pelvic) VALUES (2224, true, true, true, true, true, true);
INSERT INTO Positions (posId, lower_back) VALUES (2225, true);
INSERT INTO Pain (pid, positionId, referred_pain_position, dull, four_hours, eight_hours, one_day, two_days, one_week, one_month, six_months, worse_with_eating) VALUES (2224, 2224, 2225, true, true, true, true, true, true, true, false, true);
INSERT INTO Symptoms (sxId, hematochesia, melena, diarrhea, fever) VALUES (2224, true, true, true, true);
INSERT INTO Symptoms (sxId, bloating, constipation, weight_loss, fatigue, loss_of_appetite, nausea, vomiting, abdominal_distension) VALUES (2225, true, true, true, true, false, true, true, true);
INSERT INTO Cases (diagnosisId, age, gender, majorSx, minorSx, painId) VALUES (12, 27, 'M', 2224, 2225, 2224);
INSERT INTO Positions (posId, anal, left_lower_quadrant, right_lower_quadrant, periumbilical, suprapubic, pelvic) VALUES (2226, true, true, true, true, true, true);
INSERT INTO Positions (posId, lower_back) VALUES (2227, true);
INSERT INTO Pain (pid, positionId, referred_pain_position, dull, four_hours, eight_hours, one_day, two_days, one_week, one_month, six_months, worse_with_eating) VALUES (2226, 2226, 2227, true, true, false, true, true, true, true, true, true);
INSERT INTO Symptoms (sxId, hematochesia, melena, diarrhea, fever) VALUES (2226, true, true, true, true);
INSERT INTO Symptoms (sxId, bloating, constipation, weight_loss, fatigue, loss_of_appetite, nausea, vomiting, abdominal_distension) VALUES (2227, true, true, true, true, true, true, true, true);
INSERT INTO Cases (diagnosisId, age, gender, majorSx, minorSx, painId) VALUES (12, 28, 'M', 2226, 2227, 2226);
INSERT INTO Positions (posId, anal, left_lower_quadrant, right_lower_quadrant, periumbilical, suprapubic, pelvic) VALUES (2228, true, true, true, false, true, true);
INSERT INTO Positions (posId, lower_back) VALUES (2229, true);
INSERT INTO Pain (pid, positionId, referred_pain_position, dull, four_hours, eight_hours, one_day, two_days, one_week, one_month, six_months, worse_with_eating) VALUES (2228, 2228, 2229, true, true, true, true, true, true, true, false, true);
INSERT INTO Symptoms (sxId, hematochesia, melena, diarrhea, fever) VALUES (2228, true, false, true, true);
INSERT INTO Symptoms (sxId, bloating, constipation, weight_loss, fatigue, loss_of_appetite, nausea, vomiting, abdominal_distension) VALUES (2229, true, true, false, true, true, true, true, true);
INSERT INTO Cases (diagnosisId, age, gender, majorSx, minorSx, painId) VALUES (12, 26, 'M', 2228, 2229, 2228);
INSERT INTO Positions (posId, anal, left_lower_quadrant, right_lower_quadrant, periumbilical, suprapubic, pelvic) VALUES (2230, true, true, true, true, true, true);
INSERT INTO Positions (posId, lower_back) VALUES (2231, true);
INSERT INTO Pain (pid, positionId, referred_pain_position, dull, four_hours, eight_hours, one_day, two_days, one_week, one_month, six_months, worse_with_eating) VALUES (2230, 2230, 2231, true, true, true, true, true, false, true, true, true);
INSERT INTO Symptoms (sxId, hematochesia, melena, diarrhea, fever) VALUES (2230, true, true, true, true);
INSERT INTO Symptoms (sxId, bloating, constipation, weight_loss, fatigue, loss_of_appetite, nausea, vomiting, abdominal_distension) VALUES (2231, true, true, true, true, true, true, true, true);
INSERT INTO Cases (diagnosisId, age, gender, majorSx, minorSx, painId) VALUES (12, 32, 'F', 2230, 2231, 2230);
INSERT INTO Positions (posId, anal, left_lower_quadrant, right_lower_quadrant, periumbilical, suprapubic, pelvic) VALUES (2232, true, false, true, true, true, true);
INSERT INTO Positions (posId, lower_back) VALUES (2233, true);
INSERT INTO Pain (pid, positionId, referred_pain_position, dull, four_hours, eight_hours, one_day, two_days, one_week, one_month, six_months, worse_with_eating) VALUES (2232, 2232, 2233, false, true, true, true, true, false, true, true, true);
INSERT INTO Symptoms (sxId, hematochesia, melena, diarrhea, fever) VALUES (2232, true, true, true, true);
INSERT INTO Symptoms (sxId, bloating, constipation, weight_loss, fatigue, loss_of_appetite, nausea, vomiting, abdominal_distension) VALUES (2233, true, true, true, true, true, true, true, true);
INSERT INTO Cases (diagnosisId, age, gender, majorSx, minorSx, painId) VALUES (12, 34, 'F', 2232, 2233, 2232);
INSERT INTO Positions (posId, anal, left_lower_quadrant, right_lower_quadrant, periumbilical, suprapubic, pelvic) VALUES (2234, true, true, true, true, true, true);
INSERT INTO Positions (posId, lower_back) VALUES (2235, true);
INSERT INTO Pain (pid, positionId, referred_pain_position, dull, four_hours, eight_hours, one_day, two_days, one_week, one_month, six_months, worse_with_eating) VALUES (2234, 2234, 2235, false, true, true, true, true, true, true, true, true);
INSERT INTO Symptoms (sxId, hematochesia, melena, diarrhea, fever) VALUES (2234, true, true, true, true);
INSERT INTO Symptoms (sxId, bloating, constipation, weight_loss, fatigue, loss_of_appetite, nausea, vomiting, abdominal_distension) VALUES (2235, true, true, true, true, true, true, true, true);
INSERT INTO Cases (diagnosisId, age, gender, majorSx, minorSx, painId) VALUES (12, 32, 'M', 2234, 2235, 2234);
INSERT INTO Positions (posId, anal, left_lower_quadrant, right_lower_quadrant, periumbilical, suprapubic, pelvic) VALUES (2236, true, true, true, false, true, true);
INSERT INTO Positions (posId, lower_back) VALUES (2237, true);
INSERT INTO Pain (pid, positionId, referred_pain_position, dull, four_hours, eight_hours, one_day, two_days, one_week, one_month, six_months, worse_with_eating) VALUES (2236, 2236, 2237, true, true, true, true, true, true, true, true, true);
INSERT INTO Symptoms (sxId, hematochesia, melena, diarrhea, fever) VALUES (2236, true, true, false, true);
INSERT INTO Symptoms (sxId, bloating, constipation, weight_loss, fatigue, loss_of_appetite, nausea, vomiting, abdominal_distension) VALUES (2237, true, true, true, true, true, true, true, true);
INSERT INTO Cases (diagnosisId, age, gender, majorSx, minorSx, painId) VALUES (12, 31, 'M', 2236, 2237, 2236);
INSERT INTO Positions (posId, anal, left_lower_quadrant, right_lower_quadrant, periumbilical, suprapubic, pelvic) VALUES (2238, true, true, true, true, true, true);
INSERT INTO Positions (posId, lower_back) VALUES (2239, true);
INSERT INTO Pain (pid, positionId, referred_pain_position, dull, four_hours, eight_hours, one_day, two_days, one_week, one_month, six_months, worse_with_eating) VALUES (2238, 2238, 2239, true, true, true, true, true, true, true, true, false);
INSERT INTO Symptoms (sxId, hematochesia, melena, diarrhea, fever) VALUES (2238, true, true, true, true);
INSERT INTO Symptoms (sxId, bloating, constipation, weight_loss, fatigue, loss_of_appetite, nausea, vomiting, abdominal_distension) VALUES (2239, true, true, false, true, true, true, false, true);
INSERT INTO Cases (diagnosisId, age, gender, majorSx, minorSx, painId) VALUES (12, 34, 'F', 2238, 2239, 2238);
INSERT INTO Positions (posId, anal, left_lower_quadrant, right_lower_quadrant, periumbilical, suprapubic, pelvic) VALUES (2240, true, true, true, true, true, true);
INSERT INTO Positions (posId, lower_back) VALUES (2241, true);
INSERT INTO Pain (pid, positionId, referred_pain_position, dull, four_hours, eight_hours, one_day, two_days, one_week, one_month, six_months, worse_with_eating) VALUES (2240, 2240, 2241, true, true, false, true, true, true, true, true, true);
INSERT INTO Symptoms (sxId, hematochesia, melena, diarrhea, fever) VALUES (2240, true, true, true, true);
INSERT INTO Symptoms (sxId, bloating, constipation, weight_loss, fatigue, loss_of_appetite, nausea, vomiting, abdominal_distension) VALUES (2241, false, true, true, true, true, true, true, true);
INSERT INTO Cases (diagnosisId, age, gender, majorSx, minorSx, painId) VALUES (12, 33, 'M', 2240, 2241, 2240);
INSERT INTO Positions (posId, anal, left_lower_quadrant, right_lower_quadrant, periumbilical, suprapubic, pelvic) VALUES (2242, true, true, false, true, true, true);
INSERT INTO Positions (posId, lower_back) VALUES (2243, true);
INSERT INTO Pain (pid, positionId, referred_pain_position, dull, four_hours, eight_hours, one_day, two_days, one_week, one_month, six_months, worse_with_eating) VALUES (2242, 2242, 2243, true, true, true, true, true, true, true, false, true);
INSERT INTO Symptoms (sxId, hematochesia, melena, diarrhea, fever) VALUES (2242, true, true, true, true);
INSERT INTO Symptoms (sxId, bloating, constipation, weight_loss, fatigue, loss_of_appetite, nausea, vomiting, abdominal_distension) VALUES (2243, false, false, true, true, true, true, true, true);
INSERT INTO Cases (diagnosisId, age, gender, majorSx, minorSx, painId) VALUES (12, 31, 'M', 2242, 2243, 2242);
INSERT INTO Positions (posId, anal, left_lower_quadrant, right_lower_quadrant, periumbilical, suprapubic, pelvic) VALUES (2244, true, true, true, true, true, true);
INSERT INTO Positions (posId, lower_back) VALUES (2245, true);
INSERT INTO Pain (pid, positionId, referred_pain_position, dull, four_hours, eight_hours, one_day, two_days, one_week, one_month, six_months, worse_with_eating) VALUES (2244, 2244, 2245, true, true, false, true, true, true, true, false, true);
INSERT INTO Symptoms (sxId, hematochesia, melena, diarrhea, fever) VALUES (2244, true, true, true, true);
INSERT INTO Symptoms (sxId, bloating, constipation, weight_loss, fatigue, loss_of_appetite, nausea, vomiting, abdominal_distension) VALUES (2245, true, true, true, true, true, true, true, true);
INSERT INTO Cases (diagnosisId, age, gender, majorSx, minorSx, painId) VALUES (12, 32, 'M', 2244, 2245, 2244);
INSERT INTO Positions (posId, anal, left_lower_quadrant, right_lower_quadrant, periumbilical, suprapubic, pelvic) VALUES (2246, true, true, true, true, true, true);
INSERT INTO Positions (posId, lower_back) VALUES (2247, true);
INSERT INTO Pain (pid, positionId, referred_pain_position, dull, four_hours, eight_hours, one_day, two_days, one_week, one_month, six_months, worse_with_eating) VALUES (2246, 2246, 2247, true, false, true, true, true, true, false, true, true);
INSERT INTO Symptoms (sxId, hematochesia, melena, diarrhea, fever) VALUES (2246, true, true, true, false);
INSERT INTO Symptoms (sxId, bloating, constipation, weight_loss, fatigue, loss_of_appetite, nausea, vomiting, abdominal_distension) VALUES (2247, true, false, true, false, true, true, true, true);
INSERT INTO Cases (diagnosisId, age, gender, majorSx, minorSx, painId) VALUES (12, 36, 'M', 2246, 2247, 2246);
INSERT INTO Positions (posId, anal, left_lower_quadrant, right_lower_quadrant, periumbilical, suprapubic, pelvic) VALUES (2248, true, true, true, false, true, true);
INSERT INTO Positions (posId, lower_back) VALUES (2249, true);
INSERT INTO Pain (pid, positionId, referred_pain_position, dull, four_hours, eight_hours, one_day, two_days, one_week, one_month, six_months, worse_with_eating) VALUES (2248, 2248, 2249, false, true, true, true, true, true, true, true, true);
INSERT INTO Symptoms (sxId, hematochesia, melena, diarrhea, fever) VALUES (2248, true, true, true, true);
INSERT INTO Symptoms (sxId, bloating, constipation, weight_loss, fatigue, loss_of_appetite, nausea, vomiting, abdominal_distension) VALUES (2249, true, true, true, false, true, true, true, false);
INSERT INTO Cases (diagnosisId, age, gender, majorSx, minorSx, painId) VALUES (12, 36, 'F', 2248, 2249, 2248);
INSERT INTO Positions (posId, anal, left_lower_quadrant, right_lower_quadrant, periumbilical, suprapubic, pelvic) VALUES (2250, false, true, true, true, true, false);
INSERT INTO Positions (posId, lower_back) VALUES (2251, false);
INSERT INTO Pain (pid, positionId, referred_pain_position, dull, four_hours, eight_hours, one_day, two_days, one_week, one_month, six_months, worse_with_eating) VALUES (2250, 2250, 2251, true, true, false, true, true, true, true, true, true);
INSERT INTO Symptoms (sxId, hematochesia, melena, diarrhea, fever) VALUES (2250, true, true, true, true);
INSERT INTO Symptoms (sxId, bloating, constipation, weight_loss, fatigue, loss_of_appetite, nausea, vomiting, abdominal_distension) VALUES (2251, true, true, true, true, true, true, true, false);
INSERT INTO Cases (diagnosisId, age, gender, majorSx, minorSx, painId) VALUES (12, 38, 'M', 2250, 2251, 2250);
INSERT INTO Positions (posId, anal, left_lower_quadrant, right_lower_quadrant, periumbilical, suprapubic, pelvic) VALUES (2252, false, true, true, true, true, true);
INSERT INTO Positions (posId, lower_back) VALUES (2253, true);
INSERT INTO Pain (pid, positionId, referred_pain_position, dull, four_hours, eight_hours, one_day, two_days, one_week, one_month, six_months, worse_with_eating) VALUES (2252, 2252, 2253, true, true, true, true, true, true, true, true, true);
INSERT INTO Symptoms (sxId, hematochesia, melena, diarrhea, fever) VALUES (2252, true, true, true, true);
INSERT INTO Symptoms (sxId, bloating, constipation, weight_loss, fatigue, loss_of_appetite, nausea, vomiting, abdominal_distension) VALUES (2253, true, true, true, true, true, false, true, true);
INSERT INTO Cases (diagnosisId, age, gender, majorSx, minorSx, painId) VALUES (12, 38, 'F', 2252, 2253, 2252);
INSERT INTO Positions (posId, anal, left_lower_quadrant, right_lower_quadrant, periumbilical, suprapubic, pelvic) VALUES (2254, true, true, true, true, true, true);
INSERT INTO Positions (posId, lower_back) VALUES (2255, true);
INSERT INTO Pain (pid, positionId, referred_pain_position, dull, four_hours, eight_hours, one_day, two_days, one_week, one_month, six_months, worse_with_eating) VALUES (2254, 2254, 2255, true, true, true, true, true, true, true, true, true);
INSERT INTO Symptoms (sxId, hematochesia, melena, diarrhea, fever) VALUES (2254, false, true, false, true);
INSERT INTO Symptoms (sxId, bloating, constipation, weight_loss, fatigue, loss_of_appetite, nausea, vomiting, abdominal_distension) VALUES (2255, true, true, true, true, true, true, true, true);
INSERT INTO Cases (diagnosisId, age, gender, majorSx, minorSx, painId) VALUES (12, 36, 'M', 2254, 2255, 2254);
INSERT INTO Positions (posId, anal, left_lower_quadrant, right_lower_quadrant, periumbilical, suprapubic, pelvic) VALUES (2256, true, true, true, true, true, true);
INSERT INTO Positions (posId, lower_back) VALUES (2257, true);
INSERT INTO Pain (pid, positionId, referred_pain_position, dull, four_hours, eight_hours, one_day, two_days, one_week, one_month, six_months, worse_with_eating) VALUES (2256, 2256, 2257, true, true, true, true, true, true, true, true, true);
INSERT INTO Symptoms (sxId, hematochesia, melena, diarrhea, fever) VALUES (2256, true, true, true, true);
INSERT INTO Symptoms (sxId, bloating, constipation, weight_loss, fatigue, loss_of_appetite, nausea, vomiting, abdominal_distension) VALUES (2257, true, true, true, true, true, true, true, true);
INSERT INTO Cases (diagnosisId, age, gender, majorSx, minorSx, painId) VALUES (12, 36, 'M', 2256, 2257, 2256);
INSERT INTO Positions (posId, anal, left_lower_quadrant, right_lower_quadrant, periumbilical, suprapubic, pelvic) VALUES (2258, false, true, true, true, true, true);
INSERT INTO Positions (posId, lower_back) VALUES (2259, true);
INSERT INTO Pain (pid, positionId, referred_pain_position, dull, four_hours, eight_hours, one_day, two_days, one_week, one_month, six_months, worse_with_eating) VALUES (2258, 2258, 2259, true, true, true, true, true, true, true, true, false);
INSERT INTO Symptoms (sxId, hematochesia, melena, diarrhea, fever) VALUES (2258, true, true, true, true);
INSERT INTO Symptoms (sxId, bloating, constipation, weight_loss, fatigue, loss_of_appetite, nausea, vomiting, abdominal_distension) VALUES (2259, true, true, true, true, true, true, true, true);
INSERT INTO Cases (diagnosisId, age, gender, majorSx, minorSx, painId) VALUES (12, 40, 'F', 2258, 2259, 2258);
INSERT INTO Positions (posId, anal, left_lower_quadrant, right_lower_quadrant, periumbilical, suprapubic, pelvic) VALUES (2260, true, true, true, true, true, true);
INSERT INTO Positions (posId, lower_back) VALUES (2261, true);
INSERT INTO Pain (pid, positionId, referred_pain_position, dull, four_hours, eight_hours, one_day, two_days, one_week, one_month, six_months, worse_with_eating) VALUES (2260, 2260, 2261, true, true, true, true, true, true, true, true, true);
INSERT INTO Symptoms (sxId, hematochesia, melena, diarrhea, fever) VALUES (2260, true, true, true, true);
INSERT INTO Symptoms (sxId, bloating, constipation, weight_loss, fatigue, loss_of_appetite, nausea, vomiting, abdominal_distension) VALUES (2261, true, true, true, true, true, true, true, false);
INSERT INTO Cases (diagnosisId, age, gender, majorSx, minorSx, painId) VALUES (12, 40, 'M', 2260, 2261, 2260);
INSERT INTO Positions (posId, anal, left_lower_quadrant, right_lower_quadrant, periumbilical, suprapubic, pelvic) VALUES (2262, false, true, true, true, true, true);
INSERT INTO Positions (posId, lower_back) VALUES (2263, true);
INSERT INTO Pain (pid, positionId, referred_pain_position, dull, four_hours, eight_hours, one_day, two_days, one_week, one_month, six_months, worse_with_eating) VALUES (2262, 2262, 2263, false, true, true, true, true, true, true, true, true);
INSERT INTO Symptoms (sxId, hematochesia, melena, diarrhea, fever) VALUES (2262, true, false, true, true);
INSERT INTO Symptoms (sxId, bloating, constipation, weight_loss, fatigue, loss_of_appetite, nausea, vomiting, abdominal_distension) VALUES (2263, true, true, true, true, true, true, true, false);
INSERT INTO Cases (diagnosisId, age, gender, majorSx, minorSx, painId) VALUES (12, 36, 'F', 2262, 2263, 2262);
INSERT INTO Positions (posId, anal, left_lower_quadrant, right_lower_quadrant, periumbilical, suprapubic, pelvic) VALUES (2264, true, true, true, true, true, true);
INSERT INTO Positions (posId, lower_back) VALUES (2265, true);
INSERT INTO Pain (pid, positionId, referred_pain_position, dull, four_hours, eight_hours, one_day, two_days, one_week, one_month, six_months, worse_with_eating) VALUES (2264, 2264, 2265, true, true, true, true, true, true, true, true, true);
INSERT INTO Symptoms (sxId, hematochesia, melena, diarrhea, fever) VALUES (2264, true, true, true, true);
INSERT INTO Symptoms (sxId, bloating, constipation, weight_loss, fatigue, loss_of_appetite, nausea, vomiting, abdominal_distension) VALUES (2265, false, true, true, true, true, false, true, true);
INSERT INTO Cases (diagnosisId, age, gender, majorSx, minorSx, painId) VALUES (12, 36, 'M', 2264, 2265, 2264);
INSERT INTO Positions (posId, anal, left_lower_quadrant, right_lower_quadrant, periumbilical, suprapubic, pelvic) VALUES (2266, false, true, true, false, true, true);
INSERT INTO Positions (posId, lower_back) VALUES (2267, true);
INSERT INTO Pain (pid, positionId, referred_pain_position, dull, four_hours, eight_hours, one_day, two_days, one_week, one_month, six_months, worse_with_eating) VALUES (2266, 2266, 2267, true, true, true, true, true, false, true, true, true);
INSERT INTO Symptoms (sxId, hematochesia, melena, diarrhea, fever) VALUES (2266, false, true, true, true);
INSERT INTO Symptoms (sxId, bloating, constipation, weight_loss, fatigue, loss_of_appetite, nausea, vomiting, abdominal_distension) VALUES (2267, true, true, true, false, true, true, true, true);
INSERT INTO Cases (diagnosisId, age, gender, majorSx, minorSx, painId) VALUES (12, 44, 'F', 2266, 2267, 2266);
INSERT INTO Positions (posId, anal, left_lower_quadrant, right_lower_quadrant, periumbilical, suprapubic, pelvic) VALUES (2268, true, true, false, false, true, true);
INSERT INTO Positions (posId, lower_back) VALUES (2269, true);
INSERT INTO Pain (pid, positionId, referred_pain_position, dull, four_hours, eight_hours, one_day, two_days, one_week, one_month, six_months, worse_with_eating) VALUES (2268, 2268, 2269, true, true, true, true, true, true, true, true, true);
INSERT INTO Symptoms (sxId, hematochesia, melena, diarrhea, fever) VALUES (2268, true, true, true, true);
INSERT INTO Symptoms (sxId, bloating, constipation, weight_loss, fatigue, loss_of_appetite, nausea, vomiting, abdominal_distension) VALUES (2269, true, true, true, true, true, true, true, true);
INSERT INTO Cases (diagnosisId, age, gender, majorSx, minorSx, painId) VALUES (12, 45, 'F', 2268, 2269, 2268);
INSERT INTO Positions (posId, anal, left_lower_quadrant, right_lower_quadrant, periumbilical, suprapubic, pelvic) VALUES (2270, true, true, true, true, false, true);
INSERT INTO Positions (posId, lower_back) VALUES (2271, true);
INSERT INTO Pain (pid, positionId, referred_pain_position, dull, four_hours, eight_hours, one_day, two_days, one_week, one_month, six_months, worse_with_eating) VALUES (2270, 2270, 2271, true, true, true, true, false, true, true, true, true);
INSERT INTO Symptoms (sxId, hematochesia, melena, diarrhea, fever) VALUES (2270, true, true, true, true);
INSERT INTO Symptoms (sxId, bloating, constipation, weight_loss, fatigue, loss_of_appetite, nausea, vomiting, abdominal_distension) VALUES (2271, true, true, true, true, false, true, true, true);
INSERT INTO Cases (diagnosisId, age, gender, majorSx, minorSx, painId) VALUES (12, 41, 'F', 2270, 2271, 2270);
INSERT INTO Positions (posId, anal, left_lower_quadrant, right_lower_quadrant, periumbilical, suprapubic, pelvic) VALUES (2272, true, true, true, true, true, true);
INSERT INTO Positions (posId, lower_back) VALUES (2273, true);
INSERT INTO Pain (pid, positionId, referred_pain_position, dull, four_hours, eight_hours, one_day, two_days, one_week, one_month, six_months, worse_with_eating) VALUES (2272, 2272, 2273, true, true, true, true, true, true, true, true, true);
INSERT INTO Symptoms (sxId, hematochesia, melena, diarrhea, fever) VALUES (2272, false, true, true, true);
INSERT INTO Symptoms (sxId, bloating, constipation, weight_loss, fatigue, loss_of_appetite, nausea, vomiting, abdominal_distension) VALUES (2273, true, true, true, true, true, true, true, true);
INSERT INTO Cases (diagnosisId, age, gender, majorSx, minorSx, painId) VALUES (12, 44, 'M', 2272, 2273, 2272);
INSERT INTO Positions (posId, anal, left_lower_quadrant, right_lower_quadrant, periumbilical, suprapubic, pelvic) VALUES (2274, true, true, true, true, true, false);
INSERT INTO Positions (posId, lower_back) VALUES (2275, true);
INSERT INTO Pain (pid, positionId, referred_pain_position, dull, four_hours, eight_hours, one_day, two_days, one_week, one_month, six_months, worse_with_eating) VALUES (2274, 2274, 2275, true, true, false, true, true, true, true, true, true);
INSERT INTO Symptoms (sxId, hematochesia, melena, diarrhea, fever) VALUES (2274, true, true, false, true);
INSERT INTO Symptoms (sxId, bloating, constipation, weight_loss, fatigue, loss_of_appetite, nausea, vomiting, abdominal_distension) VALUES (2275, true, true, true, false, true, true, true, true);
INSERT INTO Cases (diagnosisId, age, gender, majorSx, minorSx, painId) VALUES (12, 43, 'M', 2274, 2275, 2274);
INSERT INTO Positions (posId, anal, left_lower_quadrant, right_lower_quadrant, periumbilical, suprapubic, pelvic) VALUES (2276, true, true, false, true, true, true);
INSERT INTO Positions (posId, lower_back) VALUES (2277, true);
INSERT INTO Pain (pid, positionId, referred_pain_position, dull, four_hours, eight_hours, one_day, two_days, one_week, one_month, six_months, worse_with_eating) VALUES (2276, 2276, 2277, false, true, true, true, true, true, true, true, true);
INSERT INTO Symptoms (sxId, hematochesia, melena, diarrhea, fever) VALUES (2276, true, false, true, true);
INSERT INTO Symptoms (sxId, bloating, constipation, weight_loss, fatigue, loss_of_appetite, nausea, vomiting, abdominal_distension) VALUES (2277, false, true, true, false, true, true, false, true);
INSERT INTO Cases (diagnosisId, age, gender, majorSx, minorSx, painId) VALUES (12, 44, 'F', 2276, 2277, 2276);
INSERT INTO Positions (posId, anal, left_lower_quadrant, right_lower_quadrant, periumbilical, suprapubic, pelvic) VALUES (2278, true, true, true, true, true, true);
INSERT INTO Positions (posId, lower_back) VALUES (2279, true);
INSERT INTO Pain (pid, positionId, referred_pain_position, dull, four_hours, eight_hours, one_day, two_days, one_week, one_month, six_months, worse_with_eating) VALUES (2278, 2278, 2279, true, true, true, true, true, true, false, true, true);
INSERT INTO Symptoms (sxId, hematochesia, melena, diarrhea, fever) VALUES (2278, true, true, true, true);
INSERT INTO Symptoms (sxId, bloating, constipation, weight_loss, fatigue, loss_of_appetite, nausea, vomiting, abdominal_distension) VALUES (2279, false, true, true, true, true, true, true, true);
INSERT INTO Cases (diagnosisId, age, gender, majorSx, minorSx, painId) VALUES (12, 44, 'F', 2278, 2279, 2278);
INSERT INTO Positions (posId, anal, left_lower_quadrant, right_lower_quadrant, periumbilical, suprapubic, pelvic) VALUES (2280, true, true, true, true, true, true);
INSERT INTO Positions (posId, lower_back) VALUES (2281, true);
INSERT INTO Pain (pid, positionId, referred_pain_position, dull, four_hours, eight_hours, one_day, two_days, one_week, one_month, six_months, worse_with_eating) VALUES (2280, 2280, 2281, true, true, true, true, true, true, true, true, true);
INSERT INTO Symptoms (sxId, hematochesia, melena, diarrhea, fever) VALUES (2280, true, true, true, true);
INSERT INTO Symptoms (sxId, bloating, constipation, weight_loss, fatigue, loss_of_appetite, nausea, vomiting, abdominal_distension) VALUES (2281, true, true, true, false, true, true, true, true);
INSERT INTO Cases (diagnosisId, age, gender, majorSx, minorSx, painId) VALUES (12, 41, 'M', 2280, 2281, 2280);
INSERT INTO Positions (posId, anal, left_lower_quadrant, right_lower_quadrant, periumbilical, suprapubic, pelvic) VALUES (2282, true, true, true, true, true, true);
INSERT INTO Positions (posId, lower_back) VALUES (2283, false);
INSERT INTO Pain (pid, positionId, referred_pain_position, dull, four_hours, eight_hours, one_day, two_days, one_week, one_month, six_months, worse_with_eating) VALUES (2282, 2282, 2283, true, true, true, true, true, true, true, true, true);
INSERT INTO Symptoms (sxId, hematochesia, melena, diarrhea, fever) VALUES (2282, true, true, true, true);
INSERT INTO Symptoms (sxId, bloating, constipation, weight_loss, fatigue, loss_of_appetite, nausea, vomiting, abdominal_distension) VALUES (2283, true, true, true, false, true, true, true, true);
INSERT INTO Cases (diagnosisId, age, gender, majorSx, minorSx, painId) VALUES (12, 42, 'F', 2282, 2283, 2282);
INSERT INTO Positions (posId, anal, left_lower_quadrant, right_lower_quadrant, periumbilical, suprapubic, pelvic) VALUES (2284, true, true, true, true, true, true);
INSERT INTO Positions (posId, lower_back) VALUES (2285, true);
INSERT INTO Pain (pid, positionId, referred_pain_position, dull, four_hours, eight_hours, one_day, two_days, one_week, one_month, six_months, worse_with_eating) VALUES (2284, 2284, 2285, true, true, true, true, true, true, true, true, true);
INSERT INTO Symptoms (sxId, hematochesia, melena, diarrhea, fever) VALUES (2284, true, true, true, true);
INSERT INTO Symptoms (sxId, bloating, constipation, weight_loss, fatigue, loss_of_appetite, nausea, vomiting, abdominal_distension) VALUES (2285, true, true, true, true, true, true, true, true);
INSERT INTO Cases (diagnosisId, age, gender, majorSx, minorSx, painId) VALUES (12, 44, 'M', 2284, 2285, 2284);
INSERT INTO Positions (posId, anal, left_lower_quadrant, right_lower_quadrant, periumbilical, suprapubic, pelvic) VALUES (2286, true, true, false, true, true, true);
INSERT INTO Positions (posId, lower_back) VALUES (2287, true);
INSERT INTO Pain (pid, positionId, referred_pain_position, dull, four_hours, eight_hours, one_day, two_days, one_week, one_month, six_months, worse_with_eating) VALUES (2286, 2286, 2287, true, false, true, false, true, true, true, true, true);
INSERT INTO Symptoms (sxId, hematochesia, melena, diarrhea, fever) VALUES (2286, true, true, true, true);
INSERT INTO Symptoms (sxId, bloating, constipation, weight_loss, fatigue, loss_of_appetite, nausea, vomiting, abdominal_distension) VALUES (2287, true, true, true, true, true, true, true, true);
INSERT INTO Cases (diagnosisId, age, gender, majorSx, minorSx, painId) VALUES (12, 47, 'F', 2286, 2287, 2286);
INSERT INTO Positions (posId, anal, left_lower_quadrant, right_lower_quadrant, periumbilical, suprapubic, pelvic) VALUES (2288, true, true, true, true, true, false);
INSERT INTO Positions (posId, lower_back) VALUES (2289, true);
INSERT INTO Pain (pid, positionId, referred_pain_position, dull, four_hours, eight_hours, one_day, two_days, one_week, one_month, six_months, worse_with_eating) VALUES (2288, 2288, 2289, true, true, true, true, true, true, true, true, true);
INSERT INTO Symptoms (sxId, hematochesia, melena, diarrhea, fever) VALUES (2288, true, true, true, true);
INSERT INTO Symptoms (sxId, bloating, constipation, weight_loss, fatigue, loss_of_appetite, nausea, vomiting, abdominal_distension) VALUES (2289, true, true, true, true, true, true, true, true);
INSERT INTO Cases (diagnosisId, age, gender, majorSx, minorSx, painId) VALUES (12, 48, 'F', 2288, 2289, 2288);
INSERT INTO Positions (posId, anal, left_lower_quadrant, right_lower_quadrant, periumbilical, suprapubic, pelvic) VALUES (2290, true, true, true, true, true, true);
INSERT INTO Positions (posId, lower_back) VALUES (2291, true);
INSERT INTO Pain (pid, positionId, referred_pain_position, dull, four_hours, eight_hours, one_day, two_days, one_week, one_month, six_months, worse_with_eating) VALUES (2290, 2290, 2291, true, true, false, false, true, true, true, true, true);
INSERT INTO Symptoms (sxId, hematochesia, melena, diarrhea, fever) VALUES (2290, true, true, true, true);
INSERT INTO Symptoms (sxId, bloating, constipation, weight_loss, fatigue, loss_of_appetite, nausea, vomiting, abdominal_distension) VALUES (2291, true, true, true, true, true, true, false, true);
INSERT INTO Cases (diagnosisId, age, gender, majorSx, minorSx, painId) VALUES (12, 47, 'F', 2290, 2291, 2290);
INSERT INTO Positions (posId, anal, left_lower_quadrant, right_lower_quadrant, periumbilical, suprapubic, pelvic) VALUES (2292, true, true, true, true, true, true);
INSERT INTO Positions (posId, lower_back) VALUES (2293, true);
INSERT INTO Pain (pid, positionId, referred_pain_position, dull, four_hours, eight_hours, one_day, two_days, one_week, one_month, six_months, worse_with_eating) VALUES (2292, 2292, 2293, true, true, true, true, true, true, true, true, false);
INSERT INTO Symptoms (sxId, hematochesia, melena, diarrhea, fever) VALUES (2292, false, true, true, false);
INSERT INTO Symptoms (sxId, bloating, constipation, weight_loss, fatigue, loss_of_appetite, nausea, vomiting, abdominal_distension) VALUES (2293, true, true, true, true, true, true, true, true);
INSERT INTO Cases (diagnosisId, age, gender, majorSx, minorSx, painId) VALUES (12, 48, 'M', 2292, 2293, 2292);
INSERT INTO Positions (posId, anal, left_lower_quadrant, right_lower_quadrant, periumbilical, suprapubic, pelvic) VALUES (2294, true, false, true, true, true, true);
INSERT INTO Positions (posId, lower_back) VALUES (2295, true);
INSERT INTO Pain (pid, positionId, referred_pain_position, dull, four_hours, eight_hours, one_day, two_days, one_week, one_month, six_months, worse_with_eating) VALUES (2294, 2294, 2295, true, true, true, true, true, true, true, true, true);
INSERT INTO Symptoms (sxId, hematochesia, melena, diarrhea, fever) VALUES (2294, true, true, true, true);
INSERT INTO Symptoms (sxId, bloating, constipation, weight_loss, fatigue, loss_of_appetite, nausea, vomiting, abdominal_distension) VALUES (2295, true, true, true, true, true, true, true, false);
INSERT INTO Cases (diagnosisId, age, gender, majorSx, minorSx, painId) VALUES (12, 50, 'F', 2294, 2295, 2294);
INSERT INTO Positions (posId, anal, left_lower_quadrant, right_lower_quadrant, periumbilical, suprapubic, pelvic) VALUES (2296, true, true, false, false, true, true);
INSERT INTO Positions (posId, lower_back) VALUES (2297, true);
INSERT INTO Pain (pid, positionId, referred_pain_position, dull, four_hours, eight_hours, one_day, two_days, one_week, one_month, six_months, worse_with_eating) VALUES (2296, 2296, 2297, true, false, true, true, true, true, true, true, true);
INSERT INTO Symptoms (sxId, hematochesia, melena, diarrhea, fever) VALUES (2296, true, true, true, true);
INSERT INTO Symptoms (sxId, bloating, constipation, weight_loss, fatigue, loss_of_appetite, nausea, vomiting, abdominal_distension) VALUES (2297, true, true, true, true, true, true, true, true);
INSERT INTO Cases (diagnosisId, age, gender, majorSx, minorSx, painId) VALUES (12, 50, 'M', 2296, 2297, 2296);
INSERT INTO Positions (posId, anal, left_lower_quadrant, right_lower_quadrant, periumbilical, suprapubic, pelvic) VALUES (2298, true, true, true, true, true, true);
INSERT INTO Positions (posId, lower_back) VALUES (2299, true);
INSERT INTO Pain (pid, positionId, referred_pain_position, dull, four_hours, eight_hours, one_day, two_days, one_week, one_month, six_months, worse_with_eating) VALUES (2298, 2298, 2299, true, true, true, true, true, true, true, true, true);
INSERT INTO Symptoms (sxId, hematochesia, melena, diarrhea, fever) VALUES (2298, true, true, true, true);
INSERT INTO Symptoms (sxId, bloating, constipation, weight_loss, fatigue, loss_of_appetite, nausea, vomiting, abdominal_distension) VALUES (2299, false, true, true, true, true, true, true, true);
INSERT INTO Cases (diagnosisId, age, gender, majorSx, minorSx, painId) VALUES (12, 49, 'M', 2298, 2299, 2298);
INSERT INTO Positions (posId, anal, left_lower_quadrant, right_lower_quadrant, periumbilical, suprapubic, pelvic) VALUES (2300, true, true, true, true, true, true);
INSERT INTO Positions (posId, lower_back) VALUES (2301, true);
INSERT INTO Pain (pid, positionId, referred_pain_position, dull, four_hours, eight_hours, one_day, two_days, one_week, one_month, six_months, worse_with_eating) VALUES (2300, 2300, 2301, true, true, true, true, true, true, false, true, true);
INSERT INTO Symptoms (sxId, hematochesia, melena, diarrhea, fever) VALUES (2300, true, true, true, true);
INSERT INTO Symptoms (sxId, bloating, constipation, weight_loss, fatigue, loss_of_appetite, nausea, vomiting, abdominal_distension) VALUES (2301, true, true, true, true, true, true, true, true);
INSERT INTO Cases (diagnosisId, age, gender, majorSx, minorSx, painId) VALUES (12, 48, 'F', 2300, 2301, 2300);
INSERT INTO Positions (posId, anal, left_lower_quadrant, right_lower_quadrant, periumbilical, suprapubic, pelvic) VALUES (2302, true, false, true, true, true, true);
INSERT INTO Positions (posId, lower_back) VALUES (2303, true);
INSERT INTO Pain (pid, positionId, referred_pain_position, dull, four_hours, eight_hours, one_day, two_days, one_week, one_month, six_months, worse_with_eating) VALUES (2302, 2302, 2303, true, true, true, true, true, true, true, true, false);
INSERT INTO Symptoms (sxId, hematochesia, melena, diarrhea, fever) VALUES (2302, true, true, true, true);
INSERT INTO Symptoms (sxId, bloating, constipation, weight_loss, fatigue, loss_of_appetite, nausea, vomiting, abdominal_distension) VALUES (2303, true, true, false, true, false, false, true, true);
INSERT INTO Cases (diagnosisId, age, gender, majorSx, minorSx, painId) VALUES (12, 46, 'F', 2302, 2303, 2302);
INSERT INTO Positions (posId, anal, left_lower_quadrant, right_lower_quadrant, periumbilical, suprapubic, pelvic) VALUES (2304, true, true, true, true, true, true);
INSERT INTO Positions (posId, lower_back) VALUES (2305, true);
INSERT INTO Pain (pid, positionId, referred_pain_position, dull, four_hours, eight_hours, one_day, two_days, one_week, one_month, six_months, worse_with_eating) VALUES (2304, 2304, 2305, true, true, true, true, true, true, false, true, true);
INSERT INTO Symptoms (sxId, hematochesia, melena, diarrhea, fever) VALUES (2304, true, true, true, true);
INSERT INTO Symptoms (sxId, bloating, constipation, weight_loss, fatigue, loss_of_appetite, nausea, vomiting, abdominal_distension) VALUES (2305, true, true, false, true, true, true, false, true);
INSERT INTO Cases (diagnosisId, age, gender, majorSx, minorSx, painId) VALUES (12, 46, 'M', 2304, 2305, 2304);
INSERT INTO Positions (posId, anal, left_lower_quadrant, right_lower_quadrant, periumbilical, suprapubic, pelvic) VALUES (2306, true, true, true, true, true, true);
INSERT INTO Positions (posId, lower_back) VALUES (2307, true);
INSERT INTO Pain (pid, positionId, referred_pain_position, dull, four_hours, eight_hours, one_day, two_days, one_week, one_month, six_months, worse_with_eating) VALUES (2306, 2306, 2307, true, true, false, true, true, true, true, true, false);
INSERT INTO Symptoms (sxId, hematochesia, melena, diarrhea, fever) VALUES (2306, true, true, true, true);
INSERT INTO Symptoms (sxId, bloating, constipation, weight_loss, fatigue, loss_of_appetite, nausea, vomiting, abdominal_distension) VALUES (2307, true, true, true, true, true, true, true, false);
INSERT INTO Cases (diagnosisId, age, gender, majorSx, minorSx, painId) VALUES (12, 55, 'M', 2306, 2307, 2306);
INSERT INTO Positions (posId, anal, left_lower_quadrant, right_lower_quadrant, periumbilical, suprapubic, pelvic) VALUES (2308, true, true, true, true, true, true);
INSERT INTO Positions (posId, lower_back) VALUES (2309, true);
INSERT INTO Pain (pid, positionId, referred_pain_position, dull, four_hours, eight_hours, one_day, two_days, one_week, one_month, six_months, worse_with_eating) VALUES (2308, 2308, 2309, true, true, true, true, true, true, true, true, true);
INSERT INTO Symptoms (sxId, hematochesia, melena, diarrhea, fever) VALUES (2308, true, true, false, true);
INSERT INTO Symptoms (sxId, bloating, constipation, weight_loss, fatigue, loss_of_appetite, nausea, vomiting, abdominal_distension) VALUES (2309, true, true, true, true, true, true, true, true);
INSERT INTO Cases (diagnosisId, age, gender, majorSx, minorSx, painId) VALUES (12, 55, 'M', 2308, 2309, 2308);
INSERT INTO Positions (posId, anal, left_lower_quadrant, right_lower_quadrant, periumbilical, suprapubic, pelvic) VALUES (2310, true, true, false, true, true, true);
INSERT INTO Positions (posId, lower_back) VALUES (2311, true);
INSERT INTO Pain (pid, positionId, referred_pain_position, dull, four_hours, eight_hours, one_day, two_days, one_week, one_month, six_months, worse_with_eating) VALUES (2310, 2310, 2311, true, true, true, true, true, true, true, true, true);
INSERT INTO Symptoms (sxId, hematochesia, melena, diarrhea, fever) VALUES (2310, false, true, false, true);
INSERT INTO Symptoms (sxId, bloating, constipation, weight_loss, fatigue, loss_of_appetite, nausea, vomiting, abdominal_distension) VALUES (2311, true, true, true, true, true, true, true, true);
INSERT INTO Cases (diagnosisId, age, gender, majorSx, minorSx, painId) VALUES (12, 53, 'M', 2310, 2311, 2310);
INSERT INTO Positions (posId, anal, left_lower_quadrant, right_lower_quadrant, periumbilical, suprapubic, pelvic) VALUES (2312, true, false, true, true, true, false);
INSERT INTO Positions (posId, lower_back) VALUES (2313, true);
INSERT INTO Pain (pid, positionId, referred_pain_position, dull, four_hours, eight_hours, one_day, two_days, one_week, one_month, six_months, worse_with_eating) VALUES (2312, 2312, 2313, true, true, true, true, true, true, true, true, true);
INSERT INTO Symptoms (sxId, hematochesia, melena, diarrhea, fever) VALUES (2312, true, true, true, true);
INSERT INTO Symptoms (sxId, bloating, constipation, weight_loss, fatigue, loss_of_appetite, nausea, vomiting, abdominal_distension) VALUES (2313, true, true, true, true, true, true, true, true);
INSERT INTO Cases (diagnosisId, age, gender, majorSx, minorSx, painId) VALUES (12, 55, 'F', 2312, 2313, 2312);
INSERT INTO Positions (posId, anal, left_lower_quadrant, right_lower_quadrant, periumbilical, suprapubic, pelvic) VALUES (2314, true, true, true, true, true, true);
INSERT INTO Positions (posId, lower_back) VALUES (2315, true);
INSERT INTO Pain (pid, positionId, referred_pain_position, dull, four_hours, eight_hours, one_day, two_days, one_week, one_month, six_months, worse_with_eating) VALUES (2314, 2314, 2315, true, true, true, true, true, true, true, true, true);
INSERT INTO Symptoms (sxId, hematochesia, melena, diarrhea, fever) VALUES (2314, true, true, true, true);
INSERT INTO Symptoms (sxId, bloating, constipation, weight_loss, fatigue, loss_of_appetite, nausea, vomiting, abdominal_distension) VALUES (2315, true, true, false, true, true, true, true, true);
INSERT INTO Cases (diagnosisId, age, gender, majorSx, minorSx, painId) VALUES (12, 54, 'M', 2314, 2315, 2314);
INSERT INTO Positions (posId, anal, left_lower_quadrant, right_lower_quadrant, periumbilical, suprapubic, pelvic) VALUES (2316, true, true, true, true, true, true);
INSERT INTO Positions (posId, lower_back) VALUES (2317, true);
INSERT INTO Pain (pid, positionId, referred_pain_position, dull, four_hours, eight_hours, one_day, two_days, one_week, one_month, six_months, worse_with_eating) VALUES (2316, 2316, 2317, true, false, true, true, true, false, true, false, true);
INSERT INTO Symptoms (sxId, hematochesia, melena, diarrhea, fever) VALUES (2316, true, true, false, true);
INSERT INTO Symptoms (sxId, bloating, constipation, weight_loss, fatigue, loss_of_appetite, nausea, vomiting, abdominal_distension) VALUES (2317, true, true, true, true, true, true, true, true);
INSERT INTO Cases (diagnosisId, age, gender, majorSx, minorSx, painId) VALUES (12, 55, 'F', 2316, 2317, 2316);
INSERT INTO Positions (posId, anal, left_lower_quadrant, right_lower_quadrant, periumbilical, suprapubic, pelvic) VALUES (2318, true, true, true, true, true, true);
INSERT INTO Positions (posId, lower_back) VALUES (2319, true);
INSERT INTO Pain (pid, positionId, referred_pain_position, dull, four_hours, eight_hours, one_day, two_days, one_week, one_month, six_months, worse_with_eating) VALUES (2318, 2318, 2319, true, true, true, true, true, true, true, true, true);
INSERT INTO Symptoms (sxId, hematochesia, melena, diarrhea, fever) VALUES (2318, true, true, true, true);
INSERT INTO Symptoms (sxId, bloating, constipation, weight_loss, fatigue, loss_of_appetite, nausea, vomiting, abdominal_distension) VALUES (2319, true, false, false, true, false, true, true, true);
INSERT INTO Cases (diagnosisId, age, gender, majorSx, minorSx, painId) VALUES (12, 51, 'M', 2318, 2319, 2318);
INSERT INTO Positions (posId, anal, left_lower_quadrant, right_lower_quadrant, periumbilical, suprapubic, pelvic) VALUES (2320, false, true, true, true, true, true);
INSERT INTO Positions (posId, lower_back) VALUES (2321, true);
INSERT INTO Pain (pid, positionId, referred_pain_position, dull, four_hours, eight_hours, one_day, two_days, one_week, one_month, six_months, worse_with_eating) VALUES (2320, 2320, 2321, true, true, true, true, true, true, true, true, true);
INSERT INTO Symptoms (sxId, hematochesia, melena, diarrhea, fever) VALUES (2320, true, true, true, false);
INSERT INTO Symptoms (sxId, bloating, constipation, weight_loss, fatigue, loss_of_appetite, nausea, vomiting, abdominal_distension) VALUES (2321, true, true, true, true, false, true, true, true);
INSERT INTO Cases (diagnosisId, age, gender, majorSx, minorSx, painId) VALUES (12, 51, 'F', 2320, 2321, 2320);
INSERT INTO Positions (posId, anal, left_lower_quadrant, right_lower_quadrant, periumbilical, suprapubic, pelvic) VALUES (2322, true, true, true, true, true, true);
INSERT INTO Positions (posId, lower_back) VALUES (2323, true);
INSERT INTO Pain (pid, positionId, referred_pain_position, dull, four_hours, eight_hours, one_day, two_days, one_week, one_month, six_months, worse_with_eating) VALUES (2322, 2322, 2323, true, true, true, true, true, true, true, true, false);
INSERT INTO Symptoms (sxId, hematochesia, melena, diarrhea, fever) VALUES (2322, true, false, true, true);
INSERT INTO Symptoms (sxId, bloating, constipation, weight_loss, fatigue, loss_of_appetite, nausea, vomiting, abdominal_distension) VALUES (2323, false, false, true, true, true, true, true, true);
INSERT INTO Cases (diagnosisId, age, gender, majorSx, minorSx, painId) VALUES (12, 55, 'F', 2322, 2323, 2322);
INSERT INTO Positions (posId, anal, left_lower_quadrant, right_lower_quadrant, periumbilical, suprapubic, pelvic) VALUES (2324, true, true, true, true, true, true);
INSERT INTO Positions (posId, lower_back) VALUES (2325, true);
INSERT INTO Pain (pid, positionId, referred_pain_position, dull, four_hours, eight_hours, one_day, two_days, one_week, one_month, six_months, worse_with_eating) VALUES (2324, 2324, 2325, true, true, true, true, true, true, true, true, true);
INSERT INTO Symptoms (sxId, hematochesia, melena, diarrhea, fever) VALUES (2324, true, true, true, true);
INSERT INTO Symptoms (sxId, bloating, constipation, weight_loss, fatigue, loss_of_appetite, nausea, vomiting, abdominal_distension) VALUES (2325, false, true, true, true, true, true, true, true);
INSERT INTO Cases (diagnosisId, age, gender, majorSx, minorSx, painId) VALUES (12, 53, 'M', 2324, 2325, 2324);
INSERT INTO Positions (posId, anal, left_lower_quadrant, right_lower_quadrant, periumbilical, suprapubic, pelvic) VALUES (2326, true, true, true, true, true, true);
INSERT INTO Positions (posId, lower_back) VALUES (2327, true);
INSERT INTO Pain (pid, positionId, referred_pain_position, dull, four_hours, eight_hours, one_day, two_days, one_week, one_month, six_months, worse_with_eating) VALUES (2326, 2326, 2327, true, false, true, true, true, true, true, false, true);
INSERT INTO Symptoms (sxId, hematochesia, melena, diarrhea, fever) VALUES (2326, true, true, true, true);
INSERT INTO Symptoms (sxId, bloating, constipation, weight_loss, fatigue, loss_of_appetite, nausea, vomiting, abdominal_distension) VALUES (2327, true, true, false, true, true, false, true, true);
INSERT INTO Cases (diagnosisId, age, gender, majorSx, minorSx, painId) VALUES (12, 59, 'M', 2326, 2327, 2326);
INSERT INTO Positions (posId, anal, left_lower_quadrant, right_lower_quadrant, periumbilical, suprapubic, pelvic) VALUES (2328, true, true, true, true, true, true);
INSERT INTO Positions (posId, lower_back) VALUES (2329, true);
INSERT INTO Pain (pid, positionId, referred_pain_position, dull, four_hours, eight_hours, one_day, two_days, one_week, one_month, six_months, worse_with_eating) VALUES (2328, 2328, 2329, true, true, true, true, false, true, true, false, true);
INSERT INTO Symptoms (sxId, hematochesia, melena, diarrhea, fever) VALUES (2328, true, true, true, true);
INSERT INTO Symptoms (sxId, bloating, constipation, weight_loss, fatigue, loss_of_appetite, nausea, vomiting, abdominal_distension) VALUES (2329, true, true, true, true, true, true, true, true);
INSERT INTO Cases (diagnosisId, age, gender, majorSx, minorSx, painId) VALUES (12, 59, 'M', 2328, 2329, 2328);
INSERT INTO Positions (posId, anal, left_lower_quadrant, right_lower_quadrant, periumbilical, suprapubic, pelvic) VALUES (2330, true, true, true, true, true, true);
INSERT INTO Positions (posId, lower_back) VALUES (2331, true);
INSERT INTO Pain (pid, positionId, referred_pain_position, dull, four_hours, eight_hours, one_day, two_days, one_week, one_month, six_months, worse_with_eating) VALUES (2330, 2330, 2331, true, true, true, true, true, false, true, true, true);
INSERT INTO Symptoms (sxId, hematochesia, melena, diarrhea, fever) VALUES (2330, true, true, true, true);
INSERT INTO Symptoms (sxId, bloating, constipation, weight_loss, fatigue, loss_of_appetite, nausea, vomiting, abdominal_distension) VALUES (2331, true, true, true, true, false, true, true, true);
INSERT INTO Cases (diagnosisId, age, gender, majorSx, minorSx, painId) VALUES (12, 57, 'M', 2330, 2331, 2330);
INSERT INTO Positions (posId, anal, left_lower_quadrant, right_lower_quadrant, periumbilical, suprapubic, pelvic) VALUES (2332, true, true, true, true, true, true);
INSERT INTO Positions (posId, lower_back) VALUES (2333, true);
INSERT INTO Pain (pid, positionId, referred_pain_position, dull, four_hours, eight_hours, one_day, two_days, one_week, one_month, six_months, worse_with_eating) VALUES (2332, 2332, 2333, true, true, true, true, true, true, true, true, true);
INSERT INTO Symptoms (sxId, hematochesia, melena, diarrhea, fever) VALUES (2332, true, true, true, true);
INSERT INTO Symptoms (sxId, bloating, constipation, weight_loss, fatigue, loss_of_appetite, nausea, vomiting, abdominal_distension) VALUES (2333, true, false, true, true, true, true, true, true);
INSERT INTO Cases (diagnosisId, age, gender, majorSx, minorSx, painId) VALUES (12, 56, 'M', 2332, 2333, 2332);
INSERT INTO Positions (posId, anal, left_lower_quadrant, right_lower_quadrant, periumbilical, suprapubic, pelvic) VALUES (2334, true, true, true, true, true, true);
INSERT INTO Positions (posId, lower_back) VALUES (2335, true);
INSERT INTO Pain (pid, positionId, referred_pain_position, dull, four_hours, eight_hours, one_day, two_days, one_week, one_month, six_months, worse_with_eating) VALUES (2334, 2334, 2335, true, true, true, true, true, true, false, true, true);
INSERT INTO Symptoms (sxId, hematochesia, melena, diarrhea, fever) VALUES (2334, true, true, true, false);
INSERT INTO Symptoms (sxId, bloating, constipation, weight_loss, fatigue, loss_of_appetite, nausea, vomiting, abdominal_distension) VALUES (2335, true, false, true, true, true, true, true, true);
INSERT INTO Cases (diagnosisId, age, gender, majorSx, minorSx, painId) VALUES (12, 58, 'F', 2334, 2335, 2334);
INSERT INTO Positions (posId, anal, left_lower_quadrant, right_lower_quadrant, periumbilical, suprapubic, pelvic) VALUES (2336, true, true, true, true, true, true);
INSERT INTO Positions (posId, lower_back) VALUES (2337, true);
INSERT INTO Pain (pid, positionId, referred_pain_position, dull, four_hours, eight_hours, one_day, two_days, one_week, one_month, six_months, worse_with_eating) VALUES (2336, 2336, 2337, true, true, true, true, true, true, true, true, true);
INSERT INTO Symptoms (sxId, hematochesia, melena, diarrhea, fever) VALUES (2336, true, true, true, true);
INSERT INTO Symptoms (sxId, bloating, constipation, weight_loss, fatigue, loss_of_appetite, nausea, vomiting, abdominal_distension) VALUES (2337, true, true, true, true, false, true, true, true);
INSERT INTO Cases (diagnosisId, age, gender, majorSx, minorSx, painId) VALUES (12, 56, 'M', 2336, 2337, 2336);
INSERT INTO Positions (posId, anal, left_lower_quadrant, right_lower_quadrant, periumbilical, suprapubic, pelvic) VALUES (2338, true, true, true, false, true, true);
INSERT INTO Positions (posId, lower_back) VALUES (2339, true);
INSERT INTO Pain (pid, positionId, referred_pain_position, dull, four_hours, eight_hours, one_day, two_days, one_week, one_month, six_months, worse_with_eating) VALUES (2338, 2338, 2339, true, true, true, true, true, true, true, true, false);
INSERT INTO Symptoms (sxId, hematochesia, melena, diarrhea, fever) VALUES (2338, true, true, true, true);
INSERT INTO Symptoms (sxId, bloating, constipation, weight_loss, fatigue, loss_of_appetite, nausea, vomiting, abdominal_distension) VALUES (2339, true, true, false, true, true, true, true, true);
INSERT INTO Cases (diagnosisId, age, gender, majorSx, minorSx, painId) VALUES (12, 59, 'F', 2338, 2339, 2338);
INSERT INTO Positions (posId, anal, left_lower_quadrant, right_lower_quadrant, periumbilical, suprapubic, pelvic) VALUES (2340, true, true, true, true, true, true);
INSERT INTO Positions (posId, lower_back) VALUES (2341, false);
INSERT INTO Pain (pid, positionId, referred_pain_position, dull, four_hours, eight_hours, one_day, two_days, one_week, one_month, six_months, worse_with_eating) VALUES (2340, 2340, 2341, true, true, true, true, true, true, true, true, true);
INSERT INTO Symptoms (sxId, hematochesia, melena, diarrhea, fever) VALUES (2340, false, true, true, true);
INSERT INTO Symptoms (sxId, bloating, constipation, weight_loss, fatigue, loss_of_appetite, nausea, vomiting, abdominal_distension) VALUES (2341, true, true, true, true, true, true, false, true);
INSERT INTO Cases (diagnosisId, age, gender, majorSx, minorSx, painId) VALUES (12, 60, 'F', 2340, 2341, 2340);
INSERT INTO Positions (posId, anal, left_lower_quadrant, right_lower_quadrant, periumbilical, suprapubic, pelvic) VALUES (2342, true, true, true, true, true, true);
INSERT INTO Positions (posId, lower_back) VALUES (2343, true);
INSERT INTO Pain (pid, positionId, referred_pain_position, dull, four_hours, eight_hours, one_day, two_days, one_week, one_month, six_months, worse_with_eating) VALUES (2342, 2342, 2343, true, true, true, true, true, false, true, true, true);
INSERT INTO Symptoms (sxId, hematochesia, melena, diarrhea, fever) VALUES (2342, true, true, true, true);
INSERT INTO Symptoms (sxId, bloating, constipation, weight_loss, fatigue, loss_of_appetite, nausea, vomiting, abdominal_distension) VALUES (2343, true, true, true, true, true, true, true, true);
INSERT INTO Cases (diagnosisId, age, gender, majorSx, minorSx, painId) VALUES (12, 58, 'F', 2342, 2343, 2342);
INSERT INTO Positions (posId, anal, left_lower_quadrant, right_lower_quadrant, periumbilical, suprapubic, pelvic) VALUES (2344, true, true, true, true, true, true);
INSERT INTO Positions (posId, lower_back) VALUES (2345, true);
INSERT INTO Pain (pid, positionId, referred_pain_position, dull, four_hours, eight_hours, one_day, two_days, one_week, one_month, six_months, worse_with_eating) VALUES (2344, 2344, 2345, true, true, true, true, true, true, true, true, true);
INSERT INTO Symptoms (sxId, hematochesia, melena, diarrhea, fever) VALUES (2344, true, true, true, true);
INSERT INTO Symptoms (sxId, bloating, constipation, weight_loss, fatigue, loss_of_appetite, nausea, vomiting, abdominal_distension) VALUES (2345, true, true, true, true, true, true, true, true);
INSERT INTO Cases (diagnosisId, age, gender, majorSx, minorSx, painId) VALUES (12, 57, 'F', 2344, 2345, 2344);
INSERT INTO Positions (posId, anal, left_lower_quadrant, right_lower_quadrant, periumbilical, suprapubic, pelvic) VALUES (2346, true, true, true, true, true, true);
INSERT INTO Positions (posId, lower_back) VALUES (2347, true);
INSERT INTO Pain (pid, positionId, referred_pain_position, dull, four_hours, eight_hours, one_day, two_days, one_week, one_month, six_months, worse_with_eating) VALUES (2346, 2346, 2347, true, true, true, true, true, true, true, true, true);
INSERT INTO Symptoms (sxId, hematochesia, melena, diarrhea, fever) VALUES (2346, true, true, true, true);
INSERT INTO Symptoms (sxId, bloating, constipation, weight_loss, fatigue, loss_of_appetite, nausea, vomiting, abdominal_distension) VALUES (2347, true, true, true, true, true, true, true, true);
INSERT INTO Cases (diagnosisId, age, gender, majorSx, minorSx, painId) VALUES (12, 63, 'F', 2346, 2347, 2346);
INSERT INTO Positions (posId, anal, left_lower_quadrant, right_lower_quadrant, periumbilical, suprapubic, pelvic) VALUES (2348, true, true, true, true, true, true);
INSERT INTO Positions (posId, lower_back) VALUES (2349, true);
INSERT INTO Pain (pid, positionId, referred_pain_position, dull, four_hours, eight_hours, one_day, two_days, one_week, one_month, six_months, worse_with_eating) VALUES (2348, 2348, 2349, true, true, true, true, true, true, false, true, true);
INSERT INTO Symptoms (sxId, hematochesia, melena, diarrhea, fever) VALUES (2348, true, true, true, true);
INSERT INTO Symptoms (sxId, bloating, constipation, weight_loss, fatigue, loss_of_appetite, nausea, vomiting, abdominal_distension) VALUES (2349, true, true, true, true, true, true, true, true);
INSERT INTO Cases (diagnosisId, age, gender, majorSx, minorSx, painId) VALUES (12, 61, 'F', 2348, 2349, 2348);
INSERT INTO Positions (posId, anal, left_lower_quadrant, right_lower_quadrant, periumbilical, suprapubic, pelvic) VALUES (2350, true, true, false, true, true, true);
INSERT INTO Positions (posId, lower_back) VALUES (2351, true);
INSERT INTO Pain (pid, positionId, referred_pain_position, dull, four_hours, eight_hours, one_day, two_days, one_week, one_month, six_months, worse_with_eating) VALUES (2350, 2350, 2351, true, true, true, true, true, true, true, true, true);
INSERT INTO Symptoms (sxId, hematochesia, melena, diarrhea, fever) VALUES (2350, true, true, true, true);
INSERT INTO Symptoms (sxId, bloating, constipation, weight_loss, fatigue, loss_of_appetite, nausea, vomiting, abdominal_distension) VALUES (2351, true, true, true, true, true, true, true, true);
INSERT INTO Cases (diagnosisId, age, gender, majorSx, minorSx, painId) VALUES (12, 61, 'M', 2350, 2351, 2350);
INSERT INTO Positions (posId, anal, left_lower_quadrant, right_lower_quadrant, periumbilical, suprapubic, pelvic) VALUES (2352, true, true, true, true, true, true);
INSERT INTO Positions (posId, lower_back) VALUES (2353, true);
INSERT INTO Pain (pid, positionId, referred_pain_position, dull, four_hours, eight_hours, one_day, two_days, one_week, one_month, six_months, worse_with_eating) VALUES (2352, 2352, 2353, true, true, true, true, true, true, true, true, true);
INSERT INTO Symptoms (sxId, hematochesia, melena, diarrhea, fever) VALUES (2352, true, true, true, false);
INSERT INTO Symptoms (sxId, bloating, constipation, weight_loss, fatigue, loss_of_appetite, nausea, vomiting, abdominal_distension) VALUES (2353, true, true, true, true, true, true, true, true);
INSERT INTO Cases (diagnosisId, age, gender, majorSx, minorSx, painId) VALUES (12, 64, 'M', 2352, 2353, 2352);
INSERT INTO Positions (posId, anal, left_lower_quadrant, right_lower_quadrant, periumbilical, suprapubic, pelvic) VALUES (2354, true, true, true, true, true, true);
INSERT INTO Positions (posId, lower_back) VALUES (2355, true);
INSERT INTO Pain (pid, positionId, referred_pain_position, dull, four_hours, eight_hours, one_day, two_days, one_week, one_month, six_months, worse_with_eating) VALUES (2354, 2354, 2355, true, true, true, true, true, true, true, true, false);
INSERT INTO Symptoms (sxId, hematochesia, melena, diarrhea, fever) VALUES (2354, true, true, true, true);
INSERT INTO Symptoms (sxId, bloating, constipation, weight_loss, fatigue, loss_of_appetite, nausea, vomiting, abdominal_distension) VALUES (2355, true, true, true, true, true, true, true, true);
INSERT INTO Cases (diagnosisId, age, gender, majorSx, minorSx, painId) VALUES (12, 64, 'F', 2354, 2355, 2354);
INSERT INTO Positions (posId, anal, left_lower_quadrant, right_lower_quadrant, periumbilical, suprapubic, pelvic) VALUES (2356, true, true, true, true, false, true);
INSERT INTO Positions (posId, lower_back) VALUES (2357, true);
INSERT INTO Pain (pid, positionId, referred_pain_position, dull, four_hours, eight_hours, one_day, two_days, one_week, one_month, six_months, worse_with_eating) VALUES (2356, 2356, 2357, true, true, true, true, true, true, true, true, true);
INSERT INTO Symptoms (sxId, hematochesia, melena, diarrhea, fever) VALUES (2356, true, true, false, true);
INSERT INTO Symptoms (sxId, bloating, constipation, weight_loss, fatigue, loss_of_appetite, nausea, vomiting, abdominal_distension) VALUES (2357, true, true, true, true, true, true, true, true);
INSERT INTO Cases (diagnosisId, age, gender, majorSx, minorSx, painId) VALUES (12, 65, 'F', 2356, 2357, 2356);
INSERT INTO Positions (posId, anal, left_lower_quadrant, right_lower_quadrant, periumbilical, suprapubic, pelvic) VALUES (2358, true, true, true, true, true, true);
INSERT INTO Positions (posId, lower_back) VALUES (2359, true);
INSERT INTO Pain (pid, positionId, referred_pain_position, dull, four_hours, eight_hours, one_day, two_days, one_week, one_month, six_months, worse_with_eating) VALUES (2358, 2358, 2359, true, true, true, true, true, true, true, true, true);
INSERT INTO Symptoms (sxId, hematochesia, melena, diarrhea, fever) VALUES (2358, true, true, true, true);
INSERT INTO Symptoms (sxId, bloating, constipation, weight_loss, fatigue, loss_of_appetite, nausea, vomiting, abdominal_distension) VALUES (2359, true, true, true, true, true, true, true, true);
INSERT INTO Cases (diagnosisId, age, gender, majorSx, minorSx, painId) VALUES (12, 61, 'M', 2358, 2359, 2358);
INSERT INTO Positions (posId, anal, left_lower_quadrant, right_lower_quadrant, periumbilical, suprapubic, pelvic) VALUES (2360, true, true, true, false, true, true);
INSERT INTO Positions (posId, lower_back) VALUES (2361, true);
INSERT INTO Pain (pid, positionId, referred_pain_position, dull, four_hours, eight_hours, one_day, two_days, one_week, one_month, six_months, worse_with_eating) VALUES (2360, 2360, 2361, true, true, true, true, true, true, true, true, true);
INSERT INTO Symptoms (sxId, hematochesia, melena, diarrhea, fever) VALUES (2360, true, true, true, true);
INSERT INTO Symptoms (sxId, bloating, constipation, weight_loss, fatigue, loss_of_appetite, nausea, vomiting, abdominal_distension) VALUES (2361, true, true, true, true, true, true, true, true);
INSERT INTO Cases (diagnosisId, age, gender, majorSx, minorSx, painId) VALUES (12, 65, 'F', 2360, 2361, 2360);
INSERT INTO Positions (posId, anal, left_lower_quadrant, right_lower_quadrant, periumbilical, suprapubic, pelvic) VALUES (2362, true, true, true, true, true, true);
INSERT INTO Positions (posId, lower_back) VALUES (2363, true);
INSERT INTO Pain (pid, positionId, referred_pain_position, dull, four_hours, eight_hours, one_day, two_days, one_week, one_month, six_months, worse_with_eating) VALUES (2362, 2362, 2363, true, true, true, true, true, false, true, true, true);
INSERT INTO Symptoms (sxId, hematochesia, melena, diarrhea, fever) VALUES (2362, true, true, true, true);
INSERT INTO Symptoms (sxId, bloating, constipation, weight_loss, fatigue, loss_of_appetite, nausea, vomiting, abdominal_distension) VALUES (2363, true, true, true, true, true, true, true, true);
INSERT INTO Cases (diagnosisId, age, gender, majorSx, minorSx, painId) VALUES (12, 69, 'F', 2362, 2363, 2362);
INSERT INTO Positions (posId, anal, left_lower_quadrant, right_lower_quadrant, periumbilical, suprapubic, pelvic) VALUES (2364, true, true, true, true, true, true);
INSERT INTO Positions (posId, lower_back) VALUES (2365, true);
INSERT INTO Pain (pid, positionId, referred_pain_position, dull, four_hours, eight_hours, one_day, two_days, one_week, one_month, six_months, worse_with_eating) VALUES (2364, 2364, 2365, true, false, true, true, true, true, true, false, true);
INSERT INTO Symptoms (sxId, hematochesia, melena, diarrhea, fever) VALUES (2364, true, false, true, true);
INSERT INTO Symptoms (sxId, bloating, constipation, weight_loss, fatigue, loss_of_appetite, nausea, vomiting, abdominal_distension) VALUES (2365, true, true, true, true, true, true, true, true);
INSERT INTO Cases (diagnosisId, age, gender, majorSx, minorSx, painId) VALUES (12, 66, 'M', 2364, 2365, 2364);
INSERT INTO Positions (posId, anal, left_lower_quadrant, right_lower_quadrant, periumbilical, suprapubic, pelvic) VALUES (2366, true, false, true, true, true, true);
INSERT INTO Positions (posId, lower_back) VALUES (2367, true);
INSERT INTO Pain (pid, positionId, referred_pain_position, dull, four_hours, eight_hours, one_day, two_days, one_week, one_month, six_months, worse_with_eating) VALUES (2366, 2366, 2367, true, true, true, true, true, true, true, false, true);
INSERT INTO Symptoms (sxId, hematochesia, melena, diarrhea, fever) VALUES (2366, true, true, true, true);
INSERT INTO Symptoms (sxId, bloating, constipation, weight_loss, fatigue, loss_of_appetite, nausea, vomiting, abdominal_distension) VALUES (2367, true, true, true, true, true, true, true, true);
INSERT INTO Cases (diagnosisId, age, gender, majorSx, minorSx, painId) VALUES (12, 68, 'M', 2366, 2367, 2366);
INSERT INTO Positions (posId, anal, left_lower_quadrant, right_lower_quadrant, periumbilical, suprapubic, pelvic) VALUES (2368, true, true, true, true, true, true);
INSERT INTO Positions (posId, lower_back) VALUES (2369, true);
INSERT INTO Pain (pid, positionId, referred_pain_position, dull, four_hours, eight_hours, one_day, two_days, one_week, one_month, six_months, worse_with_eating) VALUES (2368, 2368, 2369, true, true, true, true, true, false, true, true, true);
INSERT INTO Symptoms (sxId, hematochesia, melena, diarrhea, fever) VALUES (2368, true, false, true, true);
INSERT INTO Symptoms (sxId, bloating, constipation, weight_loss, fatigue, loss_of_appetite, nausea, vomiting, abdominal_distension) VALUES (2369, true, true, true, true, true, true, false, true);
INSERT INTO Cases (diagnosisId, age, gender, majorSx, minorSx, painId) VALUES (12, 66, 'M', 2368, 2369, 2368);
INSERT INTO Positions (posId, anal, left_lower_quadrant, right_lower_quadrant, periumbilical, suprapubic, pelvic) VALUES (2370, true, true, true, true, true, true);
INSERT INTO Positions (posId, lower_back) VALUES (2371, true);
INSERT INTO Pain (pid, positionId, referred_pain_position, dull, four_hours, eight_hours, one_day, two_days, one_week, one_month, six_months, worse_with_eating) VALUES (2370, 2370, 2371, true, false, true, true, true, true, false, true, true);
INSERT INTO Symptoms (sxId, hematochesia, melena, diarrhea, fever) VALUES (2370, false, true, true, true);
INSERT INTO Symptoms (sxId, bloating, constipation, weight_loss, fatigue, loss_of_appetite, nausea, vomiting, abdominal_distension) VALUES (2371, false, true, true, true, true, true, true, true);
INSERT INTO Cases (diagnosisId, age, gender, majorSx, minorSx, painId) VALUES (12, 68, 'F', 2370, 2371, 2370);
INSERT INTO Positions (posId, anal, left_lower_quadrant, right_lower_quadrant, periumbilical, suprapubic, pelvic) VALUES (2372, true, true, true, true, false, true);
INSERT INTO Positions (posId, lower_back) VALUES (2373, true);
INSERT INTO Pain (pid, positionId, referred_pain_position, dull, four_hours, eight_hours, one_day, two_days, one_week, one_month, six_months, worse_with_eating) VALUES (2372, 2372, 2373, true, true, true, true, true, true, true, true, true);
INSERT INTO Symptoms (sxId, hematochesia, melena, diarrhea, fever) VALUES (2372, true, true, true, true);
INSERT INTO Symptoms (sxId, bloating, constipation, weight_loss, fatigue, loss_of_appetite, nausea, vomiting, abdominal_distension) VALUES (2373, true, true, false, true, true, true, true, true);
INSERT INTO Cases (diagnosisId, age, gender, majorSx, minorSx, painId) VALUES (12, 71, 'F', 2372, 2373, 2372);
INSERT INTO Positions (posId, anal, left_lower_quadrant, right_lower_quadrant, periumbilical, suprapubic, pelvic) VALUES (2374, true, true, true, true, false, true);
INSERT INTO Positions (posId, lower_back) VALUES (2375, true);
INSERT INTO Pain (pid, positionId, referred_pain_position, dull, four_hours, eight_hours, one_day, two_days, one_week, one_month, six_months, worse_with_eating) VALUES (2374, 2374, 2375, true, true, true, true, true, true, true, false, true);
INSERT INTO Symptoms (sxId, hematochesia, melena, diarrhea, fever) VALUES (2374, false, false, true, true);
INSERT INTO Symptoms (sxId, bloating, constipation, weight_loss, fatigue, loss_of_appetite, nausea, vomiting, abdominal_distension) VALUES (2375, true, true, true, true, true, false, true, true);
INSERT INTO Cases (diagnosisId, age, gender, majorSx, minorSx, painId) VALUES (12, 75, 'F', 2374, 2375, 2374);
INSERT INTO Positions (posId, anal, left_lower_quadrant, right_lower_quadrant, periumbilical, suprapubic, pelvic) VALUES (2376, true, true, true, false, true, true);
INSERT INTO Positions (posId, lower_back) VALUES (2377, true);
INSERT INTO Pain (pid, positionId, referred_pain_position, dull, four_hours, eight_hours, one_day, two_days, one_week, one_month, six_months, worse_with_eating) VALUES (2376, 2376, 2377, true, true, true, false, true, true, true, true, true);
INSERT INTO Symptoms (sxId, hematochesia, melena, diarrhea, fever) VALUES (2376, false, true, true, true);
INSERT INTO Symptoms (sxId, bloating, constipation, weight_loss, fatigue, loss_of_appetite, nausea, vomiting, abdominal_distension) VALUES (2377, true, true, true, true, true, false, true, false);
INSERT INTO Cases (diagnosisId, age, gender, majorSx, minorSx, painId) VALUES (12, 74, 'M', 2376, 2377, 2376);
INSERT INTO Positions (posId, anal, left_lower_quadrant, right_lower_quadrant, periumbilical, suprapubic, pelvic) VALUES (2378, true, false, true, true, true, true);
INSERT INTO Positions (posId, lower_back) VALUES (2379, true);
INSERT INTO Pain (pid, positionId, referred_pain_position, dull, four_hours, eight_hours, one_day, two_days, one_week, one_month, six_months, worse_with_eating) VALUES (2378, 2378, 2379, true, true, false, true, true, true, true, true, true);
INSERT INTO Symptoms (sxId, hematochesia, melena, diarrhea, fever) VALUES (2378, true, true, true, true);
INSERT INTO Symptoms (sxId, bloating, constipation, weight_loss, fatigue, loss_of_appetite, nausea, vomiting, abdominal_distension) VALUES (2379, true, true, true, true, true, true, true, true);
INSERT INTO Cases (diagnosisId, age, gender, majorSx, minorSx, painId) VALUES (12, 74, 'M', 2378, 2379, 2378);
INSERT INTO Positions (posId, anal, left_lower_quadrant, right_lower_quadrant, periumbilical, suprapubic, pelvic) VALUES (2380, true, true, true, true, true, true);
INSERT INTO Positions (posId, lower_back) VALUES (2381, true);
INSERT INTO Pain (pid, positionId, referred_pain_position, dull, four_hours, eight_hours, one_day, two_days, one_week, one_month, six_months, worse_with_eating) VALUES (2380, 2380, 2381, true, true, true, true, true, true, true, true, true);
INSERT INTO Symptoms (sxId, hematochesia, melena, diarrhea, fever) VALUES (2380, true, true, true, true);
INSERT INTO Symptoms (sxId, bloating, constipation, weight_loss, fatigue, loss_of_appetite, nausea, vomiting, abdominal_distension) VALUES (2381, true, true, false, true, true, true, true, true);
INSERT INTO Cases (diagnosisId, age, gender, majorSx, minorSx, painId) VALUES (12, 74, 'M', 2380, 2381, 2380);
INSERT INTO Positions (posId, anal, left_lower_quadrant, right_lower_quadrant, periumbilical, suprapubic, pelvic) VALUES (2382, true, true, true, true, true, true);
INSERT INTO Positions (posId, lower_back) VALUES (2383, false);
INSERT INTO Pain (pid, positionId, referred_pain_position, dull, four_hours, eight_hours, one_day, two_days, one_week, one_month, six_months, worse_with_eating) VALUES (2382, 2382, 2383, true, false, true, true, true, true, true, true, true);
INSERT INTO Symptoms (sxId, hematochesia, melena, diarrhea, fever) VALUES (2382, true, true, true, false);
INSERT INTO Symptoms (sxId, bloating, constipation, weight_loss, fatigue, loss_of_appetite, nausea, vomiting, abdominal_distension) VALUES (2383, true, true, true, true, true, true, true, true);
INSERT INTO Cases (diagnosisId, age, gender, majorSx, minorSx, painId) VALUES (12, 76, 'F', 2382, 2383, 2382);
INSERT INTO Positions (posId, anal, left_lower_quadrant, right_lower_quadrant, periumbilical, suprapubic, pelvic) VALUES (2384, true, true, true, false, true, true);
INSERT INTO Positions (posId, lower_back) VALUES (2385, true);
INSERT INTO Pain (pid, positionId, referred_pain_position, dull, four_hours, eight_hours, one_day, two_days, one_week, one_month, six_months, worse_with_eating) VALUES (2384, 2384, 2385, true, true, true, true, true, true, true, true, true);
INSERT INTO Symptoms (sxId, hematochesia, melena, diarrhea, fever) VALUES (2384, true, true, true, true);
INSERT INTO Symptoms (sxId, bloating, constipation, weight_loss, fatigue, loss_of_appetite, nausea, vomiting, abdominal_distension) VALUES (2385, false, true, true, true, true, true, true, true);
INSERT INTO Cases (diagnosisId, age, gender, majorSx, minorSx, painId) VALUES (12, 77, 'F', 2384, 2385, 2384);
INSERT INTO Positions (posId, anal, left_lower_quadrant, right_lower_quadrant, periumbilical, suprapubic, pelvic) VALUES (2386, true, true, true, true, true, true);
INSERT INTO Positions (posId, lower_back) VALUES (2387, true);
INSERT INTO Pain (pid, positionId, referred_pain_position, dull, four_hours, eight_hours, one_day, two_days, one_week, one_month, six_months, worse_with_eating) VALUES (2386, 2386, 2387, true, true, true, true, true, false, true, true, true);
INSERT INTO Symptoms (sxId, hematochesia, melena, diarrhea, fever) VALUES (2386, true, true, false, true);
INSERT INTO Symptoms (sxId, bloating, constipation, weight_loss, fatigue, loss_of_appetite, nausea, vomiting, abdominal_distension) VALUES (2387, true, true, true, true, true, true, true, true);
INSERT INTO Cases (diagnosisId, age, gender, majorSx, minorSx, painId) VALUES (12, 76, 'F', 2386, 2387, 2386);
INSERT INTO Positions (posId, anal, left_lower_quadrant, right_lower_quadrant, periumbilical, suprapubic, pelvic) VALUES (2388, true, true, true, true, true, true);
INSERT INTO Positions (posId, lower_back) VALUES (2389, true);
INSERT INTO Pain (pid, positionId, referred_pain_position, dull, four_hours, eight_hours, one_day, two_days, one_week, one_month, six_months, worse_with_eating) VALUES (2388, 2388, 2389, false, true, true, true, true, false, true, true, true);
INSERT INTO Symptoms (sxId, hematochesia, melena, diarrhea, fever) VALUES (2388, true, true, true, true);
INSERT INTO Symptoms (sxId, bloating, constipation, weight_loss, fatigue, loss_of_appetite, nausea, vomiting, abdominal_distension) VALUES (2389, true, true, true, true, true, true, true, false);
INSERT INTO Cases (diagnosisId, age, gender, majorSx, minorSx, painId) VALUES (12, 84, 'F', 2388, 2389, 2388);
INSERT INTO Positions (posId, anal, left_lower_quadrant, right_lower_quadrant, periumbilical, suprapubic, pelvic) VALUES (2390, true, true, true, true, true, true);
INSERT INTO Positions (posId, lower_back) VALUES (2391, true);
INSERT INTO Pain (pid, positionId, referred_pain_position, dull, four_hours, eight_hours, one_day, two_days, one_week, one_month, six_months, worse_with_eating) VALUES (2390, 2390, 2391, true, false, true, true, true, true, true, true, true);
INSERT INTO Symptoms (sxId, hematochesia, melena, diarrhea, fever) VALUES (2390, true, true, true, true);
INSERT INTO Symptoms (sxId, bloating, constipation, weight_loss, fatigue, loss_of_appetite, nausea, vomiting, abdominal_distension) VALUES (2391, true, true, true, true, true, true, true, true);
INSERT INTO Cases (diagnosisId, age, gender, majorSx, minorSx, painId) VALUES (12, 81, 'F', 2390, 2391, 2390);
INSERT INTO Positions (posId, anal, left_lower_quadrant, right_lower_quadrant, periumbilical, suprapubic, pelvic) VALUES (2392, true, true, true, true, true, true);
INSERT INTO Positions (posId, lower_back) VALUES (2393, true);
INSERT INTO Pain (pid, positionId, referred_pain_position, dull, four_hours, eight_hours, one_day, two_days, one_week, one_month, six_months, worse_with_eating) VALUES (2392, 2392, 2393, true, true, true, true, true, true, true, true, false);
INSERT INTO Symptoms (sxId, hematochesia, melena, diarrhea, fever) VALUES (2392, true, true, false, true);
INSERT INTO Symptoms (sxId, bloating, constipation, weight_loss, fatigue, loss_of_appetite, nausea, vomiting, abdominal_distension) VALUES (2393, true, true, true, true, true, true, false, true);
INSERT INTO Cases (diagnosisId, age, gender, majorSx, minorSx, painId) VALUES (12, 84, 'M', 2392, 2393, 2392);
INSERT INTO Positions (posId, anal, left_lower_quadrant, right_lower_quadrant, periumbilical, suprapubic, pelvic) VALUES (2394, true, true, true, true, true, true);
INSERT INTO Positions (posId, lower_back) VALUES (2395, true);
INSERT INTO Pain (pid, positionId, referred_pain_position, dull, four_hours, eight_hours, one_day, two_days, one_week, one_month, six_months, worse_with_eating) VALUES (2394, 2394, 2395, true, true, true, true, true, true, true, true, true);
INSERT INTO Symptoms (sxId, hematochesia, melena, diarrhea, fever) VALUES (2394, true, true, true, true);
INSERT INTO Symptoms (sxId, bloating, constipation, weight_loss, fatigue, loss_of_appetite, nausea, vomiting, abdominal_distension) VALUES (2395, true, true, true, true, false, true, true, true);
INSERT INTO Cases (diagnosisId, age, gender, majorSx, minorSx, painId) VALUES (12, 87, 'M', 2394, 2395, 2394);
INSERT INTO Positions (posId, anal, left_lower_quadrant, right_lower_quadrant, periumbilical, suprapubic, pelvic) VALUES (2396, true, true, true, true, true, true);
INSERT INTO Positions (posId, lower_back) VALUES (2397, true);
INSERT INTO Pain (pid, positionId, referred_pain_position, dull, four_hours, eight_hours, one_day, two_days, one_week, one_month, six_months, worse_with_eating) VALUES (2396, 2396, 2397, true, false, false, true, true, true, false, true, false);
INSERT INTO Symptoms (sxId, hematochesia, melena, diarrhea, fever) VALUES (2396, true, true, true, true);
INSERT INTO Symptoms (sxId, bloating, constipation, weight_loss, fatigue, loss_of_appetite, nausea, vomiting, abdominal_distension) VALUES (2397, true, true, true, true, true, true, true, true);
INSERT INTO Cases (diagnosisId, age, gender, majorSx, minorSx, painId) VALUES (12, 90, 'M', 2396, 2397, 2396);
INSERT INTO Positions (posId, anal, left_lower_quadrant, right_lower_quadrant, periumbilical, suprapubic, pelvic) VALUES (2398, true, true, false, true, true, false);
INSERT INTO Positions (posId, lower_back) VALUES (2399, true);
INSERT INTO Pain (pid, positionId, referred_pain_position, dull, four_hours, eight_hours, one_day, two_days, one_week, one_month, six_months, worse_with_eating) VALUES (2398, 2398, 2399, false, false, true, true, true, true, true, true, true);
INSERT INTO Symptoms (sxId, hematochesia, melena, diarrhea, fever) VALUES (2398, true, true, true, true);
INSERT INTO Symptoms (sxId, bloating, constipation, weight_loss, fatigue, loss_of_appetite, nausea, vomiting, abdominal_distension) VALUES (2399, true, true, true, true, true, true, true, true);
INSERT INTO Cases (diagnosisId, age, gender, majorSx, minorSx, painId) VALUES (12, 92, 'M', 2398, 2399, 2398);
INSERT INTO Positions (posId, anal, left_lower_quadrant, right_lower_quadrant, periumbilical, suprapubic, pelvic) VALUES (2400, true, true, true, true, true, true);
INSERT INTO Positions (posId, lower_back) VALUES (2401, true);
INSERT INTO Pain (pid, positionId, referred_pain_position, dull, four_hours, eight_hours, one_day, two_days, one_week, one_month, six_months, worse_with_eating) VALUES (2400, 2400, 2401, true, true, true, true, true, true, false, true, true);
INSERT INTO Symptoms (sxId, hematochesia, melena, diarrhea, fever) VALUES (2400, true, true, true, true);
INSERT INTO Symptoms (sxId, bloating, constipation, weight_loss, fatigue, loss_of_appetite, nausea, vomiting, abdominal_distension) VALUES (2401, false, true, true, false, true, true, true, true);
INSERT INTO Cases (diagnosisId, age, gender, majorSx, minorSx, painId) VALUES (12, 104, 'F', 2400, 2401, 2400);
Insert INTO Diagnosis (dId, dname) Values (13, 'Ulcerative');
INSERT INTO Positions (posId, anal, left_lower_quadrant, pelvic) VALUES (2402, true, true, true);
INSERT INTO Positions (posId, lower_back) VALUES (2403, true);
INSERT INTO Pain (pid, positionId, referred_pain_position, dull, four_hours, eight_hours, one_day, two_days, one_week, one_month, six_months, worse_with_eating) VALUES (2402, 2402, 2403, true, true, true, false, false, true, true, true, true);
INSERT INTO Symptoms (sxId, hematochesia, melena, diarrhea, fever) VALUES (2402, true, true, true, true);
INSERT INTO Symptoms (sxId, bloating, constipation, weight_loss, fatigue, loss_of_appetite) VALUES (2403, true, true, true, false, true);
INSERT INTO Cases (diagnosisId, age, gender, majorSx, minorSx, painId) VALUES (13, 18, 'M', 2402, 2403, 2402);
INSERT INTO Positions (posId, anal, left_lower_quadrant, pelvic) VALUES (2404, true, true, true);
INSERT INTO Positions (posId, lower_back) VALUES (2405, true);
INSERT INTO Pain (pid, positionId, referred_pain_position, dull, four_hours, eight_hours, one_day, two_days, one_week, one_month, six_months, worse_with_eating) VALUES (2404, 2404, 2405, true, true, true, true, true, true, true, true, true);
INSERT INTO Symptoms (sxId, hematochesia, melena, diarrhea, fever) VALUES (2404, false, true, true, true);
INSERT INTO Symptoms (sxId, bloating, constipation, weight_loss, fatigue, loss_of_appetite) VALUES (2405, true, true, true, true, false);
INSERT INTO Cases (diagnosisId, age, gender, majorSx, minorSx, painId) VALUES (13, 18, 'M', 2404, 2405, 2404);
INSERT INTO Positions (posId, anal, left_lower_quadrant, pelvic) VALUES (2406, true, true, true);
INSERT INTO Positions (posId, lower_back) VALUES (2407, true);
INSERT INTO Pain (pid, positionId, referred_pain_position, dull, four_hours, eight_hours, one_day, two_days, one_week, one_month, six_months, worse_with_eating) VALUES (2406, 2406, 2407, true, true, true, true, true, true, true, true, true);
INSERT INTO Symptoms (sxId, hematochesia, melena, diarrhea, fever) VALUES (2406, true, true, false, true);
INSERT INTO Symptoms (sxId, bloating, constipation, weight_loss, fatigue, loss_of_appetite) VALUES (2407, true, true, true, true, true);
INSERT INTO Cases (diagnosisId, age, gender, majorSx, minorSx, painId) VALUES (13, 21, 'F', 2406, 2407, 2406);
INSERT INTO Positions (posId, anal, left_lower_quadrant, pelvic) VALUES (2408, true, true, true);
INSERT INTO Positions (posId, lower_back) VALUES (2409, true);
INSERT INTO Pain (pid, positionId, referred_pain_position, dull, four_hours, eight_hours, one_day, two_days, one_week, one_month, six_months, worse_with_eating) VALUES (2408, 2408, 2409, false, true, true, true, true, false, true, true, true);
INSERT INTO Symptoms (sxId, hematochesia, melena, diarrhea, fever) VALUES (2408, true, true, true, true);
INSERT INTO Symptoms (sxId, bloating, constipation, weight_loss, fatigue, loss_of_appetite) VALUES (2409, true, false, true, true, true);
INSERT INTO Cases (diagnosisId, age, gender, majorSx, minorSx, painId) VALUES (13, 21, 'M', 2408, 2409, 2408);
INSERT INTO Positions (posId, anal, left_lower_quadrant, pelvic) VALUES (2410, true, true, true);
INSERT INTO Positions (posId, lower_back) VALUES (2411, true);
INSERT INTO Pain (pid, positionId, referred_pain_position, dull, four_hours, eight_hours, one_day, two_days, one_week, one_month, six_months, worse_with_eating) VALUES (2410, 2410, 2411, false, true, true, true, true, true, false, true, true);
INSERT INTO Symptoms (sxId, hematochesia, melena, diarrhea, fever) VALUES (2410, true, true, false, true);
INSERT INTO Symptoms (sxId, bloating, constipation, weight_loss, fatigue, loss_of_appetite) VALUES (2411, true, true, true, true, true);
INSERT INTO Cases (diagnosisId, age, gender, majorSx, minorSx, painId) VALUES (13, 25, 'F', 2410, 2411, 2410);
INSERT INTO Positions (posId, anal, left_lower_quadrant, pelvic) VALUES (2412, true, true, true);
INSERT INTO Positions (posId, lower_back) VALUES (2413, true);
INSERT INTO Pain (pid, positionId, referred_pain_position, dull, four_hours, eight_hours, one_day, two_days, one_week, one_month, six_months, worse_with_eating) VALUES (2412, 2412, 2413, true, true, true, true, true, true, true, true, true);
INSERT INTO Symptoms (sxId, hematochesia, melena, diarrhea, fever) VALUES (2412, false, true, true, true);
INSERT INTO Symptoms (sxId, bloating, constipation, weight_loss, fatigue, loss_of_appetite) VALUES (2413, true, true, true, false, true);
INSERT INTO Cases (diagnosisId, age, gender, majorSx, minorSx, painId) VALUES (13, 26, 'F', 2412, 2413, 2412);
INSERT INTO Positions (posId, anal, left_lower_quadrant, pelvic) VALUES (2414, true, true, true);
INSERT INTO Positions (posId, lower_back) VALUES (2415, true);
INSERT INTO Pain (pid, positionId, referred_pain_position, dull, four_hours, eight_hours, one_day, two_days, one_week, one_month, six_months, worse_with_eating) VALUES (2414, 2414, 2415, true, true, true, true, true, true, true, true, true);
INSERT INTO Symptoms (sxId, hematochesia, melena, diarrhea, fever) VALUES (2414, true, true, true, true);
INSERT INTO Symptoms (sxId, bloating, constipation, weight_loss, fatigue, loss_of_appetite) VALUES (2415, true, true, true, true, true);
INSERT INTO Cases (diagnosisId, age, gender, majorSx, minorSx, painId) VALUES (13, 30, 'M', 2414, 2415, 2414);
INSERT INTO Positions (posId, anal, left_lower_quadrant, pelvic) VALUES (2416, true, true, true);
INSERT INTO Positions (posId, lower_back) VALUES (2417, true);
INSERT INTO Pain (pid, positionId, referred_pain_position, dull, four_hours, eight_hours, one_day, two_days, one_week, one_month, six_months, worse_with_eating) VALUES (2416, 2416, 2417, true, true, true, true, true, true, true, true, true);
INSERT INTO Symptoms (sxId, hematochesia, melena, diarrhea, fever) VALUES (2416, true, true, true, true);
INSERT INTO Symptoms (sxId, bloating, constipation, weight_loss, fatigue, loss_of_appetite) VALUES (2417, true, true, true, true, true);
INSERT INTO Cases (diagnosisId, age, gender, majorSx, minorSx, painId) VALUES (13, 30, 'M', 2416, 2417, 2416);
INSERT INTO Positions (posId, anal, left_lower_quadrant, pelvic) VALUES (2418, true, true, true);
INSERT INTO Positions (posId, lower_back) VALUES (2419, true);
INSERT INTO Pain (pid, positionId, referred_pain_position, dull, four_hours, eight_hours, one_day, two_days, one_week, one_month, six_months, worse_with_eating) VALUES (2418, 2418, 2419, true, false, true, true, true, true, true, true, true);
INSERT INTO Symptoms (sxId, hematochesia, melena, diarrhea, fever) VALUES (2418, true, true, false, true);
INSERT INTO Symptoms (sxId, bloating, constipation, weight_loss, fatigue, loss_of_appetite) VALUES (2419, true, true, true, true, true);
INSERT INTO Cases (diagnosisId, age, gender, majorSx, minorSx, painId) VALUES (13, 29, 'M', 2418, 2419, 2418);
INSERT INTO Positions (posId, anal, left_lower_quadrant, pelvic) VALUES (2420, true, true, true);
INSERT INTO Positions (posId, lower_back) VALUES (2421, true);
INSERT INTO Pain (pid, positionId, referred_pain_position, dull, four_hours, eight_hours, one_day, two_days, one_week, one_month, six_months, worse_with_eating) VALUES (2420, 2420, 2421, true, true, true, true, true, true, true, true, true);
INSERT INTO Symptoms (sxId, hematochesia, melena, diarrhea, fever) VALUES (2420, true, true, true, true);
INSERT INTO Symptoms (sxId, bloating, constipation, weight_loss, fatigue, loss_of_appetite) VALUES (2421, true, true, true, false, true);
INSERT INTO Cases (diagnosisId, age, gender, majorSx, minorSx, painId) VALUES (13, 34, 'M', 2420, 2421, 2420);
INSERT INTO Positions (posId, anal, left_lower_quadrant, pelvic) VALUES (2422, true, true, true);
INSERT INTO Positions (posId, lower_back) VALUES (2423, false);
INSERT INTO Pain (pid, positionId, referred_pain_position, dull, four_hours, eight_hours, one_day, two_days, one_week, one_month, six_months, worse_with_eating) VALUES (2422, 2422, 2423, true, true, true, true, true, true, true, true, true);
INSERT INTO Symptoms (sxId, hematochesia, melena, diarrhea, fever) VALUES (2422, true, true, true, true);
INSERT INTO Symptoms (sxId, bloating, constipation, weight_loss, fatigue, loss_of_appetite) VALUES (2423, true, true, true, true, true);
INSERT INTO Cases (diagnosisId, age, gender, majorSx, minorSx, painId) VALUES (13, 33, 'F', 2422, 2423, 2422);
INSERT INTO Positions (posId, anal, left_lower_quadrant, pelvic) VALUES (2424, true, true, true);
INSERT INTO Positions (posId, lower_back) VALUES (2425, true);
INSERT INTO Pain (pid, positionId, referred_pain_position, dull, four_hours, eight_hours, one_day, two_days, one_week, one_month, six_months, worse_with_eating) VALUES (2424, 2424, 2425, true, true, true, true, true, true, true, true, true);
INSERT INTO Symptoms (sxId, hematochesia, melena, diarrhea, fever) VALUES (2424, true, true, true, true);
INSERT INTO Symptoms (sxId, bloating, constipation, weight_loss, fatigue, loss_of_appetite) VALUES (2425, true, true, true, true, true);
INSERT INTO Cases (diagnosisId, age, gender, majorSx, minorSx, painId) VALUES (13, 31, 'M', 2424, 2425, 2424);
INSERT INTO Positions (posId, anal, left_lower_quadrant, pelvic) VALUES (2426, true, true, true);
INSERT INTO Positions (posId, lower_back) VALUES (2427, true);
INSERT INTO Pain (pid, positionId, referred_pain_position, dull, four_hours, eight_hours, one_day, two_days, one_week, one_month, six_months, worse_with_eating) VALUES (2426, 2426, 2427, true, true, true, true, true, true, true, true, true);
INSERT INTO Symptoms (sxId, hematochesia, melena, diarrhea, fever) VALUES (2426, true, true, true, true);
INSERT INTO Symptoms (sxId, bloating, constipation, weight_loss, fatigue, loss_of_appetite) VALUES (2427, false, true, true, true, true);
INSERT INTO Cases (diagnosisId, age, gender, majorSx, minorSx, painId) VALUES (13, 35, 'M', 2426, 2427, 2426);
INSERT INTO Positions (posId, anal, left_lower_quadrant, pelvic) VALUES (2428, true, true, false);
INSERT INTO Positions (posId, lower_back) VALUES (2429, false);
INSERT INTO Pain (pid, positionId, referred_pain_position, dull, four_hours, eight_hours, one_day, two_days, one_week, one_month, six_months, worse_with_eating) VALUES (2428, 2428, 2429, true, true, true, true, true, true, true, false, true);
INSERT INTO Symptoms (sxId, hematochesia, melena, diarrhea, fever) VALUES (2428, false, true, true, true);
INSERT INTO Symptoms (sxId, bloating, constipation, weight_loss, fatigue, loss_of_appetite) VALUES (2429, true, true, false, true, true);
INSERT INTO Cases (diagnosisId, age, gender, majorSx, minorSx, painId) VALUES (13, 33, 'M', 2428, 2429, 2428);
INSERT INTO Positions (posId, anal, left_lower_quadrant, pelvic) VALUES (2430, false, true, true);
INSERT INTO Positions (posId, lower_back) VALUES (2431, true);
INSERT INTO Pain (pid, positionId, referred_pain_position, dull, four_hours, eight_hours, one_day, two_days, one_week, one_month, six_months, worse_with_eating) VALUES (2430, 2430, 2431, true, true, true, true, true, true, true, true, true);
INSERT INTO Symptoms (sxId, hematochesia, melena, diarrhea, fever) VALUES (2430, true, true, true, true);
INSERT INTO Symptoms (sxId, bloating, constipation, weight_loss, fatigue, loss_of_appetite) VALUES (2431, true, true, true, true, true);
INSERT INTO Cases (diagnosisId, age, gender, majorSx, minorSx, painId) VALUES (13, 39, 'M', 2430, 2431, 2430);
INSERT INTO Positions (posId, anal, left_lower_quadrant, pelvic) VALUES (2432, true, true, true);
INSERT INTO Positions (posId, lower_back) VALUES (2433, true);
INSERT INTO Pain (pid, positionId, referred_pain_position, dull, four_hours, eight_hours, one_day, two_days, one_week, one_month, six_months, worse_with_eating) VALUES (2432, 2432, 2433, true, false, true, true, true, true, true, true, true);
INSERT INTO Symptoms (sxId, hematochesia, melena, diarrhea, fever) VALUES (2432, true, true, true, true);
INSERT INTO Symptoms (sxId, bloating, constipation, weight_loss, fatigue, loss_of_appetite) VALUES (2433, true, true, true, true, true);
INSERT INTO Cases (diagnosisId, age, gender, majorSx, minorSx, painId) VALUES (13, 40, 'F', 2432, 2433, 2432);
INSERT INTO Positions (posId, anal, left_lower_quadrant, pelvic) VALUES (2434, true, true, true);
INSERT INTO Positions (posId, lower_back) VALUES (2435, true);
INSERT INTO Pain (pid, positionId, referred_pain_position, dull, four_hours, eight_hours, one_day, two_days, one_week, one_month, six_months, worse_with_eating) VALUES (2434, 2434, 2435, true, true, true, true, true, true, true, true, true);
INSERT INTO Symptoms (sxId, hematochesia, melena, diarrhea, fever) VALUES (2434, true, true, true, true);
INSERT INTO Symptoms (sxId, bloating, constipation, weight_loss, fatigue, loss_of_appetite) VALUES (2435, true, true, true, false, true);
INSERT INTO Cases (diagnosisId, age, gender, majorSx, minorSx, painId) VALUES (13, 40, 'F', 2434, 2435, 2434);
INSERT INTO Positions (posId, anal, left_lower_quadrant, pelvic) VALUES (2436, true, true, true);
INSERT INTO Positions (posId, lower_back) VALUES (2437, true);
INSERT INTO Pain (pid, positionId, referred_pain_position, dull, four_hours, eight_hours, one_day, two_days, one_week, one_month, six_months, worse_with_eating) VALUES (2436, 2436, 2437, true, true, true, true, true, true, true, true, true);
INSERT INTO Symptoms (sxId, hematochesia, melena, diarrhea, fever) VALUES (2436, true, true, true, true);
INSERT INTO Symptoms (sxId, bloating, constipation, weight_loss, fatigue, loss_of_appetite) VALUES (2437, true, true, true, true, true);
INSERT INTO Cases (diagnosisId, age, gender, majorSx, minorSx, painId) VALUES (13, 37, 'M', 2436, 2437, 2436);
INSERT INTO Positions (posId, anal, left_lower_quadrant, pelvic) VALUES (2438, true, true, true);
INSERT INTO Positions (posId, lower_back) VALUES (2439, true);
INSERT INTO Pain (pid, positionId, referred_pain_position, dull, four_hours, eight_hours, one_day, two_days, one_week, one_month, six_months, worse_with_eating) VALUES (2438, 2438, 2439, true, false, true, true, true, true, true, true, true);
INSERT INTO Symptoms (sxId, hematochesia, melena, diarrhea, fever) VALUES (2438, true, true, true, true);
INSERT INTO Symptoms (sxId, bloating, constipation, weight_loss, fatigue, loss_of_appetite) VALUES (2439, true, true, true, true, true);
INSERT INTO Cases (diagnosisId, age, gender, majorSx, minorSx, painId) VALUES (13, 38, 'F', 2438, 2439, 2438);
INSERT INTO Positions (posId, anal, left_lower_quadrant, pelvic) VALUES (2440, true, true, true);
INSERT INTO Positions (posId, lower_back) VALUES (2441, true);
INSERT INTO Pain (pid, positionId, referred_pain_position, dull, four_hours, eight_hours, one_day, two_days, one_week, one_month, six_months, worse_with_eating) VALUES (2440, 2440, 2441, true, true, true, true, true, true, true, true, false);
INSERT INTO Symptoms (sxId, hematochesia, melena, diarrhea, fever) VALUES (2440, true, false, true, true);
INSERT INTO Symptoms (sxId, bloating, constipation, weight_loss, fatigue, loss_of_appetite) VALUES (2441, false, false, true, true, true);
INSERT INTO Cases (diagnosisId, age, gender, majorSx, minorSx, painId) VALUES (13, 42, 'F', 2440, 2441, 2440);
INSERT INTO Positions (posId, anal, left_lower_quadrant, pelvic) VALUES (2442, true, true, true);
INSERT INTO Positions (posId, lower_back) VALUES (2443, true);
INSERT INTO Pain (pid, positionId, referred_pain_position, dull, four_hours, eight_hours, one_day, two_days, one_week, one_month, six_months, worse_with_eating) VALUES (2442, 2442, 2443, true, true, true, true, true, false, true, true, true);
INSERT INTO Symptoms (sxId, hematochesia, melena, diarrhea, fever) VALUES (2442, true, true, true, true);
INSERT INTO Symptoms (sxId, bloating, constipation, weight_loss, fatigue, loss_of_appetite) VALUES (2443, false, true, true, true, true);
INSERT INTO Cases (diagnosisId, age, gender, majorSx, minorSx, painId) VALUES (13, 43, 'M', 2442, 2443, 2442);
INSERT INTO Positions (posId, anal, left_lower_quadrant, pelvic) VALUES (2444, true, true, true);
INSERT INTO Positions (posId, lower_back) VALUES (2445, true);
INSERT INTO Pain (pid, positionId, referred_pain_position, dull, four_hours, eight_hours, one_day, two_days, one_week, one_month, six_months, worse_with_eating) VALUES (2444, 2444, 2445, true, true, true, true, true, true, true, true, true);
INSERT INTO Symptoms (sxId, hematochesia, melena, diarrhea, fever) VALUES (2444, true, true, true, true);
INSERT INTO Symptoms (sxId, bloating, constipation, weight_loss, fatigue, loss_of_appetite) VALUES (2445, false, true, true, false, true);
INSERT INTO Cases (diagnosisId, age, gender, majorSx, minorSx, painId) VALUES (13, 42, 'M', 2444, 2445, 2444);
INSERT INTO Positions (posId, anal, left_lower_quadrant, pelvic) VALUES (2446, true, true, true);
INSERT INTO Positions (posId, lower_back) VALUES (2447, true);
INSERT INTO Pain (pid, positionId, referred_pain_position, dull, four_hours, eight_hours, one_day, two_days, one_week, one_month, six_months, worse_with_eating) VALUES (2446, 2446, 2447, true, true, true, true, true, true, true, false, false);
INSERT INTO Symptoms (sxId, hematochesia, melena, diarrhea, fever) VALUES (2446, true, true, true, true);
INSERT INTO Symptoms (sxId, bloating, constipation, weight_loss, fatigue, loss_of_appetite) VALUES (2447, true, true, true, true, true);
INSERT INTO Cases (diagnosisId, age, gender, majorSx, minorSx, painId) VALUES (13, 44, 'M', 2446, 2447, 2446);
INSERT INTO Positions (posId, anal, left_lower_quadrant, pelvic) VALUES (2448, true, true, true);
INSERT INTO Positions (posId, lower_back) VALUES (2449, true);
INSERT INTO Pain (pid, positionId, referred_pain_position, dull, four_hours, eight_hours, one_day, two_days, one_week, one_month, six_months, worse_with_eating) VALUES (2448, 2448, 2449, true, false, true, true, true, true, false, true, true);
INSERT INTO Symptoms (sxId, hematochesia, melena, diarrhea, fever) VALUES (2448, true, true, true, true);
INSERT INTO Symptoms (sxId, bloating, constipation, weight_loss, fatigue, loss_of_appetite) VALUES (2449, true, true, true, true, true);
INSERT INTO Cases (diagnosisId, age, gender, majorSx, minorSx, painId) VALUES (13, 44, 'M', 2448, 2449, 2448);
INSERT INTO Positions (posId, anal, left_lower_quadrant, pelvic) VALUES (2450, true, true, true);
INSERT INTO Positions (posId, lower_back) VALUES (2451, true);
INSERT INTO Pain (pid, positionId, referred_pain_position, dull, four_hours, eight_hours, one_day, two_days, one_week, one_month, six_months, worse_with_eating) VALUES (2450, 2450, 2451, true, true, true, true, true, false, true, true, true);
INSERT INTO Symptoms (sxId, hematochesia, melena, diarrhea, fever) VALUES (2450, true, false, true, true);
INSERT INTO Symptoms (sxId, bloating, constipation, weight_loss, fatigue, loss_of_appetite) VALUES (2451, true, true, false, false, true);
INSERT INTO Cases (diagnosisId, age, gender, majorSx, minorSx, painId) VALUES (13, 45, 'M', 2450, 2451, 2450);
INSERT INTO Positions (posId, anal, left_lower_quadrant, pelvic) VALUES (2452, true, false, true);
INSERT INTO Positions (posId, lower_back) VALUES (2453, true);
INSERT INTO Pain (pid, positionId, referred_pain_position, dull, four_hours, eight_hours, one_day, two_days, one_week, one_month, six_months, worse_with_eating) VALUES (2452, 2452, 2453, true, true, true, true, true, true, true, true, true);
INSERT INTO Symptoms (sxId, hematochesia, melena, diarrhea, fever) VALUES (2452, true, true, true, true);
INSERT INTO Symptoms (sxId, bloating, constipation, weight_loss, fatigue, loss_of_appetite) VALUES (2453, true, true, true, true, true);
INSERT INTO Cases (diagnosisId, age, gender, majorSx, minorSx, painId) VALUES (13, 43, 'M', 2452, 2453, 2452);
INSERT INTO Positions (posId, anal, left_lower_quadrant, pelvic) VALUES (2454, true, true, true);
INSERT INTO Positions (posId, lower_back) VALUES (2455, true);
INSERT INTO Pain (pid, positionId, referred_pain_position, dull, four_hours, eight_hours, one_day, two_days, one_week, one_month, six_months, worse_with_eating) VALUES (2454, 2454, 2455, true, true, true, true, true, true, true, true, true);
INSERT INTO Symptoms (sxId, hematochesia, melena, diarrhea, fever) VALUES (2454, true, true, true, true);
INSERT INTO Symptoms (sxId, bloating, constipation, weight_loss, fatigue, loss_of_appetite) VALUES (2455, false, true, true, true, true);
INSERT INTO Cases (diagnosisId, age, gender, majorSx, minorSx, painId) VALUES (13, 49, 'M', 2454, 2455, 2454);
INSERT INTO Positions (posId, anal, left_lower_quadrant, pelvic) VALUES (2456, true, true, true);
INSERT INTO Positions (posId, lower_back) VALUES (2457, true);
INSERT INTO Pain (pid, positionId, referred_pain_position, dull, four_hours, eight_hours, one_day, two_days, one_week, one_month, six_months, worse_with_eating) VALUES (2456, 2456, 2457, false, false, true, true, true, true, true, true, true);
INSERT INTO Symptoms (sxId, hematochesia, melena, diarrhea, fever) VALUES (2456, true, true, true, true);
INSERT INTO Symptoms (sxId, bloating, constipation, weight_loss, fatigue, loss_of_appetite) VALUES (2457, true, true, true, true, true);
INSERT INTO Cases (diagnosisId, age, gender, majorSx, minorSx, painId) VALUES (13, 49, 'M', 2456, 2457, 2456);
INSERT INTO Positions (posId, anal, left_lower_quadrant, pelvic) VALUES (2458, false, true, true);
INSERT INTO Positions (posId, lower_back) VALUES (2459, true);
INSERT INTO Pain (pid, positionId, referred_pain_position, dull, four_hours, eight_hours, one_day, two_days, one_week, one_month, six_months, worse_with_eating) VALUES (2458, 2458, 2459, true, true, true, true, true, true, true, true, true);
INSERT INTO Symptoms (sxId, hematochesia, melena, diarrhea, fever) VALUES (2458, true, true, true, true);
INSERT INTO Symptoms (sxId, bloating, constipation, weight_loss, fatigue, loss_of_appetite) VALUES (2459, false, true, true, true, false);
INSERT INTO Cases (diagnosisId, age, gender, majorSx, minorSx, painId) VALUES (13, 50, 'M', 2458, 2459, 2458);
INSERT INTO Positions (posId, anal, left_lower_quadrant, pelvic) VALUES (2460, true, true, true);
INSERT INTO Positions (posId, lower_back) VALUES (2461, true);
INSERT INTO Pain (pid, positionId, referred_pain_position, dull, four_hours, eight_hours, one_day, two_days, one_week, one_month, six_months, worse_with_eating) VALUES (2460, 2460, 2461, true, true, true, true, true, true, true, true, true);
INSERT INTO Symptoms (sxId, hematochesia, melena, diarrhea, fever) VALUES (2460, true, true, true, true);
INSERT INTO Symptoms (sxId, bloating, constipation, weight_loss, fatigue, loss_of_appetite) VALUES (2461, true, true, true, true, true);
INSERT INTO Cases (diagnosisId, age, gender, majorSx, minorSx, painId) VALUES (13, 47, 'F', 2460, 2461, 2460);
INSERT INTO Positions (posId, anal, left_lower_quadrant, pelvic) VALUES (2462, true, true, true);
INSERT INTO Positions (posId, lower_back) VALUES (2463, true);
INSERT INTO Pain (pid, positionId, referred_pain_position, dull, four_hours, eight_hours, one_day, two_days, one_week, one_month, six_months, worse_with_eating) VALUES (2462, 2462, 2463, true, true, true, true, true, true, true, false, true);
INSERT INTO Symptoms (sxId, hematochesia, melena, diarrhea, fever) VALUES (2462, false, true, true, true);
INSERT INTO Symptoms (sxId, bloating, constipation, weight_loss, fatigue, loss_of_appetite) VALUES (2463, true, true, true, false, true);
INSERT INTO Cases (diagnosisId, age, gender, majorSx, minorSx, painId) VALUES (13, 50, 'M', 2462, 2463, 2462);
INSERT INTO Positions (posId, anal, left_lower_quadrant, pelvic) VALUES (2464, true, true, true);
INSERT INTO Positions (posId, lower_back) VALUES (2465, true);
INSERT INTO Pain (pid, positionId, referred_pain_position, dull, four_hours, eight_hours, one_day, two_days, one_week, one_month, six_months, worse_with_eating) VALUES (2464, 2464, 2465, true, true, true, true, true, true, true, true, false);
INSERT INTO Symptoms (sxId, hematochesia, melena, diarrhea, fever) VALUES (2464, true, true, true, true);
INSERT INTO Symptoms (sxId, bloating, constipation, weight_loss, fatigue, loss_of_appetite) VALUES (2465, true, true, true, true, true);
INSERT INTO Cases (diagnosisId, age, gender, majorSx, minorSx, painId) VALUES (13, 49, 'M', 2464, 2465, 2464);
INSERT INTO Positions (posId, anal, left_lower_quadrant, pelvic) VALUES (2466, true, true, true);
INSERT INTO Positions (posId, lower_back) VALUES (2467, true);
INSERT INTO Pain (pid, positionId, referred_pain_position, dull, four_hours, eight_hours, one_day, two_days, one_week, one_month, six_months, worse_with_eating) VALUES (2466, 2466, 2467, true, false, true, true, true, true, true, true, true);
INSERT INTO Symptoms (sxId, hematochesia, melena, diarrhea, fever) VALUES (2466, true, true, true, true);
INSERT INTO Symptoms (sxId, bloating, constipation, weight_loss, fatigue, loss_of_appetite) VALUES (2467, true, true, true, true, true);
INSERT INTO Cases (diagnosisId, age, gender, majorSx, minorSx, painId) VALUES (13, 46, 'F', 2466, 2467, 2466);
INSERT INTO Positions (posId, anal, left_lower_quadrant, pelvic) VALUES (2468, true, true, false);
INSERT INTO Positions (posId, lower_back) VALUES (2469, true);
INSERT INTO Pain (pid, positionId, referred_pain_position, dull, four_hours, eight_hours, one_day, two_days, one_week, one_month, six_months, worse_with_eating) VALUES (2468, 2468, 2469, true, true, true, true, true, false, false, true, true);
INSERT INTO Symptoms (sxId, hematochesia, melena, diarrhea, fever) VALUES (2468, true, true, true, true);
INSERT INTO Symptoms (sxId, bloating, constipation, weight_loss, fatigue, loss_of_appetite) VALUES (2469, true, false, true, true, true);
INSERT INTO Cases (diagnosisId, age, gender, majorSx, minorSx, painId) VALUES (13, 46, 'M', 2468, 2469, 2468);
INSERT INTO Positions (posId, anal, left_lower_quadrant, pelvic) VALUES (2470, true, true, true);
INSERT INTO Positions (posId, lower_back) VALUES (2471, true);
INSERT INTO Pain (pid, positionId, referred_pain_position, dull, four_hours, eight_hours, one_day, two_days, one_week, one_month, six_months, worse_with_eating) VALUES (2470, 2470, 2471, true, true, true, true, true, true, true, true, true);
INSERT INTO Symptoms (sxId, hematochesia, melena, diarrhea, fever) VALUES (2470, false, true, true, true);
INSERT INTO Symptoms (sxId, bloating, constipation, weight_loss, fatigue, loss_of_appetite) VALUES (2471, true, true, false, true, true);
INSERT INTO Cases (diagnosisId, age, gender, majorSx, minorSx, painId) VALUES (13, 47, 'M', 2470, 2471, 2470);
INSERT INTO Positions (posId, anal, left_lower_quadrant, pelvic) VALUES (2472, false, true, true);
INSERT INTO Positions (posId, lower_back) VALUES (2473, true);
INSERT INTO Pain (pid, positionId, referred_pain_position, dull, four_hours, eight_hours, one_day, two_days, one_week, one_month, six_months, worse_with_eating) VALUES (2472, 2472, 2473, true, true, true, true, true, true, true, true, true);
INSERT INTO Symptoms (sxId, hematochesia, melena, diarrhea, fever) VALUES (2472, true, true, true, true);
INSERT INTO Symptoms (sxId, bloating, constipation, weight_loss, fatigue, loss_of_appetite) VALUES (2473, true, true, true, true, true);
INSERT INTO Cases (diagnosisId, age, gender, majorSx, minorSx, painId) VALUES (13, 46, 'M', 2472, 2473, 2472);
INSERT INTO Positions (posId, anal, left_lower_quadrant, pelvic) VALUES (2474, true, true, true);
INSERT INTO Positions (posId, lower_back) VALUES (2475, true);
INSERT INTO Pain (pid, positionId, referred_pain_position, dull, four_hours, eight_hours, one_day, two_days, one_week, one_month, six_months, worse_with_eating) VALUES (2474, 2474, 2475, true, false, true, true, true, true, true, true, true);
INSERT INTO Symptoms (sxId, hematochesia, melena, diarrhea, fever) VALUES (2474, true, true, true, true);
INSERT INTO Symptoms (sxId, bloating, constipation, weight_loss, fatigue, loss_of_appetite) VALUES (2475, true, true, true, true, true);
INSERT INTO Cases (diagnosisId, age, gender, majorSx, minorSx, painId) VALUES (13, 53, 'M', 2474, 2475, 2474);
INSERT INTO Positions (posId, anal, left_lower_quadrant, pelvic) VALUES (2476, true, true, true);
INSERT INTO Positions (posId, lower_back) VALUES (2477, true);
INSERT INTO Pain (pid, positionId, referred_pain_position, dull, four_hours, eight_hours, one_day, two_days, one_week, one_month, six_months, worse_with_eating) VALUES (2476, 2476, 2477, true, true, true, true, true, true, true, true, true);
INSERT INTO Symptoms (sxId, hematochesia, melena, diarrhea, fever) VALUES (2476, true, true, false, true);
INSERT INTO Symptoms (sxId, bloating, constipation, weight_loss, fatigue, loss_of_appetite) VALUES (2477, true, true, true, true, true);
INSERT INTO Cases (diagnosisId, age, gender, majorSx, minorSx, painId) VALUES (13, 51, 'M', 2476, 2477, 2476);
INSERT INTO Positions (posId, anal, left_lower_quadrant, pelvic) VALUES (2478, false, true, true);
INSERT INTO Positions (posId, lower_back) VALUES (2479, true);
INSERT INTO Pain (pid, positionId, referred_pain_position, dull, four_hours, eight_hours, one_day, two_days, one_week, one_month, six_months, worse_with_eating) VALUES (2478, 2478, 2479, true, true, true, true, true, true, true, true, true);
INSERT INTO Symptoms (sxId, hematochesia, melena, diarrhea, fever) VALUES (2478, true, true, false, true);
INSERT INTO Symptoms (sxId, bloating, constipation, weight_loss, fatigue, loss_of_appetite) VALUES (2479, true, false, true, true, true);
INSERT INTO Cases (diagnosisId, age, gender, majorSx, minorSx, painId) VALUES (13, 53, 'F', 2478, 2479, 2478);
INSERT INTO Positions (posId, anal, left_lower_quadrant, pelvic) VALUES (2480, false, true, true);
INSERT INTO Positions (posId, lower_back) VALUES (2481, true);
INSERT INTO Pain (pid, positionId, referred_pain_position, dull, four_hours, eight_hours, one_day, two_days, one_week, one_month, six_months, worse_with_eating) VALUES (2480, 2480, 2481, true, true, true, true, true, true, false, true, true);
INSERT INTO Symptoms (sxId, hematochesia, melena, diarrhea, fever) VALUES (2480, true, true, true, true);
INSERT INTO Symptoms (sxId, bloating, constipation, weight_loss, fatigue, loss_of_appetite) VALUES (2481, true, true, true, true, false);
INSERT INTO Cases (diagnosisId, age, gender, majorSx, minorSx, painId) VALUES (13, 52, 'M', 2480, 2481, 2480);
INSERT INTO Positions (posId, anal, left_lower_quadrant, pelvic) VALUES (2482, true, true, true);
INSERT INTO Positions (posId, lower_back) VALUES (2483, true);
INSERT INTO Pain (pid, positionId, referred_pain_position, dull, four_hours, eight_hours, one_day, two_days, one_week, one_month, six_months, worse_with_eating) VALUES (2482, 2482, 2483, true, true, true, true, true, true, true, true, false);
INSERT INTO Symptoms (sxId, hematochesia, melena, diarrhea, fever) VALUES (2482, false, false, true, true);
INSERT INTO Symptoms (sxId, bloating, constipation, weight_loss, fatigue, loss_of_appetite) VALUES (2483, true, true, true, true, true);
INSERT INTO Cases (diagnosisId, age, gender, majorSx, minorSx, painId) VALUES (13, 53, 'M', 2482, 2483, 2482);
INSERT INTO Positions (posId, anal, left_lower_quadrant, pelvic) VALUES (2484, true, true, true);
INSERT INTO Positions (posId, lower_back) VALUES (2485, true);
INSERT INTO Pain (pid, positionId, referred_pain_position, dull, four_hours, eight_hours, one_day, two_days, one_week, one_month, six_months, worse_with_eating) VALUES (2484, 2484, 2485, true, true, true, true, true, true, false, true, true);
INSERT INTO Symptoms (sxId, hematochesia, melena, diarrhea, fever) VALUES (2484, false, true, true, true);
INSERT INTO Symptoms (sxId, bloating, constipation, weight_loss, fatigue, loss_of_appetite) VALUES (2485, true, true, true, true, true);
INSERT INTO Cases (diagnosisId, age, gender, majorSx, minorSx, painId) VALUES (13, 53, 'M', 2484, 2485, 2484);
INSERT INTO Positions (posId, anal, left_lower_quadrant, pelvic) VALUES (2486, false, true, true);
INSERT INTO Positions (posId, lower_back) VALUES (2487, true);
INSERT INTO Pain (pid, positionId, referred_pain_position, dull, four_hours, eight_hours, one_day, two_days, one_week, one_month, six_months, worse_with_eating) VALUES (2486, 2486, 2487, true, true, true, true, true, true, true, true, true);
INSERT INTO Symptoms (sxId, hematochesia, melena, diarrhea, fever) VALUES (2486, true, true, true, true);
INSERT INTO Symptoms (sxId, bloating, constipation, weight_loss, fatigue, loss_of_appetite) VALUES (2487, true, true, true, true, true);
INSERT INTO Cases (diagnosisId, age, gender, majorSx, minorSx, painId) VALUES (13, 54, 'M', 2486, 2487, 2486);
INSERT INTO Positions (posId, anal, left_lower_quadrant, pelvic) VALUES (2488, true, true, true);
INSERT INTO Positions (posId, lower_back) VALUES (2489, true);
INSERT INTO Pain (pid, positionId, referred_pain_position, dull, four_hours, eight_hours, one_day, two_days, one_week, one_month, six_months, worse_with_eating) VALUES (2488, 2488, 2489, true, true, true, true, false, true, true, true, true);
INSERT INTO Symptoms (sxId, hematochesia, melena, diarrhea, fever) VALUES (2488, true, true, true, true);
INSERT INTO Symptoms (sxId, bloating, constipation, weight_loss, fatigue, loss_of_appetite) VALUES (2489, true, true, true, true, true);
INSERT INTO Cases (diagnosisId, age, gender, majorSx, minorSx, painId) VALUES (13, 52, 'M', 2488, 2489, 2488);
INSERT INTO Positions (posId, anal, left_lower_quadrant, pelvic) VALUES (2490, false, true, true);
INSERT INTO Positions (posId, lower_back) VALUES (2491, true);
INSERT INTO Pain (pid, positionId, referred_pain_position, dull, four_hours, eight_hours, one_day, two_days, one_week, one_month, six_months, worse_with_eating) VALUES (2490, 2490, 2491, true, true, true, true, true, true, true, true, false);
INSERT INTO Symptoms (sxId, hematochesia, melena, diarrhea, fever) VALUES (2490, true, true, true, true);
INSERT INTO Symptoms (sxId, bloating, constipation, weight_loss, fatigue, loss_of_appetite) VALUES (2491, true, false, true, true, true);
INSERT INTO Cases (diagnosisId, age, gender, majorSx, minorSx, painId) VALUES (13, 54, 'M', 2490, 2491, 2490);
INSERT INTO Positions (posId, anal, left_lower_quadrant, pelvic) VALUES (2492, true, true, true);
INSERT INTO Positions (posId, lower_back) VALUES (2493, true);
INSERT INTO Pain (pid, positionId, referred_pain_position, dull, four_hours, eight_hours, one_day, two_days, one_week, one_month, six_months, worse_with_eating) VALUES (2492, 2492, 2493, false, true, true, true, true, true, true, true, true);
INSERT INTO Symptoms (sxId, hematochesia, melena, diarrhea, fever) VALUES (2492, true, true, true, true);
INSERT INTO Symptoms (sxId, bloating, constipation, weight_loss, fatigue, loss_of_appetite) VALUES (2493, true, true, true, true, false);
INSERT INTO Cases (diagnosisId, age, gender, majorSx, minorSx, painId) VALUES (13, 53, 'M', 2492, 2493, 2492);
INSERT INTO Positions (posId, anal, left_lower_quadrant, pelvic) VALUES (2494, true, true, true);
INSERT INTO Positions (posId, lower_back) VALUES (2495, true);
INSERT INTO Pain (pid, positionId, referred_pain_position, dull, four_hours, eight_hours, one_day, two_days, one_week, one_month, six_months, worse_with_eating) VALUES (2494, 2494, 2495, true, true, true, false, true, true, true, true, true);
INSERT INTO Symptoms (sxId, hematochesia, melena, diarrhea, fever) VALUES (2494, true, true, true, true);
INSERT INTO Symptoms (sxId, bloating, constipation, weight_loss, fatigue, loss_of_appetite) VALUES (2495, true, true, true, true, true);
INSERT INTO Cases (diagnosisId, age, gender, majorSx, minorSx, painId) VALUES (13, 56, 'F', 2494, 2495, 2494);
INSERT INTO Positions (posId, anal, left_lower_quadrant, pelvic) VALUES (2496, true, false, true);
INSERT INTO Positions (posId, lower_back) VALUES (2497, true);
INSERT INTO Pain (pid, positionId, referred_pain_position, dull, four_hours, eight_hours, one_day, two_days, one_week, one_month, six_months, worse_with_eating) VALUES (2496, 2496, 2497, false, false, true, true, true, true, true, true, true);
INSERT INTO Symptoms (sxId, hematochesia, melena, diarrhea, fever) VALUES (2496, true, true, true, true);
INSERT INTO Symptoms (sxId, bloating, constipation, weight_loss, fatigue, loss_of_appetite) VALUES (2497, true, true, true, true, false);
INSERT INTO Cases (diagnosisId, age, gender, majorSx, minorSx, painId) VALUES (13, 58, 'F', 2496, 2497, 2496);
INSERT INTO Positions (posId, anal, left_lower_quadrant, pelvic) VALUES (2498, true, true, false);
INSERT INTO Positions (posId, lower_back) VALUES (2499, true);
INSERT INTO Pain (pid, positionId, referred_pain_position, dull, four_hours, eight_hours, one_day, two_days, one_week, one_month, six_months, worse_with_eating) VALUES (2498, 2498, 2499, true, true, true, true, true, true, true, true, true);
INSERT INTO Symptoms (sxId, hematochesia, melena, diarrhea, fever) VALUES (2498, false, true, true, true);
INSERT INTO Symptoms (sxId, bloating, constipation, weight_loss, fatigue, loss_of_appetite) VALUES (2499, true, true, true, false, true);
INSERT INTO Cases (diagnosisId, age, gender, majorSx, minorSx, painId) VALUES (13, 59, 'M', 2498, 2499, 2498);
INSERT INTO Positions (posId, anal, left_lower_quadrant, pelvic) VALUES (2500, false, true, true);
INSERT INTO Positions (posId, lower_back) VALUES (2501, true);
INSERT INTO Pain (pid, positionId, referred_pain_position, dull, four_hours, eight_hours, one_day, two_days, one_week, one_month, six_months, worse_with_eating) VALUES (2500, 2500, 2501, true, false, true, true, true, true, true, true, true);
INSERT INTO Symptoms (sxId, hematochesia, melena, diarrhea, fever) VALUES (2500, true, true, true, true);
INSERT INTO Symptoms (sxId, bloating, constipation, weight_loss, fatigue, loss_of_appetite) VALUES (2501, true, true, true, true, true);
INSERT INTO Cases (diagnosisId, age, gender, majorSx, minorSx, painId) VALUES (13, 59, 'M', 2500, 2501, 2500);
INSERT INTO Positions (posId, anal, left_lower_quadrant, pelvic) VALUES (2502, true, true, true);
INSERT INTO Positions (posId, lower_back) VALUES (2503, true);
INSERT INTO Pain (pid, positionId, referred_pain_position, dull, four_hours, eight_hours, one_day, two_days, one_week, one_month, six_months, worse_with_eating) VALUES (2502, 2502, 2503, true, true, true, true, true, true, true, true, true);
INSERT INTO Symptoms (sxId, hematochesia, melena, diarrhea, fever) VALUES (2502, true, true, true, true);
INSERT INTO Symptoms (sxId, bloating, constipation, weight_loss, fatigue, loss_of_appetite) VALUES (2503, true, true, true, true, true);
INSERT INTO Cases (diagnosisId, age, gender, majorSx, minorSx, painId) VALUES (13, 58, 'M', 2502, 2503, 2502);
INSERT INTO Positions (posId, anal, left_lower_quadrant, pelvic) VALUES (2504, true, true, true);
INSERT INTO Positions (posId, lower_back) VALUES (2505, true);
INSERT INTO Pain (pid, positionId, referred_pain_position, dull, four_hours, eight_hours, one_day, two_days, one_week, one_month, six_months, worse_with_eating) VALUES (2504, 2504, 2505, true, true, true, true, true, true, true, true, true);
INSERT INTO Symptoms (sxId, hematochesia, melena, diarrhea, fever) VALUES (2504, true, true, true, true);
INSERT INTO Symptoms (sxId, bloating, constipation, weight_loss, fatigue, loss_of_appetite) VALUES (2505, true, true, true, true, true);
INSERT INTO Cases (diagnosisId, age, gender, majorSx, minorSx, painId) VALUES (13, 60, 'F', 2504, 2505, 2504);
INSERT INTO Positions (posId, anal, left_lower_quadrant, pelvic) VALUES (2506, true, true, true);
INSERT INTO Positions (posId, lower_back) VALUES (2507, true);
INSERT INTO Pain (pid, positionId, referred_pain_position, dull, four_hours, eight_hours, one_day, two_days, one_week, one_month, six_months, worse_with_eating) VALUES (2506, 2506, 2507, true, true, true, true, true, true, true, true, true);
INSERT INTO Symptoms (sxId, hematochesia, melena, diarrhea, fever) VALUES (2506, true, true, true, true);
INSERT INTO Symptoms (sxId, bloating, constipation, weight_loss, fatigue, loss_of_appetite) VALUES (2507, true, true, true, true, true);
INSERT INTO Cases (diagnosisId, age, gender, majorSx, minorSx, painId) VALUES (13, 56, 'M', 2506, 2507, 2506);
INSERT INTO Positions (posId, anal, left_lower_quadrant, pelvic) VALUES (2508, false, false, true);
INSERT INTO Positions (posId, lower_back) VALUES (2509, true);
INSERT INTO Pain (pid, positionId, referred_pain_position, dull, four_hours, eight_hours, one_day, two_days, one_week, one_month, six_months, worse_with_eating) VALUES (2508, 2508, 2509, true, true, true, true, true, true, true, true, true);
INSERT INTO Symptoms (sxId, hematochesia, melena, diarrhea, fever) VALUES (2508, true, true, true, true);
INSERT INTO Symptoms (sxId, bloating, constipation, weight_loss, fatigue, loss_of_appetite) VALUES (2509, true, true, true, true, true);
INSERT INTO Cases (diagnosisId, age, gender, majorSx, minorSx, painId) VALUES (13, 56, 'F', 2508, 2509, 2508);
INSERT INTO Positions (posId, anal, left_lower_quadrant, pelvic) VALUES (2510, true, true, true);
INSERT INTO Positions (posId, lower_back) VALUES (2511, true);
INSERT INTO Pain (pid, positionId, referred_pain_position, dull, four_hours, eight_hours, one_day, two_days, one_week, one_month, six_months, worse_with_eating) VALUES (2510, 2510, 2511, true, true, true, true, true, true, true, true, false);
INSERT INTO Symptoms (sxId, hematochesia, melena, diarrhea, fever) VALUES (2510, true, true, false, true);
INSERT INTO Symptoms (sxId, bloating, constipation, weight_loss, fatigue, loss_of_appetite) VALUES (2511, true, true, true, true, true);
INSERT INTO Cases (diagnosisId, age, gender, majorSx, minorSx, painId) VALUES (13, 58, 'M', 2510, 2511, 2510);
INSERT INTO Positions (posId, anal, left_lower_quadrant, pelvic) VALUES (2512, true, true, true);
INSERT INTO Positions (posId, lower_back) VALUES (2513, true);
INSERT INTO Pain (pid, positionId, referred_pain_position, dull, four_hours, eight_hours, one_day, two_days, one_week, one_month, six_months, worse_with_eating) VALUES (2512, 2512, 2513, false, true, true, true, true, false, true, true, true);
INSERT INTO Symptoms (sxId, hematochesia, melena, diarrhea, fever) VALUES (2512, true, true, false, true);
INSERT INTO Symptoms (sxId, bloating, constipation, weight_loss, fatigue, loss_of_appetite) VALUES (2513, true, true, true, true, true);
INSERT INTO Cases (diagnosisId, age, gender, majorSx, minorSx, painId) VALUES (13, 58, 'F', 2512, 2513, 2512);
INSERT INTO Positions (posId, anal, left_lower_quadrant, pelvic) VALUES (2514, true, true, true);
INSERT INTO Positions (posId, lower_back) VALUES (2515, true);
INSERT INTO Pain (pid, positionId, referred_pain_position, dull, four_hours, eight_hours, one_day, two_days, one_week, one_month, six_months, worse_with_eating) VALUES (2514, 2514, 2515, true, true, true, true, true, true, true, true, true);
INSERT INTO Symptoms (sxId, hematochesia, melena, diarrhea, fever) VALUES (2514, true, false, true, true);
INSERT INTO Symptoms (sxId, bloating, constipation, weight_loss, fatigue, loss_of_appetite) VALUES (2515, true, true, true, true, false);
INSERT INTO Cases (diagnosisId, age, gender, majorSx, minorSx, painId) VALUES (13, 63, 'M', 2514, 2515, 2514);
INSERT INTO Positions (posId, anal, left_lower_quadrant, pelvic) VALUES (2516, true, true, true);
INSERT INTO Positions (posId, lower_back) VALUES (2517, true);
INSERT INTO Pain (pid, positionId, referred_pain_position, dull, four_hours, eight_hours, one_day, two_days, one_week, one_month, six_months, worse_with_eating) VALUES (2516, 2516, 2517, true, true, true, true, true, true, true, true, true);
INSERT INTO Symptoms (sxId, hematochesia, melena, diarrhea, fever) VALUES (2516, true, false, true, true);
INSERT INTO Symptoms (sxId, bloating, constipation, weight_loss, fatigue, loss_of_appetite) VALUES (2517, true, true, true, true, true);
INSERT INTO Cases (diagnosisId, age, gender, majorSx, minorSx, painId) VALUES (13, 63, 'M', 2516, 2517, 2516);
INSERT INTO Positions (posId, anal, left_lower_quadrant, pelvic) VALUES (2518, true, true, true);
INSERT INTO Positions (posId, lower_back) VALUES (2519, true);
INSERT INTO Pain (pid, positionId, referred_pain_position, dull, four_hours, eight_hours, one_day, two_days, one_week, one_month, six_months, worse_with_eating) VALUES (2518, 2518, 2519, false, true, true, true, true, true, false, true, true);
INSERT INTO Symptoms (sxId, hematochesia, melena, diarrhea, fever) VALUES (2518, true, true, true, true);
INSERT INTO Symptoms (sxId, bloating, constipation, weight_loss, fatigue, loss_of_appetite) VALUES (2519, true, true, true, true, true);
INSERT INTO Cases (diagnosisId, age, gender, majorSx, minorSx, painId) VALUES (13, 63, 'M', 2518, 2519, 2518);
INSERT INTO Positions (posId, anal, left_lower_quadrant, pelvic) VALUES (2520, true, true, false);
INSERT INTO Positions (posId, lower_back) VALUES (2521, true);
INSERT INTO Pain (pid, positionId, referred_pain_position, dull, four_hours, eight_hours, one_day, two_days, one_week, one_month, six_months, worse_with_eating) VALUES (2520, 2520, 2521, false, true, true, true, true, true, false, true, true);
INSERT INTO Symptoms (sxId, hematochesia, melena, diarrhea, fever) VALUES (2520, true, true, true, true);
INSERT INTO Symptoms (sxId, bloating, constipation, weight_loss, fatigue, loss_of_appetite) VALUES (2521, true, true, true, true, true);
INSERT INTO Cases (diagnosisId, age, gender, majorSx, minorSx, painId) VALUES (13, 64, 'M', 2520, 2521, 2520);
INSERT INTO Positions (posId, anal, left_lower_quadrant, pelvic) VALUES (2522, true, true, true);
INSERT INTO Positions (posId, lower_back) VALUES (2523, true);
INSERT INTO Pain (pid, positionId, referred_pain_position, dull, four_hours, eight_hours, one_day, two_days, one_week, one_month, six_months, worse_with_eating) VALUES (2522, 2522, 2523, true, true, false, true, true, true, true, true, true);
INSERT INTO Symptoms (sxId, hematochesia, melena, diarrhea, fever) VALUES (2522, true, true, false, true);
INSERT INTO Symptoms (sxId, bloating, constipation, weight_loss, fatigue, loss_of_appetite) VALUES (2523, false, true, true, true, true);
INSERT INTO Cases (diagnosisId, age, gender, majorSx, minorSx, painId) VALUES (13, 64, 'F', 2522, 2523, 2522);
INSERT INTO Positions (posId, anal, left_lower_quadrant, pelvic) VALUES (2524, true, true, true);
INSERT INTO Positions (posId, lower_back) VALUES (2525, false);
INSERT INTO Pain (pid, positionId, referred_pain_position, dull, four_hours, eight_hours, one_day, two_days, one_week, one_month, six_months, worse_with_eating) VALUES (2524, 2524, 2525, true, true, true, true, true, true, true, true, false);
INSERT INTO Symptoms (sxId, hematochesia, melena, diarrhea, fever) VALUES (2524, true, true, true, true);
INSERT INTO Symptoms (sxId, bloating, constipation, weight_loss, fatigue, loss_of_appetite) VALUES (2525, true, true, true, false, true);
INSERT INTO Cases (diagnosisId, age, gender, majorSx, minorSx, painId) VALUES (13, 62, 'F', 2524, 2525, 2524);
INSERT INTO Positions (posId, anal, left_lower_quadrant, pelvic) VALUES (2526, true, false, true);
INSERT INTO Positions (posId, lower_back) VALUES (2527, true);
INSERT INTO Pain (pid, positionId, referred_pain_position, dull, four_hours, eight_hours, one_day, two_days, one_week, one_month, six_months, worse_with_eating) VALUES (2526, 2526, 2527, true, true, false, true, true, true, true, true, true);
INSERT INTO Symptoms (sxId, hematochesia, melena, diarrhea, fever) VALUES (2526, true, true, true, true);
INSERT INTO Symptoms (sxId, bloating, constipation, weight_loss, fatigue, loss_of_appetite) VALUES (2527, true, true, true, false, true);
INSERT INTO Cases (diagnosisId, age, gender, majorSx, minorSx, painId) VALUES (13, 63, 'F', 2526, 2527, 2526);
INSERT INTO Positions (posId, anal, left_lower_quadrant, pelvic) VALUES (2528, true, true, true);
INSERT INTO Positions (posId, lower_back) VALUES (2529, true);
INSERT INTO Pain (pid, positionId, referred_pain_position, dull, four_hours, eight_hours, one_day, two_days, one_week, one_month, six_months, worse_with_eating) VALUES (2528, 2528, 2529, true, true, true, true, false, true, true, true, true);
INSERT INTO Symptoms (sxId, hematochesia, melena, diarrhea, fever) VALUES (2528, true, true, true, true);
INSERT INTO Symptoms (sxId, bloating, constipation, weight_loss, fatigue, loss_of_appetite) VALUES (2529, true, true, true, true, true);
INSERT INTO Cases (diagnosisId, age, gender, majorSx, minorSx, painId) VALUES (13, 63, 'M', 2528, 2529, 2528);
INSERT INTO Positions (posId, anal, left_lower_quadrant, pelvic) VALUES (2530, false, true, true);
INSERT INTO Positions (posId, lower_back) VALUES (2531, true);
INSERT INTO Pain (pid, positionId, referred_pain_position, dull, four_hours, eight_hours, one_day, two_days, one_week, one_month, six_months, worse_with_eating) VALUES (2530, 2530, 2531, true, true, true, true, true, true, false, true, true);
INSERT INTO Symptoms (sxId, hematochesia, melena, diarrhea, fever) VALUES (2530, true, true, true, true);
INSERT INTO Symptoms (sxId, bloating, constipation, weight_loss, fatigue, loss_of_appetite) VALUES (2531, true, true, true, true, true);
INSERT INTO Cases (diagnosisId, age, gender, majorSx, minorSx, painId) VALUES (13, 63, 'M', 2530, 2531, 2530);
INSERT INTO Positions (posId, anal, left_lower_quadrant, pelvic) VALUES (2532, true, true, true);
INSERT INTO Positions (posId, lower_back) VALUES (2533, true);
INSERT INTO Pain (pid, positionId, referred_pain_position, dull, four_hours, eight_hours, one_day, two_days, one_week, one_month, six_months, worse_with_eating) VALUES (2532, 2532, 2533, true, true, true, true, true, true, true, true, true);
INSERT INTO Symptoms (sxId, hematochesia, melena, diarrhea, fever) VALUES (2532, true, true, true, true);
INSERT INTO Symptoms (sxId, bloating, constipation, weight_loss, fatigue, loss_of_appetite) VALUES (2533, true, true, true, true, true);
INSERT INTO Cases (diagnosisId, age, gender, majorSx, minorSx, painId) VALUES (13, 63, 'M', 2532, 2533, 2532);
INSERT INTO Positions (posId, anal, left_lower_quadrant, pelvic) VALUES (2534, true, true, false);
INSERT INTO Positions (posId, lower_back) VALUES (2535, true);
INSERT INTO Pain (pid, positionId, referred_pain_position, dull, four_hours, eight_hours, one_day, two_days, one_week, one_month, six_months, worse_with_eating) VALUES (2534, 2534, 2535, true, true, true, true, true, true, true, false, true);
INSERT INTO Symptoms (sxId, hematochesia, melena, diarrhea, fever) VALUES (2534, true, true, true, true);
INSERT INTO Symptoms (sxId, bloating, constipation, weight_loss, fatigue, loss_of_appetite) VALUES (2535, true, true, true, true, false);
INSERT INTO Cases (diagnosisId, age, gender, majorSx, minorSx, painId) VALUES (13, 66, 'M', 2534, 2535, 2534);
INSERT INTO Positions (posId, anal, left_lower_quadrant, pelvic) VALUES (2536, true, true, true);
INSERT INTO Positions (posId, lower_back) VALUES (2537, true);
INSERT INTO Pain (pid, positionId, referred_pain_position, dull, four_hours, eight_hours, one_day, two_days, one_week, one_month, six_months, worse_with_eating) VALUES (2536, 2536, 2537, true, true, true, true, true, true, true, true, true);
INSERT INTO Symptoms (sxId, hematochesia, melena, diarrhea, fever) VALUES (2536, true, true, true, true);
INSERT INTO Symptoms (sxId, bloating, constipation, weight_loss, fatigue, loss_of_appetite) VALUES (2537, true, true, true, true, true);
INSERT INTO Cases (diagnosisId, age, gender, majorSx, minorSx, painId) VALUES (13, 67, 'M', 2536, 2537, 2536);
INSERT INTO Positions (posId, anal, left_lower_quadrant, pelvic) VALUES (2538, true, true, false);
INSERT INTO Positions (posId, lower_back) VALUES (2539, true);
INSERT INTO Pain (pid, positionId, referred_pain_position, dull, four_hours, eight_hours, one_day, two_days, one_week, one_month, six_months, worse_with_eating) VALUES (2538, 2538, 2539, true, true, true, true, true, true, true, true, true);
INSERT INTO Symptoms (sxId, hematochesia, melena, diarrhea, fever) VALUES (2538, true, true, true, true);
INSERT INTO Symptoms (sxId, bloating, constipation, weight_loss, fatigue, loss_of_appetite) VALUES (2539, true, false, true, true, true);
INSERT INTO Cases (diagnosisId, age, gender, majorSx, minorSx, painId) VALUES (13, 68, 'M', 2538, 2539, 2538);
INSERT INTO Positions (posId, anal, left_lower_quadrant, pelvic) VALUES (2540, true, true, true);
INSERT INTO Positions (posId, lower_back) VALUES (2541, true);
INSERT INTO Pain (pid, positionId, referred_pain_position, dull, four_hours, eight_hours, one_day, two_days, one_week, one_month, six_months, worse_with_eating) VALUES (2540, 2540, 2541, true, false, true, true, true, true, true, true, true);
INSERT INTO Symptoms (sxId, hematochesia, melena, diarrhea, fever) VALUES (2540, true, true, true, true);
INSERT INTO Symptoms (sxId, bloating, constipation, weight_loss, fatigue, loss_of_appetite) VALUES (2541, true, true, false, false, true);
INSERT INTO Cases (diagnosisId, age, gender, majorSx, minorSx, painId) VALUES (13, 69, 'M', 2540, 2541, 2540);
INSERT INTO Positions (posId, anal, left_lower_quadrant, pelvic) VALUES (2542, false, true, true);
INSERT INTO Positions (posId, lower_back) VALUES (2543, true);
INSERT INTO Pain (pid, positionId, referred_pain_position, dull, four_hours, eight_hours, one_day, two_days, one_week, one_month, six_months, worse_with_eating) VALUES (2542, 2542, 2543, true, true, true, true, true, true, true, true, true);
INSERT INTO Symptoms (sxId, hematochesia, melena, diarrhea, fever) VALUES (2542, true, true, true, true);
INSERT INTO Symptoms (sxId, bloating, constipation, weight_loss, fatigue, loss_of_appetite) VALUES (2543, true, true, true, true, true);
INSERT INTO Cases (diagnosisId, age, gender, majorSx, minorSx, painId) VALUES (13, 69, 'F', 2542, 2543, 2542);
INSERT INTO Positions (posId, anal, left_lower_quadrant, pelvic) VALUES (2544, true, true, true);
INSERT INTO Positions (posId, lower_back) VALUES (2545, true);
INSERT INTO Pain (pid, positionId, referred_pain_position, dull, four_hours, eight_hours, one_day, two_days, one_week, one_month, six_months, worse_with_eating) VALUES (2544, 2544, 2545, true, true, true, true, true, true, true, true, false);
INSERT INTO Symptoms (sxId, hematochesia, melena, diarrhea, fever) VALUES (2544, true, true, true, true);
INSERT INTO Symptoms (sxId, bloating, constipation, weight_loss, fatigue, loss_of_appetite) VALUES (2545, true, true, true, true, true);
INSERT INTO Cases (diagnosisId, age, gender, majorSx, minorSx, painId) VALUES (13, 66, 'M', 2544, 2545, 2544);
INSERT INTO Positions (posId, anal, left_lower_quadrant, pelvic) VALUES (2546, true, true, true);
INSERT INTO Positions (posId, lower_back) VALUES (2547, true);
INSERT INTO Pain (pid, positionId, referred_pain_position, dull, four_hours, eight_hours, one_day, two_days, one_week, one_month, six_months, worse_with_eating) VALUES (2546, 2546, 2547, true, true, true, true, true, true, true, true, true);
INSERT INTO Symptoms (sxId, hematochesia, melena, diarrhea, fever) VALUES (2546, true, true, true, true);
INSERT INTO Symptoms (sxId, bloating, constipation, weight_loss, fatigue, loss_of_appetite) VALUES (2547, false, true, true, true, true);
INSERT INTO Cases (diagnosisId, age, gender, majorSx, minorSx, painId) VALUES (13, 68, 'M', 2546, 2547, 2546);
INSERT INTO Positions (posId, anal, left_lower_quadrant, pelvic) VALUES (2548, false, true, true);
INSERT INTO Positions (posId, lower_back) VALUES (2549, true);
INSERT INTO Pain (pid, positionId, referred_pain_position, dull, four_hours, eight_hours, one_day, two_days, one_week, one_month, six_months, worse_with_eating) VALUES (2548, 2548, 2549, true, true, true, false, true, true, false, true, true);
INSERT INTO Symptoms (sxId, hematochesia, melena, diarrhea, fever) VALUES (2548, true, true, true, true);
INSERT INTO Symptoms (sxId, bloating, constipation, weight_loss, fatigue, loss_of_appetite) VALUES (2549, true, false, true, true, true);
INSERT INTO Cases (diagnosisId, age, gender, majorSx, minorSx, painId) VALUES (13, 68, 'M', 2548, 2549, 2548);
INSERT INTO Positions (posId, anal, left_lower_quadrant, pelvic) VALUES (2550, true, true, true);
INSERT INTO Positions (posId, lower_back) VALUES (2551, true);
INSERT INTO Pain (pid, positionId, referred_pain_position, dull, four_hours, eight_hours, one_day, two_days, one_week, one_month, six_months, worse_with_eating) VALUES (2550, 2550, 2551, true, true, true, true, true, false, true, true, true);
INSERT INTO Symptoms (sxId, hematochesia, melena, diarrhea, fever) VALUES (2550, true, true, true, true);
INSERT INTO Symptoms (sxId, bloating, constipation, weight_loss, fatigue, loss_of_appetite) VALUES (2551, false, true, false, true, true);
INSERT INTO Cases (diagnosisId, age, gender, majorSx, minorSx, painId) VALUES (13, 70, 'M', 2550, 2551, 2550);
INSERT INTO Positions (posId, anal, left_lower_quadrant, pelvic) VALUES (2552, false, true, true);
INSERT INTO Positions (posId, lower_back) VALUES (2553, true);
INSERT INTO Pain (pid, positionId, referred_pain_position, dull, four_hours, eight_hours, one_day, two_days, one_week, one_month, six_months, worse_with_eating) VALUES (2552, 2552, 2553, true, true, true, true, true, true, true, false, true);
INSERT INTO Symptoms (sxId, hematochesia, melena, diarrhea, fever) VALUES (2552, true, true, true, true);
INSERT INTO Symptoms (sxId, bloating, constipation, weight_loss, fatigue, loss_of_appetite) VALUES (2553, true, true, true, true, false);
INSERT INTO Cases (diagnosisId, age, gender, majorSx, minorSx, painId) VALUES (13, 66, 'F', 2552, 2553, 2552);
INSERT INTO Positions (posId, anal, left_lower_quadrant, pelvic) VALUES (2554, true, true, true);
INSERT INTO Positions (posId, lower_back) VALUES (2555, true);
INSERT INTO Pain (pid, positionId, referred_pain_position, dull, four_hours, eight_hours, one_day, two_days, one_week, one_month, six_months, worse_with_eating) VALUES (2554, 2554, 2555, true, true, true, true, true, true, true, true, true);
INSERT INTO Symptoms (sxId, hematochesia, melena, diarrhea, fever) VALUES (2554, true, true, true, true);
INSERT INTO Symptoms (sxId, bloating, constipation, weight_loss, fatigue, loss_of_appetite) VALUES (2555, true, true, true, true, true);
INSERT INTO Cases (diagnosisId, age, gender, majorSx, minorSx, painId) VALUES (13, 72, 'F', 2554, 2555, 2554);
INSERT INTO Positions (posId, anal, left_lower_quadrant, pelvic) VALUES (2556, true, true, true);
INSERT INTO Positions (posId, lower_back) VALUES (2557, true);
INSERT INTO Pain (pid, positionId, referred_pain_position, dull, four_hours, eight_hours, one_day, two_days, one_week, one_month, six_months, worse_with_eating) VALUES (2556, 2556, 2557, true, true, true, true, true, true, true, true, true);
INSERT INTO Symptoms (sxId, hematochesia, melena, diarrhea, fever) VALUES (2556, true, true, true, true);
INSERT INTO Symptoms (sxId, bloating, constipation, weight_loss, fatigue, loss_of_appetite) VALUES (2557, true, true, true, true, true);
INSERT INTO Cases (diagnosisId, age, gender, majorSx, minorSx, painId) VALUES (13, 72, 'F', 2556, 2557, 2556);
INSERT INTO Positions (posId, anal, left_lower_quadrant, pelvic) VALUES (2558, true, true, true);
INSERT INTO Positions (posId, lower_back) VALUES (2559, true);
INSERT INTO Pain (pid, positionId, referred_pain_position, dull, four_hours, eight_hours, one_day, two_days, one_week, one_month, six_months, worse_with_eating) VALUES (2558, 2558, 2559, true, true, true, true, true, true, true, true, true);
INSERT INTO Symptoms (sxId, hematochesia, melena, diarrhea, fever) VALUES (2558, true, true, true, true);
INSERT INTO Symptoms (sxId, bloating, constipation, weight_loss, fatigue, loss_of_appetite) VALUES (2559, true, true, true, false, true);
INSERT INTO Cases (diagnosisId, age, gender, majorSx, minorSx, painId) VALUES (13, 72, 'M', 2558, 2559, 2558);
INSERT INTO Positions (posId, anal, left_lower_quadrant, pelvic) VALUES (2560, true, true, true);
INSERT INTO Positions (posId, lower_back) VALUES (2561, true);
INSERT INTO Pain (pid, positionId, referred_pain_position, dull, four_hours, eight_hours, one_day, two_days, one_week, one_month, six_months, worse_with_eating) VALUES (2560, 2560, 2561, true, true, true, false, true, true, true, true, true);
INSERT INTO Symptoms (sxId, hematochesia, melena, diarrhea, fever) VALUES (2560, true, true, true, true);
INSERT INTO Symptoms (sxId, bloating, constipation, weight_loss, fatigue, loss_of_appetite) VALUES (2561, true, true, true, true, false);
INSERT INTO Cases (diagnosisId, age, gender, majorSx, minorSx, painId) VALUES (13, 74, 'F', 2560, 2561, 2560);
INSERT INTO Positions (posId, anal, left_lower_quadrant, pelvic) VALUES (2562, true, true, true);
INSERT INTO Positions (posId, lower_back) VALUES (2563, true);
INSERT INTO Pain (pid, positionId, referred_pain_position, dull, four_hours, eight_hours, one_day, two_days, one_week, one_month, six_months, worse_with_eating) VALUES (2562, 2562, 2563, true, true, true, false, true, true, true, true, true);
INSERT INTO Symptoms (sxId, hematochesia, melena, diarrhea, fever) VALUES (2562, true, true, true, false);
INSERT INTO Symptoms (sxId, bloating, constipation, weight_loss, fatigue, loss_of_appetite) VALUES (2563, true, true, true, true, false);
INSERT INTO Cases (diagnosisId, age, gender, majorSx, minorSx, painId) VALUES (13, 73, 'M', 2562, 2563, 2562);
INSERT INTO Positions (posId, anal, left_lower_quadrant, pelvic) VALUES (2564, true, true, true);
INSERT INTO Positions (posId, lower_back) VALUES (2565, true);
INSERT INTO Pain (pid, positionId, referred_pain_position, dull, four_hours, eight_hours, one_day, two_days, one_week, one_month, six_months, worse_with_eating) VALUES (2564, 2564, 2565, true, true, true, true, true, true, true, true, false);
INSERT INTO Symptoms (sxId, hematochesia, melena, diarrhea, fever) VALUES (2564, true, true, true, true);
INSERT INTO Symptoms (sxId, bloating, constipation, weight_loss, fatigue, loss_of_appetite) VALUES (2565, true, true, true, true, false);
INSERT INTO Cases (diagnosisId, age, gender, majorSx, minorSx, painId) VALUES (13, 74, 'M', 2564, 2565, 2564);
INSERT INTO Positions (posId, anal, left_lower_quadrant, pelvic) VALUES (2566, true, true, true);
INSERT INTO Positions (posId, lower_back) VALUES (2567, true);
INSERT INTO Pain (pid, positionId, referred_pain_position, dull, four_hours, eight_hours, one_day, two_days, one_week, one_month, six_months, worse_with_eating) VALUES (2566, 2566, 2567, true, true, false, false, true, true, true, true, true);
INSERT INTO Symptoms (sxId, hematochesia, melena, diarrhea, fever) VALUES (2566, true, true, true, true);
INSERT INTO Symptoms (sxId, bloating, constipation, weight_loss, fatigue, loss_of_appetite) VALUES (2567, false, true, true, true, true);
INSERT INTO Cases (diagnosisId, age, gender, majorSx, minorSx, painId) VALUES (13, 71, 'M', 2566, 2567, 2566);
INSERT INTO Positions (posId, anal, left_lower_quadrant, pelvic) VALUES (2568, true, true, true);
INSERT INTO Positions (posId, lower_back) VALUES (2569, true);
INSERT INTO Pain (pid, positionId, referred_pain_position, dull, four_hours, eight_hours, one_day, two_days, one_week, one_month, six_months, worse_with_eating) VALUES (2568, 2568, 2569, true, true, true, true, true, true, true, true, true);
INSERT INTO Symptoms (sxId, hematochesia, melena, diarrhea, fever) VALUES (2568, false, true, false, true);
INSERT INTO Symptoms (sxId, bloating, constipation, weight_loss, fatigue, loss_of_appetite) VALUES (2569, true, true, true, true, true);
INSERT INTO Cases (diagnosisId, age, gender, majorSx, minorSx, painId) VALUES (13, 71, 'M', 2568, 2569, 2568);
INSERT INTO Positions (posId, anal, left_lower_quadrant, pelvic) VALUES (2570, true, true, true);
INSERT INTO Positions (posId, lower_back) VALUES (2571, true);
INSERT INTO Pain (pid, positionId, referred_pain_position, dull, four_hours, eight_hours, one_day, two_days, one_week, one_month, six_months, worse_with_eating) VALUES (2570, 2570, 2571, true, true, true, true, true, true, true, true, true);
INSERT INTO Symptoms (sxId, hematochesia, melena, diarrhea, fever) VALUES (2570, true, true, true, true);
INSERT INTO Symptoms (sxId, bloating, constipation, weight_loss, fatigue, loss_of_appetite) VALUES (2571, true, true, true, true, true);
INSERT INTO Cases (diagnosisId, age, gender, majorSx, minorSx, painId) VALUES (13, 79, 'M', 2570, 2571, 2570);
INSERT INTO Positions (posId, anal, left_lower_quadrant, pelvic) VALUES (2572, true, true, true);
INSERT INTO Positions (posId, lower_back) VALUES (2573, true);
INSERT INTO Pain (pid, positionId, referred_pain_position, dull, four_hours, eight_hours, one_day, two_days, one_week, one_month, six_months, worse_with_eating) VALUES (2572, 2572, 2573, true, true, true, true, true, false, true, false, true);
INSERT INTO Symptoms (sxId, hematochesia, melena, diarrhea, fever) VALUES (2572, true, false, true, true);
INSERT INTO Symptoms (sxId, bloating, constipation, weight_loss, fatigue, loss_of_appetite) VALUES (2573, false, true, true, true, true);
INSERT INTO Cases (diagnosisId, age, gender, majorSx, minorSx, painId) VALUES (13, 76, 'F', 2572, 2573, 2572);
INSERT INTO Positions (posId, anal, left_lower_quadrant, pelvic) VALUES (2574, true, true, true);
INSERT INTO Positions (posId, lower_back) VALUES (2575, true);
INSERT INTO Pain (pid, positionId, referred_pain_position, dull, four_hours, eight_hours, one_day, two_days, one_week, one_month, six_months, worse_with_eating) VALUES (2574, 2574, 2575, true, true, true, true, true, true, true, true, true);
INSERT INTO Symptoms (sxId, hematochesia, melena, diarrhea, fever) VALUES (2574, true, true, false, true);
INSERT INTO Symptoms (sxId, bloating, constipation, weight_loss, fatigue, loss_of_appetite) VALUES (2575, true, false, true, false, true);
INSERT INTO Cases (diagnosisId, age, gender, majorSx, minorSx, painId) VALUES (13, 79, 'M', 2574, 2575, 2574);
INSERT INTO Positions (posId, anal, left_lower_quadrant, pelvic) VALUES (2576, true, true, true);
INSERT INTO Positions (posId, lower_back) VALUES (2577, true);
INSERT INTO Pain (pid, positionId, referred_pain_position, dull, four_hours, eight_hours, one_day, two_days, one_week, one_month, six_months, worse_with_eating) VALUES (2576, 2576, 2577, false, true, true, true, false, true, true, false, false);
INSERT INTO Symptoms (sxId, hematochesia, melena, diarrhea, fever) VALUES (2576, true, true, true, true);
INSERT INTO Symptoms (sxId, bloating, constipation, weight_loss, fatigue, loss_of_appetite) VALUES (2577, true, true, false, true, true);
INSERT INTO Cases (diagnosisId, age, gender, majorSx, minorSx, painId) VALUES (13, 77, 'M', 2576, 2577, 2576);
INSERT INTO Positions (posId, anal, left_lower_quadrant, pelvic) VALUES (2578, true, true, false);
INSERT INTO Positions (posId, lower_back) VALUES (2579, true);
INSERT INTO Pain (pid, positionId, referred_pain_position, dull, four_hours, eight_hours, one_day, two_days, one_week, one_month, six_months, worse_with_eating) VALUES (2578, 2578, 2579, true, true, true, true, true, true, true, true, true);
INSERT INTO Symptoms (sxId, hematochesia, melena, diarrhea, fever) VALUES (2578, true, true, true, true);
INSERT INTO Symptoms (sxId, bloating, constipation, weight_loss, fatigue, loss_of_appetite) VALUES (2579, true, true, true, true, true);
INSERT INTO Cases (diagnosisId, age, gender, majorSx, minorSx, painId) VALUES (13, 76, 'F', 2578, 2579, 2578);
INSERT INTO Positions (posId, anal, left_lower_quadrant, pelvic) VALUES (2580, true, true, true);
INSERT INTO Positions (posId, lower_back) VALUES (2581, true);
INSERT INTO Pain (pid, positionId, referred_pain_position, dull, four_hours, eight_hours, one_day, two_days, one_week, one_month, six_months, worse_with_eating) VALUES (2580, 2580, 2581, true, true, true, false, true, true, true, false, true);
INSERT INTO Symptoms (sxId, hematochesia, melena, diarrhea, fever) VALUES (2580, true, true, true, true);
INSERT INTO Symptoms (sxId, bloating, constipation, weight_loss, fatigue, loss_of_appetite) VALUES (2581, true, true, true, true, true);
INSERT INTO Cases (diagnosisId, age, gender, majorSx, minorSx, painId) VALUES (13, 78, 'F', 2580, 2581, 2580);
INSERT INTO Positions (posId, anal, left_lower_quadrant, pelvic) VALUES (2582, true, true, true);
INSERT INTO Positions (posId, lower_back) VALUES (2583, true);
INSERT INTO Pain (pid, positionId, referred_pain_position, dull, four_hours, eight_hours, one_day, two_days, one_week, one_month, six_months, worse_with_eating) VALUES (2582, 2582, 2583, true, true, true, true, true, true, false, true, false);
INSERT INTO Symptoms (sxId, hematochesia, melena, diarrhea, fever) VALUES (2582, true, true, true, false);
INSERT INTO Symptoms (sxId, bloating, constipation, weight_loss, fatigue, loss_of_appetite) VALUES (2583, true, true, true, true, true);
INSERT INTO Cases (diagnosisId, age, gender, majorSx, minorSx, painId) VALUES (13, 78, 'F', 2582, 2583, 2582);
INSERT INTO Positions (posId, anal, left_lower_quadrant, pelvic) VALUES (2584, true, false, true);
INSERT INTO Positions (posId, lower_back) VALUES (2585, true);
INSERT INTO Pain (pid, positionId, referred_pain_position, dull, four_hours, eight_hours, one_day, two_days, one_week, one_month, six_months, worse_with_eating) VALUES (2584, 2584, 2585, true, false, true, true, true, true, true, true, false);
INSERT INTO Symptoms (sxId, hematochesia, melena, diarrhea, fever) VALUES (2584, true, true, true, true);
INSERT INTO Symptoms (sxId, bloating, constipation, weight_loss, fatigue, loss_of_appetite) VALUES (2585, true, true, true, true, true);
INSERT INTO Cases (diagnosisId, age, gender, majorSx, minorSx, painId) VALUES (13, 76, 'F', 2584, 2585, 2584);
INSERT INTO Positions (posId, anal, left_lower_quadrant, pelvic) VALUES (2586, true, true, true);
INSERT INTO Positions (posId, lower_back) VALUES (2587, true);
INSERT INTO Pain (pid, positionId, referred_pain_position, dull, four_hours, eight_hours, one_day, two_days, one_week, one_month, six_months, worse_with_eating) VALUES (2586, 2586, 2587, true, true, true, true, true, true, true, true, true);
INSERT INTO Symptoms (sxId, hematochesia, melena, diarrhea, fever) VALUES (2586, true, true, true, true);
INSERT INTO Symptoms (sxId, bloating, constipation, weight_loss, fatigue, loss_of_appetite) VALUES (2587, false, false, true, true, true);
INSERT INTO Cases (diagnosisId, age, gender, majorSx, minorSx, painId) VALUES (13, 85, 'M', 2586, 2587, 2586);
INSERT INTO Positions (posId, anal, left_lower_quadrant, pelvic) VALUES (2588, true, true, true);
INSERT INTO Positions (posId, lower_back) VALUES (2589, true);
INSERT INTO Pain (pid, positionId, referred_pain_position, dull, four_hours, eight_hours, one_day, two_days, one_week, one_month, six_months, worse_with_eating) VALUES (2588, 2588, 2589, true, true, true, true, true, false, true, true, true);
INSERT INTO Symptoms (sxId, hematochesia, melena, diarrhea, fever) VALUES (2588, true, true, true, true);
INSERT INTO Symptoms (sxId, bloating, constipation, weight_loss, fatigue, loss_of_appetite) VALUES (2589, false, true, true, true, true);
INSERT INTO Cases (diagnosisId, age, gender, majorSx, minorSx, painId) VALUES (13, 83, 'F', 2588, 2589, 2588);
INSERT INTO Positions (posId, anal, left_lower_quadrant, pelvic) VALUES (2590, true, true, true);
INSERT INTO Positions (posId, lower_back) VALUES (2591, true);
INSERT INTO Pain (pid, positionId, referred_pain_position, dull, four_hours, eight_hours, one_day, two_days, one_week, one_month, six_months, worse_with_eating) VALUES (2590, 2590, 2591, true, true, true, false, true, true, true, true, true);
INSERT INTO Symptoms (sxId, hematochesia, melena, diarrhea, fever) VALUES (2590, true, true, true, true);
INSERT INTO Symptoms (sxId, bloating, constipation, weight_loss, fatigue, loss_of_appetite) VALUES (2591, true, true, true, true, true);
INSERT INTO Cases (diagnosisId, age, gender, majorSx, minorSx, painId) VALUES (13, 83, 'M', 2590, 2591, 2590);
INSERT INTO Positions (posId, anal, left_lower_quadrant, pelvic) VALUES (2592, true, true, true);
INSERT INTO Positions (posId, lower_back) VALUES (2593, true);
INSERT INTO Pain (pid, positionId, referred_pain_position, dull, four_hours, eight_hours, one_day, two_days, one_week, one_month, six_months, worse_with_eating) VALUES (2592, 2592, 2593, true, true, true, true, true, true, true, true, true);
INSERT INTO Symptoms (sxId, hematochesia, melena, diarrhea, fever) VALUES (2592, true, true, true, true);
INSERT INTO Symptoms (sxId, bloating, constipation, weight_loss, fatigue, loss_of_appetite) VALUES (2593, true, true, false, true, true);
INSERT INTO Cases (diagnosisId, age, gender, majorSx, minorSx, painId) VALUES (13, 83, 'M', 2592, 2593, 2592);
INSERT INTO Positions (posId, anal, left_lower_quadrant, pelvic) VALUES (2594, true, true, true);
INSERT INTO Positions (posId, lower_back) VALUES (2595, true);
INSERT INTO Pain (pid, positionId, referred_pain_position, dull, four_hours, eight_hours, one_day, two_days, one_week, one_month, six_months, worse_with_eating) VALUES (2594, 2594, 2595, true, true, true, true, true, true, true, true, true);
INSERT INTO Symptoms (sxId, hematochesia, melena, diarrhea, fever) VALUES (2594, true, true, true, true);
INSERT INTO Symptoms (sxId, bloating, constipation, weight_loss, fatigue, loss_of_appetite) VALUES (2595, true, true, true, true, true);
INSERT INTO Cases (diagnosisId, age, gender, majorSx, minorSx, painId) VALUES (13, 88, 'M', 2594, 2595, 2594);
INSERT INTO Positions (posId, anal, left_lower_quadrant, pelvic) VALUES (2596, true, true, true);
INSERT INTO Positions (posId, lower_back) VALUES (2597, true);
INSERT INTO Pain (pid, positionId, referred_pain_position, dull, four_hours, eight_hours, one_day, two_days, one_week, one_month, six_months, worse_with_eating) VALUES (2596, 2596, 2597, true, true, true, true, true, true, false, false, true);
INSERT INTO Symptoms (sxId, hematochesia, melena, diarrhea, fever) VALUES (2596, true, false, true, true);
INSERT INTO Symptoms (sxId, bloating, constipation, weight_loss, fatigue, loss_of_appetite) VALUES (2597, true, true, true, true, true);
INSERT INTO Cases (diagnosisId, age, gender, majorSx, minorSx, painId) VALUES (13, 86, 'M', 2596, 2597, 2596);
INSERT INTO Positions (posId, anal, left_lower_quadrant, pelvic) VALUES (2598, false, true, true);
INSERT INTO Positions (posId, lower_back) VALUES (2599, true);
INSERT INTO Pain (pid, positionId, referred_pain_position, dull, four_hours, eight_hours, one_day, two_days, one_week, one_month, six_months, worse_with_eating) VALUES (2598, 2598, 2599, true, true, true, true, true, true, false, true, true);
INSERT INTO Symptoms (sxId, hematochesia, melena, diarrhea, fever) VALUES (2598, true, true, true, true);
INSERT INTO Symptoms (sxId, bloating, constipation, weight_loss, fatigue, loss_of_appetite) VALUES (2599, true, true, true, true, true);
INSERT INTO Cases (diagnosisId, age, gender, majorSx, minorSx, painId) VALUES (13, 94, 'F', 2598, 2599, 2598);
INSERT INTO Positions (posId, anal, left_lower_quadrant, pelvic) VALUES (2600, true, true, true);
INSERT INTO Positions (posId, lower_back) VALUES (2601, true);
INSERT INTO Pain (pid, positionId, referred_pain_position, dull, four_hours, eight_hours, one_day, two_days, one_week, one_month, six_months, worse_with_eating) VALUES (2600, 2600, 2601, true, true, true, true, true, true, true, true, true);
INSERT INTO Symptoms (sxId, hematochesia, melena, diarrhea, fever) VALUES (2600, true, true, true, true);
INSERT INTO Symptoms (sxId, bloating, constipation, weight_loss, fatigue, loss_of_appetite) VALUES (2601, false, true, true, true, true);
INSERT INTO Cases (diagnosisId, age, gender, majorSx, minorSx, painId) VALUES (13, 102, 'F', 2600, 2601, 2600);
