Insert INTO Diagnosis (dId, dname) Values (1, 'Appendicitis');
INSERT INTO Positions (posId, epigastrial, right_lower_quadrant, periumbilical) VALUES (2, true, true, true);
INSERT INTO Positions (posId, right_lower_quadrant, right_groin) VALUES (3, true, true);
INSERT INTO Pain (pid, positionId, referred_pain_position, constant, four_hours, eight_hours, one_day, two_days, better_with_lying_still, worse_with_eating, worse_with_moving_around) VALUES (2, 2, 3, true, true, true, true, true, true, true, true);
INSERT INTO Symptoms (sxId, fever, nausea, loss_of_appatite) VALUES (2, true, true, true);
INSERT INTO Symptoms (sxId, vomiting, diarrhea, chills, malaise, abdominal_distension, dysuria) VALUES (3, true, true, true, true, true, true);
INSERT INTO Cases (diagnosisId, age, gender, majorSx, minorSx, painId) VALUES (1, 2, 'M', 2, 3, 2);
INSERT INTO Positions (posId, epigastrial, right_lower_quadrant, periumbilical) VALUES (4, true, true, true);
INSERT INTO Positions (posId, right_lower_quadrant, right_groin) VALUES (5, true, true);
INSERT INTO Pain (pid, positionId, referred_pain_position, constant, four_hours, eight_hours, one_day, two_days, better_with_lying_still, worse_with_eating, worse_with_moving_around) VALUES (4, 4, 5, true, true, false, true, true, true, true, true);
INSERT INTO Symptoms (sxId, fever, nausea, loss_of_appatite) VALUES (4, true, true, true);
INSERT INTO Symptoms (sxId, vomiting, diarrhea, chills, malaise, abdominal_distension, dysuria) VALUES (5, false, true, true, true, true, true);
INSERT INTO Cases (diagnosisId, age, gender, majorSx, minorSx, painId) VALUES (1, 5, 'F', 4, 5, 4);
INSERT INTO Positions (posId, epigastrial, right_lower_quadrant, periumbilical) VALUES (6, true, true, true);
INSERT INTO Positions (posId, right_lower_quadrant, right_groin) VALUES (7, true, true);
INSERT INTO Pain (pid, positionId, referred_pain_position, constant, four_hours, eight_hours, one_day, two_days, better_with_lying_still, worse_with_eating, worse_with_moving_around) VALUES (6, 6, 7, false, true, true, true, true, true, true, true);
INSERT INTO Symptoms (sxId, fever, nausea, loss_of_appatite) VALUES (6, true, true, true);
INSERT INTO Symptoms (sxId, vomiting, diarrhea, chills, malaise, abdominal_distension, dysuria) VALUES (7, true, true, true, true, false, true);
INSERT INTO Cases (diagnosisId, age, gender, majorSx, minorSx, painId) VALUES (1, 1, 'M', 6, 7, 6);
INSERT INTO Positions (posId, epigastrial, right_lower_quadrant, periumbilical) VALUES (8, true, true, false);
INSERT INTO Positions (posId, right_lower_quadrant, right_groin) VALUES (9, true, true);
INSERT INTO Pain (pid, positionId, referred_pain_position, constant, four_hours, eight_hours, one_day, two_days, better_with_lying_still, worse_with_eating, worse_with_moving_around) VALUES (8, 8, 9, true, true, false, true, true, true, true, false);
INSERT INTO Symptoms (sxId, fever, nausea, loss_of_appatite) VALUES (8, true, true, true);
INSERT INTO Symptoms (sxId, vomiting, diarrhea, chills, malaise, abdominal_distension, dysuria) VALUES (9, true, true, true, true, false, true);
INSERT INTO Cases (diagnosisId, age, gender, majorSx, minorSx, painId) VALUES (1, 2, 'M', 8, 9, 8);
INSERT INTO Positions (posId, epigastrial, right_lower_quadrant, periumbilical) VALUES (10, true, false, true);
INSERT INTO Positions (posId, right_lower_quadrant, right_groin) VALUES (11, true, false);
INSERT INTO Pain (pid, positionId, referred_pain_position, constant, four_hours, eight_hours, one_day, two_days, better_with_lying_still, worse_with_eating, worse_with_moving_around) VALUES (10, 10, 11, true, true, true, false, true, true, true, true);
INSERT INTO Symptoms (sxId, fever, nausea, loss_of_appatite) VALUES (10, true, true, true);
INSERT INTO Symptoms (sxId, vomiting, diarrhea, chills, malaise, abdominal_distension, dysuria) VALUES (11, true, true, true, true, false, true);
INSERT INTO Cases (diagnosisId, age, gender, majorSx, minorSx, painId) VALUES (1, 6, 'M', 10, 11, 10);
INSERT INTO Positions (posId, epigastrial, right_lower_quadrant, periumbilical) VALUES (12, true, true, true);
INSERT INTO Positions (posId, right_lower_quadrant, right_groin) VALUES (13, false, true);
INSERT INTO Pain (pid, positionId, referred_pain_position, constant, four_hours, eight_hours, one_day, two_days, better_with_lying_still, worse_with_eating, worse_with_moving_around) VALUES (12, 12, 13, true, true, true, true, true, true, true, true);
INSERT INTO Symptoms (sxId, fever, nausea, loss_of_appatite) VALUES (12, true, true, true);
INSERT INTO Symptoms (sxId, vomiting, diarrhea, chills, malaise, abdominal_distension, dysuria) VALUES (13, true, true, true, true, true, true);
INSERT INTO Cases (diagnosisId, age, gender, majorSx, minorSx, painId) VALUES (1, 9, 'F', 12, 13, 12);
INSERT INTO Positions (posId, epigastrial, right_lower_quadrant, periumbilical) VALUES (14, true, true, true);
INSERT INTO Positions (posId, right_lower_quadrant, right_groin) VALUES (15, true, true);
INSERT INTO Pain (pid, positionId, referred_pain_position, constant, four_hours, eight_hours, one_day, two_days, better_with_lying_still, worse_with_eating, worse_with_moving_around) VALUES (14, 14, 15, true, true, true, true, true, true, true, true);
INSERT INTO Symptoms (sxId, fever, nausea, loss_of_appatite) VALUES (14, true, true, true);
INSERT INTO Symptoms (sxId, vomiting, diarrhea, chills, malaise, abdominal_distension, dysuria) VALUES (15, true, true, true, true, false, false);
INSERT INTO Cases (diagnosisId, age, gender, majorSx, minorSx, painId) VALUES (1, 10, 'F', 14, 15, 14);
INSERT INTO Positions (posId, epigastrial, right_lower_quadrant, periumbilical) VALUES (16, true, true, true);
INSERT INTO Positions (posId, right_lower_quadrant, right_groin) VALUES (17, true, true);
INSERT INTO Pain (pid, positionId, referred_pain_position, constant, four_hours, eight_hours, one_day, two_days, better_with_lying_still, worse_with_eating, worse_with_moving_around) VALUES (16, 16, 17, true, true, true, true, true, false, true, true);
INSERT INTO Symptoms (sxId, fever, nausea, loss_of_appatite) VALUES (16, true, true, true);
INSERT INTO Symptoms (sxId, vomiting, diarrhea, chills, malaise, abdominal_distension, dysuria) VALUES (17, true, true, false, true, true, true);
INSERT INTO Cases (diagnosisId, age, gender, majorSx, minorSx, painId) VALUES (1, 8, 'F', 16, 17, 16);
INSERT INTO Positions (posId, epigastrial, right_lower_quadrant, periumbilical) VALUES (18, true, true, true);
INSERT INTO Positions (posId, right_lower_quadrant, right_groin) VALUES (19, true, true);
INSERT INTO Pain (pid, positionId, referred_pain_position, constant, four_hours, eight_hours, one_day, two_days, better_with_lying_still, worse_with_eating, worse_with_moving_around) VALUES (18, 18, 19, true, false, true, true, true, true, true, true);
INSERT INTO Symptoms (sxId, fever, nausea, loss_of_appatite) VALUES (18, true, true, true);
INSERT INTO Symptoms (sxId, vomiting, diarrhea, chills, malaise, abdominal_distension, dysuria) VALUES (19, false, true, true, true, true, true);
INSERT INTO Cases (diagnosisId, age, gender, majorSx, minorSx, painId) VALUES (1, 7, 'M', 18, 19, 18);
INSERT INTO Positions (posId, epigastrial, right_lower_quadrant, periumbilical) VALUES (20, true, true, true);
INSERT INTO Positions (posId, right_lower_quadrant, right_groin) VALUES (21, true, true);
INSERT INTO Pain (pid, positionId, referred_pain_position, constant, four_hours, eight_hours, one_day, two_days, better_with_lying_still, worse_with_eating, worse_with_moving_around) VALUES (20, 20, 21, true, true, true, true, true, true, true, true);
INSERT INTO Symptoms (sxId, fever, nausea, loss_of_appatite) VALUES (20, true, true, true);
INSERT INTO Symptoms (sxId, vomiting, diarrhea, chills, malaise, abdominal_distension, dysuria) VALUES (21, true, true, true, true, true, true);
INSERT INTO Cases (diagnosisId, age, gender, majorSx, minorSx, painId) VALUES (1, 9, 'M', 20, 21, 20);
INSERT INTO Positions (posId, epigastrial, right_lower_quadrant, periumbilical) VALUES (22, true, true, true);
INSERT INTO Positions (posId, right_lower_quadrant, right_groin) VALUES (23, true, true);
INSERT INTO Pain (pid, positionId, referred_pain_position, constant, four_hours, eight_hours, one_day, two_days, better_with_lying_still, worse_with_eating, worse_with_moving_around) VALUES (22, 22, 23, true, true, true, true, false, true, false, true);
INSERT INTO Symptoms (sxId, fever, nausea, loss_of_appatite) VALUES (22, true, true, true);
INSERT INTO Symptoms (sxId, vomiting, diarrhea, chills, malaise, abdominal_distension, dysuria) VALUES (23, true, true, false, true, true, true);
INSERT INTO Cases (diagnosisId, age, gender, majorSx, minorSx, painId) VALUES (1, 10, 'M', 22, 23, 22);
INSERT INTO Positions (posId, epigastrial, right_lower_quadrant, periumbilical) VALUES (24, true, true, true);
INSERT INTO Positions (posId, right_lower_quadrant, right_groin) VALUES (25, true, true);
INSERT INTO Pain (pid, positionId, referred_pain_position, constant, four_hours, eight_hours, one_day, two_days, better_with_lying_still, worse_with_eating, worse_with_moving_around) VALUES (24, 24, 25, true, true, true, true, true, true, true, true);
INSERT INTO Symptoms (sxId, fever, nausea, loss_of_appatite) VALUES (24, false, true, true);
INSERT INTO Symptoms (sxId, vomiting, diarrhea, chills, malaise, abdominal_distension, dysuria) VALUES (25, true, true, true, true, true, true);
INSERT INTO Cases (diagnosisId, age, gender, majorSx, minorSx, painId) VALUES (1, 9, 'F', 24, 25, 24);
INSERT INTO Positions (posId, epigastrial, right_lower_quadrant, periumbilical) VALUES (26, false, true, true);
INSERT INTO Positions (posId, right_lower_quadrant, right_groin) VALUES (27, true, true);
INSERT INTO Pain (pid, positionId, referred_pain_position, constant, four_hours, eight_hours, one_day, two_days, better_with_lying_still, worse_with_eating, worse_with_moving_around) VALUES (26, 26, 27, true, true, true, true, true, true, false, true);
INSERT INTO Symptoms (sxId, fever, nausea, loss_of_appatite) VALUES (26, true, true, true);
INSERT INTO Symptoms (sxId, vomiting, diarrhea, chills, malaise, abdominal_distension, dysuria) VALUES (27, false, true, true, true, true, true);
INSERT INTO Cases (diagnosisId, age, gender, majorSx, minorSx, painId) VALUES (1, 8, 'F', 26, 27, 26);
INSERT INTO Positions (posId, epigastrial, right_lower_quadrant, periumbilical) VALUES (28, false, true, true);
INSERT INTO Positions (posId, right_lower_quadrant, right_groin) VALUES (29, true, true);
INSERT INTO Pain (pid, positionId, referred_pain_position, constant, four_hours, eight_hours, one_day, two_days, better_with_lying_still, worse_with_eating, worse_with_moving_around) VALUES (28, 28, 29, true, true, true, true, true, true, true, true);
INSERT INTO Symptoms (sxId, fever, nausea, loss_of_appatite) VALUES (28, true, true, true);
INSERT INTO Symptoms (sxId, vomiting, diarrhea, chills, malaise, abdominal_distension, dysuria) VALUES (29, true, true, true, true, false, true);
INSERT INTO Cases (diagnosisId, age, gender, majorSx, minorSx, painId) VALUES (1, 10, 'M', 28, 29, 28);
INSERT INTO Positions (posId, epigastrial, right_lower_quadrant, periumbilical) VALUES (30, true, true, true);
INSERT INTO Positions (posId, right_lower_quadrant, right_groin) VALUES (31, true, true);
INSERT INTO Pain (pid, positionId, referred_pain_position, constant, four_hours, eight_hours, one_day, two_days, better_with_lying_still, worse_with_eating, worse_with_moving_around) VALUES (30, 30, 31, true, true, true, false, true, true, false, false);
INSERT INTO Symptoms (sxId, fever, nausea, loss_of_appatite) VALUES (30, true, true, true);
INSERT INTO Symptoms (sxId, vomiting, diarrhea, chills, malaise, abdominal_distension, dysuria) VALUES (31, true, true, true, true, true, true);
INSERT INTO Cases (diagnosisId, age, gender, majorSx, minorSx, painId) VALUES (1, 6, 'F', 30, 31, 30);
INSERT INTO Positions (posId, epigastrial, right_lower_quadrant, periumbilical) VALUES (32, true, true, true);
INSERT INTO Positions (posId, right_lower_quadrant, right_groin) VALUES (33, false, true);
INSERT INTO Pain (pid, positionId, referred_pain_position, constant, four_hours, eight_hours, one_day, two_days, better_with_lying_still, worse_with_eating, worse_with_moving_around) VALUES (32, 32, 33, true, true, true, true, true, false, true, true);
INSERT INTO Symptoms (sxId, fever, nausea, loss_of_appatite) VALUES (32, true, true, true);
INSERT INTO Symptoms (sxId, vomiting, diarrhea, chills, malaise, abdominal_distension, dysuria) VALUES (33, true, true, true, true, true, true);
INSERT INTO Cases (diagnosisId, age, gender, majorSx, minorSx, painId) VALUES (1, 7, 'F', 32, 33, 32);
INSERT INTO Positions (posId, epigastrial, right_lower_quadrant, periumbilical) VALUES (34, true, true, true);
INSERT INTO Positions (posId, right_lower_quadrant, right_groin) VALUES (35, true, true);
INSERT INTO Pain (pid, positionId, referred_pain_position, constant, four_hours, eight_hours, one_day, two_days, better_with_lying_still, worse_with_eating, worse_with_moving_around) VALUES (34, 34, 35, true, false, true, true, true, true, true, true);
INSERT INTO Symptoms (sxId, fever, nausea, loss_of_appatite) VALUES (34, true, true, true);
INSERT INTO Symptoms (sxId, vomiting, diarrhea, chills, malaise, abdominal_distension, dysuria) VALUES (35, true, false, true, true, true, true);
INSERT INTO Cases (diagnosisId, age, gender, majorSx, minorSx, painId) VALUES (1, 8, 'F', 34, 35, 34);
INSERT INTO Positions (posId, epigastrial, right_lower_quadrant, periumbilical) VALUES (36, true, true, true);
INSERT INTO Positions (posId, right_lower_quadrant, right_groin) VALUES (37, true, true);
INSERT INTO Pain (pid, positionId, referred_pain_position, constant, four_hours, eight_hours, one_day, two_days, better_with_lying_still, worse_with_eating, worse_with_moving_around) VALUES (36, 36, 37, true, true, true, true, true, true, true, true);
INSERT INTO Symptoms (sxId, fever, nausea, loss_of_appatite) VALUES (36, true, true, true);
INSERT INTO Symptoms (sxId, vomiting, diarrhea, chills, malaise, abdominal_distension, dysuria) VALUES (37, true, true, true, true, false, true);
INSERT INTO Cases (diagnosisId, age, gender, majorSx, minorSx, painId) VALUES (1, 9, 'M', 36, 37, 36);
INSERT INTO Positions (posId, epigastrial, right_lower_quadrant, periumbilical) VALUES (38, true, true, true);
INSERT INTO Positions (posId, right_lower_quadrant, right_groin) VALUES (39, true, true);
INSERT INTO Pain (pid, positionId, referred_pain_position, constant, four_hours, eight_hours, one_day, two_days, better_with_lying_still, worse_with_eating, worse_with_moving_around) VALUES (38, 38, 39, true, false, true, true, true, true, true, true);
INSERT INTO Symptoms (sxId, fever, nausea, loss_of_appatite) VALUES (38, true, true, true);
INSERT INTO Symptoms (sxId, vomiting, diarrhea, chills, malaise, abdominal_distension, dysuria) VALUES (39, true, true, true, true, true, true);
INSERT INTO Cases (diagnosisId, age, gender, majorSx, minorSx, painId) VALUES (1, 9, 'F', 38, 39, 38);
INSERT INTO Positions (posId, epigastrial, right_lower_quadrant, periumbilical) VALUES (40, true, true, true);
INSERT INTO Positions (posId, right_lower_quadrant, right_groin) VALUES (41, true, true);
INSERT INTO Pain (pid, positionId, referred_pain_position, constant, four_hours, eight_hours, one_day, two_days, better_with_lying_still, worse_with_eating, worse_with_moving_around) VALUES (40, 40, 41, true, true, true, true, true, true, true, true);
INSERT INTO Symptoms (sxId, fever, nausea, loss_of_appatite) VALUES (40, true, true, false);
INSERT INTO Symptoms (sxId, vomiting, diarrhea, chills, malaise, abdominal_distension, dysuria) VALUES (41, true, true, true, false, true, true);
INSERT INTO Cases (diagnosisId, age, gender, majorSx, minorSx, painId) VALUES (1, 14, 'F', 40, 41, 40);
INSERT INTO Positions (posId, epigastrial, right_lower_quadrant, periumbilical) VALUES (42, true, true, true);
INSERT INTO Positions (posId, right_lower_quadrant, right_groin) VALUES (43, true, true);
INSERT INTO Pain (pid, positionId, referred_pain_position, constant, four_hours, eight_hours, one_day, two_days, better_with_lying_still, worse_with_eating, worse_with_moving_around) VALUES (42, 42, 43, true, true, true, true, true, false, true, true);
INSERT INTO Symptoms (sxId, fever, nausea, loss_of_appatite) VALUES (42, true, true, true);
INSERT INTO Symptoms (sxId, vomiting, diarrhea, chills, malaise, abdominal_distension, dysuria) VALUES (43, true, true, true, true, true, true);
INSERT INTO Cases (diagnosisId, age, gender, majorSx, minorSx, painId) VALUES (1, 13, 'M', 42, 43, 42);
INSERT INTO Positions (posId, epigastrial, right_lower_quadrant, periumbilical) VALUES (44, true, true, false);
INSERT INTO Positions (posId, right_lower_quadrant, right_groin) VALUES (45, true, true);
INSERT INTO Pain (pid, positionId, referred_pain_position, constant, four_hours, eight_hours, one_day, two_days, better_with_lying_still, worse_with_eating, worse_with_moving_around) VALUES (44, 44, 45, true, true, true, true, false, false, false, true);
INSERT INTO Symptoms (sxId, fever, nausea, loss_of_appatite) VALUES (44, true, true, true);
INSERT INTO Symptoms (sxId, vomiting, diarrhea, chills, malaise, abdominal_distension, dysuria) VALUES (45, true, false, true, true, true, true);
INSERT INTO Cases (diagnosisId, age, gender, majorSx, minorSx, painId) VALUES (1, 13, 'F', 44, 45, 44);
INSERT INTO Positions (posId, epigastrial, right_lower_quadrant, periumbilical) VALUES (46, true, true, true);
INSERT INTO Positions (posId, right_lower_quadrant, right_groin) VALUES (47, true, true);
INSERT INTO Pain (pid, positionId, referred_pain_position, constant, four_hours, eight_hours, one_day, two_days, better_with_lying_still, worse_with_eating, worse_with_moving_around) VALUES (46, 46, 47, true, true, true, true, true, true, false, true);
INSERT INTO Symptoms (sxId, fever, nausea, loss_of_appatite) VALUES (46, true, true, true);
INSERT INTO Symptoms (sxId, vomiting, diarrhea, chills, malaise, abdominal_distension, dysuria) VALUES (47, true, true, true, true, true, true);
INSERT INTO Cases (diagnosisId, age, gender, majorSx, minorSx, painId) VALUES (1, 15, 'F', 46, 47, 46);
INSERT INTO Positions (posId, epigastrial, right_lower_quadrant, periumbilical) VALUES (48, true, false, true);
INSERT INTO Positions (posId, right_lower_quadrant, right_groin) VALUES (49, true, true);
INSERT INTO Pain (pid, positionId, referred_pain_position, constant, four_hours, eight_hours, one_day, two_days, better_with_lying_still, worse_with_eating, worse_with_moving_around) VALUES (48, 48, 49, false, true, true, true, true, true, true, true);
INSERT INTO Symptoms (sxId, fever, nausea, loss_of_appatite) VALUES (48, true, true, true);
INSERT INTO Symptoms (sxId, vomiting, diarrhea, chills, malaise, abdominal_distension, dysuria) VALUES (49, true, true, true, true, false, true);
INSERT INTO Cases (diagnosisId, age, gender, majorSx, minorSx, painId) VALUES (1, 14, 'M', 48, 49, 48);
INSERT INTO Positions (posId, epigastrial, right_lower_quadrant, periumbilical) VALUES (50, true, true, true);
INSERT INTO Positions (posId, right_lower_quadrant, right_groin) VALUES (51, true, true);
INSERT INTO Pain (pid, positionId, referred_pain_position, constant, four_hours, eight_hours, one_day, two_days, better_with_lying_still, worse_with_eating, worse_with_moving_around) VALUES (50, 50, 51, true, true, true, true, false, true, false, true);
INSERT INTO Symptoms (sxId, fever, nausea, loss_of_appatite) VALUES (50, true, true, true);
INSERT INTO Symptoms (sxId, vomiting, diarrhea, chills, malaise, abdominal_distension, dysuria) VALUES (51, true, true, true, true, true, true);
INSERT INTO Cases (diagnosisId, age, gender, majorSx, minorSx, painId) VALUES (1, 14, 'F', 50, 51, 50);
INSERT INTO Positions (posId, epigastrial, right_lower_quadrant, periumbilical) VALUES (52, true, true, true);
INSERT INTO Positions (posId, right_lower_quadrant, right_groin) VALUES (53, true, true);
INSERT INTO Pain (pid, positionId, referred_pain_position, constant, four_hours, eight_hours, one_day, two_days, better_with_lying_still, worse_with_eating, worse_with_moving_around) VALUES (52, 52, 53, true, true, true, true, true, true, true, true);
INSERT INTO Symptoms (sxId, fever, nausea, loss_of_appatite) VALUES (52, true, true, true);
INSERT INTO Symptoms (sxId, vomiting, diarrhea, chills, malaise, abdominal_distension, dysuria) VALUES (53, true, true, true, true, true, true);
INSERT INTO Cases (diagnosisId, age, gender, majorSx, minorSx, painId) VALUES (1, 13, 'M', 52, 53, 52);
INSERT INTO Positions (posId, epigastrial, right_lower_quadrant, periumbilical) VALUES (54, true, true, true);
INSERT INTO Positions (posId, right_lower_quadrant, right_groin) VALUES (55, true, true);
INSERT INTO Pain (pid, positionId, referred_pain_position, constant, four_hours, eight_hours, one_day, two_days, better_with_lying_still, worse_with_eating, worse_with_moving_around) VALUES (54, 54, 55, true, true, true, true, true, true, true, true);
INSERT INTO Symptoms (sxId, fever, nausea, loss_of_appatite) VALUES (54, true, true, true);
INSERT INTO Symptoms (sxId, vomiting, diarrhea, chills, malaise, abdominal_distension, dysuria) VALUES (55, true, true, true, false, true, false);
INSERT INTO Cases (diagnosisId, age, gender, majorSx, minorSx, painId) VALUES (1, 13, 'F', 54, 55, 54);
INSERT INTO Positions (posId, epigastrial, right_lower_quadrant, periumbilical) VALUES (56, false, true, true);
INSERT INTO Positions (posId, right_lower_quadrant, right_groin) VALUES (57, true, true);
INSERT INTO Pain (pid, positionId, referred_pain_position, constant, four_hours, eight_hours, one_day, two_days, better_with_lying_still, worse_with_eating, worse_with_moving_around) VALUES (56, 56, 57, false, true, true, true, true, true, true, true);
INSERT INTO Symptoms (sxId, fever, nausea, loss_of_appatite) VALUES (56, true, true, true);
INSERT INTO Symptoms (sxId, vomiting, diarrhea, chills, malaise, abdominal_distension, dysuria) VALUES (57, true, false, true, true, true, false);
INSERT INTO Cases (diagnosisId, age, gender, majorSx, minorSx, painId) VALUES (1, 11, 'M', 56, 57, 56);
INSERT INTO Positions (posId, epigastrial, right_lower_quadrant, periumbilical) VALUES (58, true, true, false);
INSERT INTO Positions (posId, right_lower_quadrant, right_groin) VALUES (59, true, true);
INSERT INTO Pain (pid, positionId, referred_pain_position, constant, four_hours, eight_hours, one_day, two_days, better_with_lying_still, worse_with_eating, worse_with_moving_around) VALUES (58, 58, 59, true, true, true, true, false, true, false, true);
INSERT INTO Symptoms (sxId, fever, nausea, loss_of_appatite) VALUES (58, true, true, true);
INSERT INTO Symptoms (sxId, vomiting, diarrhea, chills, malaise, abdominal_distension, dysuria) VALUES (59, true, true, true, false, true, true);
INSERT INTO Cases (diagnosisId, age, gender, majorSx, minorSx, painId) VALUES (1, 12, 'M', 58, 59, 58);
INSERT INTO Positions (posId, epigastrial, right_lower_quadrant, periumbilical) VALUES (60, true, true, true);
INSERT INTO Positions (posId, right_lower_quadrant, right_groin) VALUES (61, true, true);
INSERT INTO Pain (pid, positionId, referred_pain_position, constant, four_hours, eight_hours, one_day, two_days, better_with_lying_still, worse_with_eating, worse_with_moving_around) VALUES (60, 60, 61, true, false, true, true, true, true, true, true);
INSERT INTO Symptoms (sxId, fever, nausea, loss_of_appatite) VALUES (60, true, true, true);
INSERT INTO Symptoms (sxId, vomiting, diarrhea, chills, malaise, abdominal_distension, dysuria) VALUES (61, true, true, true, true, true, true);
INSERT INTO Cases (diagnosisId, age, gender, majorSx, minorSx, painId) VALUES (1, 13, 'M', 60, 61, 60);
INSERT INTO Positions (posId, epigastrial, right_lower_quadrant, periumbilical) VALUES (62, true, true, true);
INSERT INTO Positions (posId, right_lower_quadrant, right_groin) VALUES (63, false, true);
INSERT INTO Pain (pid, positionId, referred_pain_position, constant, four_hours, eight_hours, one_day, two_days, better_with_lying_still, worse_with_eating, worse_with_moving_around) VALUES (62, 62, 63, true, true, true, true, false, true, true, true);
INSERT INTO Symptoms (sxId, fever, nausea, loss_of_appatite) VALUES (62, true, true, true);
INSERT INTO Symptoms (sxId, vomiting, diarrhea, chills, malaise, abdominal_distension, dysuria) VALUES (63, true, true, true, true, true, true);
INSERT INTO Cases (diagnosisId, age, gender, majorSx, minorSx, painId) VALUES (1, 13, 'F', 62, 63, 62);
INSERT INTO Positions (posId, epigastrial, right_lower_quadrant, periumbilical) VALUES (64, true, true, true);
INSERT INTO Positions (posId, right_lower_quadrant, right_groin) VALUES (65, true, true);
INSERT INTO Pain (pid, positionId, referred_pain_position, constant, four_hours, eight_hours, one_day, two_days, better_with_lying_still, worse_with_eating, worse_with_moving_around) VALUES (64, 64, 65, true, true, true, false, true, true, true, true);
INSERT INTO Symptoms (sxId, fever, nausea, loss_of_appatite) VALUES (64, true, true, true);
INSERT INTO Symptoms (sxId, vomiting, diarrhea, chills, malaise, abdominal_distension, dysuria) VALUES (65, true, true, true, true, true, true);
INSERT INTO Cases (diagnosisId, age, gender, majorSx, minorSx, painId) VALUES (1, 14, 'M', 64, 65, 64);
INSERT INTO Positions (posId, epigastrial, right_lower_quadrant, periumbilical) VALUES (66, true, true, true);
INSERT INTO Positions (posId, right_lower_quadrant, right_groin) VALUES (67, true, true);
INSERT INTO Pain (pid, positionId, referred_pain_position, constant, four_hours, eight_hours, one_day, two_days, better_with_lying_still, worse_with_eating, worse_with_moving_around) VALUES (66, 66, 67, true, true, true, true, true, true, true, true);
INSERT INTO Symptoms (sxId, fever, nausea, loss_of_appatite) VALUES (66, false, true, true);
INSERT INTO Symptoms (sxId, vomiting, diarrhea, chills, malaise, abdominal_distension, dysuria) VALUES (67, true, true, true, true, true, true);
INSERT INTO Cases (diagnosisId, age, gender, majorSx, minorSx, painId) VALUES (1, 15, 'F', 66, 67, 66);
INSERT INTO Positions (posId, epigastrial, right_lower_quadrant, periumbilical) VALUES (68, true, true, false);
INSERT INTO Positions (posId, right_lower_quadrant, right_groin) VALUES (69, true, true);
INSERT INTO Pain (pid, positionId, referred_pain_position, constant, four_hours, eight_hours, one_day, two_days, better_with_lying_still, worse_with_eating, worse_with_moving_around) VALUES (68, 68, 69, true, true, false, true, true, true, true, true);
INSERT INTO Symptoms (sxId, fever, nausea, loss_of_appatite) VALUES (68, true, false, true);
INSERT INTO Symptoms (sxId, vomiting, diarrhea, chills, malaise, abdominal_distension, dysuria) VALUES (69, true, true, true, true, true, true);
INSERT INTO Cases (diagnosisId, age, gender, majorSx, minorSx, painId) VALUES (1, 13, 'M', 68, 69, 68);
INSERT INTO Positions (posId, epigastrial, right_lower_quadrant, periumbilical) VALUES (70, true, true, true);
INSERT INTO Positions (posId, right_lower_quadrant, right_groin) VALUES (71, true, true);
INSERT INTO Pain (pid, positionId, referred_pain_position, constant, four_hours, eight_hours, one_day, two_days, better_with_lying_still, worse_with_eating, worse_with_moving_around) VALUES (70, 70, 71, true, true, true, true, true, true, false, true);
INSERT INTO Symptoms (sxId, fever, nausea, loss_of_appatite) VALUES (70, true, true, true);
INSERT INTO Symptoms (sxId, vomiting, diarrhea, chills, malaise, abdominal_distension, dysuria) VALUES (71, true, true, true, true, true, true);
INSERT INTO Cases (diagnosisId, age, gender, majorSx, minorSx, painId) VALUES (1, 18, 'F', 70, 71, 70);
INSERT INTO Positions (posId, epigastrial, right_lower_quadrant, periumbilical) VALUES (72, true, true, true);
INSERT INTO Positions (posId, right_lower_quadrant, right_groin) VALUES (73, true, true);
INSERT INTO Pain (pid, positionId, referred_pain_position, constant, four_hours, eight_hours, one_day, two_days, better_with_lying_still, worse_with_eating, worse_with_moving_around) VALUES (72, 72, 73, true, true, true, true, true, true, true, true);
INSERT INTO Symptoms (sxId, fever, nausea, loss_of_appatite) VALUES (72, true, true, true);
INSERT INTO Symptoms (sxId, vomiting, diarrhea, chills, malaise, abdominal_distension, dysuria) VALUES (73, true, true, true, true, true, true);
INSERT INTO Cases (diagnosisId, age, gender, majorSx, minorSx, painId) VALUES (1, 16, 'M', 72, 73, 72);
INSERT INTO Positions (posId, epigastrial, right_lower_quadrant, periumbilical) VALUES (74, true, true, false);
INSERT INTO Positions (posId, right_lower_quadrant, right_groin) VALUES (75, true, true);
INSERT INTO Pain (pid, positionId, referred_pain_position, constant, four_hours, eight_hours, one_day, two_days, better_with_lying_still, worse_with_eating, worse_with_moving_around) VALUES (74, 74, 75, true, false, true, true, true, false, true, true);
INSERT INTO Symptoms (sxId, fever, nausea, loss_of_appatite) VALUES (74, true, true, true);
INSERT INTO Symptoms (sxId, vomiting, diarrhea, chills, malaise, abdominal_distension, dysuria) VALUES (75, false, true, true, true, true, true);
INSERT INTO Cases (diagnosisId, age, gender, majorSx, minorSx, painId) VALUES (1, 16, 'M', 74, 75, 74);
INSERT INTO Positions (posId, epigastrial, right_lower_quadrant, periumbilical) VALUES (76, true, true, false);
INSERT INTO Positions (posId, right_lower_quadrant, right_groin) VALUES (77, true, true);
INSERT INTO Pain (pid, positionId, referred_pain_position, constant, four_hours, eight_hours, one_day, two_days, better_with_lying_still, worse_with_eating, worse_with_moving_around) VALUES (76, 76, 77, true, true, true, true, true, true, true, true);
INSERT INTO Symptoms (sxId, fever, nausea, loss_of_appatite) VALUES (76, true, true, true);
INSERT INTO Symptoms (sxId, vomiting, diarrhea, chills, malaise, abdominal_distension, dysuria) VALUES (77, true, true, true, true, true, false);
INSERT INTO Cases (diagnosisId, age, gender, majorSx, minorSx, painId) VALUES (1, 20, 'M', 76, 77, 76);
INSERT INTO Positions (posId, epigastrial, right_lower_quadrant, periumbilical) VALUES (78, true, true, true);
INSERT INTO Positions (posId, right_lower_quadrant, right_groin) VALUES (79, true, true);
INSERT INTO Pain (pid, positionId, referred_pain_position, constant, four_hours, eight_hours, one_day, two_days, better_with_lying_still, worse_with_eating, worse_with_moving_around) VALUES (78, 78, 79, true, true, true, true, true, true, true, true);
INSERT INTO Symptoms (sxId, fever, nausea, loss_of_appatite) VALUES (78, true, false, true);
INSERT INTO Symptoms (sxId, vomiting, diarrhea, chills, malaise, abdominal_distension, dysuria) VALUES (79, true, true, true, true, true, true);
INSERT INTO Cases (diagnosisId, age, gender, majorSx, minorSx, painId) VALUES (1, 19, 'F', 78, 79, 78);
INSERT INTO Positions (posId, epigastrial, right_lower_quadrant, periumbilical) VALUES (80, true, true, true);
INSERT INTO Positions (posId, right_lower_quadrant, right_groin) VALUES (81, true, true);
INSERT INTO Pain (pid, positionId, referred_pain_position, constant, four_hours, eight_hours, one_day, two_days, better_with_lying_still, worse_with_eating, worse_with_moving_around) VALUES (80, 80, 81, true, true, false, true, true, false, false, true);
INSERT INTO Symptoms (sxId, fever, nausea, loss_of_appatite) VALUES (80, true, false, true);
INSERT INTO Symptoms (sxId, vomiting, diarrhea, chills, malaise, abdominal_distension, dysuria) VALUES (81, false, false, true, true, true, true);
INSERT INTO Cases (diagnosisId, age, gender, majorSx, minorSx, painId) VALUES (1, 17, 'M', 80, 81, 80);
INSERT INTO Positions (posId, epigastrial, right_lower_quadrant, periumbilical) VALUES (82, true, false, true);
INSERT INTO Positions (posId, right_lower_quadrant, right_groin) VALUES (83, true, true);
INSERT INTO Pain (pid, positionId, referred_pain_position, constant, four_hours, eight_hours, one_day, two_days, better_with_lying_still, worse_with_eating, worse_with_moving_around) VALUES (82, 82, 83, true, true, false, true, true, true, true, true);
INSERT INTO Symptoms (sxId, fever, nausea, loss_of_appatite) VALUES (82, true, true, true);
INSERT INTO Symptoms (sxId, vomiting, diarrhea, chills, malaise, abdominal_distension, dysuria) VALUES (83, true, true, true, true, true, true);
INSERT INTO Cases (diagnosisId, age, gender, majorSx, minorSx, painId) VALUES (1, 18, 'F', 82, 83, 82);
INSERT INTO Positions (posId, epigastrial, right_lower_quadrant, periumbilical) VALUES (84, true, true, true);
INSERT INTO Positions (posId, right_lower_quadrant, right_groin) VALUES (85, true, true);
INSERT INTO Pain (pid, positionId, referred_pain_position, constant, four_hours, eight_hours, one_day, two_days, better_with_lying_still, worse_with_eating, worse_with_moving_around) VALUES (84, 84, 85, false, false, true, true, true, true, true, true);
INSERT INTO Symptoms (sxId, fever, nausea, loss_of_appatite) VALUES (84, true, true, true);
INSERT INTO Symptoms (sxId, vomiting, diarrhea, chills, malaise, abdominal_distension, dysuria) VALUES (85, true, true, true, true, true, true);
INSERT INTO Cases (diagnosisId, age, gender, majorSx, minorSx, painId) VALUES (1, 20, 'F', 84, 85, 84);
INSERT INTO Positions (posId, epigastrial, right_lower_quadrant, periumbilical) VALUES (86, true, true, true);
INSERT INTO Positions (posId, right_lower_quadrant, right_groin) VALUES (87, true, true);
INSERT INTO Pain (pid, positionId, referred_pain_position, constant, four_hours, eight_hours, one_day, two_days, better_with_lying_still, worse_with_eating, worse_with_moving_around) VALUES (86, 86, 87, true, true, true, true, true, true, true, true);
INSERT INTO Symptoms (sxId, fever, nausea, loss_of_appatite) VALUES (86, false, true, true);
INSERT INTO Symptoms (sxId, vomiting, diarrhea, chills, malaise, abdominal_distension, dysuria) VALUES (87, true, true, true, true, true, true);
INSERT INTO Cases (diagnosisId, age, gender, majorSx, minorSx, painId) VALUES (1, 17, 'F', 86, 87, 86);
INSERT INTO Positions (posId, epigastrial, right_lower_quadrant, periumbilical) VALUES (88, true, true, true);
INSERT INTO Positions (posId, right_lower_quadrant, right_groin) VALUES (89, true, true);
INSERT INTO Pain (pid, positionId, referred_pain_position, constant, four_hours, eight_hours, one_day, two_days, better_with_lying_still, worse_with_eating, worse_with_moving_around) VALUES (88, 88, 89, true, false, true, true, true, true, true, true);
INSERT INTO Symptoms (sxId, fever, nausea, loss_of_appatite) VALUES (88, true, true, true);
INSERT INTO Symptoms (sxId, vomiting, diarrhea, chills, malaise, abdominal_distension, dysuria) VALUES (89, true, true, true, true, true, true);
INSERT INTO Cases (diagnosisId, age, gender, majorSx, minorSx, painId) VALUES (1, 16, 'F', 88, 89, 88);
INSERT INTO Positions (posId, epigastrial, right_lower_quadrant, periumbilical) VALUES (90, true, true, true);
INSERT INTO Positions (posId, right_lower_quadrant, right_groin) VALUES (91, true, true);
INSERT INTO Pain (pid, positionId, referred_pain_position, constant, four_hours, eight_hours, one_day, two_days, better_with_lying_still, worse_with_eating, worse_with_moving_around) VALUES (90, 90, 91, true, true, true, false, true, true, true, true);
INSERT INTO Symptoms (sxId, fever, nausea, loss_of_appatite) VALUES (90, true, true, true);
INSERT INTO Symptoms (sxId, vomiting, diarrhea, chills, malaise, abdominal_distension, dysuria) VALUES (91, true, true, false, true, true, true);
INSERT INTO Cases (diagnosisId, age, gender, majorSx, minorSx, painId) VALUES (1, 19, 'M', 90, 91, 90);
INSERT INTO Positions (posId, epigastrial, right_lower_quadrant, periumbilical) VALUES (92, true, true, true);
INSERT INTO Positions (posId, right_lower_quadrant, right_groin) VALUES (93, true, false);
INSERT INTO Pain (pid, positionId, referred_pain_position, constant, four_hours, eight_hours, one_day, two_days, better_with_lying_still, worse_with_eating, worse_with_moving_around) VALUES (92, 92, 93, true, false, true, true, true, true, true, true);
INSERT INTO Symptoms (sxId, fever, nausea, loss_of_appatite) VALUES (92, false, true, true);
INSERT INTO Symptoms (sxId, vomiting, diarrhea, chills, malaise, abdominal_distension, dysuria) VALUES (93, true, true, true, true, true, true);
INSERT INTO Cases (diagnosisId, age, gender, majorSx, minorSx, painId) VALUES (1, 16, 'F', 92, 93, 92);
INSERT INTO Positions (posId, epigastrial, right_lower_quadrant, periumbilical) VALUES (94, true, true, true);
INSERT INTO Positions (posId, right_lower_quadrant, right_groin) VALUES (95, true, true);
INSERT INTO Pain (pid, positionId, referred_pain_position, constant, four_hours, eight_hours, one_day, two_days, better_with_lying_still, worse_with_eating, worse_with_moving_around) VALUES (94, 94, 95, true, false, true, true, true, true, true, true);
INSERT INTO Symptoms (sxId, fever, nausea, loss_of_appatite) VALUES (94, true, true, false);
INSERT INTO Symptoms (sxId, vomiting, diarrhea, chills, malaise, abdominal_distension, dysuria) VALUES (95, true, true, true, true, true, true);
INSERT INTO Cases (diagnosisId, age, gender, majorSx, minorSx, painId) VALUES (1, 19, 'M', 94, 95, 94);
INSERT INTO Positions (posId, epigastrial, right_lower_quadrant, periumbilical) VALUES (96, true, true, true);
INSERT INTO Positions (posId, right_lower_quadrant, right_groin) VALUES (97, true, true);
INSERT INTO Pain (pid, positionId, referred_pain_position, constant, four_hours, eight_hours, one_day, two_days, better_with_lying_still, worse_with_eating, worse_with_moving_around) VALUES (96, 96, 97, true, true, true, true, true, false, true, true);
INSERT INTO Symptoms (sxId, fever, nausea, loss_of_appatite) VALUES (96, true, true, true);
INSERT INTO Symptoms (sxId, vomiting, diarrhea, chills, malaise, abdominal_distension, dysuria) VALUES (97, true, true, true, true, true, true);
INSERT INTO Cases (diagnosisId, age, gender, majorSx, minorSx, painId) VALUES (1, 19, 'M', 96, 97, 96);
INSERT INTO Positions (posId, epigastrial, right_lower_quadrant, periumbilical) VALUES (98, true, true, true);
INSERT INTO Positions (posId, right_lower_quadrant, right_groin) VALUES (99, true, true);
INSERT INTO Pain (pid, positionId, referred_pain_position, constant, four_hours, eight_hours, one_day, two_days, better_with_lying_still, worse_with_eating, worse_with_moving_around) VALUES (98, 98, 99, true, true, true, true, true, true, true, true);
INSERT INTO Symptoms (sxId, fever, nausea, loss_of_appatite) VALUES (98, true, true, true);
INSERT INTO Symptoms (sxId, vomiting, diarrhea, chills, malaise, abdominal_distension, dysuria) VALUES (99, true, true, true, false, true, true);
INSERT INTO Cases (diagnosisId, age, gender, majorSx, minorSx, painId) VALUES (1, 20, 'F', 98, 99, 98);
INSERT INTO Positions (posId, epigastrial, right_lower_quadrant, periumbilical) VALUES (100, true, true, true);
INSERT INTO Positions (posId, right_lower_quadrant, right_groin) VALUES (101, true, true);
INSERT INTO Pain (pid, positionId, referred_pain_position, constant, four_hours, eight_hours, one_day, two_days, better_with_lying_still, worse_with_eating, worse_with_moving_around) VALUES (100, 100, 101, true, true, true, true, true, true, true, true);
INSERT INTO Symptoms (sxId, fever, nausea, loss_of_appatite) VALUES (100, true, true, true);
INSERT INTO Symptoms (sxId, vomiting, diarrhea, chills, malaise, abdominal_distension, dysuria) VALUES (101, true, true, true, true, false, true);
INSERT INTO Cases (diagnosisId, age, gender, majorSx, minorSx, painId) VALUES (1, 24, 'M', 100, 101, 100);
INSERT INTO Positions (posId, epigastrial, right_lower_quadrant, periumbilical) VALUES (102, true, true, true);
INSERT INTO Positions (posId, right_lower_quadrant, right_groin) VALUES (103, true, true);
INSERT INTO Pain (pid, positionId, referred_pain_position, constant, four_hours, eight_hours, one_day, two_days, better_with_lying_still, worse_with_eating, worse_with_moving_around) VALUES (102, 102, 103, false, true, true, true, true, true, true, true);
INSERT INTO Symptoms (sxId, fever, nausea, loss_of_appatite) VALUES (102, true, true, true);
INSERT INTO Symptoms (sxId, vomiting, diarrhea, chills, malaise, abdominal_distension, dysuria) VALUES (103, true, true, true, true, true, true);
INSERT INTO Cases (diagnosisId, age, gender, majorSx, minorSx, painId) VALUES (1, 22, 'F', 102, 103, 102);
INSERT INTO Positions (posId, epigastrial, right_lower_quadrant, periumbilical) VALUES (104, true, true, true);
INSERT INTO Positions (posId, right_lower_quadrant, right_groin) VALUES (105, true, true);
INSERT INTO Pain (pid, positionId, referred_pain_position, constant, four_hours, eight_hours, one_day, two_days, better_with_lying_still, worse_with_eating, worse_with_moving_around) VALUES (104, 104, 105, true, true, true, true, true, true, true, true);
INSERT INTO Symptoms (sxId, fever, nausea, loss_of_appatite) VALUES (104, true, true, true);
INSERT INTO Symptoms (sxId, vomiting, diarrhea, chills, malaise, abdominal_distension, dysuria) VALUES (105, true, true, true, true, true, true);
INSERT INTO Cases (diagnosisId, age, gender, majorSx, minorSx, painId) VALUES (1, 23, 'M', 104, 105, 104);
INSERT INTO Positions (posId, epigastrial, right_lower_quadrant, periumbilical) VALUES (106, true, true, true);
INSERT INTO Positions (posId, right_lower_quadrant, right_groin) VALUES (107, true, true);
INSERT INTO Pain (pid, positionId, referred_pain_position, constant, four_hours, eight_hours, one_day, two_days, better_with_lying_still, worse_with_eating, worse_with_moving_around) VALUES (106, 106, 107, true, true, true, true, true, true, true, true);
INSERT INTO Symptoms (sxId, fever, nausea, loss_of_appatite) VALUES (106, true, true, true);
INSERT INTO Symptoms (sxId, vomiting, diarrhea, chills, malaise, abdominal_distension, dysuria) VALUES (107, true, true, true, true, true, false);
INSERT INTO Cases (diagnosisId, age, gender, majorSx, minorSx, painId) VALUES (1, 23, 'F', 106, 107, 106);
INSERT INTO Positions (posId, epigastrial, right_lower_quadrant, periumbilical) VALUES (108, true, false, true);
INSERT INTO Positions (posId, right_lower_quadrant, right_groin) VALUES (109, true, true);
INSERT INTO Pain (pid, positionId, referred_pain_position, constant, four_hours, eight_hours, one_day, two_days, better_with_lying_still, worse_with_eating, worse_with_moving_around) VALUES (108, 108, 109, true, false, true, true, true, true, true, true);
INSERT INTO Symptoms (sxId, fever, nausea, loss_of_appatite) VALUES (108, true, true, true);
INSERT INTO Symptoms (sxId, vomiting, diarrhea, chills, malaise, abdominal_distension, dysuria) VALUES (109, true, true, true, true, true, true);
INSERT INTO Cases (diagnosisId, age, gender, majorSx, minorSx, painId) VALUES (1, 24, 'F', 108, 109, 108);
INSERT INTO Positions (posId, epigastrial, right_lower_quadrant, periumbilical) VALUES (110, true, true, true);
INSERT INTO Positions (posId, right_lower_quadrant, right_groin) VALUES (111, true, true);
INSERT INTO Pain (pid, positionId, referred_pain_position, constant, four_hours, eight_hours, one_day, two_days, better_with_lying_still, worse_with_eating, worse_with_moving_around) VALUES (110, 110, 111, true, true, true, true, true, true, true, true);
INSERT INTO Symptoms (sxId, fever, nausea, loss_of_appatite) VALUES (110, true, true, true);
INSERT INTO Symptoms (sxId, vomiting, diarrhea, chills, malaise, abdominal_distension, dysuria) VALUES (111, true, true, false, false, true, true);
INSERT INTO Cases (diagnosisId, age, gender, majorSx, minorSx, painId) VALUES (1, 23, 'M', 110, 111, 110);
INSERT INTO Positions (posId, epigastrial, right_lower_quadrant, periumbilical) VALUES (112, true, true, true);
INSERT INTO Positions (posId, right_lower_quadrant, right_groin) VALUES (113, true, true);
INSERT INTO Pain (pid, positionId, referred_pain_position, constant, four_hours, eight_hours, one_day, two_days, better_with_lying_still, worse_with_eating, worse_with_moving_around) VALUES (112, 112, 113, true, true, true, true, true, true, true, true);
INSERT INTO Symptoms (sxId, fever, nausea, loss_of_appatite) VALUES (112, true, true, false);
INSERT INTO Symptoms (sxId, vomiting, diarrhea, chills, malaise, abdominal_distension, dysuria) VALUES (113, true, true, true, true, true, true);
INSERT INTO Cases (diagnosisId, age, gender, majorSx, minorSx, painId) VALUES (1, 23, 'M', 112, 113, 112);
INSERT INTO Positions (posId, epigastrial, right_lower_quadrant, periumbilical) VALUES (114, true, true, true);
INSERT INTO Positions (posId, right_lower_quadrant, right_groin) VALUES (115, true, false);
INSERT INTO Pain (pid, positionId, referred_pain_position, constant, four_hours, eight_hours, one_day, two_days, better_with_lying_still, worse_with_eating, worse_with_moving_around) VALUES (114, 114, 115, true, true, true, true, true, true, true, true);
INSERT INTO Symptoms (sxId, fever, nausea, loss_of_appatite) VALUES (114, true, true, true);
INSERT INTO Symptoms (sxId, vomiting, diarrhea, chills, malaise, abdominal_distension, dysuria) VALUES (115, true, true, true, true, true, true);
INSERT INTO Cases (diagnosisId, age, gender, majorSx, minorSx, painId) VALUES (1, 22, 'F', 114, 115, 114);
INSERT INTO Positions (posId, epigastrial, right_lower_quadrant, periumbilical) VALUES (116, true, true, true);
INSERT INTO Positions (posId, right_lower_quadrant, right_groin) VALUES (117, true, true);
INSERT INTO Pain (pid, positionId, referred_pain_position, constant, four_hours, eight_hours, one_day, two_days, better_with_lying_still, worse_with_eating, worse_with_moving_around) VALUES (116, 116, 117, true, false, true, true, true, true, true, true);
INSERT INTO Symptoms (sxId, fever, nausea, loss_of_appatite) VALUES (116, true, false, true);
INSERT INTO Symptoms (sxId, vomiting, diarrhea, chills, malaise, abdominal_distension, dysuria) VALUES (117, true, true, true, true, true, false);
INSERT INTO Cases (diagnosisId, age, gender, majorSx, minorSx, painId) VALUES (1, 22, 'M', 116, 117, 116);
INSERT INTO Positions (posId, epigastrial, right_lower_quadrant, periumbilical) VALUES (118, true, true, true);
INSERT INTO Positions (posId, right_lower_quadrant, right_groin) VALUES (119, false, true);
INSERT INTO Pain (pid, positionId, referred_pain_position, constant, four_hours, eight_hours, one_day, two_days, better_with_lying_still, worse_with_eating, worse_with_moving_around) VALUES (118, 118, 119, true, true, true, true, true, true, true, true);
INSERT INTO Symptoms (sxId, fever, nausea, loss_of_appatite) VALUES (118, false, true, true);
INSERT INTO Symptoms (sxId, vomiting, diarrhea, chills, malaise, abdominal_distension, dysuria) VALUES (119, true, true, false, true, true, false);
INSERT INTO Cases (diagnosisId, age, gender, majorSx, minorSx, painId) VALUES (1, 21, 'F', 118, 119, 118);
INSERT INTO Positions (posId, epigastrial, right_lower_quadrant, periumbilical) VALUES (120, true, true, true);
INSERT INTO Positions (posId, right_lower_quadrant, right_groin) VALUES (121, true, true);
INSERT INTO Pain (pid, positionId, referred_pain_position, constant, four_hours, eight_hours, one_day, two_days, better_with_lying_still, worse_with_eating, worse_with_moving_around) VALUES (120, 120, 121, true, true, true, true, true, true, true, true);
INSERT INTO Symptoms (sxId, fever, nausea, loss_of_appatite) VALUES (120, false, true, true);
INSERT INTO Symptoms (sxId, vomiting, diarrhea, chills, malaise, abdominal_distension, dysuria) VALUES (121, true, true, true, true, true, true);
INSERT INTO Cases (diagnosisId, age, gender, majorSx, minorSx, painId) VALUES (1, 21, 'M', 120, 121, 120);
INSERT INTO Positions (posId, epigastrial, right_lower_quadrant, periumbilical) VALUES (122, true, true, true);
INSERT INTO Positions (posId, right_lower_quadrant, right_groin) VALUES (123, true, true);
INSERT INTO Pain (pid, positionId, referred_pain_position, constant, four_hours, eight_hours, one_day, two_days, better_with_lying_still, worse_with_eating, worse_with_moving_around) VALUES (122, 122, 123, true, true, true, true, true, true, true, true);
INSERT INTO Symptoms (sxId, fever, nausea, loss_of_appatite) VALUES (122, true, true, true);
INSERT INTO Symptoms (sxId, vomiting, diarrhea, chills, malaise, abdominal_distension, dysuria) VALUES (123, true, true, true, true, true, true);
INSERT INTO Cases (diagnosisId, age, gender, majorSx, minorSx, painId) VALUES (1, 22, 'M', 122, 123, 122);
INSERT INTO Positions (posId, epigastrial, right_lower_quadrant, periumbilical) VALUES (124, true, true, true);
INSERT INTO Positions (posId, right_lower_quadrant, right_groin) VALUES (125, false, true);
INSERT INTO Pain (pid, positionId, referred_pain_position, constant, four_hours, eight_hours, one_day, two_days, better_with_lying_still, worse_with_eating, worse_with_moving_around) VALUES (124, 124, 125, true, true, true, true, true, true, true, true);
INSERT INTO Symptoms (sxId, fever, nausea, loss_of_appatite) VALUES (124, true, true, true);
INSERT INTO Symptoms (sxId, vomiting, diarrhea, chills, malaise, abdominal_distension, dysuria) VALUES (125, true, true, true, true, false, true);
INSERT INTO Cases (diagnosisId, age, gender, majorSx, minorSx, painId) VALUES (1, 24, 'M', 124, 125, 124);
INSERT INTO Positions (posId, epigastrial, right_lower_quadrant, periumbilical) VALUES (126, true, true, true);
INSERT INTO Positions (posId, right_lower_quadrant, right_groin) VALUES (127, true, true);
INSERT INTO Pain (pid, positionId, referred_pain_position, constant, four_hours, eight_hours, one_day, two_days, better_with_lying_still, worse_with_eating, worse_with_moving_around) VALUES (126, 126, 127, true, true, true, true, false, true, true, true);
INSERT INTO Symptoms (sxId, fever, nausea, loss_of_appatite) VALUES (126, true, true, true);
INSERT INTO Symptoms (sxId, vomiting, diarrhea, chills, malaise, abdominal_distension, dysuria) VALUES (127, true, true, false, true, true, true);
INSERT INTO Cases (diagnosisId, age, gender, majorSx, minorSx, painId) VALUES (1, 22, 'F', 126, 127, 126);
INSERT INTO Positions (posId, epigastrial, right_lower_quadrant, periumbilical) VALUES (128, true, true, true);
INSERT INTO Positions (posId, right_lower_quadrant, right_groin) VALUES (129, true, true);
INSERT INTO Pain (pid, positionId, referred_pain_position, constant, four_hours, eight_hours, one_day, two_days, better_with_lying_still, worse_with_eating, worse_with_moving_around) VALUES (128, 128, 129, true, true, true, true, true, true, true, true);
INSERT INTO Symptoms (sxId, fever, nausea, loss_of_appatite) VALUES (128, true, true, true);
INSERT INTO Symptoms (sxId, vomiting, diarrhea, chills, malaise, abdominal_distension, dysuria) VALUES (129, true, true, true, true, true, true);
INSERT INTO Cases (diagnosisId, age, gender, majorSx, minorSx, painId) VALUES (1, 22, 'M', 128, 129, 128);
INSERT INTO Positions (posId, epigastrial, right_lower_quadrant, periumbilical) VALUES (130, true, true, true);
INSERT INTO Positions (posId, right_lower_quadrant, right_groin) VALUES (131, true, true);
INSERT INTO Pain (pid, positionId, referred_pain_position, constant, four_hours, eight_hours, one_day, two_days, better_with_lying_still, worse_with_eating, worse_with_moving_around) VALUES (130, 130, 131, true, true, true, true, true, true, true, true);
INSERT INTO Symptoms (sxId, fever, nausea, loss_of_appatite) VALUES (130, true, true, true);
INSERT INTO Symptoms (sxId, vomiting, diarrhea, chills, malaise, abdominal_distension, dysuria) VALUES (131, true, true, true, true, true, true);
INSERT INTO Cases (diagnosisId, age, gender, majorSx, minorSx, painId) VALUES (1, 26, 'M', 130, 131, 130);
INSERT INTO Positions (posId, epigastrial, right_lower_quadrant, periumbilical) VALUES (132, true, true, true);
INSERT INTO Positions (posId, right_lower_quadrant, right_groin) VALUES (133, true, false);
INSERT INTO Pain (pid, positionId, referred_pain_position, constant, four_hours, eight_hours, one_day, two_days, better_with_lying_still, worse_with_eating, worse_with_moving_around) VALUES (132, 132, 133, true, true, true, true, true, true, true, true);
INSERT INTO Symptoms (sxId, fever, nausea, loss_of_appatite) VALUES (132, true, true, true);
INSERT INTO Symptoms (sxId, vomiting, diarrhea, chills, malaise, abdominal_distension, dysuria) VALUES (133, true, true, true, true, true, true);
INSERT INTO Cases (diagnosisId, age, gender, majorSx, minorSx, painId) VALUES (1, 30, 'M', 132, 133, 132);
INSERT INTO Positions (posId, epigastrial, right_lower_quadrant, periumbilical) VALUES (134, true, true, true);
INSERT INTO Positions (posId, right_lower_quadrant, right_groin) VALUES (135, false, false);
INSERT INTO Pain (pid, positionId, referred_pain_position, constant, four_hours, eight_hours, one_day, two_days, better_with_lying_still, worse_with_eating, worse_with_moving_around) VALUES (134, 134, 135, true, true, true, true, false, true, true, true);
INSERT INTO Symptoms (sxId, fever, nausea, loss_of_appatite) VALUES (134, true, true, true);
INSERT INTO Symptoms (sxId, vomiting, diarrhea, chills, malaise, abdominal_distension, dysuria) VALUES (135, true, true, true, true, true, true);
INSERT INTO Cases (diagnosisId, age, gender, majorSx, minorSx, painId) VALUES (1, 29, 'F', 134, 135, 134);
INSERT INTO Positions (posId, epigastrial, right_lower_quadrant, periumbilical) VALUES (136, false, true, true);
INSERT INTO Positions (posId, right_lower_quadrant, right_groin) VALUES (137, true, true);
INSERT INTO Pain (pid, positionId, referred_pain_position, constant, four_hours, eight_hours, one_day, two_days, better_with_lying_still, worse_with_eating, worse_with_moving_around) VALUES (136, 136, 137, true, true, true, true, true, true, true, true);
INSERT INTO Symptoms (sxId, fever, nausea, loss_of_appatite) VALUES (136, true, true, true);
INSERT INTO Symptoms (sxId, vomiting, diarrhea, chills, malaise, abdominal_distension, dysuria) VALUES (137, true, true, true, true, true, true);
INSERT INTO Cases (diagnosisId, age, gender, majorSx, minorSx, painId) VALUES (1, 26, 'M', 136, 137, 136);
INSERT INTO Positions (posId, epigastrial, right_lower_quadrant, periumbilical) VALUES (138, true, true, true);
INSERT INTO Positions (posId, right_lower_quadrant, right_groin) VALUES (139, true, true);
INSERT INTO Pain (pid, positionId, referred_pain_position, constant, four_hours, eight_hours, one_day, two_days, better_with_lying_still, worse_with_eating, worse_with_moving_around) VALUES (138, 138, 139, true, true, true, true, true, true, true, true);
INSERT INTO Symptoms (sxId, fever, nausea, loss_of_appatite) VALUES (138, true, true, true);
INSERT INTO Symptoms (sxId, vomiting, diarrhea, chills, malaise, abdominal_distension, dysuria) VALUES (139, true, true, true, true, true, true);
INSERT INTO Cases (diagnosisId, age, gender, majorSx, minorSx, painId) VALUES (1, 26, 'F', 138, 139, 138);
INSERT INTO Positions (posId, epigastrial, right_lower_quadrant, periumbilical) VALUES (140, true, true, true);
INSERT INTO Positions (posId, right_lower_quadrant, right_groin) VALUES (141, true, true);
INSERT INTO Pain (pid, positionId, referred_pain_position, constant, four_hours, eight_hours, one_day, two_days, better_with_lying_still, worse_with_eating, worse_with_moving_around) VALUES (140, 140, 141, true, true, true, true, true, true, true, true);
INSERT INTO Symptoms (sxId, fever, nausea, loss_of_appatite) VALUES (140, true, true, true);
INSERT INTO Symptoms (sxId, vomiting, diarrhea, chills, malaise, abdominal_distension, dysuria) VALUES (141, true, false, true, true, true, true);
INSERT INTO Cases (diagnosisId, age, gender, majorSx, minorSx, painId) VALUES (1, 26, 'F', 140, 141, 140);
INSERT INTO Positions (posId, epigastrial, right_lower_quadrant, periumbilical) VALUES (142, true, true, true);
INSERT INTO Positions (posId, right_lower_quadrant, right_groin) VALUES (143, true, true);
INSERT INTO Pain (pid, positionId, referred_pain_position, constant, four_hours, eight_hours, one_day, two_days, better_with_lying_still, worse_with_eating, worse_with_moving_around) VALUES (142, 142, 143, true, true, true, true, true, true, true, true);
INSERT INTO Symptoms (sxId, fever, nausea, loss_of_appatite) VALUES (142, true, true, true);
INSERT INTO Symptoms (sxId, vomiting, diarrhea, chills, malaise, abdominal_distension, dysuria) VALUES (143, true, true, true, true, true, true);
INSERT INTO Cases (diagnosisId, age, gender, majorSx, minorSx, painId) VALUES (1, 27, 'F', 142, 143, 142);
INSERT INTO Positions (posId, epigastrial, right_lower_quadrant, periumbilical) VALUES (144, true, true, true);
INSERT INTO Positions (posId, right_lower_quadrant, right_groin) VALUES (145, true, true);
INSERT INTO Pain (pid, positionId, referred_pain_position, constant, four_hours, eight_hours, one_day, two_days, better_with_lying_still, worse_with_eating, worse_with_moving_around) VALUES (144, 144, 145, true, true, true, true, true, true, true, true);
INSERT INTO Symptoms (sxId, fever, nausea, loss_of_appatite) VALUES (144, true, true, true);
INSERT INTO Symptoms (sxId, vomiting, diarrhea, chills, malaise, abdominal_distension, dysuria) VALUES (145, true, true, true, true, true, true);
INSERT INTO Cases (diagnosisId, age, gender, majorSx, minorSx, painId) VALUES (1, 28, 'F', 144, 145, 144);
INSERT INTO Positions (posId, epigastrial, right_lower_quadrant, periumbilical) VALUES (146, true, true, true);
INSERT INTO Positions (posId, right_lower_quadrant, right_groin) VALUES (147, true, true);
INSERT INTO Pain (pid, positionId, referred_pain_position, constant, four_hours, eight_hours, one_day, two_days, better_with_lying_still, worse_with_eating, worse_with_moving_around) VALUES (146, 146, 147, true, true, true, true, true, true, true, true);
INSERT INTO Symptoms (sxId, fever, nausea, loss_of_appatite) VALUES (146, true, true, true);
INSERT INTO Symptoms (sxId, vomiting, diarrhea, chills, malaise, abdominal_distension, dysuria) VALUES (147, true, true, true, true, true, true);
INSERT INTO Cases (diagnosisId, age, gender, majorSx, minorSx, painId) VALUES (1, 27, 'M', 146, 147, 146);
INSERT INTO Positions (posId, epigastrial, right_lower_quadrant, periumbilical) VALUES (148, true, true, true);
INSERT INTO Positions (posId, right_lower_quadrant, right_groin) VALUES (149, true, true);
INSERT INTO Pain (pid, positionId, referred_pain_position, constant, four_hours, eight_hours, one_day, two_days, better_with_lying_still, worse_with_eating, worse_with_moving_around) VALUES (148, 148, 149, true, true, true, true, true, true, true, true);
INSERT INTO Symptoms (sxId, fever, nausea, loss_of_appatite) VALUES (148, true, true, true);
INSERT INTO Symptoms (sxId, vomiting, diarrhea, chills, malaise, abdominal_distension, dysuria) VALUES (149, true, false, true, true, true, true);
INSERT INTO Cases (diagnosisId, age, gender, majorSx, minorSx, painId) VALUES (1, 26, 'M', 148, 149, 148);
INSERT INTO Positions (posId, epigastrial, right_lower_quadrant, periumbilical) VALUES (150, true, false, true);
INSERT INTO Positions (posId, right_lower_quadrant, right_groin) VALUES (151, true, true);
INSERT INTO Pain (pid, positionId, referred_pain_position, constant, four_hours, eight_hours, one_day, two_days, better_with_lying_still, worse_with_eating, worse_with_moving_around) VALUES (150, 150, 151, true, false, true, true, true, true, true, false);
INSERT INTO Symptoms (sxId, fever, nausea, loss_of_appatite) VALUES (150, true, true, true);
INSERT INTO Symptoms (sxId, vomiting, diarrhea, chills, malaise, abdominal_distension, dysuria) VALUES (151, true, true, true, true, true, true);
INSERT INTO Cases (diagnosisId, age, gender, majorSx, minorSx, painId) VALUES (1, 32, 'M', 150, 151, 150);
INSERT INTO Positions (posId, epigastrial, right_lower_quadrant, periumbilical) VALUES (152, true, true, true);
INSERT INTO Positions (posId, right_lower_quadrant, right_groin) VALUES (153, true, true);
INSERT INTO Pain (pid, positionId, referred_pain_position, constant, four_hours, eight_hours, one_day, two_days, better_with_lying_still, worse_with_eating, worse_with_moving_around) VALUES (152, 152, 153, true, true, true, true, true, true, true, true);
INSERT INTO Symptoms (sxId, fever, nausea, loss_of_appatite) VALUES (152, true, true, true);
INSERT INTO Symptoms (sxId, vomiting, diarrhea, chills, malaise, abdominal_distension, dysuria) VALUES (153, true, true, false, true, true, true);
INSERT INTO Cases (diagnosisId, age, gender, majorSx, minorSx, painId) VALUES (1, 33, 'M', 152, 153, 152);
INSERT INTO Positions (posId, epigastrial, right_lower_quadrant, periumbilical) VALUES (154, true, true, true);
INSERT INTO Positions (posId, right_lower_quadrant, right_groin) VALUES (155, false, true);
INSERT INTO Pain (pid, positionId, referred_pain_position, constant, four_hours, eight_hours, one_day, two_days, better_with_lying_still, worse_with_eating, worse_with_moving_around) VALUES (154, 154, 155, true, true, false, false, true, true, true, true);
INSERT INTO Symptoms (sxId, fever, nausea, loss_of_appatite) VALUES (154, true, true, false);
INSERT INTO Symptoms (sxId, vomiting, diarrhea, chills, malaise, abdominal_distension, dysuria) VALUES (155, true, true, true, true, true, true);
INSERT INTO Cases (diagnosisId, age, gender, majorSx, minorSx, painId) VALUES (1, 32, 'F', 154, 155, 154);
INSERT INTO Positions (posId, epigastrial, right_lower_quadrant, periumbilical) VALUES (156, true, true, true);
INSERT INTO Positions (posId, right_lower_quadrant, right_groin) VALUES (157, true, true);
INSERT INTO Pain (pid, positionId, referred_pain_position, constant, four_hours, eight_hours, one_day, two_days, better_with_lying_still, worse_with_eating, worse_with_moving_around) VALUES (156, 156, 157, true, true, true, true, true, true, true, true);
INSERT INTO Symptoms (sxId, fever, nausea, loss_of_appatite) VALUES (156, true, true, true);
INSERT INTO Symptoms (sxId, vomiting, diarrhea, chills, malaise, abdominal_distension, dysuria) VALUES (157, true, true, true, true, true, false);
INSERT INTO Cases (diagnosisId, age, gender, majorSx, minorSx, painId) VALUES (1, 35, 'M', 156, 157, 156);
INSERT INTO Positions (posId, epigastrial, right_lower_quadrant, periumbilical) VALUES (158, true, true, true);
INSERT INTO Positions (posId, right_lower_quadrant, right_groin) VALUES (159, true, true);
INSERT INTO Pain (pid, positionId, referred_pain_position, constant, four_hours, eight_hours, one_day, two_days, better_with_lying_still, worse_with_eating, worse_with_moving_around) VALUES (158, 158, 159, true, true, true, true, true, true, false, true);
INSERT INTO Symptoms (sxId, fever, nausea, loss_of_appatite) VALUES (158, true, true, true);
INSERT INTO Symptoms (sxId, vomiting, diarrhea, chills, malaise, abdominal_distension, dysuria) VALUES (159, true, true, true, true, true, true);
INSERT INTO Cases (diagnosisId, age, gender, majorSx, minorSx, painId) VALUES (1, 32, 'M', 158, 159, 158);
INSERT INTO Positions (posId, epigastrial, right_lower_quadrant, periumbilical) VALUES (160, true, true, true);
INSERT INTO Positions (posId, right_lower_quadrant, right_groin) VALUES (161, true, true);
INSERT INTO Pain (pid, positionId, referred_pain_position, constant, four_hours, eight_hours, one_day, two_days, better_with_lying_still, worse_with_eating, worse_with_moving_around) VALUES (160, 160, 161, true, true, true, true, true, false, true, true);
INSERT INTO Symptoms (sxId, fever, nausea, loss_of_appatite) VALUES (160, true, true, true);
INSERT INTO Symptoms (sxId, vomiting, diarrhea, chills, malaise, abdominal_distension, dysuria) VALUES (161, true, true, true, true, true, true);
INSERT INTO Cases (diagnosisId, age, gender, majorSx, minorSx, painId) VALUES (1, 35, 'F', 160, 161, 160);
INSERT INTO Positions (posId, epigastrial, right_lower_quadrant, periumbilical) VALUES (162, true, true, true);
INSERT INTO Positions (posId, right_lower_quadrant, right_groin) VALUES (163, false, true);
INSERT INTO Pain (pid, positionId, referred_pain_position, constant, four_hours, eight_hours, one_day, two_days, better_with_lying_still, worse_with_eating, worse_with_moving_around) VALUES (162, 162, 163, true, true, true, true, true, true, true, true);
INSERT INTO Symptoms (sxId, fever, nausea, loss_of_appatite) VALUES (162, true, true, true);
INSERT INTO Symptoms (sxId, vomiting, diarrhea, chills, malaise, abdominal_distension, dysuria) VALUES (163, true, true, true, true, true, false);
INSERT INTO Cases (diagnosisId, age, gender, majorSx, minorSx, painId) VALUES (1, 34, 'F', 162, 163, 162);
INSERT INTO Positions (posId, epigastrial, right_lower_quadrant, periumbilical) VALUES (164, true, true, false);
INSERT INTO Positions (posId, right_lower_quadrant, right_groin) VALUES (165, true, true);
INSERT INTO Pain (pid, positionId, referred_pain_position, constant, four_hours, eight_hours, one_day, two_days, better_with_lying_still, worse_with_eating, worse_with_moving_around) VALUES (164, 164, 165, true, true, true, true, true, true, true, true);
INSERT INTO Symptoms (sxId, fever, nausea, loss_of_appatite) VALUES (164, true, true, true);
INSERT INTO Symptoms (sxId, vomiting, diarrhea, chills, malaise, abdominal_distension, dysuria) VALUES (165, true, true, true, true, true, true);
INSERT INTO Cases (diagnosisId, age, gender, majorSx, minorSx, painId) VALUES (1, 40, 'M', 164, 165, 164);
INSERT INTO Positions (posId, epigastrial, right_lower_quadrant, periumbilical) VALUES (166, true, true, true);
INSERT INTO Positions (posId, right_lower_quadrant, right_groin) VALUES (167, true, true);
INSERT INTO Pain (pid, positionId, referred_pain_position, constant, four_hours, eight_hours, one_day, two_days, better_with_lying_still, worse_with_eating, worse_with_moving_around) VALUES (166, 166, 167, true, true, true, false, true, true, true, true);
INSERT INTO Symptoms (sxId, fever, nausea, loss_of_appatite) VALUES (166, true, true, true);
INSERT INTO Symptoms (sxId, vomiting, diarrhea, chills, malaise, abdominal_distension, dysuria) VALUES (167, true, true, false, true, true, false);
INSERT INTO Cases (diagnosisId, age, gender, majorSx, minorSx, painId) VALUES (1, 37, 'F', 166, 167, 166);
INSERT INTO Positions (posId, epigastrial, right_lower_quadrant, periumbilical) VALUES (168, true, true, true);
INSERT INTO Positions (posId, right_lower_quadrant, right_groin) VALUES (169, true, true);
INSERT INTO Pain (pid, positionId, referred_pain_position, constant, four_hours, eight_hours, one_day, two_days, better_with_lying_still, worse_with_eating, worse_with_moving_around) VALUES (168, 168, 169, true, false, true, true, true, true, true, true);
INSERT INTO Symptoms (sxId, fever, nausea, loss_of_appatite) VALUES (168, true, true, true);
INSERT INTO Symptoms (sxId, vomiting, diarrhea, chills, malaise, abdominal_distension, dysuria) VALUES (169, true, true, true, true, true, true);
INSERT INTO Cases (diagnosisId, age, gender, majorSx, minorSx, painId) VALUES (1, 39, 'M', 168, 169, 168);
INSERT INTO Positions (posId, epigastrial, right_lower_quadrant, periumbilical) VALUES (170, true, true, true);
INSERT INTO Positions (posId, right_lower_quadrant, right_groin) VALUES (171, false, true);
INSERT INTO Pain (pid, positionId, referred_pain_position, constant, four_hours, eight_hours, one_day, two_days, better_with_lying_still, worse_with_eating, worse_with_moving_around) VALUES (170, 170, 171, true, true, true, true, true, true, true, true);
INSERT INTO Symptoms (sxId, fever, nausea, loss_of_appatite) VALUES (170, true, true, true);
INSERT INTO Symptoms (sxId, vomiting, diarrhea, chills, malaise, abdominal_distension, dysuria) VALUES (171, true, true, true, true, true, true);
INSERT INTO Cases (diagnosisId, age, gender, majorSx, minorSx, painId) VALUES (1, 36, 'F', 170, 171, 170);
INSERT INTO Positions (posId, epigastrial, right_lower_quadrant, periumbilical) VALUES (172, true, true, true);
INSERT INTO Positions (posId, right_lower_quadrant, right_groin) VALUES (173, true, false);
INSERT INTO Pain (pid, positionId, referred_pain_position, constant, four_hours, eight_hours, one_day, two_days, better_with_lying_still, worse_with_eating, worse_with_moving_around) VALUES (172, 172, 173, true, true, true, true, true, true, true, true);
INSERT INTO Symptoms (sxId, fever, nausea, loss_of_appatite) VALUES (172, true, true, false);
INSERT INTO Symptoms (sxId, vomiting, diarrhea, chills, malaise, abdominal_distension, dysuria) VALUES (173, true, true, true, true, true, true);
INSERT INTO Cases (diagnosisId, age, gender, majorSx, minorSx, painId) VALUES (1, 38, 'F', 172, 173, 172);
INSERT INTO Positions (posId, epigastrial, right_lower_quadrant, periumbilical) VALUES (174, true, true, true);
INSERT INTO Positions (posId, right_lower_quadrant, right_groin) VALUES (175, true, true);
INSERT INTO Pain (pid, positionId, referred_pain_position, constant, four_hours, eight_hours, one_day, two_days, better_with_lying_still, worse_with_eating, worse_with_moving_around) VALUES (174, 174, 175, true, true, true, true, false, true, true, true);
INSERT INTO Symptoms (sxId, fever, nausea, loss_of_appatite) VALUES (174, true, true, true);
INSERT INTO Symptoms (sxId, vomiting, diarrhea, chills, malaise, abdominal_distension, dysuria) VALUES (175, true, true, true, false, true, true);
INSERT INTO Cases (diagnosisId, age, gender, majorSx, minorSx, painId) VALUES (1, 42, 'F', 174, 175, 174);
INSERT INTO Positions (posId, epigastrial, right_lower_quadrant, periumbilical) VALUES (176, true, true, true);
INSERT INTO Positions (posId, right_lower_quadrant, right_groin) VALUES (177, true, true);
INSERT INTO Pain (pid, positionId, referred_pain_position, constant, four_hours, eight_hours, one_day, two_days, better_with_lying_still, worse_with_eating, worse_with_moving_around) VALUES (176, 176, 177, true, true, true, true, true, true, true, true);
INSERT INTO Symptoms (sxId, fever, nausea, loss_of_appatite) VALUES (176, true, true, true);
INSERT INTO Symptoms (sxId, vomiting, diarrhea, chills, malaise, abdominal_distension, dysuria) VALUES (177, true, true, true, true, true, true);
INSERT INTO Cases (diagnosisId, age, gender, majorSx, minorSx, painId) VALUES (1, 41, 'F', 176, 177, 176);
INSERT INTO Positions (posId, epigastrial, right_lower_quadrant, periumbilical) VALUES (178, true, true, true);
INSERT INTO Positions (posId, right_lower_quadrant, right_groin) VALUES (179, true, true);
INSERT INTO Pain (pid, positionId, referred_pain_position, constant, four_hours, eight_hours, one_day, two_days, better_with_lying_still, worse_with_eating, worse_with_moving_around) VALUES (178, 178, 179, true, true, true, true, true, true, true, true);
INSERT INTO Symptoms (sxId, fever, nausea, loss_of_appatite) VALUES (178, true, true, true);
INSERT INTO Symptoms (sxId, vomiting, diarrhea, chills, malaise, abdominal_distension, dysuria) VALUES (179, true, false, true, true, true, true);
INSERT INTO Cases (diagnosisId, age, gender, majorSx, minorSx, painId) VALUES (1, 42, 'F', 178, 179, 178);
INSERT INTO Positions (posId, epigastrial, right_lower_quadrant, periumbilical) VALUES (180, false, false, false);
INSERT INTO Positions (posId, right_lower_quadrant, right_groin) VALUES (181, true, true);
INSERT INTO Pain (pid, positionId, referred_pain_position, constant, four_hours, eight_hours, one_day, two_days, better_with_lying_still, worse_with_eating, worse_with_moving_around) VALUES (180, 180, 181, true, true, true, true, true, true, true, true);
INSERT INTO Symptoms (sxId, fever, nausea, loss_of_appatite) VALUES (180, true, true, true);
INSERT INTO Symptoms (sxId, vomiting, diarrhea, chills, malaise, abdominal_distension, dysuria) VALUES (181, true, true, true, true, true, true);
INSERT INTO Cases (diagnosisId, age, gender, majorSx, minorSx, painId) VALUES (1, 42, 'M', 180, 181, 180);
INSERT INTO Positions (posId, epigastrial, right_lower_quadrant, periumbilical) VALUES (182, false, true, true);
INSERT INTO Positions (posId, right_lower_quadrant, right_groin) VALUES (183, false, false);
INSERT INTO Pain (pid, positionId, referred_pain_position, constant, four_hours, eight_hours, one_day, two_days, better_with_lying_still, worse_with_eating, worse_with_moving_around) VALUES (182, 182, 183, true, true, true, true, true, true, true, true);
INSERT INTO Symptoms (sxId, fever, nausea, loss_of_appatite) VALUES (182, true, true, true);
INSERT INTO Symptoms (sxId, vomiting, diarrhea, chills, malaise, abdominal_distension, dysuria) VALUES (183, true, true, true, false, true, true);
INSERT INTO Cases (diagnosisId, age, gender, majorSx, minorSx, painId) VALUES (1, 42, 'M', 182, 183, 182);
INSERT INTO Positions (posId, epigastrial, right_lower_quadrant, periumbilical) VALUES (184, false, false, true);
INSERT INTO Positions (posId, right_lower_quadrant, right_groin) VALUES (185, true, true);
INSERT INTO Pain (pid, positionId, referred_pain_position, constant, four_hours, eight_hours, one_day, two_days, better_with_lying_still, worse_with_eating, worse_with_moving_around) VALUES (184, 184, 185, true, true, true, true, true, true, true, true);
INSERT INTO Symptoms (sxId, fever, nausea, loss_of_appatite) VALUES (184, true, true, true);
INSERT INTO Symptoms (sxId, vomiting, diarrhea, chills, malaise, abdominal_distension, dysuria) VALUES (185, true, true, true, true, true, true);
INSERT INTO Cases (diagnosisId, age, gender, majorSx, minorSx, painId) VALUES (1, 49, 'M', 184, 185, 184);
INSERT INTO Positions (posId, epigastrial, right_lower_quadrant, periumbilical) VALUES (186, true, true, true);
INSERT INTO Positions (posId, right_lower_quadrant, right_groin) VALUES (187, true, true);
INSERT INTO Pain (pid, positionId, referred_pain_position, constant, four_hours, eight_hours, one_day, two_days, better_with_lying_still, worse_with_eating, worse_with_moving_around) VALUES (186, 186, 187, true, true, true, true, true, true, false, true);
INSERT INTO Symptoms (sxId, fever, nausea, loss_of_appatite) VALUES (186, true, true, true);
INSERT INTO Symptoms (sxId, vomiting, diarrhea, chills, malaise, abdominal_distension, dysuria) VALUES (187, true, false, true, true, true, true);
INSERT INTO Cases (diagnosisId, age, gender, majorSx, minorSx, painId) VALUES (1, 50, 'M', 186, 187, 186);
INSERT INTO Positions (posId, epigastrial, right_lower_quadrant, periumbilical) VALUES (188, true, true, true);
INSERT INTO Positions (posId, right_lower_quadrant, right_groin) VALUES (189, true, true);
INSERT INTO Pain (pid, positionId, referred_pain_position, constant, four_hours, eight_hours, one_day, two_days, better_with_lying_still, worse_with_eating, worse_with_moving_around) VALUES (188, 188, 189, false, true, true, false, true, true, true, true);
INSERT INTO Symptoms (sxId, fever, nausea, loss_of_appatite) VALUES (188, true, true, true);
INSERT INTO Symptoms (sxId, vomiting, diarrhea, chills, malaise, abdominal_distension, dysuria) VALUES (189, true, true, true, true, true, true);
INSERT INTO Cases (diagnosisId, age, gender, majorSx, minorSx, painId) VALUES (1, 46, 'M', 188, 189, 188);
INSERT INTO Positions (posId, epigastrial, right_lower_quadrant, periumbilical) VALUES (190, true, true, true);
INSERT INTO Positions (posId, right_lower_quadrant, right_groin) VALUES (191, true, true);
INSERT INTO Pain (pid, positionId, referred_pain_position, constant, four_hours, eight_hours, one_day, two_days, better_with_lying_still, worse_with_eating, worse_with_moving_around) VALUES (190, 190, 191, true, true, true, true, true, true, true, true);
INSERT INTO Symptoms (sxId, fever, nausea, loss_of_appatite) VALUES (190, true, true, true);
INSERT INTO Symptoms (sxId, vomiting, diarrhea, chills, malaise, abdominal_distension, dysuria) VALUES (191, true, true, true, true, true, true);
INSERT INTO Cases (diagnosisId, age, gender, majorSx, minorSx, painId) VALUES (1, 54, 'M', 190, 191, 190);
INSERT INTO Positions (posId, epigastrial, right_lower_quadrant, periumbilical) VALUES (192, true, true, true);
INSERT INTO Positions (posId, right_lower_quadrant, right_groin) VALUES (193, true, true);
INSERT INTO Pain (pid, positionId, referred_pain_position, constant, four_hours, eight_hours, one_day, two_days, better_with_lying_still, worse_with_eating, worse_with_moving_around) VALUES (192, 192, 193, true, true, false, true, false, true, false, true);
INSERT INTO Symptoms (sxId, fever, nausea, loss_of_appatite) VALUES (192, true, true, true);
INSERT INTO Symptoms (sxId, vomiting, diarrhea, chills, malaise, abdominal_distension, dysuria) VALUES (193, true, true, true, true, true, false);
INSERT INTO Cases (diagnosisId, age, gender, majorSx, minorSx, painId) VALUES (1, 58, 'F', 192, 193, 192);
INSERT INTO Positions (posId, epigastrial, right_lower_quadrant, periumbilical) VALUES (194, true, false, true);
INSERT INTO Positions (posId, right_lower_quadrant, right_groin) VALUES (195, true, true);
INSERT INTO Pain (pid, positionId, referred_pain_position, constant, four_hours, eight_hours, one_day, two_days, better_with_lying_still, worse_with_eating, worse_with_moving_around) VALUES (194, 194, 195, true, true, true, true, true, true, true, true);
INSERT INTO Symptoms (sxId, fever, nausea, loss_of_appatite) VALUES (194, true, true, true);
INSERT INTO Symptoms (sxId, vomiting, diarrhea, chills, malaise, abdominal_distension, dysuria) VALUES (195, true, true, true, false, true, true);
INSERT INTO Cases (diagnosisId, age, gender, majorSx, minorSx, painId) VALUES (1, 64, 'M', 194, 195, 194);
INSERT INTO Positions (posId, epigastrial, right_lower_quadrant, periumbilical) VALUES (196, true, true, true);
INSERT INTO Positions (posId, right_lower_quadrant, right_groin) VALUES (197, true, true);
INSERT INTO Pain (pid, positionId, referred_pain_position, constant, four_hours, eight_hours, one_day, two_days, better_with_lying_still, worse_with_eating, worse_with_moving_around) VALUES (196, 196, 197, true, true, true, true, true, true, true, true);
INSERT INTO Symptoms (sxId, fever, nausea, loss_of_appatite) VALUES (196, true, true, true);
INSERT INTO Symptoms (sxId, vomiting, diarrhea, chills, malaise, abdominal_distension, dysuria) VALUES (197, true, true, true, true, true, true);
INSERT INTO Cases (diagnosisId, age, gender, majorSx, minorSx, painId) VALUES (1, 67, 'F', 196, 197, 196);
INSERT INTO Positions (posId, epigastrial, right_lower_quadrant, periumbilical) VALUES (198, true, true, true);
INSERT INTO Positions (posId, right_lower_quadrant, right_groin) VALUES (199, true, true);
INSERT INTO Pain (pid, positionId, referred_pain_position, constant, four_hours, eight_hours, one_day, two_days, better_with_lying_still, worse_with_eating, worse_with_moving_around) VALUES (198, 198, 199, true, true, true, true, true, false, true, true);
INSERT INTO Symptoms (sxId, fever, nausea, loss_of_appatite) VALUES (198, true, true, true);
INSERT INTO Symptoms (sxId, vomiting, diarrhea, chills, malaise, abdominal_distension, dysuria) VALUES (199, true, false, true, false, true, true);
INSERT INTO Cases (diagnosisId, age, gender, majorSx, minorSx, painId) VALUES (1, 73, 'F', 198, 199, 198);
INSERT INTO Positions (posId, epigastrial, right_lower_quadrant, periumbilical) VALUES (200, true, true, true);
INSERT INTO Positions (posId, right_lower_quadrant, right_groin) VALUES (201, true, true);
INSERT INTO Pain (pid, positionId, referred_pain_position, constant, four_hours, eight_hours, one_day, two_days, better_with_lying_still, worse_with_eating, worse_with_moving_around) VALUES (200, 200, 201, true, true, true, true, true, true, true, true);
INSERT INTO Symptoms (sxId, fever, nausea, loss_of_appatite) VALUES (200, true, true, true);
INSERT INTO Symptoms (sxId, vomiting, diarrhea, chills, malaise, abdominal_distension, dysuria) VALUES (201, true, true, true, true, false, true);
INSERT INTO Cases (diagnosisId, age, gender, majorSx, minorSx, painId) VALUES (1, 105, 'M', 200, 201, 200);
Insert INTO Diagnosis (dId, dname) Values (2, 'Appendicitis');
INSERT INTO Positions (posId, epigastrial, right_lower_quadrant, periumbilical) VALUES (202, true, true, true);
INSERT INTO Positions (posId, right_lower_quadrant, right_groin) VALUES (203, false, true);
INSERT INTO Pain (pid, positionId, referred_pain_position, constant, four_hours, eight_hours, one_day, two_days, better_with_lying_still, worse_with_eating, worse_with_moving_around) VALUES (202, 202, 203, true, true, false, true, true, true, true, true);
INSERT INTO Symptoms (sxId, fever, nausea, loss_of_appatite) VALUES (202, true, true, true);
INSERT INTO Symptoms (sxId, vomiting, diarrhea, chills, malaise, abdominal_distension, dysuria) VALUES (203, true, true, true, true, true, true);
INSERT INTO Cases (diagnosisId, age, gender, majorSx, minorSx, painId) VALUES (2, 2, 'F', 202, 203, 202);
INSERT INTO Positions (posId, epigastrial, right_lower_quadrant, periumbilical) VALUES (204, true, false, true);
INSERT INTO Positions (posId, right_lower_quadrant, right_groin) VALUES (205, true, false);
INSERT INTO Pain (pid, positionId, referred_pain_position, constant, four_hours, eight_hours, one_day, two_days, better_with_lying_still, worse_with_eating, worse_with_moving_around) VALUES (204, 204, 205, true, true, true, true, true, true, false, true);
INSERT INTO Symptoms (sxId, fever, nausea, loss_of_appatite) VALUES (204, true, true, true);
INSERT INTO Symptoms (sxId, vomiting, diarrhea, chills, malaise, abdominal_distension, dysuria) VALUES (205, true, true, true, true, true, true);
INSERT INTO Cases (diagnosisId, age, gender, majorSx, minorSx, painId) VALUES (2, 1, 'F', 204, 205, 204);
INSERT INTO Positions (posId, epigastrial, right_lower_quadrant, periumbilical) VALUES (206, true, true, true);
INSERT INTO Positions (posId, right_lower_quadrant, right_groin) VALUES (207, true, false);
INSERT INTO Pain (pid, positionId, referred_pain_position, constant, four_hours, eight_hours, one_day, two_days, better_with_lying_still, worse_with_eating, worse_with_moving_around) VALUES (206, 206, 207, true, false, true, true, true, true, true, true);
INSERT INTO Symptoms (sxId, fever, nausea, loss_of_appatite) VALUES (206, true, true, true);
INSERT INTO Symptoms (sxId, vomiting, diarrhea, chills, malaise, abdominal_distension, dysuria) VALUES (207, true, true, false, true, true, true);
INSERT INTO Cases (diagnosisId, age, gender, majorSx, minorSx, painId) VALUES (2, 4, 'M', 206, 207, 206);
INSERT INTO Positions (posId, epigastrial, right_lower_quadrant, periumbilical) VALUES (208, true, true, true);
INSERT INTO Positions (posId, right_lower_quadrant, right_groin) VALUES (209, true, true);
INSERT INTO Pain (pid, positionId, referred_pain_position, constant, four_hours, eight_hours, one_day, two_days, better_with_lying_still, worse_with_eating, worse_with_moving_around) VALUES (208, 208, 209, true, true, true, true, true, true, true, true);
INSERT INTO Symptoms (sxId, fever, nausea, loss_of_appatite) VALUES (208, true, true, true);
INSERT INTO Symptoms (sxId, vomiting, diarrhea, chills, malaise, abdominal_distension, dysuria) VALUES (209, true, false, true, true, true, true);
INSERT INTO Cases (diagnosisId, age, gender, majorSx, minorSx, painId) VALUES (2, 4, 'M', 208, 209, 208);
INSERT INTO Positions (posId, epigastrial, right_lower_quadrant, periumbilical) VALUES (210, true, true, true);
INSERT INTO Positions (posId, right_lower_quadrant, right_groin) VALUES (211, true, true);
INSERT INTO Pain (pid, positionId, referred_pain_position, constant, four_hours, eight_hours, one_day, two_days, better_with_lying_still, worse_with_eating, worse_with_moving_around) VALUES (210, 210, 211, true, true, false, true, true, true, true, true);
INSERT INTO Symptoms (sxId, fever, nausea, loss_of_appatite) VALUES (210, true, true, true);
INSERT INTO Symptoms (sxId, vomiting, diarrhea, chills, malaise, abdominal_distension, dysuria) VALUES (211, true, true, false, true, true, true);
INSERT INTO Cases (diagnosisId, age, gender, majorSx, minorSx, painId) VALUES (2, 9, 'M', 210, 211, 210);
INSERT INTO Positions (posId, epigastrial, right_lower_quadrant, periumbilical) VALUES (212, true, true, true);
INSERT INTO Positions (posId, right_lower_quadrant, right_groin) VALUES (213, true, true);
INSERT INTO Pain (pid, positionId, referred_pain_position, constant, four_hours, eight_hours, one_day, two_days, better_with_lying_still, worse_with_eating, worse_with_moving_around) VALUES (212, 212, 213, false, true, true, true, true, true, true, true);
INSERT INTO Symptoms (sxId, fever, nausea, loss_of_appatite) VALUES (212, true, true, true);
INSERT INTO Symptoms (sxId, vomiting, diarrhea, chills, malaise, abdominal_distension, dysuria) VALUES (213, true, true, true, true, true, true);
INSERT INTO Cases (diagnosisId, age, gender, majorSx, minorSx, painId) VALUES (2, 8, 'F', 212, 213, 212);
INSERT INTO Positions (posId, epigastrial, right_lower_quadrant, periumbilical) VALUES (214, true, true, true);
INSERT INTO Positions (posId, right_lower_quadrant, right_groin) VALUES (215, true, true);
INSERT INTO Pain (pid, positionId, referred_pain_position, constant, four_hours, eight_hours, one_day, two_days, better_with_lying_still, worse_with_eating, worse_with_moving_around) VALUES (214, 214, 215, true, true, false, true, true, true, true, true);
INSERT INTO Symptoms (sxId, fever, nausea, loss_of_appatite) VALUES (214, true, true, true);
INSERT INTO Symptoms (sxId, vomiting, diarrhea, chills, malaise, abdominal_distension, dysuria) VALUES (215, true, true, true, true, true, true);
INSERT INTO Cases (diagnosisId, age, gender, majorSx, minorSx, painId) VALUES (2, 7, 'M', 214, 215, 214);
INSERT INTO Positions (posId, epigastrial, right_lower_quadrant, periumbilical) VALUES (216, true, true, true);
INSERT INTO Positions (posId, right_lower_quadrant, right_groin) VALUES (217, true, true);
INSERT INTO Pain (pid, positionId, referred_pain_position, constant, four_hours, eight_hours, one_day, two_days, better_with_lying_still, worse_with_eating, worse_with_moving_around) VALUES (216, 216, 217, true, true, true, false, true, true, true, true);
INSERT INTO Symptoms (sxId, fever, nausea, loss_of_appatite) VALUES (216, false, true, true);
INSERT INTO Symptoms (sxId, vomiting, diarrhea, chills, malaise, abdominal_distension, dysuria) VALUES (217, true, false, true, true, true, true);
INSERT INTO Cases (diagnosisId, age, gender, majorSx, minorSx, painId) VALUES (2, 7, 'F', 216, 217, 216);
INSERT INTO Positions (posId, epigastrial, right_lower_quadrant, periumbilical) VALUES (218, true, false, true);
INSERT INTO Positions (posId, right_lower_quadrant, right_groin) VALUES (219, true, true);
INSERT INTO Pain (pid, positionId, referred_pain_position, constant, four_hours, eight_hours, one_day, two_days, better_with_lying_still, worse_with_eating, worse_with_moving_around) VALUES (218, 218, 219, true, true, true, true, true, false, true, true);
INSERT INTO Symptoms (sxId, fever, nausea, loss_of_appatite) VALUES (218, true, true, true);
INSERT INTO Symptoms (sxId, vomiting, diarrhea, chills, malaise, abdominal_distension, dysuria) VALUES (219, false, true, true, true, false, true);
INSERT INTO Cases (diagnosisId, age, gender, majorSx, minorSx, painId) VALUES (2, 10, 'M', 218, 219, 218);
INSERT INTO Positions (posId, epigastrial, right_lower_quadrant, periumbilical) VALUES (220, true, true, true);
INSERT INTO Positions (posId, right_lower_quadrant, right_groin) VALUES (221, true, true);
INSERT INTO Pain (pid, positionId, referred_pain_position, constant, four_hours, eight_hours, one_day, two_days, better_with_lying_still, worse_with_eating, worse_with_moving_around) VALUES (220, 220, 221, true, true, true, true, true, true, true, true);
INSERT INTO Symptoms (sxId, fever, nausea, loss_of_appatite) VALUES (220, true, true, true);
INSERT INTO Symptoms (sxId, vomiting, diarrhea, chills, malaise, abdominal_distension, dysuria) VALUES (221, true, true, true, true, false, true);
INSERT INTO Cases (diagnosisId, age, gender, majorSx, minorSx, painId) VALUES (2, 9, 'F', 220, 221, 220);
INSERT INTO Positions (posId, epigastrial, right_lower_quadrant, periumbilical) VALUES (222, true, true, true);
INSERT INTO Positions (posId, right_lower_quadrant, right_groin) VALUES (223, true, true);
INSERT INTO Pain (pid, positionId, referred_pain_position, constant, four_hours, eight_hours, one_day, two_days, better_with_lying_still, worse_with_eating, worse_with_moving_around) VALUES (222, 222, 223, true, true, true, true, true, true, true, true);
INSERT INTO Symptoms (sxId, fever, nausea, loss_of_appatite) VALUES (222, true, true, true);
INSERT INTO Symptoms (sxId, vomiting, diarrhea, chills, malaise, abdominal_distension, dysuria) VALUES (223, true, true, true, true, true, true);
INSERT INTO Cases (diagnosisId, age, gender, majorSx, minorSx, painId) VALUES (2, 10, 'M', 222, 223, 222);
INSERT INTO Positions (posId, epigastrial, right_lower_quadrant, periumbilical) VALUES (224, true, true, true);
INSERT INTO Positions (posId, right_lower_quadrant, right_groin) VALUES (225, true, false);
INSERT INTO Pain (pid, positionId, referred_pain_position, constant, four_hours, eight_hours, one_day, two_days, better_with_lying_still, worse_with_eating, worse_with_moving_around) VALUES (224, 224, 225, true, true, false, true, true, true, true, true);
INSERT INTO Symptoms (sxId, fever, nausea, loss_of_appatite) VALUES (224, true, true, true);
INSERT INTO Symptoms (sxId, vomiting, diarrhea, chills, malaise, abdominal_distension, dysuria) VALUES (225, true, true, true, true, true, false);
INSERT INTO Cases (diagnosisId, age, gender, majorSx, minorSx, painId) VALUES (2, 6, 'F', 224, 225, 224);
INSERT INTO Positions (posId, epigastrial, right_lower_quadrant, periumbilical) VALUES (226, true, false, true);
INSERT INTO Positions (posId, right_lower_quadrant, right_groin) VALUES (227, true, true);
INSERT INTO Pain (pid, positionId, referred_pain_position, constant, four_hours, eight_hours, one_day, two_days, better_with_lying_still, worse_with_eating, worse_with_moving_around) VALUES (226, 226, 227, true, true, true, true, true, true, true, true);
INSERT INTO Symptoms (sxId, fever, nausea, loss_of_appatite) VALUES (226, true, true, true);
INSERT INTO Symptoms (sxId, vomiting, diarrhea, chills, malaise, abdominal_distension, dysuria) VALUES (227, true, true, true, true, true, true);
INSERT INTO Cases (diagnosisId, age, gender, majorSx, minorSx, painId) VALUES (2, 6, 'F', 226, 227, 226);
INSERT INTO Positions (posId, epigastrial, right_lower_quadrant, periumbilical) VALUES (228, true, true, true);
INSERT INTO Positions (posId, right_lower_quadrant, right_groin) VALUES (229, true, true);
INSERT INTO Pain (pid, positionId, referred_pain_position, constant, four_hours, eight_hours, one_day, two_days, better_with_lying_still, worse_with_eating, worse_with_moving_around) VALUES (228, 228, 229, true, true, true, true, true, true, true, true);
INSERT INTO Symptoms (sxId, fever, nausea, loss_of_appatite) VALUES (228, true, true, true);
INSERT INTO Symptoms (sxId, vomiting, diarrhea, chills, malaise, abdominal_distension, dysuria) VALUES (229, true, true, true, false, true, true);
INSERT INTO Cases (diagnosisId, age, gender, majorSx, minorSx, painId) VALUES (2, 6, 'M', 228, 229, 228);
INSERT INTO Positions (posId, epigastrial, right_lower_quadrant, periumbilical) VALUES (230, true, true, true);
INSERT INTO Positions (posId, right_lower_quadrant, right_groin) VALUES (231, true, true);
INSERT INTO Pain (pid, positionId, referred_pain_position, constant, four_hours, eight_hours, one_day, two_days, better_with_lying_still, worse_with_eating, worse_with_moving_around) VALUES (230, 230, 231, true, true, true, true, true, true, true, true);
INSERT INTO Symptoms (sxId, fever, nausea, loss_of_appatite) VALUES (230, true, true, true);
INSERT INTO Symptoms (sxId, vomiting, diarrhea, chills, malaise, abdominal_distension, dysuria) VALUES (231, true, true, true, true, true, true);
INSERT INTO Cases (diagnosisId, age, gender, majorSx, minorSx, painId) VALUES (2, 8, 'M', 230, 231, 230);
INSERT INTO Positions (posId, epigastrial, right_lower_quadrant, periumbilical) VALUES (232, true, true, true);
INSERT INTO Positions (posId, right_lower_quadrant, right_groin) VALUES (233, true, true);
INSERT INTO Pain (pid, positionId, referred_pain_position, constant, four_hours, eight_hours, one_day, two_days, better_with_lying_still, worse_with_eating, worse_with_moving_around) VALUES (232, 232, 233, true, true, true, false, true, true, true, true);
INSERT INTO Symptoms (sxId, fever, nausea, loss_of_appatite) VALUES (232, true, true, true);
INSERT INTO Symptoms (sxId, vomiting, diarrhea, chills, malaise, abdominal_distension, dysuria) VALUES (233, true, true, true, true, false, true);
INSERT INTO Cases (diagnosisId, age, gender, majorSx, minorSx, painId) VALUES (2, 10, 'F', 232, 233, 232);
INSERT INTO Positions (posId, epigastrial, right_lower_quadrant, periumbilical) VALUES (234, true, true, true);
INSERT INTO Positions (posId, right_lower_quadrant, right_groin) VALUES (235, true, true);
INSERT INTO Pain (pid, positionId, referred_pain_position, constant, four_hours, eight_hours, one_day, two_days, better_with_lying_still, worse_with_eating, worse_with_moving_around) VALUES (234, 234, 235, true, true, false, true, true, true, true, false);
INSERT INTO Symptoms (sxId, fever, nausea, loss_of_appatite) VALUES (234, true, true, true);
INSERT INTO Symptoms (sxId, vomiting, diarrhea, chills, malaise, abdominal_distension, dysuria) VALUES (235, true, true, true, true, true, true);
INSERT INTO Cases (diagnosisId, age, gender, majorSx, minorSx, painId) VALUES (2, 8, 'M', 234, 235, 234);
INSERT INTO Positions (posId, epigastrial, right_lower_quadrant, periumbilical) VALUES (236, true, true, true);
INSERT INTO Positions (posId, right_lower_quadrant, right_groin) VALUES (237, true, true);
INSERT INTO Pain (pid, positionId, referred_pain_position, constant, four_hours, eight_hours, one_day, two_days, better_with_lying_still, worse_with_eating, worse_with_moving_around) VALUES (236, 236, 237, true, true, false, true, true, true, true, true);
INSERT INTO Symptoms (sxId, fever, nausea, loss_of_appatite) VALUES (236, true, true, true);
INSERT INTO Symptoms (sxId, vomiting, diarrhea, chills, malaise, abdominal_distension, dysuria) VALUES (237, true, true, true, false, true, true);
INSERT INTO Cases (diagnosisId, age, gender, majorSx, minorSx, painId) VALUES (2, 8, 'M', 236, 237, 236);
INSERT INTO Positions (posId, epigastrial, right_lower_quadrant, periumbilical) VALUES (238, true, true, true);
INSERT INTO Positions (posId, right_lower_quadrant, right_groin) VALUES (239, true, true);
INSERT INTO Pain (pid, positionId, referred_pain_position, constant, four_hours, eight_hours, one_day, two_days, better_with_lying_still, worse_with_eating, worse_with_moving_around) VALUES (238, 238, 239, true, true, true, true, true, false, true, true);
INSERT INTO Symptoms (sxId, fever, nausea, loss_of_appatite) VALUES (238, true, true, true);
INSERT INTO Symptoms (sxId, vomiting, diarrhea, chills, malaise, abdominal_distension, dysuria) VALUES (239, true, true, true, false, true, true);
INSERT INTO Cases (diagnosisId, age, gender, majorSx, minorSx, painId) VALUES (2, 7, 'F', 238, 239, 238);
INSERT INTO Positions (posId, epigastrial, right_lower_quadrant, periumbilical) VALUES (240, true, true, true);
INSERT INTO Positions (posId, right_lower_quadrant, right_groin) VALUES (241, true, true);
INSERT INTO Pain (pid, positionId, referred_pain_position, constant, four_hours, eight_hours, one_day, two_days, better_with_lying_still, worse_with_eating, worse_with_moving_around) VALUES (240, 240, 241, true, true, true, true, true, true, true, true);
INSERT INTO Symptoms (sxId, fever, nausea, loss_of_appatite) VALUES (240, true, true, true);
INSERT INTO Symptoms (sxId, vomiting, diarrhea, chills, malaise, abdominal_distension, dysuria) VALUES (241, true, true, true, true, true, true);
INSERT INTO Cases (diagnosisId, age, gender, majorSx, minorSx, painId) VALUES (2, 12, 'F', 240, 241, 240);
INSERT INTO Positions (posId, epigastrial, right_lower_quadrant, periumbilical) VALUES (242, true, true, true);
INSERT INTO Positions (posId, right_lower_quadrant, right_groin) VALUES (243, true, true);
INSERT INTO Pain (pid, positionId, referred_pain_position, constant, four_hours, eight_hours, one_day, two_days, better_with_lying_still, worse_with_eating, worse_with_moving_around) VALUES (242, 242, 243, true, false, true, true, true, true, true, true);
INSERT INTO Symptoms (sxId, fever, nausea, loss_of_appatite) VALUES (242, true, true, false);
INSERT INTO Symptoms (sxId, vomiting, diarrhea, chills, malaise, abdominal_distension, dysuria) VALUES (243, true, true, true, true, true, true);
INSERT INTO Cases (diagnosisId, age, gender, majorSx, minorSx, painId) VALUES (2, 11, 'M', 242, 243, 242);
INSERT INTO Positions (posId, epigastrial, right_lower_quadrant, periumbilical) VALUES (244, true, true, true);
INSERT INTO Positions (posId, right_lower_quadrant, right_groin) VALUES (245, true, true);
INSERT INTO Pain (pid, positionId, referred_pain_position, constant, four_hours, eight_hours, one_day, two_days, better_with_lying_still, worse_with_eating, worse_with_moving_around) VALUES (244, 244, 245, true, true, true, true, true, true, false, false);
INSERT INTO Symptoms (sxId, fever, nausea, loss_of_appatite) VALUES (244, true, false, true);
INSERT INTO Symptoms (sxId, vomiting, diarrhea, chills, malaise, abdominal_distension, dysuria) VALUES (245, true, true, true, true, true, true);
INSERT INTO Cases (diagnosisId, age, gender, majorSx, minorSx, painId) VALUES (2, 14, 'M', 244, 245, 244);
INSERT INTO Positions (posId, epigastrial, right_lower_quadrant, periumbilical) VALUES (246, true, true, true);
INSERT INTO Positions (posId, right_lower_quadrant, right_groin) VALUES (247, true, true);
INSERT INTO Pain (pid, positionId, referred_pain_position, constant, four_hours, eight_hours, one_day, two_days, better_with_lying_still, worse_with_eating, worse_with_moving_around) VALUES (246, 246, 247, true, true, true, true, true, true, true, true);
INSERT INTO Symptoms (sxId, fever, nausea, loss_of_appatite) VALUES (246, true, true, false);
INSERT INTO Symptoms (sxId, vomiting, diarrhea, chills, malaise, abdominal_distension, dysuria) VALUES (247, false, false, true, false, true, true);
INSERT INTO Cases (diagnosisId, age, gender, majorSx, minorSx, painId) VALUES (2, 13, 'M', 246, 247, 246);
INSERT INTO Positions (posId, epigastrial, right_lower_quadrant, periumbilical) VALUES (248, true, true, false);
INSERT INTO Positions (posId, right_lower_quadrant, right_groin) VALUES (249, true, true);
INSERT INTO Pain (pid, positionId, referred_pain_position, constant, four_hours, eight_hours, one_day, two_days, better_with_lying_still, worse_with_eating, worse_with_moving_around) VALUES (248, 248, 249, true, true, true, true, true, true, true, true);
INSERT INTO Symptoms (sxId, fever, nausea, loss_of_appatite) VALUES (248, true, true, true);
INSERT INTO Symptoms (sxId, vomiting, diarrhea, chills, malaise, abdominal_distension, dysuria) VALUES (249, true, true, true, false, true, false);
INSERT INTO Cases (diagnosisId, age, gender, majorSx, minorSx, painId) VALUES (2, 11, 'M', 248, 249, 248);
INSERT INTO Positions (posId, epigastrial, right_lower_quadrant, periumbilical) VALUES (250, true, true, true);
INSERT INTO Positions (posId, right_lower_quadrant, right_groin) VALUES (251, true, true);
INSERT INTO Pain (pid, positionId, referred_pain_position, constant, four_hours, eight_hours, one_day, two_days, better_with_lying_still, worse_with_eating, worse_with_moving_around) VALUES (250, 250, 251, true, true, true, false, true, true, true, true);
INSERT INTO Symptoms (sxId, fever, nausea, loss_of_appatite) VALUES (250, true, true, true);
INSERT INTO Symptoms (sxId, vomiting, diarrhea, chills, malaise, abdominal_distension, dysuria) VALUES (251, true, true, true, true, true, true);
INSERT INTO Cases (diagnosisId, age, gender, majorSx, minorSx, painId) VALUES (2, 14, 'M', 250, 251, 250);
INSERT INTO Positions (posId, epigastrial, right_lower_quadrant, periumbilical) VALUES (252, true, true, true);
INSERT INTO Positions (posId, right_lower_quadrant, right_groin) VALUES (253, true, true);
INSERT INTO Pain (pid, positionId, referred_pain_position, constant, four_hours, eight_hours, one_day, two_days, better_with_lying_still, worse_with_eating, worse_with_moving_around) VALUES (252, 252, 253, true, true, true, true, true, true, true, true);
INSERT INTO Symptoms (sxId, fever, nausea, loss_of_appatite) VALUES (252, true, true, true);
INSERT INTO Symptoms (sxId, vomiting, diarrhea, chills, malaise, abdominal_distension, dysuria) VALUES (253, true, true, true, true, true, false);
INSERT INTO Cases (diagnosisId, age, gender, majorSx, minorSx, painId) VALUES (2, 13, 'F', 252, 253, 252);
INSERT INTO Positions (posId, epigastrial, right_lower_quadrant, periumbilical) VALUES (254, true, true, true);
INSERT INTO Positions (posId, right_lower_quadrant, right_groin) VALUES (255, true, true);
INSERT INTO Pain (pid, positionId, referred_pain_position, constant, four_hours, eight_hours, one_day, two_days, better_with_lying_still, worse_with_eating, worse_with_moving_around) VALUES (254, 254, 255, true, true, true, true, true, true, true, false);
INSERT INTO Symptoms (sxId, fever, nausea, loss_of_appatite) VALUES (254, false, true, true);
INSERT INTO Symptoms (sxId, vomiting, diarrhea, chills, malaise, abdominal_distension, dysuria) VALUES (255, true, false, true, true, true, true);
INSERT INTO Cases (diagnosisId, age, gender, majorSx, minorSx, painId) VALUES (2, 13, 'F', 254, 255, 254);
INSERT INTO Positions (posId, epigastrial, right_lower_quadrant, periumbilical) VALUES (256, true, true, true);
INSERT INTO Positions (posId, right_lower_quadrant, right_groin) VALUES (257, true, true);
INSERT INTO Pain (pid, positionId, referred_pain_position, constant, four_hours, eight_hours, one_day, two_days, better_with_lying_still, worse_with_eating, worse_with_moving_around) VALUES (256, 256, 257, true, true, true, false, true, false, true, true);
INSERT INTO Symptoms (sxId, fever, nausea, loss_of_appatite) VALUES (256, true, true, true);
INSERT INTO Symptoms (sxId, vomiting, diarrhea, chills, malaise, abdominal_distension, dysuria) VALUES (257, true, true, true, false, true, true);
INSERT INTO Cases (diagnosisId, age, gender, majorSx, minorSx, painId) VALUES (2, 12, 'F', 256, 257, 256);
INSERT INTO Positions (posId, epigastrial, right_lower_quadrant, periumbilical) VALUES (258, true, true, true);
INSERT INTO Positions (posId, right_lower_quadrant, right_groin) VALUES (259, true, false);
INSERT INTO Pain (pid, positionId, referred_pain_position, constant, four_hours, eight_hours, one_day, two_days, better_with_lying_still, worse_with_eating, worse_with_moving_around) VALUES (258, 258, 259, true, true, true, true, true, false, true, true);
INSERT INTO Symptoms (sxId, fever, nausea, loss_of_appatite) VALUES (258, true, true, true);
INSERT INTO Symptoms (sxId, vomiting, diarrhea, chills, malaise, abdominal_distension, dysuria) VALUES (259, true, true, false, true, true, true);
INSERT INTO Cases (diagnosisId, age, gender, majorSx, minorSx, painId) VALUES (2, 15, 'F', 258, 259, 258);
INSERT INTO Positions (posId, epigastrial, right_lower_quadrant, periumbilical) VALUES (260, false, true, true);
INSERT INTO Positions (posId, right_lower_quadrant, right_groin) VALUES (261, false, false);
INSERT INTO Pain (pid, positionId, referred_pain_position, constant, four_hours, eight_hours, one_day, two_days, better_with_lying_still, worse_with_eating, worse_with_moving_around) VALUES (260, 260, 261, true, true, false, false, true, true, false, true);
INSERT INTO Symptoms (sxId, fever, nausea, loss_of_appatite) VALUES (260, true, true, true);
INSERT INTO Symptoms (sxId, vomiting, diarrhea, chills, malaise, abdominal_distension, dysuria) VALUES (261, true, false, true, true, true, true);
INSERT INTO Cases (diagnosisId, age, gender, majorSx, minorSx, painId) VALUES (2, 13, 'M', 260, 261, 260);
INSERT INTO Positions (posId, epigastrial, right_lower_quadrant, periumbilical) VALUES (262, true, true, false);
INSERT INTO Positions (posId, right_lower_quadrant, right_groin) VALUES (263, false, true);
INSERT INTO Pain (pid, positionId, referred_pain_position, constant, four_hours, eight_hours, one_day, two_days, better_with_lying_still, worse_with_eating, worse_with_moving_around) VALUES (262, 262, 263, true, true, true, true, true, true, true, true);
INSERT INTO Symptoms (sxId, fever, nausea, loss_of_appatite) VALUES (262, true, true, true);
INSERT INTO Symptoms (sxId, vomiting, diarrhea, chills, malaise, abdominal_distension, dysuria) VALUES (263, true, true, true, true, false, true);
INSERT INTO Cases (diagnosisId, age, gender, majorSx, minorSx, painId) VALUES (2, 14, 'F', 262, 263, 262);
INSERT INTO Positions (posId, epigastrial, right_lower_quadrant, periumbilical) VALUES (264, true, true, true);
INSERT INTO Positions (posId, right_lower_quadrant, right_groin) VALUES (265, true, false);
INSERT INTO Pain (pid, positionId, referred_pain_position, constant, four_hours, eight_hours, one_day, two_days, better_with_lying_still, worse_with_eating, worse_with_moving_around) VALUES (264, 264, 265, true, true, true, true, true, false, true, true);
INSERT INTO Symptoms (sxId, fever, nausea, loss_of_appatite) VALUES (264, true, true, true);
INSERT INTO Symptoms (sxId, vomiting, diarrhea, chills, malaise, abdominal_distension, dysuria) VALUES (265, true, true, true, true, true, true);
INSERT INTO Cases (diagnosisId, age, gender, majorSx, minorSx, painId) VALUES (2, 15, 'F', 264, 265, 264);
INSERT INTO Positions (posId, epigastrial, right_lower_quadrant, periumbilical) VALUES (266, true, true, true);
INSERT INTO Positions (posId, right_lower_quadrant, right_groin) VALUES (267, true, true);
INSERT INTO Pain (pid, positionId, referred_pain_position, constant, four_hours, eight_hours, one_day, two_days, better_with_lying_still, worse_with_eating, worse_with_moving_around) VALUES (266, 266, 267, true, true, true, true, true, true, true, true);
INSERT INTO Symptoms (sxId, fever, nausea, loss_of_appatite) VALUES (266, true, true, true);
INSERT INTO Symptoms (sxId, vomiting, diarrhea, chills, malaise, abdominal_distension, dysuria) VALUES (267, true, true, true, true, true, true);
INSERT INTO Cases (diagnosisId, age, gender, majorSx, minorSx, painId) VALUES (2, 11, 'M', 266, 267, 266);
INSERT INTO Positions (posId, epigastrial, right_lower_quadrant, periumbilical) VALUES (268, true, true, false);
INSERT INTO Positions (posId, right_lower_quadrant, right_groin) VALUES (269, true, true);
INSERT INTO Pain (pid, positionId, referred_pain_position, constant, four_hours, eight_hours, one_day, two_days, better_with_lying_still, worse_with_eating, worse_with_moving_around) VALUES (268, 268, 269, true, true, true, true, true, true, true, true);
INSERT INTO Symptoms (sxId, fever, nausea, loss_of_appatite) VALUES (268, true, true, true);
INSERT INTO Symptoms (sxId, vomiting, diarrhea, chills, malaise, abdominal_distension, dysuria) VALUES (269, false, true, true, true, true, true);
INSERT INTO Cases (diagnosisId, age, gender, majorSx, minorSx, painId) VALUES (2, 13, 'F', 268, 269, 268);
INSERT INTO Positions (posId, epigastrial, right_lower_quadrant, periumbilical) VALUES (270, true, true, true);
INSERT INTO Positions (posId, right_lower_quadrant, right_groin) VALUES (271, true, true);
INSERT INTO Pain (pid, positionId, referred_pain_position, constant, four_hours, eight_hours, one_day, two_days, better_with_lying_still, worse_with_eating, worse_with_moving_around) VALUES (270, 270, 271, true, true, true, true, true, false, true, true);
INSERT INTO Symptoms (sxId, fever, nausea, loss_of_appatite) VALUES (270, true, true, true);
INSERT INTO Symptoms (sxId, vomiting, diarrhea, chills, malaise, abdominal_distension, dysuria) VALUES (271, true, true, true, true, true, true);
INSERT INTO Cases (diagnosisId, age, gender, majorSx, minorSx, painId) VALUES (2, 18, 'M', 270, 271, 270);
INSERT INTO Positions (posId, epigastrial, right_lower_quadrant, periumbilical) VALUES (272, true, true, true);
INSERT INTO Positions (posId, right_lower_quadrant, right_groin) VALUES (273, true, true);
INSERT INTO Pain (pid, positionId, referred_pain_position, constant, four_hours, eight_hours, one_day, two_days, better_with_lying_still, worse_with_eating, worse_with_moving_around) VALUES (272, 272, 273, true, true, true, true, true, true, true, true);
INSERT INTO Symptoms (sxId, fever, nausea, loss_of_appatite) VALUES (272, true, true, true);
INSERT INTO Symptoms (sxId, vomiting, diarrhea, chills, malaise, abdominal_distension, dysuria) VALUES (273, true, true, true, true, true, true);
INSERT INTO Cases (diagnosisId, age, gender, majorSx, minorSx, painId) VALUES (2, 16, 'F', 272, 273, 272);
INSERT INTO Positions (posId, epigastrial, right_lower_quadrant, periumbilical) VALUES (274, true, true, true);
INSERT INTO Positions (posId, right_lower_quadrant, right_groin) VALUES (275, true, true);
INSERT INTO Pain (pid, positionId, referred_pain_position, constant, four_hours, eight_hours, one_day, two_days, better_with_lying_still, worse_with_eating, worse_with_moving_around) VALUES (274, 274, 275, true, true, true, true, true, true, true, true);
INSERT INTO Symptoms (sxId, fever, nausea, loss_of_appatite) VALUES (274, true, true, true);
INSERT INTO Symptoms (sxId, vomiting, diarrhea, chills, malaise, abdominal_distension, dysuria) VALUES (275, true, true, true, false, true, true);
INSERT INTO Cases (diagnosisId, age, gender, majorSx, minorSx, painId) VALUES (2, 20, 'M', 274, 275, 274);
INSERT INTO Positions (posId, epigastrial, right_lower_quadrant, periumbilical) VALUES (276, true, true, true);
INSERT INTO Positions (posId, right_lower_quadrant, right_groin) VALUES (277, true, true);
INSERT INTO Pain (pid, positionId, referred_pain_position, constant, four_hours, eight_hours, one_day, two_days, better_with_lying_still, worse_with_eating, worse_with_moving_around) VALUES (276, 276, 277, true, true, true, true, true, true, true, true);
INSERT INTO Symptoms (sxId, fever, nausea, loss_of_appatite) VALUES (276, true, true, true);
INSERT INTO Symptoms (sxId, vomiting, diarrhea, chills, malaise, abdominal_distension, dysuria) VALUES (277, true, true, true, true, true, true);
INSERT INTO Cases (diagnosisId, age, gender, majorSx, minorSx, painId) VALUES (2, 18, 'M', 276, 277, 276);
INSERT INTO Positions (posId, epigastrial, right_lower_quadrant, periumbilical) VALUES (278, true, true, false);
INSERT INTO Positions (posId, right_lower_quadrant, right_groin) VALUES (279, true, true);
INSERT INTO Pain (pid, positionId, referred_pain_position, constant, four_hours, eight_hours, one_day, two_days, better_with_lying_still, worse_with_eating, worse_with_moving_around) VALUES (278, 278, 279, true, true, true, true, true, false, false, true);
INSERT INTO Symptoms (sxId, fever, nausea, loss_of_appatite) VALUES (278, true, true, true);
INSERT INTO Symptoms (sxId, vomiting, diarrhea, chills, malaise, abdominal_distension, dysuria) VALUES (279, false, true, true, true, true, true);
INSERT INTO Cases (diagnosisId, age, gender, majorSx, minorSx, painId) VALUES (2, 17, 'F', 278, 279, 278);
INSERT INTO Positions (posId, epigastrial, right_lower_quadrant, periumbilical) VALUES (280, false, true, true);
INSERT INTO Positions (posId, right_lower_quadrant, right_groin) VALUES (281, true, true);
INSERT INTO Pain (pid, positionId, referred_pain_position, constant, four_hours, eight_hours, one_day, two_days, better_with_lying_still, worse_with_eating, worse_with_moving_around) VALUES (280, 280, 281, true, true, false, true, true, true, true, true);
INSERT INTO Symptoms (sxId, fever, nausea, loss_of_appatite) VALUES (280, true, true, true);
INSERT INTO Symptoms (sxId, vomiting, diarrhea, chills, malaise, abdominal_distension, dysuria) VALUES (281, true, true, true, false, true, true);
INSERT INTO Cases (diagnosisId, age, gender, majorSx, minorSx, painId) VALUES (2, 17, 'F', 280, 281, 280);
INSERT INTO Positions (posId, epigastrial, right_lower_quadrant, periumbilical) VALUES (282, true, true, true);
INSERT INTO Positions (posId, right_lower_quadrant, right_groin) VALUES (283, true, true);
INSERT INTO Pain (pid, positionId, referred_pain_position, constant, four_hours, eight_hours, one_day, two_days, better_with_lying_still, worse_with_eating, worse_with_moving_around) VALUES (282, 282, 283, true, true, true, true, true, true, true, true);
INSERT INTO Symptoms (sxId, fever, nausea, loss_of_appatite) VALUES (282, true, true, true);
INSERT INTO Symptoms (sxId, vomiting, diarrhea, chills, malaise, abdominal_distension, dysuria) VALUES (283, true, true, true, true, true, true);
INSERT INTO Cases (diagnosisId, age, gender, majorSx, minorSx, painId) VALUES (2, 16, 'F', 282, 283, 282);
INSERT INTO Positions (posId, epigastrial, right_lower_quadrant, periumbilical) VALUES (284, true, true, true);
INSERT INTO Positions (posId, right_lower_quadrant, right_groin) VALUES (285, true, true);
INSERT INTO Pain (pid, positionId, referred_pain_position, constant, four_hours, eight_hours, one_day, two_days, better_with_lying_still, worse_with_eating, worse_with_moving_around) VALUES (284, 284, 285, true, true, true, true, true, true, true, true);
INSERT INTO Symptoms (sxId, fever, nausea, loss_of_appatite) VALUES (284, true, true, true);
INSERT INTO Symptoms (sxId, vomiting, diarrhea, chills, malaise, abdominal_distension, dysuria) VALUES (285, true, true, true, true, true, true);
INSERT INTO Cases (diagnosisId, age, gender, majorSx, minorSx, painId) VALUES (2, 17, 'F', 284, 285, 284);
INSERT INTO Positions (posId, epigastrial, right_lower_quadrant, periumbilical) VALUES (286, true, true, true);
INSERT INTO Positions (posId, right_lower_quadrant, right_groin) VALUES (287, true, true);
INSERT INTO Pain (pid, positionId, referred_pain_position, constant, four_hours, eight_hours, one_day, two_days, better_with_lying_still, worse_with_eating, worse_with_moving_around) VALUES (286, 286, 287, true, true, true, true, true, true, true, true);
INSERT INTO Symptoms (sxId, fever, nausea, loss_of_appatite) VALUES (286, true, true, true);
INSERT INTO Symptoms (sxId, vomiting, diarrhea, chills, malaise, abdominal_distension, dysuria) VALUES (287, true, true, true, true, true, true);
INSERT INTO Cases (diagnosisId, age, gender, majorSx, minorSx, painId) VALUES (2, 19, 'F', 286, 287, 286);
INSERT INTO Positions (posId, epigastrial, right_lower_quadrant, periumbilical) VALUES (288, true, true, true);
INSERT INTO Positions (posId, right_lower_quadrant, right_groin) VALUES (289, true, true);
INSERT INTO Pain (pid, positionId, referred_pain_position, constant, four_hours, eight_hours, one_day, two_days, better_with_lying_still, worse_with_eating, worse_with_moving_around) VALUES (288, 288, 289, false, true, true, true, true, true, false, true);
INSERT INTO Symptoms (sxId, fever, nausea, loss_of_appatite) VALUES (288, true, true, true);
INSERT INTO Symptoms (sxId, vomiting, diarrhea, chills, malaise, abdominal_distension, dysuria) VALUES (289, true, true, true, true, true, true);
INSERT INTO Cases (diagnosisId, age, gender, majorSx, minorSx, painId) VALUES (2, 19, 'M', 288, 289, 288);
INSERT INTO Positions (posId, epigastrial, right_lower_quadrant, periumbilical) VALUES (290, true, true, true);
INSERT INTO Positions (posId, right_lower_quadrant, right_groin) VALUES (291, true, true);
INSERT INTO Pain (pid, positionId, referred_pain_position, constant, four_hours, eight_hours, one_day, two_days, better_with_lying_still, worse_with_eating, worse_with_moving_around) VALUES (290, 290, 291, true, true, true, true, true, true, true, true);
INSERT INTO Symptoms (sxId, fever, nausea, loss_of_appatite) VALUES (290, true, true, true);
INSERT INTO Symptoms (sxId, vomiting, diarrhea, chills, malaise, abdominal_distension, dysuria) VALUES (291, true, true, true, true, true, true);
INSERT INTO Cases (diagnosisId, age, gender, majorSx, minorSx, painId) VALUES (2, 18, 'M', 290, 291, 290);
INSERT INTO Positions (posId, epigastrial, right_lower_quadrant, periumbilical) VALUES (292, true, true, true);
INSERT INTO Positions (posId, right_lower_quadrant, right_groin) VALUES (293, true, true);
INSERT INTO Pain (pid, positionId, referred_pain_position, constant, four_hours, eight_hours, one_day, two_days, better_with_lying_still, worse_with_eating, worse_with_moving_around) VALUES (292, 292, 293, true, true, true, true, true, true, true, true);
INSERT INTO Symptoms (sxId, fever, nausea, loss_of_appatite) VALUES (292, true, true, false);
INSERT INTO Symptoms (sxId, vomiting, diarrhea, chills, malaise, abdominal_distension, dysuria) VALUES (293, false, true, true, true, true, true);
INSERT INTO Cases (diagnosisId, age, gender, majorSx, minorSx, painId) VALUES (2, 19, 'M', 292, 293, 292);
INSERT INTO Positions (posId, epigastrial, right_lower_quadrant, periumbilical) VALUES (294, true, true, true);
INSERT INTO Positions (posId, right_lower_quadrant, right_groin) VALUES (295, true, false);
INSERT INTO Pain (pid, positionId, referred_pain_position, constant, four_hours, eight_hours, one_day, two_days, better_with_lying_still, worse_with_eating, worse_with_moving_around) VALUES (294, 294, 295, false, true, true, true, true, true, true, false);
INSERT INTO Symptoms (sxId, fever, nausea, loss_of_appatite) VALUES (294, true, true, true);
INSERT INTO Symptoms (sxId, vomiting, diarrhea, chills, malaise, abdominal_distension, dysuria) VALUES (295, true, true, true, true, true, true);
INSERT INTO Cases (diagnosisId, age, gender, majorSx, minorSx, painId) VALUES (2, 19, 'F', 294, 295, 294);
INSERT INTO Positions (posId, epigastrial, right_lower_quadrant, periumbilical) VALUES (296, true, true, true);
INSERT INTO Positions (posId, right_lower_quadrant, right_groin) VALUES (297, true, true);
INSERT INTO Pain (pid, positionId, referred_pain_position, constant, four_hours, eight_hours, one_day, two_days, better_with_lying_still, worse_with_eating, worse_with_moving_around) VALUES (296, 296, 297, true, true, true, true, true, true, true, true);
INSERT INTO Symptoms (sxId, fever, nausea, loss_of_appatite) VALUES (296, true, true, true);
INSERT INTO Symptoms (sxId, vomiting, diarrhea, chills, malaise, abdominal_distension, dysuria) VALUES (297, true, true, true, true, true, true);
INSERT INTO Cases (diagnosisId, age, gender, majorSx, minorSx, painId) VALUES (2, 16, 'F', 296, 297, 296);
INSERT INTO Positions (posId, epigastrial, right_lower_quadrant, periumbilical) VALUES (298, true, true, false);
INSERT INTO Positions (posId, right_lower_quadrant, right_groin) VALUES (299, true, true);
INSERT INTO Pain (pid, positionId, referred_pain_position, constant, four_hours, eight_hours, one_day, two_days, better_with_lying_still, worse_with_eating, worse_with_moving_around) VALUES (298, 298, 299, true, true, true, true, true, true, true, true);
INSERT INTO Symptoms (sxId, fever, nausea, loss_of_appatite) VALUES (298, true, true, true);
INSERT INTO Symptoms (sxId, vomiting, diarrhea, chills, malaise, abdominal_distension, dysuria) VALUES (299, true, true, true, true, true, true);
INSERT INTO Cases (diagnosisId, age, gender, majorSx, minorSx, painId) VALUES (2, 16, 'M', 298, 299, 298);
INSERT INTO Positions (posId, epigastrial, right_lower_quadrant, periumbilical) VALUES (300, true, true, true);
INSERT INTO Positions (posId, right_lower_quadrant, right_groin) VALUES (301, true, true);
INSERT INTO Pain (pid, positionId, referred_pain_position, constant, four_hours, eight_hours, one_day, two_days, better_with_lying_still, worse_with_eating, worse_with_moving_around) VALUES (300, 300, 301, true, true, true, true, false, true, true, true);
INSERT INTO Symptoms (sxId, fever, nausea, loss_of_appatite) VALUES (300, true, true, true);
INSERT INTO Symptoms (sxId, vomiting, diarrhea, chills, malaise, abdominal_distension, dysuria) VALUES (301, true, true, true, true, true, true);
INSERT INTO Cases (diagnosisId, age, gender, majorSx, minorSx, painId) VALUES (2, 21, 'M', 300, 301, 300);
INSERT INTO Positions (posId, epigastrial, right_lower_quadrant, periumbilical) VALUES (302, false, true, true);
INSERT INTO Positions (posId, right_lower_quadrant, right_groin) VALUES (303, true, true);
INSERT INTO Pain (pid, positionId, referred_pain_position, constant, four_hours, eight_hours, one_day, two_days, better_with_lying_still, worse_with_eating, worse_with_moving_around) VALUES (302, 302, 303, true, true, true, true, true, true, true, true);
INSERT INTO Symptoms (sxId, fever, nausea, loss_of_appatite) VALUES (302, true, true, true);
INSERT INTO Symptoms (sxId, vomiting, diarrhea, chills, malaise, abdominal_distension, dysuria) VALUES (303, true, true, true, true, true, true);
INSERT INTO Cases (diagnosisId, age, gender, majorSx, minorSx, painId) VALUES (2, 24, 'M', 302, 303, 302);
INSERT INTO Positions (posId, epigastrial, right_lower_quadrant, periumbilical) VALUES (304, true, true, true);
INSERT INTO Positions (posId, right_lower_quadrant, right_groin) VALUES (305, true, true);
INSERT INTO Pain (pid, positionId, referred_pain_position, constant, four_hours, eight_hours, one_day, two_days, better_with_lying_still, worse_with_eating, worse_with_moving_around) VALUES (304, 304, 305, true, false, true, true, true, true, true, true);
INSERT INTO Symptoms (sxId, fever, nausea, loss_of_appatite) VALUES (304, true, true, true);
INSERT INTO Symptoms (sxId, vomiting, diarrhea, chills, malaise, abdominal_distension, dysuria) VALUES (305, false, true, true, true, true, true);
INSERT INTO Cases (diagnosisId, age, gender, majorSx, minorSx, painId) VALUES (2, 23, 'M', 304, 305, 304);
INSERT INTO Positions (posId, epigastrial, right_lower_quadrant, periumbilical) VALUES (306, true, false, true);
INSERT INTO Positions (posId, right_lower_quadrant, right_groin) VALUES (307, true, true);
INSERT INTO Pain (pid, positionId, referred_pain_position, constant, four_hours, eight_hours, one_day, two_days, better_with_lying_still, worse_with_eating, worse_with_moving_around) VALUES (306, 306, 307, true, true, true, true, true, true, true, true);
INSERT INTO Symptoms (sxId, fever, nausea, loss_of_appatite) VALUES (306, true, true, true);
INSERT INTO Symptoms (sxId, vomiting, diarrhea, chills, malaise, abdominal_distension, dysuria) VALUES (307, true, true, true, true, false, true);
INSERT INTO Cases (diagnosisId, age, gender, majorSx, minorSx, painId) VALUES (2, 24, 'M', 306, 307, 306);
INSERT INTO Positions (posId, epigastrial, right_lower_quadrant, periumbilical) VALUES (308, false, true, true);
INSERT INTO Positions (posId, right_lower_quadrant, right_groin) VALUES (309, true, true);
INSERT INTO Pain (pid, positionId, referred_pain_position, constant, four_hours, eight_hours, one_day, two_days, better_with_lying_still, worse_with_eating, worse_with_moving_around) VALUES (308, 308, 309, true, true, true, false, true, true, true, true);
INSERT INTO Symptoms (sxId, fever, nausea, loss_of_appatite) VALUES (308, true, true, true);
INSERT INTO Symptoms (sxId, vomiting, diarrhea, chills, malaise, abdominal_distension, dysuria) VALUES (309, true, true, true, true, true, true);
INSERT INTO Cases (diagnosisId, age, gender, majorSx, minorSx, painId) VALUES (2, 22, 'F', 308, 309, 308);
INSERT INTO Positions (posId, epigastrial, right_lower_quadrant, periumbilical) VALUES (310, true, true, true);
INSERT INTO Positions (posId, right_lower_quadrant, right_groin) VALUES (311, true, true);
INSERT INTO Pain (pid, positionId, referred_pain_position, constant, four_hours, eight_hours, one_day, two_days, better_with_lying_still, worse_with_eating, worse_with_moving_around) VALUES (310, 310, 311, true, false, true, true, false, false, true, false);
INSERT INTO Symptoms (sxId, fever, nausea, loss_of_appatite) VALUES (310, true, true, true);
INSERT INTO Symptoms (sxId, vomiting, diarrhea, chills, malaise, abdominal_distension, dysuria) VALUES (311, true, true, true, true, true, true);
INSERT INTO Cases (diagnosisId, age, gender, majorSx, minorSx, painId) VALUES (2, 22, 'F', 310, 311, 310);
INSERT INTO Positions (posId, epigastrial, right_lower_quadrant, periumbilical) VALUES (312, true, true, true);
INSERT INTO Positions (posId, right_lower_quadrant, right_groin) VALUES (313, true, true);
INSERT INTO Pain (pid, positionId, referred_pain_position, constant, four_hours, eight_hours, one_day, two_days, better_with_lying_still, worse_with_eating, worse_with_moving_around) VALUES (312, 312, 313, false, false, false, true, true, true, false, true);
INSERT INTO Symptoms (sxId, fever, nausea, loss_of_appatite) VALUES (312, true, true, true);
INSERT INTO Symptoms (sxId, vomiting, diarrhea, chills, malaise, abdominal_distension, dysuria) VALUES (313, true, true, true, true, true, true);
INSERT INTO Cases (diagnosisId, age, gender, majorSx, minorSx, painId) VALUES (2, 21, 'F', 312, 313, 312);
INSERT INTO Positions (posId, epigastrial, right_lower_quadrant, periumbilical) VALUES (314, true, true, true);
INSERT INTO Positions (posId, right_lower_quadrant, right_groin) VALUES (315, true, true);
INSERT INTO Pain (pid, positionId, referred_pain_position, constant, four_hours, eight_hours, one_day, two_days, better_with_lying_still, worse_with_eating, worse_with_moving_around) VALUES (314, 314, 315, true, true, true, true, true, true, true, true);
INSERT INTO Symptoms (sxId, fever, nausea, loss_of_appatite) VALUES (314, true, false, true);
INSERT INTO Symptoms (sxId, vomiting, diarrhea, chills, malaise, abdominal_distension, dysuria) VALUES (315, true, true, true, true, true, true);
INSERT INTO Cases (diagnosisId, age, gender, majorSx, minorSx, painId) VALUES (2, 21, 'F', 314, 315, 314);
INSERT INTO Positions (posId, epigastrial, right_lower_quadrant, periumbilical) VALUES (316, true, true, true);
INSERT INTO Positions (posId, right_lower_quadrant, right_groin) VALUES (317, true, true);
INSERT INTO Pain (pid, positionId, referred_pain_position, constant, four_hours, eight_hours, one_day, two_days, better_with_lying_still, worse_with_eating, worse_with_moving_around) VALUES (316, 316, 317, true, true, true, false, true, true, true, true);
INSERT INTO Symptoms (sxId, fever, nausea, loss_of_appatite) VALUES (316, false, true, false);
INSERT INTO Symptoms (sxId, vomiting, diarrhea, chills, malaise, abdominal_distension, dysuria) VALUES (317, true, true, false, true, false, true);
INSERT INTO Cases (diagnosisId, age, gender, majorSx, minorSx, painId) VALUES (2, 25, 'M', 316, 317, 316);
INSERT INTO Positions (posId, epigastrial, right_lower_quadrant, periumbilical) VALUES (318, true, true, true);
INSERT INTO Positions (posId, right_lower_quadrant, right_groin) VALUES (319, true, true);
INSERT INTO Pain (pid, positionId, referred_pain_position, constant, four_hours, eight_hours, one_day, two_days, better_with_lying_still, worse_with_eating, worse_with_moving_around) VALUES (318, 318, 319, true, true, true, true, true, true, true, true);
INSERT INTO Symptoms (sxId, fever, nausea, loss_of_appatite) VALUES (318, true, true, true);
INSERT INTO Symptoms (sxId, vomiting, diarrhea, chills, malaise, abdominal_distension, dysuria) VALUES (319, true, true, true, true, true, true);
INSERT INTO Cases (diagnosisId, age, gender, majorSx, minorSx, painId) VALUES (2, 23, 'M', 318, 319, 318);
INSERT INTO Positions (posId, epigastrial, right_lower_quadrant, periumbilical) VALUES (320, true, false, true);
INSERT INTO Positions (posId, right_lower_quadrant, right_groin) VALUES (321, true, false);
INSERT INTO Pain (pid, positionId, referred_pain_position, constant, four_hours, eight_hours, one_day, two_days, better_with_lying_still, worse_with_eating, worse_with_moving_around) VALUES (320, 320, 321, true, true, false, true, true, true, true, true);
INSERT INTO Symptoms (sxId, fever, nausea, loss_of_appatite) VALUES (320, true, true, true);
INSERT INTO Symptoms (sxId, vomiting, diarrhea, chills, malaise, abdominal_distension, dysuria) VALUES (321, true, true, true, true, true, true);
INSERT INTO Cases (diagnosisId, age, gender, majorSx, minorSx, painId) VALUES (2, 25, 'M', 320, 321, 320);
INSERT INTO Positions (posId, epigastrial, right_lower_quadrant, periumbilical) VALUES (322, true, true, true);
INSERT INTO Positions (posId, right_lower_quadrant, right_groin) VALUES (323, true, true);
INSERT INTO Pain (pid, positionId, referred_pain_position, constant, four_hours, eight_hours, one_day, two_days, better_with_lying_still, worse_with_eating, worse_with_moving_around) VALUES (322, 322, 323, true, true, true, true, true, true, true, true);
INSERT INTO Symptoms (sxId, fever, nausea, loss_of_appatite) VALUES (322, true, true, true);
INSERT INTO Symptoms (sxId, vomiting, diarrhea, chills, malaise, abdominal_distension, dysuria) VALUES (323, true, true, true, true, true, true);
INSERT INTO Cases (diagnosisId, age, gender, majorSx, minorSx, painId) VALUES (2, 21, 'M', 322, 323, 322);
INSERT INTO Positions (posId, epigastrial, right_lower_quadrant, periumbilical) VALUES (324, false, true, true);
INSERT INTO Positions (posId, right_lower_quadrant, right_groin) VALUES (325, true, true);
INSERT INTO Pain (pid, positionId, referred_pain_position, constant, four_hours, eight_hours, one_day, two_days, better_with_lying_still, worse_with_eating, worse_with_moving_around) VALUES (324, 324, 325, true, true, true, true, true, true, true, true);
INSERT INTO Symptoms (sxId, fever, nausea, loss_of_appatite) VALUES (324, true, true, true);
INSERT INTO Symptoms (sxId, vomiting, diarrhea, chills, malaise, abdominal_distension, dysuria) VALUES (325, true, true, true, true, false, true);
INSERT INTO Cases (diagnosisId, age, gender, majorSx, minorSx, painId) VALUES (2, 21, 'F', 324, 325, 324);
INSERT INTO Positions (posId, epigastrial, right_lower_quadrant, periumbilical) VALUES (326, true, false, true);
INSERT INTO Positions (posId, right_lower_quadrant, right_groin) VALUES (327, true, true);
INSERT INTO Pain (pid, positionId, referred_pain_position, constant, four_hours, eight_hours, one_day, two_days, better_with_lying_still, worse_with_eating, worse_with_moving_around) VALUES (326, 326, 327, true, true, true, true, true, true, true, true);
INSERT INTO Symptoms (sxId, fever, nausea, loss_of_appatite) VALUES (326, true, true, true);
INSERT INTO Symptoms (sxId, vomiting, diarrhea, chills, malaise, abdominal_distension, dysuria) VALUES (327, true, true, true, true, true, true);
INSERT INTO Cases (diagnosisId, age, gender, majorSx, minorSx, painId) VALUES (2, 25, 'F', 326, 327, 326);
INSERT INTO Positions (posId, epigastrial, right_lower_quadrant, periumbilical) VALUES (328, true, true, true);
INSERT INTO Positions (posId, right_lower_quadrant, right_groin) VALUES (329, false, true);
INSERT INTO Pain (pid, positionId, referred_pain_position, constant, four_hours, eight_hours, one_day, two_days, better_with_lying_still, worse_with_eating, worse_with_moving_around) VALUES (328, 328, 329, true, true, true, true, false, true, true, true);
INSERT INTO Symptoms (sxId, fever, nausea, loss_of_appatite) VALUES (328, true, true, true);
INSERT INTO Symptoms (sxId, vomiting, diarrhea, chills, malaise, abdominal_distension, dysuria) VALUES (329, true, true, true, false, true, true);
INSERT INTO Cases (diagnosisId, age, gender, majorSx, minorSx, painId) VALUES (2, 21, 'M', 328, 329, 328);
INSERT INTO Positions (posId, epigastrial, right_lower_quadrant, periumbilical) VALUES (330, true, true, true);
INSERT INTO Positions (posId, right_lower_quadrant, right_groin) VALUES (331, true, true);
INSERT INTO Pain (pid, positionId, referred_pain_position, constant, four_hours, eight_hours, one_day, two_days, better_with_lying_still, worse_with_eating, worse_with_moving_around) VALUES (330, 330, 331, true, true, true, true, false, true, true, true);
INSERT INTO Symptoms (sxId, fever, nausea, loss_of_appatite) VALUES (330, true, true, false);
INSERT INTO Symptoms (sxId, vomiting, diarrhea, chills, malaise, abdominal_distension, dysuria) VALUES (331, true, true, true, true, true, true);
INSERT INTO Cases (diagnosisId, age, gender, majorSx, minorSx, painId) VALUES (2, 30, 'M', 330, 331, 330);
INSERT INTO Positions (posId, epigastrial, right_lower_quadrant, periumbilical) VALUES (332, true, true, true);
INSERT INTO Positions (posId, right_lower_quadrant, right_groin) VALUES (333, true, true);
INSERT INTO Pain (pid, positionId, referred_pain_position, constant, four_hours, eight_hours, one_day, two_days, better_with_lying_still, worse_with_eating, worse_with_moving_around) VALUES (332, 332, 333, true, true, true, true, true, true, true, true);
INSERT INTO Symptoms (sxId, fever, nausea, loss_of_appatite) VALUES (332, true, true, false);
INSERT INTO Symptoms (sxId, vomiting, diarrhea, chills, malaise, abdominal_distension, dysuria) VALUES (333, true, true, true, true, true, true);
INSERT INTO Cases (diagnosisId, age, gender, majorSx, minorSx, painId) VALUES (2, 29, 'M', 332, 333, 332);
INSERT INTO Positions (posId, epigastrial, right_lower_quadrant, periumbilical) VALUES (334, true, true, true);
INSERT INTO Positions (posId, right_lower_quadrant, right_groin) VALUES (335, true, true);
INSERT INTO Pain (pid, positionId, referred_pain_position, constant, four_hours, eight_hours, one_day, two_days, better_with_lying_still, worse_with_eating, worse_with_moving_around) VALUES (334, 334, 335, true, true, true, true, true, true, true, true);
INSERT INTO Symptoms (sxId, fever, nausea, loss_of_appatite) VALUES (334, true, true, true);
INSERT INTO Symptoms (sxId, vomiting, diarrhea, chills, malaise, abdominal_distension, dysuria) VALUES (335, true, true, false, true, true, true);
INSERT INTO Cases (diagnosisId, age, gender, majorSx, minorSx, painId) VALUES (2, 26, 'F', 334, 335, 334);
INSERT INTO Positions (posId, epigastrial, right_lower_quadrant, periumbilical) VALUES (336, true, true, true);
INSERT INTO Positions (posId, right_lower_quadrant, right_groin) VALUES (337, false, true);
INSERT INTO Pain (pid, positionId, referred_pain_position, constant, four_hours, eight_hours, one_day, two_days, better_with_lying_still, worse_with_eating, worse_with_moving_around) VALUES (336, 336, 337, true, false, true, true, true, true, true, true);
INSERT INTO Symptoms (sxId, fever, nausea, loss_of_appatite) VALUES (336, true, true, false);
INSERT INTO Symptoms (sxId, vomiting, diarrhea, chills, malaise, abdominal_distension, dysuria) VALUES (337, false, true, true, true, true, true);
INSERT INTO Cases (diagnosisId, age, gender, majorSx, minorSx, painId) VALUES (2, 30, 'F', 336, 337, 336);
INSERT INTO Positions (posId, epigastrial, right_lower_quadrant, periumbilical) VALUES (338, true, true, true);
INSERT INTO Positions (posId, right_lower_quadrant, right_groin) VALUES (339, true, true);
INSERT INTO Pain (pid, positionId, referred_pain_position, constant, four_hours, eight_hours, one_day, two_days, better_with_lying_still, worse_with_eating, worse_with_moving_around) VALUES (338, 338, 339, true, true, true, true, true, true, true, true);
INSERT INTO Symptoms (sxId, fever, nausea, loss_of_appatite) VALUES (338, true, true, true);
INSERT INTO Symptoms (sxId, vomiting, diarrhea, chills, malaise, abdominal_distension, dysuria) VALUES (339, true, true, true, true, true, true);
INSERT INTO Cases (diagnosisId, age, gender, majorSx, minorSx, painId) VALUES (2, 27, 'M', 338, 339, 338);
INSERT INTO Positions (posId, epigastrial, right_lower_quadrant, periumbilical) VALUES (340, true, true, true);
INSERT INTO Positions (posId, right_lower_quadrant, right_groin) VALUES (341, true, true);
INSERT INTO Pain (pid, positionId, referred_pain_position, constant, four_hours, eight_hours, one_day, two_days, better_with_lying_still, worse_with_eating, worse_with_moving_around) VALUES (340, 340, 341, true, true, true, true, true, true, true, true);
INSERT INTO Symptoms (sxId, fever, nausea, loss_of_appatite) VALUES (340, true, true, true);
INSERT INTO Symptoms (sxId, vomiting, diarrhea, chills, malaise, abdominal_distension, dysuria) VALUES (341, true, true, true, true, true, true);
INSERT INTO Cases (diagnosisId, age, gender, majorSx, minorSx, painId) VALUES (2, 30, 'F', 340, 341, 340);
INSERT INTO Positions (posId, epigastrial, right_lower_quadrant, periumbilical) VALUES (342, true, true, true);
INSERT INTO Positions (posId, right_lower_quadrant, right_groin) VALUES (343, true, true);
INSERT INTO Pain (pid, positionId, referred_pain_position, constant, four_hours, eight_hours, one_day, two_days, better_with_lying_still, worse_with_eating, worse_with_moving_around) VALUES (342, 342, 343, false, true, true, true, true, true, true, false);
INSERT INTO Symptoms (sxId, fever, nausea, loss_of_appatite) VALUES (342, true, false, true);
INSERT INTO Symptoms (sxId, vomiting, diarrhea, chills, malaise, abdominal_distension, dysuria) VALUES (343, true, true, false, true, true, false);
INSERT INTO Cases (diagnosisId, age, gender, majorSx, minorSx, painId) VALUES (2, 30, 'F', 342, 343, 342);
INSERT INTO Positions (posId, epigastrial, right_lower_quadrant, periumbilical) VALUES (344, true, true, true);
INSERT INTO Positions (posId, right_lower_quadrant, right_groin) VALUES (345, true, false);
INSERT INTO Pain (pid, positionId, referred_pain_position, constant, four_hours, eight_hours, one_day, two_days, better_with_lying_still, worse_with_eating, worse_with_moving_around) VALUES (344, 344, 345, true, true, true, true, true, true, true, true);
INSERT INTO Symptoms (sxId, fever, nausea, loss_of_appatite) VALUES (344, true, true, true);
INSERT INTO Symptoms (sxId, vomiting, diarrhea, chills, malaise, abdominal_distension, dysuria) VALUES (345, true, true, true, true, true, true);
INSERT INTO Cases (diagnosisId, age, gender, majorSx, minorSx, painId) VALUES (2, 26, 'M', 344, 345, 344);
INSERT INTO Positions (posId, epigastrial, right_lower_quadrant, periumbilical) VALUES (346, true, true, true);
INSERT INTO Positions (posId, right_lower_quadrant, right_groin) VALUES (347, true, true);
INSERT INTO Pain (pid, positionId, referred_pain_position, constant, four_hours, eight_hours, one_day, two_days, better_with_lying_still, worse_with_eating, worse_with_moving_around) VALUES (346, 346, 347, false, true, true, true, true, true, false, true);
INSERT INTO Symptoms (sxId, fever, nausea, loss_of_appatite) VALUES (346, true, true, true);
INSERT INTO Symptoms (sxId, vomiting, diarrhea, chills, malaise, abdominal_distension, dysuria) VALUES (347, true, false, true, true, true, true);
INSERT INTO Cases (diagnosisId, age, gender, majorSx, minorSx, painId) VALUES (2, 30, 'M', 346, 347, 346);
INSERT INTO Positions (posId, epigastrial, right_lower_quadrant, periumbilical) VALUES (348, true, true, true);
INSERT INTO Positions (posId, right_lower_quadrant, right_groin) VALUES (349, true, true);
INSERT INTO Pain (pid, positionId, referred_pain_position, constant, four_hours, eight_hours, one_day, two_days, better_with_lying_still, worse_with_eating, worse_with_moving_around) VALUES (348, 348, 349, true, true, false, true, true, true, true, true);
INSERT INTO Symptoms (sxId, fever, nausea, loss_of_appatite) VALUES (348, true, true, true);
INSERT INTO Symptoms (sxId, vomiting, diarrhea, chills, malaise, abdominal_distension, dysuria) VALUES (349, true, true, true, true, false, true);
INSERT INTO Cases (diagnosisId, age, gender, majorSx, minorSx, painId) VALUES (2, 27, 'F', 348, 349, 348);
INSERT INTO Positions (posId, epigastrial, right_lower_quadrant, periumbilical) VALUES (350, true, false, true);
INSERT INTO Positions (posId, right_lower_quadrant, right_groin) VALUES (351, true, true);
INSERT INTO Pain (pid, positionId, referred_pain_position, constant, four_hours, eight_hours, one_day, two_days, better_with_lying_still, worse_with_eating, worse_with_moving_around) VALUES (350, 350, 351, true, true, false, true, true, true, true, true);
INSERT INTO Symptoms (sxId, fever, nausea, loss_of_appatite) VALUES (350, true, true, false);
INSERT INTO Symptoms (sxId, vomiting, diarrhea, chills, malaise, abdominal_distension, dysuria) VALUES (351, true, true, true, false, true, true);
INSERT INTO Cases (diagnosisId, age, gender, majorSx, minorSx, painId) VALUES (2, 33, 'F', 350, 351, 350);
INSERT INTO Positions (posId, epigastrial, right_lower_quadrant, periumbilical) VALUES (352, true, true, true);
INSERT INTO Positions (posId, right_lower_quadrant, right_groin) VALUES (353, false, true);
INSERT INTO Pain (pid, positionId, referred_pain_position, constant, four_hours, eight_hours, one_day, two_days, better_with_lying_still, worse_with_eating, worse_with_moving_around) VALUES (352, 352, 353, false, true, false, true, true, true, false, false);
INSERT INTO Symptoms (sxId, fever, nausea, loss_of_appatite) VALUES (352, true, true, true);
INSERT INTO Symptoms (sxId, vomiting, diarrhea, chills, malaise, abdominal_distension, dysuria) VALUES (353, true, true, true, true, true, true);
INSERT INTO Cases (diagnosisId, age, gender, majorSx, minorSx, painId) VALUES (2, 31, 'F', 352, 353, 352);
INSERT INTO Positions (posId, epigastrial, right_lower_quadrant, periumbilical) VALUES (354, true, true, false);
INSERT INTO Positions (posId, right_lower_quadrant, right_groin) VALUES (355, true, false);
INSERT INTO Pain (pid, positionId, referred_pain_position, constant, four_hours, eight_hours, one_day, two_days, better_with_lying_still, worse_with_eating, worse_with_moving_around) VALUES (354, 354, 355, true, true, true, true, true, true, false, true);
INSERT INTO Symptoms (sxId, fever, nausea, loss_of_appatite) VALUES (354, true, true, true);
INSERT INTO Symptoms (sxId, vomiting, diarrhea, chills, malaise, abdominal_distension, dysuria) VALUES (355, true, true, true, true, false, true);
INSERT INTO Cases (diagnosisId, age, gender, majorSx, minorSx, painId) VALUES (2, 35, 'F', 354, 355, 354);
INSERT INTO Positions (posId, epigastrial, right_lower_quadrant, periumbilical) VALUES (356, true, true, true);
INSERT INTO Positions (posId, right_lower_quadrant, right_groin) VALUES (357, true, true);
INSERT INTO Pain (pid, positionId, referred_pain_position, constant, four_hours, eight_hours, one_day, two_days, better_with_lying_still, worse_with_eating, worse_with_moving_around) VALUES (356, 356, 357, false, true, true, false, true, true, true, true);
INSERT INTO Symptoms (sxId, fever, nausea, loss_of_appatite) VALUES (356, true, true, true);
INSERT INTO Symptoms (sxId, vomiting, diarrhea, chills, malaise, abdominal_distension, dysuria) VALUES (357, true, true, true, true, true, true);
INSERT INTO Cases (diagnosisId, age, gender, majorSx, minorSx, painId) VALUES (2, 33, 'M', 356, 357, 356);
INSERT INTO Positions (posId, epigastrial, right_lower_quadrant, periumbilical) VALUES (358, true, true, true);
INSERT INTO Positions (posId, right_lower_quadrant, right_groin) VALUES (359, true, true);
INSERT INTO Pain (pid, positionId, referred_pain_position, constant, four_hours, eight_hours, one_day, two_days, better_with_lying_still, worse_with_eating, worse_with_moving_around) VALUES (358, 358, 359, true, true, true, true, true, true, true, false);
INSERT INTO Symptoms (sxId, fever, nausea, loss_of_appatite) VALUES (358, false, true, true);
INSERT INTO Symptoms (sxId, vomiting, diarrhea, chills, malaise, abdominal_distension, dysuria) VALUES (359, true, true, true, true, true, true);
INSERT INTO Cases (diagnosisId, age, gender, majorSx, minorSx, painId) VALUES (2, 31, 'F', 358, 359, 358);
INSERT INTO Positions (posId, epigastrial, right_lower_quadrant, periumbilical) VALUES (360, true, true, true);
INSERT INTO Positions (posId, right_lower_quadrant, right_groin) VALUES (361, true, true);
INSERT INTO Pain (pid, positionId, referred_pain_position, constant, four_hours, eight_hours, one_day, two_days, better_with_lying_still, worse_with_eating, worse_with_moving_around) VALUES (360, 360, 361, true, true, true, false, true, true, true, true);
INSERT INTO Symptoms (sxId, fever, nausea, loss_of_appatite) VALUES (360, true, true, true);
INSERT INTO Symptoms (sxId, vomiting, diarrhea, chills, malaise, abdominal_distension, dysuria) VALUES (361, true, true, true, true, true, true);
INSERT INTO Cases (diagnosisId, age, gender, majorSx, minorSx, painId) VALUES (2, 35, 'F', 360, 361, 360);
INSERT INTO Positions (posId, epigastrial, right_lower_quadrant, periumbilical) VALUES (362, true, true, true);
INSERT INTO Positions (posId, right_lower_quadrant, right_groin) VALUES (363, true, true);
INSERT INTO Pain (pid, positionId, referred_pain_position, constant, four_hours, eight_hours, one_day, two_days, better_with_lying_still, worse_with_eating, worse_with_moving_around) VALUES (362, 362, 363, true, true, true, true, true, true, true, true);
INSERT INTO Symptoms (sxId, fever, nausea, loss_of_appatite) VALUES (362, true, false, true);
INSERT INTO Symptoms (sxId, vomiting, diarrhea, chills, malaise, abdominal_distension, dysuria) VALUES (363, true, true, true, true, true, false);
INSERT INTO Cases (diagnosisId, age, gender, majorSx, minorSx, painId) VALUES (2, 31, 'M', 362, 363, 362);
INSERT INTO Positions (posId, epigastrial, right_lower_quadrant, periumbilical) VALUES (364, true, true, true);
INSERT INTO Positions (posId, right_lower_quadrant, right_groin) VALUES (365, true, true);
INSERT INTO Pain (pid, positionId, referred_pain_position, constant, four_hours, eight_hours, one_day, two_days, better_with_lying_still, worse_with_eating, worse_with_moving_around) VALUES (364, 364, 365, true, true, true, true, true, true, true, true);
INSERT INTO Symptoms (sxId, fever, nausea, loss_of_appatite) VALUES (364, true, true, true);
INSERT INTO Symptoms (sxId, vomiting, diarrhea, chills, malaise, abdominal_distension, dysuria) VALUES (365, true, true, true, true, true, true);
INSERT INTO Cases (diagnosisId, age, gender, majorSx, minorSx, painId) VALUES (2, 39, 'F', 364, 365, 364);
INSERT INTO Positions (posId, epigastrial, right_lower_quadrant, periumbilical) VALUES (366, true, true, true);
INSERT INTO Positions (posId, right_lower_quadrant, right_groin) VALUES (367, true, true);
INSERT INTO Pain (pid, positionId, referred_pain_position, constant, four_hours, eight_hours, one_day, two_days, better_with_lying_still, worse_with_eating, worse_with_moving_around) VALUES (366, 366, 367, true, true, true, true, true, true, true, true);
INSERT INTO Symptoms (sxId, fever, nausea, loss_of_appatite) VALUES (366, true, true, true);
INSERT INTO Symptoms (sxId, vomiting, diarrhea, chills, malaise, abdominal_distension, dysuria) VALUES (367, true, true, true, true, true, true);
INSERT INTO Cases (diagnosisId, age, gender, majorSx, minorSx, painId) VALUES (2, 38, 'M', 366, 367, 366);
INSERT INTO Positions (posId, epigastrial, right_lower_quadrant, periumbilical) VALUES (368, true, true, true);
INSERT INTO Positions (posId, right_lower_quadrant, right_groin) VALUES (369, true, true);
INSERT INTO Pain (pid, positionId, referred_pain_position, constant, four_hours, eight_hours, one_day, two_days, better_with_lying_still, worse_with_eating, worse_with_moving_around) VALUES (368, 368, 369, true, true, true, true, true, true, true, true);
INSERT INTO Symptoms (sxId, fever, nausea, loss_of_appatite) VALUES (368, false, true, true);
INSERT INTO Symptoms (sxId, vomiting, diarrhea, chills, malaise, abdominal_distension, dysuria) VALUES (369, true, true, true, true, true, true);
INSERT INTO Cases (diagnosisId, age, gender, majorSx, minorSx, painId) VALUES (2, 37, 'M', 368, 369, 368);
INSERT INTO Positions (posId, epigastrial, right_lower_quadrant, periumbilical) VALUES (370, false, false, true);
INSERT INTO Positions (posId, right_lower_quadrant, right_groin) VALUES (371, true, true);
INSERT INTO Pain (pid, positionId, referred_pain_position, constant, four_hours, eight_hours, one_day, two_days, better_with_lying_still, worse_with_eating, worse_with_moving_around) VALUES (370, 370, 371, true, true, true, false, true, true, true, true);
INSERT INTO Symptoms (sxId, fever, nausea, loss_of_appatite) VALUES (370, true, true, true);
INSERT INTO Symptoms (sxId, vomiting, diarrhea, chills, malaise, abdominal_distension, dysuria) VALUES (371, true, true, true, true, true, true);
INSERT INTO Cases (diagnosisId, age, gender, majorSx, minorSx, painId) VALUES (2, 36, 'F', 370, 371, 370);
INSERT INTO Positions (posId, epigastrial, right_lower_quadrant, periumbilical) VALUES (372, true, true, true);
INSERT INTO Positions (posId, right_lower_quadrant, right_groin) VALUES (373, true, true);
INSERT INTO Pain (pid, positionId, referred_pain_position, constant, four_hours, eight_hours, one_day, two_days, better_with_lying_still, worse_with_eating, worse_with_moving_around) VALUES (372, 372, 373, true, true, true, true, true, true, true, true);
INSERT INTO Symptoms (sxId, fever, nausea, loss_of_appatite) VALUES (372, true, true, true);
INSERT INTO Symptoms (sxId, vomiting, diarrhea, chills, malaise, abdominal_distension, dysuria) VALUES (373, true, true, true, false, true, true);
INSERT INTO Cases (diagnosisId, age, gender, majorSx, minorSx, painId) VALUES (2, 39, 'F', 372, 373, 372);
INSERT INTO Positions (posId, epigastrial, right_lower_quadrant, periumbilical) VALUES (374, true, true, true);
INSERT INTO Positions (posId, right_lower_quadrant, right_groin) VALUES (375, true, true);
INSERT INTO Pain (pid, positionId, referred_pain_position, constant, four_hours, eight_hours, one_day, two_days, better_with_lying_still, worse_with_eating, worse_with_moving_around) VALUES (374, 374, 375, true, true, true, true, true, true, true, true);
INSERT INTO Symptoms (sxId, fever, nausea, loss_of_appatite) VALUES (374, true, true, true);
INSERT INTO Symptoms (sxId, vomiting, diarrhea, chills, malaise, abdominal_distension, dysuria) VALUES (375, true, true, true, true, true, true);
INSERT INTO Cases (diagnosisId, age, gender, majorSx, minorSx, painId) VALUES (2, 43, 'M', 374, 375, 374);
INSERT INTO Positions (posId, epigastrial, right_lower_quadrant, periumbilical) VALUES (376, true, true, true);
INSERT INTO Positions (posId, right_lower_quadrant, right_groin) VALUES (377, true, true);
INSERT INTO Pain (pid, positionId, referred_pain_position, constant, four_hours, eight_hours, one_day, two_days, better_with_lying_still, worse_with_eating, worse_with_moving_around) VALUES (376, 376, 377, true, true, true, true, true, true, true, true);
INSERT INTO Symptoms (sxId, fever, nausea, loss_of_appatite) VALUES (376, true, false, true);
INSERT INTO Symptoms (sxId, vomiting, diarrhea, chills, malaise, abdominal_distension, dysuria) VALUES (377, true, true, true, true, true, false);
INSERT INTO Cases (diagnosisId, age, gender, majorSx, minorSx, painId) VALUES (2, 45, 'F', 376, 377, 376);
INSERT INTO Positions (posId, epigastrial, right_lower_quadrant, periumbilical) VALUES (378, true, true, true);
INSERT INTO Positions (posId, right_lower_quadrant, right_groin) VALUES (379, true, true);
INSERT INTO Pain (pid, positionId, referred_pain_position, constant, four_hours, eight_hours, one_day, two_days, better_with_lying_still, worse_with_eating, worse_with_moving_around) VALUES (378, 378, 379, true, true, true, true, true, true, true, true);
INSERT INTO Symptoms (sxId, fever, nausea, loss_of_appatite) VALUES (378, true, true, true);
INSERT INTO Symptoms (sxId, vomiting, diarrhea, chills, malaise, abdominal_distension, dysuria) VALUES (379, false, true, true, true, true, true);
INSERT INTO Cases (diagnosisId, age, gender, majorSx, minorSx, painId) VALUES (2, 44, 'F', 378, 379, 378);
INSERT INTO Positions (posId, epigastrial, right_lower_quadrant, periumbilical) VALUES (380, true, true, false);
INSERT INTO Positions (posId, right_lower_quadrant, right_groin) VALUES (381, true, true);
INSERT INTO Pain (pid, positionId, referred_pain_position, constant, four_hours, eight_hours, one_day, two_days, better_with_lying_still, worse_with_eating, worse_with_moving_around) VALUES (380, 380, 381, true, true, true, true, true, true, true, true);
INSERT INTO Symptoms (sxId, fever, nausea, loss_of_appatite) VALUES (380, false, true, true);
INSERT INTO Symptoms (sxId, vomiting, diarrhea, chills, malaise, abdominal_distension, dysuria) VALUES (381, true, true, true, true, true, true);
INSERT INTO Cases (diagnosisId, age, gender, majorSx, minorSx, painId) VALUES (2, 43, 'F', 380, 381, 380);
INSERT INTO Positions (posId, epigastrial, right_lower_quadrant, periumbilical) VALUES (382, true, true, true);
INSERT INTO Positions (posId, right_lower_quadrant, right_groin) VALUES (383, true, true);
INSERT INTO Pain (pid, positionId, referred_pain_position, constant, four_hours, eight_hours, one_day, two_days, better_with_lying_still, worse_with_eating, worse_with_moving_around) VALUES (382, 382, 383, true, true, true, true, false, true, true, true);
INSERT INTO Symptoms (sxId, fever, nausea, loss_of_appatite) VALUES (382, true, true, true);
INSERT INTO Symptoms (sxId, vomiting, diarrhea, chills, malaise, abdominal_distension, dysuria) VALUES (383, true, true, false, true, true, true);
INSERT INTO Cases (diagnosisId, age, gender, majorSx, minorSx, painId) VALUES (2, 45, 'F', 382, 383, 382);
INSERT INTO Positions (posId, epigastrial, right_lower_quadrant, periumbilical) VALUES (384, true, true, true);
INSERT INTO Positions (posId, right_lower_quadrant, right_groin) VALUES (385, true, true);
INSERT INTO Pain (pid, positionId, referred_pain_position, constant, four_hours, eight_hours, one_day, two_days, better_with_lying_still, worse_with_eating, worse_with_moving_around) VALUES (384, 384, 385, true, true, false, true, true, true, true, true);
INSERT INTO Symptoms (sxId, fever, nausea, loss_of_appatite) VALUES (384, false, true, true);
INSERT INTO Symptoms (sxId, vomiting, diarrhea, chills, malaise, abdominal_distension, dysuria) VALUES (385, true, true, true, true, true, true);
INSERT INTO Cases (diagnosisId, age, gender, majorSx, minorSx, painId) VALUES (2, 50, 'M', 384, 385, 384);
INSERT INTO Positions (posId, epigastrial, right_lower_quadrant, periumbilical) VALUES (386, true, true, true);
INSERT INTO Positions (posId, right_lower_quadrant, right_groin) VALUES (387, true, true);
INSERT INTO Pain (pid, positionId, referred_pain_position, constant, four_hours, eight_hours, one_day, two_days, better_with_lying_still, worse_with_eating, worse_with_moving_around) VALUES (386, 386, 387, false, false, true, true, true, true, true, true);
INSERT INTO Symptoms (sxId, fever, nausea, loss_of_appatite) VALUES (386, true, true, true);
INSERT INTO Symptoms (sxId, vomiting, diarrhea, chills, malaise, abdominal_distension, dysuria) VALUES (387, true, true, true, true, true, true);
INSERT INTO Cases (diagnosisId, age, gender, majorSx, minorSx, painId) VALUES (2, 48, 'M', 386, 387, 386);
INSERT INTO Positions (posId, epigastrial, right_lower_quadrant, periumbilical) VALUES (388, true, true, true);
INSERT INTO Positions (posId, right_lower_quadrant, right_groin) VALUES (389, true, true);
INSERT INTO Pain (pid, positionId, referred_pain_position, constant, four_hours, eight_hours, one_day, two_days, better_with_lying_still, worse_with_eating, worse_with_moving_around) VALUES (388, 388, 389, true, true, true, true, true, true, true, true);
INSERT INTO Symptoms (sxId, fever, nausea, loss_of_appatite) VALUES (388, true, true, true);
INSERT INTO Symptoms (sxId, vomiting, diarrhea, chills, malaise, abdominal_distension, dysuria) VALUES (389, true, true, true, true, false, true);
INSERT INTO Cases (diagnosisId, age, gender, majorSx, minorSx, painId) VALUES (2, 48, 'M', 388, 389, 388);
INSERT INTO Positions (posId, epigastrial, right_lower_quadrant, periumbilical) VALUES (390, true, true, true);
INSERT INTO Positions (posId, right_lower_quadrant, right_groin) VALUES (391, true, true);
INSERT INTO Pain (pid, positionId, referred_pain_position, constant, four_hours, eight_hours, one_day, two_days, better_with_lying_still, worse_with_eating, worse_with_moving_around) VALUES (390, 390, 391, true, true, true, true, true, true, true, true);
INSERT INTO Symptoms (sxId, fever, nausea, loss_of_appatite) VALUES (390, true, true, true);
INSERT INTO Symptoms (sxId, vomiting, diarrhea, chills, malaise, abdominal_distension, dysuria) VALUES (391, true, true, true, false, true, true);
INSERT INTO Cases (diagnosisId, age, gender, majorSx, minorSx, painId) VALUES (2, 53, 'M', 390, 391, 390);
INSERT INTO Positions (posId, epigastrial, right_lower_quadrant, periumbilical) VALUES (392, true, true, false);
INSERT INTO Positions (posId, right_lower_quadrant, right_groin) VALUES (393, true, true);
INSERT INTO Pain (pid, positionId, referred_pain_position, constant, four_hours, eight_hours, one_day, two_days, better_with_lying_still, worse_with_eating, worse_with_moving_around) VALUES (392, 392, 393, true, false, true, true, true, true, true, true);
INSERT INTO Symptoms (sxId, fever, nausea, loss_of_appatite) VALUES (392, true, true, true);
INSERT INTO Symptoms (sxId, vomiting, diarrhea, chills, malaise, abdominal_distension, dysuria) VALUES (393, true, true, true, false, true, true);
INSERT INTO Cases (diagnosisId, age, gender, majorSx, minorSx, painId) VALUES (2, 59, 'F', 392, 393, 392);
INSERT INTO Positions (posId, epigastrial, right_lower_quadrant, periumbilical) VALUES (394, false, true, true);
INSERT INTO Positions (posId, right_lower_quadrant, right_groin) VALUES (395, true, true);
INSERT INTO Pain (pid, positionId, referred_pain_position, constant, four_hours, eight_hours, one_day, two_days, better_with_lying_still, worse_with_eating, worse_with_moving_around) VALUES (394, 394, 395, true, true, true, true, true, true, true, true);
INSERT INTO Symptoms (sxId, fever, nausea, loss_of_appatite) VALUES (394, true, true, false);
INSERT INTO Symptoms (sxId, vomiting, diarrhea, chills, malaise, abdominal_distension, dysuria) VALUES (395, true, true, true, true, true, true);
INSERT INTO Cases (diagnosisId, age, gender, majorSx, minorSx, painId) VALUES (2, 62, 'F', 394, 395, 394);
INSERT INTO Positions (posId, epigastrial, right_lower_quadrant, periumbilical) VALUES (396, true, true, true);
INSERT INTO Positions (posId, right_lower_quadrant, right_groin) VALUES (397, false, true);
INSERT INTO Pain (pid, positionId, referred_pain_position, constant, four_hours, eight_hours, one_day, two_days, better_with_lying_still, worse_with_eating, worse_with_moving_around) VALUES (396, 396, 397, true, true, false, true, true, true, true, true);
INSERT INTO Symptoms (sxId, fever, nausea, loss_of_appatite) VALUES (396, true, true, true);
INSERT INTO Symptoms (sxId, vomiting, diarrhea, chills, malaise, abdominal_distension, dysuria) VALUES (397, true, true, true, true, true, true);
INSERT INTO Cases (diagnosisId, age, gender, majorSx, minorSx, painId) VALUES (2, 67, 'F', 396, 397, 396);
INSERT INTO Positions (posId, epigastrial, right_lower_quadrant, periumbilical) VALUES (398, false, true, true);
INSERT INTO Positions (posId, right_lower_quadrant, right_groin) VALUES (399, true, true);
INSERT INTO Pain (pid, positionId, referred_pain_position, constant, four_hours, eight_hours, one_day, two_days, better_with_lying_still, worse_with_eating, worse_with_moving_around) VALUES (398, 398, 399, true, true, true, true, true, true, true, true);
INSERT INTO Symptoms (sxId, fever, nausea, loss_of_appatite) VALUES (398, true, true, true);
INSERT INTO Symptoms (sxId, vomiting, diarrhea, chills, malaise, abdominal_distension, dysuria) VALUES (399, true, true, true, true, true, true);
INSERT INTO Cases (diagnosisId, age, gender, majorSx, minorSx, painId) VALUES (2, 75, 'F', 398, 399, 398);
INSERT INTO Positions (posId, epigastrial, right_lower_quadrant, periumbilical) VALUES (400, true, true, true);
INSERT INTO Positions (posId, right_lower_quadrant, right_groin) VALUES (401, false, true);
INSERT INTO Pain (pid, positionId, referred_pain_position, constant, four_hours, eight_hours, one_day, two_days, better_with_lying_still, worse_with_eating, worse_with_moving_around) VALUES (400, 400, 401, true, true, true, true, true, true, true, true);
INSERT INTO Symptoms (sxId, fever, nausea, loss_of_appatite) VALUES (400, false, true, true);
INSERT INTO Symptoms (sxId, vomiting, diarrhea, chills, malaise, abdominal_distension, dysuria) VALUES (401, false, true, true, true, true, true);
INSERT INTO Cases (diagnosisId, age, gender, majorSx, minorSx, painId) VALUES (2, 101, 'M', 400, 401, 400);
