Insert INTO Diagnosis (dId, dname) Values (1, 'Appendicitis');
INSERT INTO Positions (posId, epigastrial, right_lower_quadrant, periumbilical) VALUES (2, true, true, true);
INSERT INTO Positions (posId, right_lower_quadrant, right_groin) VALUES (3, true, true);
INSERT INTO Pain (pid, positionId, referred_pain_position, constant, four_hours, eight_hours, one_day, two_days, better_with_lying_still, worse_with_eating, worse_with_moving_around) VALUES (2, 2, 3, true, true, true, true, true, true, true, true);
INSERT INTO Symptoms (sxId, fever, nausea, loss_of_appetite) VALUES (2, true, true, true);
INSERT INTO Symptoms (sxId, vomiting, diarrhea, chills, malaise, abdominal_distension, dysuria) VALUES (3, true, true, true, true, true, true);
INSERT INTO Cases (diagnosisId, age, gender, majorSx, minorSx, painId) VALUES (1, 2, 'M', 2, 3, 2);
INSERT INTO Positions (posId, epigastrial, right_lower_quadrant, periumbilical) VALUES (4, true, true, true);
INSERT INTO Positions (posId, right_lower_quadrant, right_groin) VALUES (5, true, true);
INSERT INTO Pain (pid, positionId, referred_pain_position, constant, four_hours, eight_hours, one_day, two_days, better_with_lying_still, worse_with_eating, worse_with_moving_around) VALUES (4, 4, 5, true, true, false, true, true, true, true, true);
INSERT INTO Symptoms (sxId, fever, nausea, loss_of_appetite) VALUES (4, true, true, true);
INSERT INTO Symptoms (sxId, vomiting, diarrhea, chills, malaise, abdominal_distension, dysuria) VALUES (5, false, true, true, true, true, true);
INSERT INTO Cases (diagnosisId, age, gender, majorSx, minorSx, painId) VALUES (1, 5, 'F', 4, 5, 4);
INSERT INTO Positions (posId, epigastrial, right_lower_quadrant, periumbilical) VALUES (6, true, true, true);
INSERT INTO Positions (posId, right_lower_quadrant, right_groin) VALUES (7, true, true);
INSERT INTO Pain (pid, positionId, referred_pain_position, constant, four_hours, eight_hours, one_day, two_days, better_with_lying_still, worse_with_eating, worse_with_moving_around) VALUES (6, 6, 7, false, true, true, true, true, true, true, true);
INSERT INTO Symptoms (sxId, fever, nausea, loss_of_appetite) VALUES (6, true, true, true);
INSERT INTO Symptoms (sxId, vomiting, diarrhea, chills, malaise, abdominal_distension, dysuria) VALUES (7, true, true, true, true, false, true);
INSERT INTO Cases (diagnosisId, age, gender, majorSx, minorSx, painId) VALUES (1, 1, 'M', 6, 7, 6);
INSERT INTO Positions (posId, epigastrial, right_lower_quadrant, periumbilical) VALUES (8, true, true, false);
INSERT INTO Positions (posId, right_lower_quadrant, right_groin) VALUES (9, true, true);
INSERT INTO Pain (pid, positionId, referred_pain_position, constant, four_hours, eight_hours, one_day, two_days, better_with_lying_still, worse_with_eating, worse_with_moving_around) VALUES (8, 8, 9, true, true, false, true, true, true, true, false);
INSERT INTO Symptoms (sxId, fever, nausea, loss_of_appetite) VALUES (8, true, true, true);
INSERT INTO Symptoms (sxId, vomiting, diarrhea, chills, malaise, abdominal_distension, dysuria) VALUES (9, true, true, true, true, false, true);
INSERT INTO Cases (diagnosisId, age, gender, majorSx, minorSx, painId) VALUES (1, 2, 'M', 8, 9, 8);
INSERT INTO Positions (posId, epigastrial, right_lower_quadrant, periumbilical) VALUES (10, true, false, true);
INSERT INTO Positions (posId, right_lower_quadrant, right_groin) VALUES (11, true, false);
INSERT INTO Pain (pid, positionId, referred_pain_position, constant, four_hours, eight_hours, one_day, two_days, better_with_lying_still, worse_with_eating, worse_with_moving_around) VALUES (10, 10, 11, true, true, true, false, true, true, true, true);
INSERT INTO Symptoms (sxId, fever, nausea, loss_of_appetite) VALUES (10, true, true, true);
INSERT INTO Symptoms (sxId, vomiting, diarrhea, chills, malaise, abdominal_distension, dysuria) VALUES (11, true, true, true, true, false, true);
INSERT INTO Cases (diagnosisId, age, gender, majorSx, minorSx, painId) VALUES (1, 6, 'M', 10, 11, 10);
INSERT INTO Positions (posId, epigastrial, right_lower_quadrant, periumbilical) VALUES (12, true, true, true);
INSERT INTO Positions (posId, right_lower_quadrant, right_groin) VALUES (13, false, true);
INSERT INTO Pain (pid, positionId, referred_pain_position, constant, four_hours, eight_hours, one_day, two_days, better_with_lying_still, worse_with_eating, worse_with_moving_around) VALUES (12, 12, 13, true, true, true, true, true, true, true, true);
INSERT INTO Symptoms (sxId, fever, nausea, loss_of_appetite) VALUES (12, true, true, true);
INSERT INTO Symptoms (sxId, vomiting, diarrhea, chills, malaise, abdominal_distension, dysuria) VALUES (13, true, true, true, true, true, true);
INSERT INTO Cases (diagnosisId, age, gender, majorSx, minorSx, painId) VALUES (1, 9, 'F', 12, 13, 12);
INSERT INTO Positions (posId, epigastrial, right_lower_quadrant, periumbilical) VALUES (14, true, true, true);
INSERT INTO Positions (posId, right_lower_quadrant, right_groin) VALUES (15, true, true);
INSERT INTO Pain (pid, positionId, referred_pain_position, constant, four_hours, eight_hours, one_day, two_days, better_with_lying_still, worse_with_eating, worse_with_moving_around) VALUES (14, 14, 15, true, true, true, true, true, true, true, true);
INSERT INTO Symptoms (sxId, fever, nausea, loss_of_appetite) VALUES (14, true, true, true);
INSERT INTO Symptoms (sxId, vomiting, diarrhea, chills, malaise, abdominal_distension, dysuria) VALUES (15, true, true, true, true, false, false);
INSERT INTO Cases (diagnosisId, age, gender, majorSx, minorSx, painId) VALUES (1, 10, 'F', 14, 15, 14);
INSERT INTO Positions (posId, epigastrial, right_lower_quadrant, periumbilical) VALUES (16, true, true, true);
INSERT INTO Positions (posId, right_lower_quadrant, right_groin) VALUES (17, true, true);
INSERT INTO Pain (pid, positionId, referred_pain_position, constant, four_hours, eight_hours, one_day, two_days, better_with_lying_still, worse_with_eating, worse_with_moving_around) VALUES (16, 16, 17, true, true, true, true, true, false, true, true);
INSERT INTO Symptoms (sxId, fever, nausea, loss_of_appetite) VALUES (16, true, true, true);
INSERT INTO Symptoms (sxId, vomiting, diarrhea, chills, malaise, abdominal_distension, dysuria) VALUES (17, true, true, false, true, true, true);
INSERT INTO Cases (diagnosisId, age, gender, majorSx, minorSx, painId) VALUES (1, 8, 'F', 16, 17, 16);
INSERT INTO Positions (posId, epigastrial, right_lower_quadrant, periumbilical) VALUES (18, true, true, true);
INSERT INTO Positions (posId, right_lower_quadrant, right_groin) VALUES (19, true, true);
INSERT INTO Pain (pid, positionId, referred_pain_position, constant, four_hours, eight_hours, one_day, two_days, better_with_lying_still, worse_with_eating, worse_with_moving_around) VALUES (18, 18, 19, true, false, true, true, true, true, true, true);
INSERT INTO Symptoms (sxId, fever, nausea, loss_of_appetite) VALUES (18, true, true, true);
INSERT INTO Symptoms (sxId, vomiting, diarrhea, chills, malaise, abdominal_distension, dysuria) VALUES (19, false, true, true, true, true, true);
INSERT INTO Cases (diagnosisId, age, gender, majorSx, minorSx, painId) VALUES (1, 7, 'M', 18, 19, 18);
INSERT INTO Positions (posId, epigastrial, right_lower_quadrant, periumbilical) VALUES (20, true, true, true);
INSERT INTO Positions (posId, right_lower_quadrant, right_groin) VALUES (21, true, true);
INSERT INTO Pain (pid, positionId, referred_pain_position, constant, four_hours, eight_hours, one_day, two_days, better_with_lying_still, worse_with_eating, worse_with_moving_around) VALUES (20, 20, 21, true, true, true, true, true, true, true, true);
INSERT INTO Symptoms (sxId, fever, nausea, loss_of_appetite) VALUES (20, true, true, true);
INSERT INTO Symptoms (sxId, vomiting, diarrhea, chills, malaise, abdominal_distension, dysuria) VALUES (21, true, true, true, true, true, true);
INSERT INTO Cases (diagnosisId, age, gender, majorSx, minorSx, painId) VALUES (1, 9, 'M', 20, 21, 20);
INSERT INTO Positions (posId, epigastrial, right_lower_quadrant, periumbilical) VALUES (22, true, true, true);
INSERT INTO Positions (posId, right_lower_quadrant, right_groin) VALUES (23, true, true);
INSERT INTO Pain (pid, positionId, referred_pain_position, constant, four_hours, eight_hours, one_day, two_days, better_with_lying_still, worse_with_eating, worse_with_moving_around) VALUES (22, 22, 23, true, true, true, true, false, true, false, true);
INSERT INTO Symptoms (sxId, fever, nausea, loss_of_appetite) VALUES (22, true, true, true);
INSERT INTO Symptoms (sxId, vomiting, diarrhea, chills, malaise, abdominal_distension, dysuria) VALUES (23, true, true, false, true, true, true);
INSERT INTO Cases (diagnosisId, age, gender, majorSx, minorSx, painId) VALUES (1, 10, 'M', 22, 23, 22);
INSERT INTO Positions (posId, epigastrial, right_lower_quadrant, periumbilical) VALUES (24, true, true, true);
INSERT INTO Positions (posId, right_lower_quadrant, right_groin) VALUES (25, true, true);
INSERT INTO Pain (pid, positionId, referred_pain_position, constant, four_hours, eight_hours, one_day, two_days, better_with_lying_still, worse_with_eating, worse_with_moving_around) VALUES (24, 24, 25, true, true, true, true, true, true, true, true);
INSERT INTO Symptoms (sxId, fever, nausea, loss_of_appetite) VALUES (24, false, true, true);
INSERT INTO Symptoms (sxId, vomiting, diarrhea, chills, malaise, abdominal_distension, dysuria) VALUES (25, true, true, true, true, true, true);
INSERT INTO Cases (diagnosisId, age, gender, majorSx, minorSx, painId) VALUES (1, 9, 'F', 24, 25, 24);
INSERT INTO Positions (posId, epigastrial, right_lower_quadrant, periumbilical) VALUES (26, false, true, true);
INSERT INTO Positions (posId, right_lower_quadrant, right_groin) VALUES (27, true, true);
INSERT INTO Pain (pid, positionId, referred_pain_position, constant, four_hours, eight_hours, one_day, two_days, better_with_lying_still, worse_with_eating, worse_with_moving_around) VALUES (26, 26, 27, true, true, true, true, true, true, false, true);
INSERT INTO Symptoms (sxId, fever, nausea, loss_of_appetite) VALUES (26, true, true, true);
INSERT INTO Symptoms (sxId, vomiting, diarrhea, chills, malaise, abdominal_distension, dysuria) VALUES (27, false, true, true, true, true, true);
INSERT INTO Cases (diagnosisId, age, gender, majorSx, minorSx, painId) VALUES (1, 8, 'F', 26, 27, 26);
INSERT INTO Positions (posId, epigastrial, right_lower_quadrant, periumbilical) VALUES (28, false, true, true);
INSERT INTO Positions (posId, right_lower_quadrant, right_groin) VALUES (29, true, true);
INSERT INTO Pain (pid, positionId, referred_pain_position, constant, four_hours, eight_hours, one_day, two_days, better_with_lying_still, worse_with_eating, worse_with_moving_around) VALUES (28, 28, 29, true, true, true, true, true, true, true, true);
INSERT INTO Symptoms (sxId, fever, nausea, loss_of_appetite) VALUES (28, true, true, true);
INSERT INTO Symptoms (sxId, vomiting, diarrhea, chills, malaise, abdominal_distension, dysuria) VALUES (29, true, true, true, true, false, true);
INSERT INTO Cases (diagnosisId, age, gender, majorSx, minorSx, painId) VALUES (1, 10, 'M', 28, 29, 28);
INSERT INTO Positions (posId, epigastrial, right_lower_quadrant, periumbilical) VALUES (30, true, true, true);
INSERT INTO Positions (posId, right_lower_quadrant, right_groin) VALUES (31, true, true);
INSERT INTO Pain (pid, positionId, referred_pain_position, constant, four_hours, eight_hours, one_day, two_days, better_with_lying_still, worse_with_eating, worse_with_moving_around) VALUES (30, 30, 31, true, true, true, false, true, true, false, false);
INSERT INTO Symptoms (sxId, fever, nausea, loss_of_appetite) VALUES (30, true, true, true);
INSERT INTO Symptoms (sxId, vomiting, diarrhea, chills, malaise, abdominal_distension, dysuria) VALUES (31, true, true, true, true, true, true);
INSERT INTO Cases (diagnosisId, age, gender, majorSx, minorSx, painId) VALUES (1, 6, 'F', 30, 31, 30);
INSERT INTO Positions (posId, epigastrial, right_lower_quadrant, periumbilical) VALUES (32, true, true, true);
INSERT INTO Positions (posId, right_lower_quadrant, right_groin) VALUES (33, false, true);
INSERT INTO Pain (pid, positionId, referred_pain_position, constant, four_hours, eight_hours, one_day, two_days, better_with_lying_still, worse_with_eating, worse_with_moving_around) VALUES (32, 32, 33, true, true, true, true, true, false, true, true);
INSERT INTO Symptoms (sxId, fever, nausea, loss_of_appetite) VALUES (32, true, true, true);
INSERT INTO Symptoms (sxId, vomiting, diarrhea, chills, malaise, abdominal_distension, dysuria) VALUES (33, true, true, true, true, true, true);
INSERT INTO Cases (diagnosisId, age, gender, majorSx, minorSx, painId) VALUES (1, 7, 'F', 32, 33, 32);
INSERT INTO Positions (posId, epigastrial, right_lower_quadrant, periumbilical) VALUES (34, true, true, true);
INSERT INTO Positions (posId, right_lower_quadrant, right_groin) VALUES (35, true, true);
INSERT INTO Pain (pid, positionId, referred_pain_position, constant, four_hours, eight_hours, one_day, two_days, better_with_lying_still, worse_with_eating, worse_with_moving_around) VALUES (34, 34, 35, true, false, true, true, true, true, true, true);
INSERT INTO Symptoms (sxId, fever, nausea, loss_of_appetite) VALUES (34, true, true, true);
INSERT INTO Symptoms (sxId, vomiting, diarrhea, chills, malaise, abdominal_distension, dysuria) VALUES (35, true, false, true, true, true, true);
INSERT INTO Cases (diagnosisId, age, gender, majorSx, minorSx, painId) VALUES (1, 8, 'F', 34, 35, 34);
INSERT INTO Positions (posId, epigastrial, right_lower_quadrant, periumbilical) VALUES (36, true, true, true);
INSERT INTO Positions (posId, right_lower_quadrant, right_groin) VALUES (37, true, true);
INSERT INTO Pain (pid, positionId, referred_pain_position, constant, four_hours, eight_hours, one_day, two_days, better_with_lying_still, worse_with_eating, worse_with_moving_around) VALUES (36, 36, 37, true, true, true, true, true, true, true, true);
INSERT INTO Symptoms (sxId, fever, nausea, loss_of_appetite) VALUES (36, true, true, true);
INSERT INTO Symptoms (sxId, vomiting, diarrhea, chills, malaise, abdominal_distension, dysuria) VALUES (37, true, true, true, true, false, true);
INSERT INTO Cases (diagnosisId, age, gender, majorSx, minorSx, painId) VALUES (1, 9, 'M', 36, 37, 36);
INSERT INTO Positions (posId, epigastrial, right_lower_quadrant, periumbilical) VALUES (38, true, true, true);
INSERT INTO Positions (posId, right_lower_quadrant, right_groin) VALUES (39, true, true);
INSERT INTO Pain (pid, positionId, referred_pain_position, constant, four_hours, eight_hours, one_day, two_days, better_with_lying_still, worse_with_eating, worse_with_moving_around) VALUES (38, 38, 39, true, false, true, true, true, true, true, true);
INSERT INTO Symptoms (sxId, fever, nausea, loss_of_appetite) VALUES (38, true, true, true);
INSERT INTO Symptoms (sxId, vomiting, diarrhea, chills, malaise, abdominal_distension, dysuria) VALUES (39, true, true, true, true, true, true);
INSERT INTO Cases (diagnosisId, age, gender, majorSx, minorSx, painId) VALUES (1, 9, 'F', 38, 39, 38);
INSERT INTO Positions (posId, epigastrial, right_lower_quadrant, periumbilical) VALUES (40, true, true, true);
INSERT INTO Positions (posId, right_lower_quadrant, right_groin) VALUES (41, true, true);
INSERT INTO Pain (pid, positionId, referred_pain_position, constant, four_hours, eight_hours, one_day, two_days, better_with_lying_still, worse_with_eating, worse_with_moving_around) VALUES (40, 40, 41, true, true, true, true, true, true, true, true);
INSERT INTO Symptoms (sxId, fever, nausea, loss_of_appetite) VALUES (40, true, true, false);
INSERT INTO Symptoms (sxId, vomiting, diarrhea, chills, malaise, abdominal_distension, dysuria) VALUES (41, true, true, true, false, true, true);
INSERT INTO Cases (diagnosisId, age, gender, majorSx, minorSx, painId) VALUES (1, 14, 'F', 40, 41, 40);
INSERT INTO Positions (posId, epigastrial, right_lower_quadrant, periumbilical) VALUES (42, true, true, true);
INSERT INTO Positions (posId, right_lower_quadrant, right_groin) VALUES (43, true, true);
INSERT INTO Pain (pid, positionId, referred_pain_position, constant, four_hours, eight_hours, one_day, two_days, better_with_lying_still, worse_with_eating, worse_with_moving_around) VALUES (42, 42, 43, true, true, true, true, true, false, true, true);
INSERT INTO Symptoms (sxId, fever, nausea, loss_of_appetite) VALUES (42, true, true, true);
INSERT INTO Symptoms (sxId, vomiting, diarrhea, chills, malaise, abdominal_distension, dysuria) VALUES (43, true, true, true, true, true, true);
INSERT INTO Cases (diagnosisId, age, gender, majorSx, minorSx, painId) VALUES (1, 13, 'M', 42, 43, 42);
INSERT INTO Positions (posId, epigastrial, right_lower_quadrant, periumbilical) VALUES (44, true, true, false);
INSERT INTO Positions (posId, right_lower_quadrant, right_groin) VALUES (45, true, true);
INSERT INTO Pain (pid, positionId, referred_pain_position, constant, four_hours, eight_hours, one_day, two_days, better_with_lying_still, worse_with_eating, worse_with_moving_around) VALUES (44, 44, 45, true, true, true, true, false, false, false, true);
INSERT INTO Symptoms (sxId, fever, nausea, loss_of_appetite) VALUES (44, true, true, true);
INSERT INTO Symptoms (sxId, vomiting, diarrhea, chills, malaise, abdominal_distension, dysuria) VALUES (45, true, false, true, true, true, true);
INSERT INTO Cases (diagnosisId, age, gender, majorSx, minorSx, painId) VALUES (1, 13, 'F', 44, 45, 44);
INSERT INTO Positions (posId, epigastrial, right_lower_quadrant, periumbilical) VALUES (46, true, true, true);
INSERT INTO Positions (posId, right_lower_quadrant, right_groin) VALUES (47, true, true);
INSERT INTO Pain (pid, positionId, referred_pain_position, constant, four_hours, eight_hours, one_day, two_days, better_with_lying_still, worse_with_eating, worse_with_moving_around) VALUES (46, 46, 47, true, true, true, true, true, true, false, true);
INSERT INTO Symptoms (sxId, fever, nausea, loss_of_appetite) VALUES (46, true, true, true);
INSERT INTO Symptoms (sxId, vomiting, diarrhea, chills, malaise, abdominal_distension, dysuria) VALUES (47, true, true, true, true, true, true);
INSERT INTO Cases (diagnosisId, age, gender, majorSx, minorSx, painId) VALUES (1, 15, 'F', 46, 47, 46);
INSERT INTO Positions (posId, epigastrial, right_lower_quadrant, periumbilical) VALUES (48, true, false, true);
INSERT INTO Positions (posId, right_lower_quadrant, right_groin) VALUES (49, true, true);
INSERT INTO Pain (pid, positionId, referred_pain_position, constant, four_hours, eight_hours, one_day, two_days, better_with_lying_still, worse_with_eating, worse_with_moving_around) VALUES (48, 48, 49, false, true, true, true, true, true, true, true);
INSERT INTO Symptoms (sxId, fever, nausea, loss_of_appetite) VALUES (48, true, true, true);
INSERT INTO Symptoms (sxId, vomiting, diarrhea, chills, malaise, abdominal_distension, dysuria) VALUES (49, true, true, true, true, false, true);
INSERT INTO Cases (diagnosisId, age, gender, majorSx, minorSx, painId) VALUES (1, 14, 'M', 48, 49, 48);
INSERT INTO Positions (posId, epigastrial, right_lower_quadrant, periumbilical) VALUES (50, true, true, true);
INSERT INTO Positions (posId, right_lower_quadrant, right_groin) VALUES (51, true, true);
INSERT INTO Pain (pid, positionId, referred_pain_position, constant, four_hours, eight_hours, one_day, two_days, better_with_lying_still, worse_with_eating, worse_with_moving_around) VALUES (50, 50, 51, true, true, true, true, false, true, false, true);
INSERT INTO Symptoms (sxId, fever, nausea, loss_of_appetite) VALUES (50, true, true, true);
INSERT INTO Symptoms (sxId, vomiting, diarrhea, chills, malaise, abdominal_distension, dysuria) VALUES (51, true, true, true, true, true, true);
INSERT INTO Cases (diagnosisId, age, gender, majorSx, minorSx, painId) VALUES (1, 14, 'F', 50, 51, 50);
INSERT INTO Positions (posId, epigastrial, right_lower_quadrant, periumbilical) VALUES (52, true, true, true);
INSERT INTO Positions (posId, right_lower_quadrant, right_groin) VALUES (53, true, true);
INSERT INTO Pain (pid, positionId, referred_pain_position, constant, four_hours, eight_hours, one_day, two_days, better_with_lying_still, worse_with_eating, worse_with_moving_around) VALUES (52, 52, 53, true, true, true, true, true, true, true, true);
INSERT INTO Symptoms (sxId, fever, nausea, loss_of_appetite) VALUES (52, true, true, true);
INSERT INTO Symptoms (sxId, vomiting, diarrhea, chills, malaise, abdominal_distension, dysuria) VALUES (53, true, true, true, true, true, true);
INSERT INTO Cases (diagnosisId, age, gender, majorSx, minorSx, painId) VALUES (1, 13, 'M', 52, 53, 52);
INSERT INTO Positions (posId, epigastrial, right_lower_quadrant, periumbilical) VALUES (54, true, true, true);
INSERT INTO Positions (posId, right_lower_quadrant, right_groin) VALUES (55, true, true);
INSERT INTO Pain (pid, positionId, referred_pain_position, constant, four_hours, eight_hours, one_day, two_days, better_with_lying_still, worse_with_eating, worse_with_moving_around) VALUES (54, 54, 55, true, true, true, true, true, true, true, true);
INSERT INTO Symptoms (sxId, fever, nausea, loss_of_appetite) VALUES (54, true, true, true);
INSERT INTO Symptoms (sxId, vomiting, diarrhea, chills, malaise, abdominal_distension, dysuria) VALUES (55, true, true, true, false, true, false);
INSERT INTO Cases (diagnosisId, age, gender, majorSx, minorSx, painId) VALUES (1, 13, 'F', 54, 55, 54);
INSERT INTO Positions (posId, epigastrial, right_lower_quadrant, periumbilical) VALUES (56, false, true, true);
INSERT INTO Positions (posId, right_lower_quadrant, right_groin) VALUES (57, true, true);
INSERT INTO Pain (pid, positionId, referred_pain_position, constant, four_hours, eight_hours, one_day, two_days, better_with_lying_still, worse_with_eating, worse_with_moving_around) VALUES (56, 56, 57, false, true, true, true, true, true, true, true);
INSERT INTO Symptoms (sxId, fever, nausea, loss_of_appetite) VALUES (56, true, true, true);
INSERT INTO Symptoms (sxId, vomiting, diarrhea, chills, malaise, abdominal_distension, dysuria) VALUES (57, true, false, true, true, true, false);
INSERT INTO Cases (diagnosisId, age, gender, majorSx, minorSx, painId) VALUES (1, 11, 'M', 56, 57, 56);
INSERT INTO Positions (posId, epigastrial, right_lower_quadrant, periumbilical) VALUES (58, true, true, false);
INSERT INTO Positions (posId, right_lower_quadrant, right_groin) VALUES (59, true, true);
INSERT INTO Pain (pid, positionId, referred_pain_position, constant, four_hours, eight_hours, one_day, two_days, better_with_lying_still, worse_with_eating, worse_with_moving_around) VALUES (58, 58, 59, true, true, true, true, false, true, false, true);
INSERT INTO Symptoms (sxId, fever, nausea, loss_of_appetite) VALUES (58, true, true, true);
INSERT INTO Symptoms (sxId, vomiting, diarrhea, chills, malaise, abdominal_distension, dysuria) VALUES (59, true, true, true, false, true, true);
INSERT INTO Cases (diagnosisId, age, gender, majorSx, minorSx, painId) VALUES (1, 12, 'M', 58, 59, 58);
INSERT INTO Positions (posId, epigastrial, right_lower_quadrant, periumbilical) VALUES (60, true, true, true);
INSERT INTO Positions (posId, right_lower_quadrant, right_groin) VALUES (61, true, true);
INSERT INTO Pain (pid, positionId, referred_pain_position, constant, four_hours, eight_hours, one_day, two_days, better_with_lying_still, worse_with_eating, worse_with_moving_around) VALUES (60, 60, 61, true, false, true, true, true, true, true, true);
INSERT INTO Symptoms (sxId, fever, nausea, loss_of_appetite) VALUES (60, true, true, true);
INSERT INTO Symptoms (sxId, vomiting, diarrhea, chills, malaise, abdominal_distension, dysuria) VALUES (61, true, true, true, true, true, true);
INSERT INTO Cases (diagnosisId, age, gender, majorSx, minorSx, painId) VALUES (1, 13, 'M', 60, 61, 60);
INSERT INTO Positions (posId, epigastrial, right_lower_quadrant, periumbilical) VALUES (62, true, true, true);
INSERT INTO Positions (posId, right_lower_quadrant, right_groin) VALUES (63, false, true);
INSERT INTO Pain (pid, positionId, referred_pain_position, constant, four_hours, eight_hours, one_day, two_days, better_with_lying_still, worse_with_eating, worse_with_moving_around) VALUES (62, 62, 63, true, true, true, true, false, true, true, true);
INSERT INTO Symptoms (sxId, fever, nausea, loss_of_appetite) VALUES (62, true, true, true);
INSERT INTO Symptoms (sxId, vomiting, diarrhea, chills, malaise, abdominal_distension, dysuria) VALUES (63, true, true, true, true, true, true);
INSERT INTO Cases (diagnosisId, age, gender, majorSx, minorSx, painId) VALUES (1, 13, 'F', 62, 63, 62);
INSERT INTO Positions (posId, epigastrial, right_lower_quadrant, periumbilical) VALUES (64, true, true, true);
INSERT INTO Positions (posId, right_lower_quadrant, right_groin) VALUES (65, true, true);
INSERT INTO Pain (pid, positionId, referred_pain_position, constant, four_hours, eight_hours, one_day, two_days, better_with_lying_still, worse_with_eating, worse_with_moving_around) VALUES (64, 64, 65, true, true, true, false, true, true, true, true);
INSERT INTO Symptoms (sxId, fever, nausea, loss_of_appetite) VALUES (64, true, true, true);
INSERT INTO Symptoms (sxId, vomiting, diarrhea, chills, malaise, abdominal_distension, dysuria) VALUES (65, true, true, true, true, true, true);
INSERT INTO Cases (diagnosisId, age, gender, majorSx, minorSx, painId) VALUES (1, 14, 'M', 64, 65, 64);
INSERT INTO Positions (posId, epigastrial, right_lower_quadrant, periumbilical) VALUES (66, true, true, true);
INSERT INTO Positions (posId, right_lower_quadrant, right_groin) VALUES (67, true, true);
INSERT INTO Pain (pid, positionId, referred_pain_position, constant, four_hours, eight_hours, one_day, two_days, better_with_lying_still, worse_with_eating, worse_with_moving_around) VALUES (66, 66, 67, true, true, true, true, true, true, true, true);
INSERT INTO Symptoms (sxId, fever, nausea, loss_of_appetite) VALUES (66, false, true, true);
INSERT INTO Symptoms (sxId, vomiting, diarrhea, chills, malaise, abdominal_distension, dysuria) VALUES (67, true, true, true, true, true, true);
INSERT INTO Cases (diagnosisId, age, gender, majorSx, minorSx, painId) VALUES (1, 15, 'F', 66, 67, 66);
INSERT INTO Positions (posId, epigastrial, right_lower_quadrant, periumbilical) VALUES (68, true, true, false);
INSERT INTO Positions (posId, right_lower_quadrant, right_groin) VALUES (69, true, true);
INSERT INTO Pain (pid, positionId, referred_pain_position, constant, four_hours, eight_hours, one_day, two_days, better_with_lying_still, worse_with_eating, worse_with_moving_around) VALUES (68, 68, 69, true, true, false, true, true, true, true, true);
INSERT INTO Symptoms (sxId, fever, nausea, loss_of_appetite) VALUES (68, true, false, true);
INSERT INTO Symptoms (sxId, vomiting, diarrhea, chills, malaise, abdominal_distension, dysuria) VALUES (69, true, true, true, true, true, true);
INSERT INTO Cases (diagnosisId, age, gender, majorSx, minorSx, painId) VALUES (1, 13, 'M', 68, 69, 68);
INSERT INTO Positions (posId, epigastrial, right_lower_quadrant, periumbilical) VALUES (70, true, true, true);
INSERT INTO Positions (posId, right_lower_quadrant, right_groin) VALUES (71, true, true);
INSERT INTO Pain (pid, positionId, referred_pain_position, constant, four_hours, eight_hours, one_day, two_days, better_with_lying_still, worse_with_eating, worse_with_moving_around) VALUES (70, 70, 71, true, true, true, true, true, true, false, true);
INSERT INTO Symptoms (sxId, fever, nausea, loss_of_appetite) VALUES (70, true, true, true);
INSERT INTO Symptoms (sxId, vomiting, diarrhea, chills, malaise, abdominal_distension, dysuria) VALUES (71, true, true, true, true, true, true);
INSERT INTO Cases (diagnosisId, age, gender, majorSx, minorSx, painId) VALUES (1, 18, 'F', 70, 71, 70);
INSERT INTO Positions (posId, epigastrial, right_lower_quadrant, periumbilical) VALUES (72, true, true, true);
INSERT INTO Positions (posId, right_lower_quadrant, right_groin) VALUES (73, true, true);
INSERT INTO Pain (pid, positionId, referred_pain_position, constant, four_hours, eight_hours, one_day, two_days, better_with_lying_still, worse_with_eating, worse_with_moving_around) VALUES (72, 72, 73, true, true, true, true, true, true, true, true);
INSERT INTO Symptoms (sxId, fever, nausea, loss_of_appetite) VALUES (72, true, true, true);
INSERT INTO Symptoms (sxId, vomiting, diarrhea, chills, malaise, abdominal_distension, dysuria) VALUES (73, true, true, true, true, true, true);
INSERT INTO Cases (diagnosisId, age, gender, majorSx, minorSx, painId) VALUES (1, 16, 'M', 72, 73, 72);
INSERT INTO Positions (posId, epigastrial, right_lower_quadrant, periumbilical) VALUES (74, true, true, false);
INSERT INTO Positions (posId, right_lower_quadrant, right_groin) VALUES (75, true, true);
INSERT INTO Pain (pid, positionId, referred_pain_position, constant, four_hours, eight_hours, one_day, two_days, better_with_lying_still, worse_with_eating, worse_with_moving_around) VALUES (74, 74, 75, true, false, true, true, true, false, true, true);
INSERT INTO Symptoms (sxId, fever, nausea, loss_of_appetite) VALUES (74, true, true, true);
INSERT INTO Symptoms (sxId, vomiting, diarrhea, chills, malaise, abdominal_distension, dysuria) VALUES (75, false, true, true, true, true, true);
INSERT INTO Cases (diagnosisId, age, gender, majorSx, minorSx, painId) VALUES (1, 16, 'M', 74, 75, 74);
INSERT INTO Positions (posId, epigastrial, right_lower_quadrant, periumbilical) VALUES (76, true, true, false);
INSERT INTO Positions (posId, right_lower_quadrant, right_groin) VALUES (77, true, true);
INSERT INTO Pain (pid, positionId, referred_pain_position, constant, four_hours, eight_hours, one_day, two_days, better_with_lying_still, worse_with_eating, worse_with_moving_around) VALUES (76, 76, 77, true, true, true, true, true, true, true, true);
INSERT INTO Symptoms (sxId, fever, nausea, loss_of_appetite) VALUES (76, true, true, true);
INSERT INTO Symptoms (sxId, vomiting, diarrhea, chills, malaise, abdominal_distension, dysuria) VALUES (77, true, true, true, true, true, false);
INSERT INTO Cases (diagnosisId, age, gender, majorSx, minorSx, painId) VALUES (1, 20, 'M', 76, 77, 76);
INSERT INTO Positions (posId, epigastrial, right_lower_quadrant, periumbilical) VALUES (78, true, true, true);
INSERT INTO Positions (posId, right_lower_quadrant, right_groin) VALUES (79, true, true);
INSERT INTO Pain (pid, positionId, referred_pain_position, constant, four_hours, eight_hours, one_day, two_days, better_with_lying_still, worse_with_eating, worse_with_moving_around) VALUES (78, 78, 79, true, true, true, true, true, true, true, true);
INSERT INTO Symptoms (sxId, fever, nausea, loss_of_appetite) VALUES (78, true, false, true);
INSERT INTO Symptoms (sxId, vomiting, diarrhea, chills, malaise, abdominal_distension, dysuria) VALUES (79, true, true, true, true, true, true);
INSERT INTO Cases (diagnosisId, age, gender, majorSx, minorSx, painId) VALUES (1, 19, 'F', 78, 79, 78);
INSERT INTO Positions (posId, epigastrial, right_lower_quadrant, periumbilical) VALUES (80, true, true, true);
INSERT INTO Positions (posId, right_lower_quadrant, right_groin) VALUES (81, true, true);
INSERT INTO Pain (pid, positionId, referred_pain_position, constant, four_hours, eight_hours, one_day, two_days, better_with_lying_still, worse_with_eating, worse_with_moving_around) VALUES (80, 80, 81, true, true, false, true, true, false, false, true);
INSERT INTO Symptoms (sxId, fever, nausea, loss_of_appetite) VALUES (80, true, false, true);
INSERT INTO Symptoms (sxId, vomiting, diarrhea, chills, malaise, abdominal_distension, dysuria) VALUES (81, false, false, true, true, true, true);
INSERT INTO Cases (diagnosisId, age, gender, majorSx, minorSx, painId) VALUES (1, 17, 'M', 80, 81, 80);
INSERT INTO Positions (posId, epigastrial, right_lower_quadrant, periumbilical) VALUES (82, true, false, true);
INSERT INTO Positions (posId, right_lower_quadrant, right_groin) VALUES (83, true, true);
INSERT INTO Pain (pid, positionId, referred_pain_position, constant, four_hours, eight_hours, one_day, two_days, better_with_lying_still, worse_with_eating, worse_with_moving_around) VALUES (82, 82, 83, true, true, false, true, true, true, true, true);
INSERT INTO Symptoms (sxId, fever, nausea, loss_of_appetite) VALUES (82, true, true, true);
INSERT INTO Symptoms (sxId, vomiting, diarrhea, chills, malaise, abdominal_distension, dysuria) VALUES (83, true, true, true, true, true, true);
INSERT INTO Cases (diagnosisId, age, gender, majorSx, minorSx, painId) VALUES (1, 18, 'F', 82, 83, 82);
INSERT INTO Positions (posId, epigastrial, right_lower_quadrant, periumbilical) VALUES (84, true, true, true);
INSERT INTO Positions (posId, right_lower_quadrant, right_groin) VALUES (85, true, true);
INSERT INTO Pain (pid, positionId, referred_pain_position, constant, four_hours, eight_hours, one_day, two_days, better_with_lying_still, worse_with_eating, worse_with_moving_around) VALUES (84, 84, 85, false, false, true, true, true, true, true, true);
INSERT INTO Symptoms (sxId, fever, nausea, loss_of_appetite) VALUES (84, true, true, true);
INSERT INTO Symptoms (sxId, vomiting, diarrhea, chills, malaise, abdominal_distension, dysuria) VALUES (85, true, true, true, true, true, true);
INSERT INTO Cases (diagnosisId, age, gender, majorSx, minorSx, painId) VALUES (1, 20, 'F', 84, 85, 84);
INSERT INTO Positions (posId, epigastrial, right_lower_quadrant, periumbilical) VALUES (86, true, true, true);
INSERT INTO Positions (posId, right_lower_quadrant, right_groin) VALUES (87, true, true);
INSERT INTO Pain (pid, positionId, referred_pain_position, constant, four_hours, eight_hours, one_day, two_days, better_with_lying_still, worse_with_eating, worse_with_moving_around) VALUES (86, 86, 87, true, true, true, true, true, true, true, true);
INSERT INTO Symptoms (sxId, fever, nausea, loss_of_appetite) VALUES (86, false, true, true);
INSERT INTO Symptoms (sxId, vomiting, diarrhea, chills, malaise, abdominal_distension, dysuria) VALUES (87, true, true, true, true, true, true);
INSERT INTO Cases (diagnosisId, age, gender, majorSx, minorSx, painId) VALUES (1, 17, 'F', 86, 87, 86);
INSERT INTO Positions (posId, epigastrial, right_lower_quadrant, periumbilical) VALUES (88, true, true, true);
INSERT INTO Positions (posId, right_lower_quadrant, right_groin) VALUES (89, true, true);
INSERT INTO Pain (pid, positionId, referred_pain_position, constant, four_hours, eight_hours, one_day, two_days, better_with_lying_still, worse_with_eating, worse_with_moving_around) VALUES (88, 88, 89, true, false, true, true, true, true, true, true);
INSERT INTO Symptoms (sxId, fever, nausea, loss_of_appetite) VALUES (88, true, true, true);
INSERT INTO Symptoms (sxId, vomiting, diarrhea, chills, malaise, abdominal_distension, dysuria) VALUES (89, true, true, true, true, true, true);
INSERT INTO Cases (diagnosisId, age, gender, majorSx, minorSx, painId) VALUES (1, 16, 'F', 88, 89, 88);
INSERT INTO Positions (posId, epigastrial, right_lower_quadrant, periumbilical) VALUES (90, true, true, true);
INSERT INTO Positions (posId, right_lower_quadrant, right_groin) VALUES (91, true, true);
INSERT INTO Pain (pid, positionId, referred_pain_position, constant, four_hours, eight_hours, one_day, two_days, better_with_lying_still, worse_with_eating, worse_with_moving_around) VALUES (90, 90, 91, true, true, true, false, true, true, true, true);
INSERT INTO Symptoms (sxId, fever, nausea, loss_of_appetite) VALUES (90, true, true, true);
INSERT INTO Symptoms (sxId, vomiting, diarrhea, chills, malaise, abdominal_distension, dysuria) VALUES (91, true, true, false, true, true, true);
INSERT INTO Cases (diagnosisId, age, gender, majorSx, minorSx, painId) VALUES (1, 19, 'M', 90, 91, 90);
INSERT INTO Positions (posId, epigastrial, right_lower_quadrant, periumbilical) VALUES (92, true, true, true);
INSERT INTO Positions (posId, right_lower_quadrant, right_groin) VALUES (93, true, false);
INSERT INTO Pain (pid, positionId, referred_pain_position, constant, four_hours, eight_hours, one_day, two_days, better_with_lying_still, worse_with_eating, worse_with_moving_around) VALUES (92, 92, 93, true, false, true, true, true, true, true, true);
INSERT INTO Symptoms (sxId, fever, nausea, loss_of_appetite) VALUES (92, false, true, true);
INSERT INTO Symptoms (sxId, vomiting, diarrhea, chills, malaise, abdominal_distension, dysuria) VALUES (93, true, true, true, true, true, true);
INSERT INTO Cases (diagnosisId, age, gender, majorSx, minorSx, painId) VALUES (1, 16, 'F', 92, 93, 92);
INSERT INTO Positions (posId, epigastrial, right_lower_quadrant, periumbilical) VALUES (94, true, true, true);
INSERT INTO Positions (posId, right_lower_quadrant, right_groin) VALUES (95, true, true);
INSERT INTO Pain (pid, positionId, referred_pain_position, constant, four_hours, eight_hours, one_day, two_days, better_with_lying_still, worse_with_eating, worse_with_moving_around) VALUES (94, 94, 95, true, false, true, true, true, true, true, true);
INSERT INTO Symptoms (sxId, fever, nausea, loss_of_appetite) VALUES (94, true, true, false);
INSERT INTO Symptoms (sxId, vomiting, diarrhea, chills, malaise, abdominal_distension, dysuria) VALUES (95, true, true, true, true, true, true);
INSERT INTO Cases (diagnosisId, age, gender, majorSx, minorSx, painId) VALUES (1, 19, 'M', 94, 95, 94);
INSERT INTO Positions (posId, epigastrial, right_lower_quadrant, periumbilical) VALUES (96, true, true, true);
INSERT INTO Positions (posId, right_lower_quadrant, right_groin) VALUES (97, true, true);
INSERT INTO Pain (pid, positionId, referred_pain_position, constant, four_hours, eight_hours, one_day, two_days, better_with_lying_still, worse_with_eating, worse_with_moving_around) VALUES (96, 96, 97, true, true, true, true, true, false, true, true);
INSERT INTO Symptoms (sxId, fever, nausea, loss_of_appetite) VALUES (96, true, true, true);
INSERT INTO Symptoms (sxId, vomiting, diarrhea, chills, malaise, abdominal_distension, dysuria) VALUES (97, true, true, true, true, true, true);
INSERT INTO Cases (diagnosisId, age, gender, majorSx, minorSx, painId) VALUES (1, 19, 'M', 96, 97, 96);
INSERT INTO Positions (posId, epigastrial, right_lower_quadrant, periumbilical) VALUES (98, true, true, true);
INSERT INTO Positions (posId, right_lower_quadrant, right_groin) VALUES (99, true, true);
INSERT INTO Pain (pid, positionId, referred_pain_position, constant, four_hours, eight_hours, one_day, two_days, better_with_lying_still, worse_with_eating, worse_with_moving_around) VALUES (98, 98, 99, true, true, true, true, true, true, true, true);
INSERT INTO Symptoms (sxId, fever, nausea, loss_of_appetite) VALUES (98, true, true, true);
INSERT INTO Symptoms (sxId, vomiting, diarrhea, chills, malaise, abdominal_distension, dysuria) VALUES (99, true, true, true, false, true, true);
INSERT INTO Cases (diagnosisId, age, gender, majorSx, minorSx, painId) VALUES (1, 20, 'F', 98, 99, 98);
INSERT INTO Positions (posId, epigastrial, right_lower_quadrant, periumbilical) VALUES (100, true, true, true);
INSERT INTO Positions (posId, right_lower_quadrant, right_groin) VALUES (101, true, true);
INSERT INTO Pain (pid, positionId, referred_pain_position, constant, four_hours, eight_hours, one_day, two_days, better_with_lying_still, worse_with_eating, worse_with_moving_around) VALUES (100, 100, 101, true, true, true, true, true, true, true, true);
INSERT INTO Symptoms (sxId, fever, nausea, loss_of_appetite) VALUES (100, true, true, true);
INSERT INTO Symptoms (sxId, vomiting, diarrhea, chills, malaise, abdominal_distension, dysuria) VALUES (101, true, true, true, true, false, true);
INSERT INTO Cases (diagnosisId, age, gender, majorSx, minorSx, painId) VALUES (1, 24, 'M', 100, 101, 100);
INSERT INTO Positions (posId, epigastrial, right_lower_quadrant, periumbilical) VALUES (102, true, true, true);
INSERT INTO Positions (posId, right_lower_quadrant, right_groin) VALUES (103, true, true);
INSERT INTO Pain (pid, positionId, referred_pain_position, constant, four_hours, eight_hours, one_day, two_days, better_with_lying_still, worse_with_eating, worse_with_moving_around) VALUES (102, 102, 103, false, true, true, true, true, true, true, true);
INSERT INTO Symptoms (sxId, fever, nausea, loss_of_appetite) VALUES (102, true, true, true);
INSERT INTO Symptoms (sxId, vomiting, diarrhea, chills, malaise, abdominal_distension, dysuria) VALUES (103, true, true, true, true, true, true);
INSERT INTO Cases (diagnosisId, age, gender, majorSx, minorSx, painId) VALUES (1, 22, 'F', 102, 103, 102);
INSERT INTO Positions (posId, epigastrial, right_lower_quadrant, periumbilical) VALUES (104, true, true, true);
INSERT INTO Positions (posId, right_lower_quadrant, right_groin) VALUES (105, true, true);
INSERT INTO Pain (pid, positionId, referred_pain_position, constant, four_hours, eight_hours, one_day, two_days, better_with_lying_still, worse_with_eating, worse_with_moving_around) VALUES (104, 104, 105, true, true, true, true, true, true, true, true);
INSERT INTO Symptoms (sxId, fever, nausea, loss_of_appetite) VALUES (104, true, true, true);
INSERT INTO Symptoms (sxId, vomiting, diarrhea, chills, malaise, abdominal_distension, dysuria) VALUES (105, true, true, true, true, true, true);
INSERT INTO Cases (diagnosisId, age, gender, majorSx, minorSx, painId) VALUES (1, 23, 'M', 104, 105, 104);
INSERT INTO Positions (posId, epigastrial, right_lower_quadrant, periumbilical) VALUES (106, true, true, true);
INSERT INTO Positions (posId, right_lower_quadrant, right_groin) VALUES (107, true, true);
INSERT INTO Pain (pid, positionId, referred_pain_position, constant, four_hours, eight_hours, one_day, two_days, better_with_lying_still, worse_with_eating, worse_with_moving_around) VALUES (106, 106, 107, true, true, true, true, true, true, true, true);
INSERT INTO Symptoms (sxId, fever, nausea, loss_of_appetite) VALUES (106, true, true, true);
INSERT INTO Symptoms (sxId, vomiting, diarrhea, chills, malaise, abdominal_distension, dysuria) VALUES (107, true, true, true, true, true, false);
INSERT INTO Cases (diagnosisId, age, gender, majorSx, minorSx, painId) VALUES (1, 23, 'F', 106, 107, 106);
INSERT INTO Positions (posId, epigastrial, right_lower_quadrant, periumbilical) VALUES (108, true, false, true);
INSERT INTO Positions (posId, right_lower_quadrant, right_groin) VALUES (109, true, true);
INSERT INTO Pain (pid, positionId, referred_pain_position, constant, four_hours, eight_hours, one_day, two_days, better_with_lying_still, worse_with_eating, worse_with_moving_around) VALUES (108, 108, 109, true, false, true, true, true, true, true, true);
INSERT INTO Symptoms (sxId, fever, nausea, loss_of_appetite) VALUES (108, true, true, true);
INSERT INTO Symptoms (sxId, vomiting, diarrhea, chills, malaise, abdominal_distension, dysuria) VALUES (109, true, true, true, true, true, true);
INSERT INTO Cases (diagnosisId, age, gender, majorSx, minorSx, painId) VALUES (1, 24, 'F', 108, 109, 108);
INSERT INTO Positions (posId, epigastrial, right_lower_quadrant, periumbilical) VALUES (110, true, true, true);
INSERT INTO Positions (posId, right_lower_quadrant, right_groin) VALUES (111, true, true);
INSERT INTO Pain (pid, positionId, referred_pain_position, constant, four_hours, eight_hours, one_day, two_days, better_with_lying_still, worse_with_eating, worse_with_moving_around) VALUES (110, 110, 111, true, true, true, true, true, true, true, true);
INSERT INTO Symptoms (sxId, fever, nausea, loss_of_appetite) VALUES (110, true, true, true);
INSERT INTO Symptoms (sxId, vomiting, diarrhea, chills, malaise, abdominal_distension, dysuria) VALUES (111, true, true, false, false, true, true);
INSERT INTO Cases (diagnosisId, age, gender, majorSx, minorSx, painId) VALUES (1, 23, 'M', 110, 111, 110);
INSERT INTO Positions (posId, epigastrial, right_lower_quadrant, periumbilical) VALUES (112, true, true, true);
INSERT INTO Positions (posId, right_lower_quadrant, right_groin) VALUES (113, true, true);
INSERT INTO Pain (pid, positionId, referred_pain_position, constant, four_hours, eight_hours, one_day, two_days, better_with_lying_still, worse_with_eating, worse_with_moving_around) VALUES (112, 112, 113, true, true, true, true, true, true, true, true);
INSERT INTO Symptoms (sxId, fever, nausea, loss_of_appetite) VALUES (112, true, true, false);
INSERT INTO Symptoms (sxId, vomiting, diarrhea, chills, malaise, abdominal_distension, dysuria) VALUES (113, true, true, true, true, true, true);
INSERT INTO Cases (diagnosisId, age, gender, majorSx, minorSx, painId) VALUES (1, 23, 'M', 112, 113, 112);
INSERT INTO Positions (posId, epigastrial, right_lower_quadrant, periumbilical) VALUES (114, true, true, true);
INSERT INTO Positions (posId, right_lower_quadrant, right_groin) VALUES (115, true, false);
INSERT INTO Pain (pid, positionId, referred_pain_position, constant, four_hours, eight_hours, one_day, two_days, better_with_lying_still, worse_with_eating, worse_with_moving_around) VALUES (114, 114, 115, true, true, true, true, true, true, true, true);
INSERT INTO Symptoms (sxId, fever, nausea, loss_of_appetite) VALUES (114, true, true, true);
INSERT INTO Symptoms (sxId, vomiting, diarrhea, chills, malaise, abdominal_distension, dysuria) VALUES (115, true, true, true, true, true, true);
INSERT INTO Cases (diagnosisId, age, gender, majorSx, minorSx, painId) VALUES (1, 22, 'F', 114, 115, 114);
INSERT INTO Positions (posId, epigastrial, right_lower_quadrant, periumbilical) VALUES (116, true, true, true);
INSERT INTO Positions (posId, right_lower_quadrant, right_groin) VALUES (117, true, true);
INSERT INTO Pain (pid, positionId, referred_pain_position, constant, four_hours, eight_hours, one_day, two_days, better_with_lying_still, worse_with_eating, worse_with_moving_around) VALUES (116, 116, 117, true, false, true, true, true, true, true, true);
INSERT INTO Symptoms (sxId, fever, nausea, loss_of_appetite) VALUES (116, true, false, true);
INSERT INTO Symptoms (sxId, vomiting, diarrhea, chills, malaise, abdominal_distension, dysuria) VALUES (117, true, true, true, true, true, false);
INSERT INTO Cases (diagnosisId, age, gender, majorSx, minorSx, painId) VALUES (1, 22, 'M', 116, 117, 116);
INSERT INTO Positions (posId, epigastrial, right_lower_quadrant, periumbilical) VALUES (118, true, true, true);
INSERT INTO Positions (posId, right_lower_quadrant, right_groin) VALUES (119, false, true);
INSERT INTO Pain (pid, positionId, referred_pain_position, constant, four_hours, eight_hours, one_day, two_days, better_with_lying_still, worse_with_eating, worse_with_moving_around) VALUES (118, 118, 119, true, true, true, true, true, true, true, true);
INSERT INTO Symptoms (sxId, fever, nausea, loss_of_appetite) VALUES (118, false, true, true);
INSERT INTO Symptoms (sxId, vomiting, diarrhea, chills, malaise, abdominal_distension, dysuria) VALUES (119, true, true, false, true, true, false);
INSERT INTO Cases (diagnosisId, age, gender, majorSx, minorSx, painId) VALUES (1, 21, 'F', 118, 119, 118);
INSERT INTO Positions (posId, epigastrial, right_lower_quadrant, periumbilical) VALUES (120, true, true, true);
INSERT INTO Positions (posId, right_lower_quadrant, right_groin) VALUES (121, true, true);
INSERT INTO Pain (pid, positionId, referred_pain_position, constant, four_hours, eight_hours, one_day, two_days, better_with_lying_still, worse_with_eating, worse_with_moving_around) VALUES (120, 120, 121, true, true, true, true, true, true, true, true);
INSERT INTO Symptoms (sxId, fever, nausea, loss_of_appetite) VALUES (120, false, true, true);
INSERT INTO Symptoms (sxId, vomiting, diarrhea, chills, malaise, abdominal_distension, dysuria) VALUES (121, true, true, true, true, true, true);
INSERT INTO Cases (diagnosisId, age, gender, majorSx, minorSx, painId) VALUES (1, 21, 'M', 120, 121, 120);
INSERT INTO Positions (posId, epigastrial, right_lower_quadrant, periumbilical) VALUES (122, true, true, true);
INSERT INTO Positions (posId, right_lower_quadrant, right_groin) VALUES (123, true, true);
INSERT INTO Pain (pid, positionId, referred_pain_position, constant, four_hours, eight_hours, one_day, two_days, better_with_lying_still, worse_with_eating, worse_with_moving_around) VALUES (122, 122, 123, true, true, true, true, true, true, true, true);
INSERT INTO Symptoms (sxId, fever, nausea, loss_of_appetite) VALUES (122, true, true, true);
INSERT INTO Symptoms (sxId, vomiting, diarrhea, chills, malaise, abdominal_distension, dysuria) VALUES (123, true, true, true, true, true, true);
INSERT INTO Cases (diagnosisId, age, gender, majorSx, minorSx, painId) VALUES (1, 22, 'M', 122, 123, 122);
INSERT INTO Positions (posId, epigastrial, right_lower_quadrant, periumbilical) VALUES (124, true, true, true);
INSERT INTO Positions (posId, right_lower_quadrant, right_groin) VALUES (125, false, true);
INSERT INTO Pain (pid, positionId, referred_pain_position, constant, four_hours, eight_hours, one_day, two_days, better_with_lying_still, worse_with_eating, worse_with_moving_around) VALUES (124, 124, 125, true, true, true, true, true, true, true, true);
INSERT INTO Symptoms (sxId, fever, nausea, loss_of_appetite) VALUES (124, true, true, true);
INSERT INTO Symptoms (sxId, vomiting, diarrhea, chills, malaise, abdominal_distension, dysuria) VALUES (125, true, true, true, true, false, true);
INSERT INTO Cases (diagnosisId, age, gender, majorSx, minorSx, painId) VALUES (1, 24, 'M', 124, 125, 124);
INSERT INTO Positions (posId, epigastrial, right_lower_quadrant, periumbilical) VALUES (126, true, true, true);
INSERT INTO Positions (posId, right_lower_quadrant, right_groin) VALUES (127, true, true);
INSERT INTO Pain (pid, positionId, referred_pain_position, constant, four_hours, eight_hours, one_day, two_days, better_with_lying_still, worse_with_eating, worse_with_moving_around) VALUES (126, 126, 127, true, true, true, true, false, true, true, true);
INSERT INTO Symptoms (sxId, fever, nausea, loss_of_appetite) VALUES (126, true, true, true);
INSERT INTO Symptoms (sxId, vomiting, diarrhea, chills, malaise, abdominal_distension, dysuria) VALUES (127, true, true, false, true, true, true);
INSERT INTO Cases (diagnosisId, age, gender, majorSx, minorSx, painId) VALUES (1, 22, 'F', 126, 127, 126);
INSERT INTO Positions (posId, epigastrial, right_lower_quadrant, periumbilical) VALUES (128, true, true, true);
INSERT INTO Positions (posId, right_lower_quadrant, right_groin) VALUES (129, true, true);
INSERT INTO Pain (pid, positionId, referred_pain_position, constant, four_hours, eight_hours, one_day, two_days, better_with_lying_still, worse_with_eating, worse_with_moving_around) VALUES (128, 128, 129, true, true, true, true, true, true, true, true);
INSERT INTO Symptoms (sxId, fever, nausea, loss_of_appetite) VALUES (128, true, true, true);
INSERT INTO Symptoms (sxId, vomiting, diarrhea, chills, malaise, abdominal_distension, dysuria) VALUES (129, true, true, true, true, true, true);
INSERT INTO Cases (diagnosisId, age, gender, majorSx, minorSx, painId) VALUES (1, 22, 'M', 128, 129, 128);
INSERT INTO Positions (posId, epigastrial, right_lower_quadrant, periumbilical) VALUES (130, true, true, true);
INSERT INTO Positions (posId, right_lower_quadrant, right_groin) VALUES (131, true, true);
INSERT INTO Pain (pid, positionId, referred_pain_position, constant, four_hours, eight_hours, one_day, two_days, better_with_lying_still, worse_with_eating, worse_with_moving_around) VALUES (130, 130, 131, true, true, true, true, true, true, true, true);
INSERT INTO Symptoms (sxId, fever, nausea, loss_of_appetite) VALUES (130, true, true, true);
INSERT INTO Symptoms (sxId, vomiting, diarrhea, chills, malaise, abdominal_distension, dysuria) VALUES (131, true, true, true, true, true, true);
INSERT INTO Cases (diagnosisId, age, gender, majorSx, minorSx, painId) VALUES (1, 26, 'M', 130, 131, 130);
INSERT INTO Positions (posId, epigastrial, right_lower_quadrant, periumbilical) VALUES (132, true, true, true);
INSERT INTO Positions (posId, right_lower_quadrant, right_groin) VALUES (133, true, false);
INSERT INTO Pain (pid, positionId, referred_pain_position, constant, four_hours, eight_hours, one_day, two_days, better_with_lying_still, worse_with_eating, worse_with_moving_around) VALUES (132, 132, 133, true, true, true, true, true, true, true, true);
INSERT INTO Symptoms (sxId, fever, nausea, loss_of_appetite) VALUES (132, true, true, true);
INSERT INTO Symptoms (sxId, vomiting, diarrhea, chills, malaise, abdominal_distension, dysuria) VALUES (133, true, true, true, true, true, true);
INSERT INTO Cases (diagnosisId, age, gender, majorSx, minorSx, painId) VALUES (1, 30, 'M', 132, 133, 132);
INSERT INTO Positions (posId, epigastrial, right_lower_quadrant, periumbilical) VALUES (134, true, true, true);
INSERT INTO Positions (posId, right_lower_quadrant, right_groin) VALUES (135, false, false);
INSERT INTO Pain (pid, positionId, referred_pain_position, constant, four_hours, eight_hours, one_day, two_days, better_with_lying_still, worse_with_eating, worse_with_moving_around) VALUES (134, 134, 135, true, true, true, true, false, true, true, true);
INSERT INTO Symptoms (sxId, fever, nausea, loss_of_appetite) VALUES (134, true, true, true);
INSERT INTO Symptoms (sxId, vomiting, diarrhea, chills, malaise, abdominal_distension, dysuria) VALUES (135, true, true, true, true, true, true);
INSERT INTO Cases (diagnosisId, age, gender, majorSx, minorSx, painId) VALUES (1, 29, 'F', 134, 135, 134);
INSERT INTO Positions (posId, epigastrial, right_lower_quadrant, periumbilical) VALUES (136, false, true, true);
INSERT INTO Positions (posId, right_lower_quadrant, right_groin) VALUES (137, true, true);
INSERT INTO Pain (pid, positionId, referred_pain_position, constant, four_hours, eight_hours, one_day, two_days, better_with_lying_still, worse_with_eating, worse_with_moving_around) VALUES (136, 136, 137, true, true, true, true, true, true, true, true);
INSERT INTO Symptoms (sxId, fever, nausea, loss_of_appetite) VALUES (136, true, true, true);
INSERT INTO Symptoms (sxId, vomiting, diarrhea, chills, malaise, abdominal_distension, dysuria) VALUES (137, true, true, true, true, true, true);
INSERT INTO Cases (diagnosisId, age, gender, majorSx, minorSx, painId) VALUES (1, 26, 'M', 136, 137, 136);
INSERT INTO Positions (posId, epigastrial, right_lower_quadrant, periumbilical) VALUES (138, true, true, true);
INSERT INTO Positions (posId, right_lower_quadrant, right_groin) VALUES (139, true, true);
INSERT INTO Pain (pid, positionId, referred_pain_position, constant, four_hours, eight_hours, one_day, two_days, better_with_lying_still, worse_with_eating, worse_with_moving_around) VALUES (138, 138, 139, true, true, true, true, true, true, true, true);
INSERT INTO Symptoms (sxId, fever, nausea, loss_of_appetite) VALUES (138, true, true, true);
INSERT INTO Symptoms (sxId, vomiting, diarrhea, chills, malaise, abdominal_distension, dysuria) VALUES (139, true, true, true, true, true, true);
INSERT INTO Cases (diagnosisId, age, gender, majorSx, minorSx, painId) VALUES (1, 26, 'F', 138, 139, 138);
INSERT INTO Positions (posId, epigastrial, right_lower_quadrant, periumbilical) VALUES (140, true, true, true);
INSERT INTO Positions (posId, right_lower_quadrant, right_groin) VALUES (141, true, true);
INSERT INTO Pain (pid, positionId, referred_pain_position, constant, four_hours, eight_hours, one_day, two_days, better_with_lying_still, worse_with_eating, worse_with_moving_around) VALUES (140, 140, 141, true, true, true, true, true, true, true, true);
INSERT INTO Symptoms (sxId, fever, nausea, loss_of_appetite) VALUES (140, true, true, true);
INSERT INTO Symptoms (sxId, vomiting, diarrhea, chills, malaise, abdominal_distension, dysuria) VALUES (141, true, false, true, true, true, true);
INSERT INTO Cases (diagnosisId, age, gender, majorSx, minorSx, painId) VALUES (1, 26, 'F', 140, 141, 140);
INSERT INTO Positions (posId, epigastrial, right_lower_quadrant, periumbilical) VALUES (142, true, true, true);
INSERT INTO Positions (posId, right_lower_quadrant, right_groin) VALUES (143, true, true);
INSERT INTO Pain (pid, positionId, referred_pain_position, constant, four_hours, eight_hours, one_day, two_days, better_with_lying_still, worse_with_eating, worse_with_moving_around) VALUES (142, 142, 143, true, true, true, true, true, true, true, true);
INSERT INTO Symptoms (sxId, fever, nausea, loss_of_appetite) VALUES (142, true, true, true);
INSERT INTO Symptoms (sxId, vomiting, diarrhea, chills, malaise, abdominal_distension, dysuria) VALUES (143, true, true, true, true, true, true);
INSERT INTO Cases (diagnosisId, age, gender, majorSx, minorSx, painId) VALUES (1, 27, 'F', 142, 143, 142);
INSERT INTO Positions (posId, epigastrial, right_lower_quadrant, periumbilical) VALUES (144, true, true, true);
INSERT INTO Positions (posId, right_lower_quadrant, right_groin) VALUES (145, true, true);
INSERT INTO Pain (pid, positionId, referred_pain_position, constant, four_hours, eight_hours, one_day, two_days, better_with_lying_still, worse_with_eating, worse_with_moving_around) VALUES (144, 144, 145, true, true, true, true, true, true, true, true);
INSERT INTO Symptoms (sxId, fever, nausea, loss_of_appetite) VALUES (144, true, true, true);
INSERT INTO Symptoms (sxId, vomiting, diarrhea, chills, malaise, abdominal_distension, dysuria) VALUES (145, true, true, true, true, true, true);
INSERT INTO Cases (diagnosisId, age, gender, majorSx, minorSx, painId) VALUES (1, 28, 'F', 144, 145, 144);
INSERT INTO Positions (posId, epigastrial, right_lower_quadrant, periumbilical) VALUES (146, true, true, true);
INSERT INTO Positions (posId, right_lower_quadrant, right_groin) VALUES (147, true, true);
INSERT INTO Pain (pid, positionId, referred_pain_position, constant, four_hours, eight_hours, one_day, two_days, better_with_lying_still, worse_with_eating, worse_with_moving_around) VALUES (146, 146, 147, true, true, true, true, true, true, true, true);
INSERT INTO Symptoms (sxId, fever, nausea, loss_of_appetite) VALUES (146, true, true, true);
INSERT INTO Symptoms (sxId, vomiting, diarrhea, chills, malaise, abdominal_distension, dysuria) VALUES (147, true, true, true, true, true, true);
INSERT INTO Cases (diagnosisId, age, gender, majorSx, minorSx, painId) VALUES (1, 27, 'M', 146, 147, 146);
INSERT INTO Positions (posId, epigastrial, right_lower_quadrant, periumbilical) VALUES (148, true, true, true);
INSERT INTO Positions (posId, right_lower_quadrant, right_groin) VALUES (149, true, true);
INSERT INTO Pain (pid, positionId, referred_pain_position, constant, four_hours, eight_hours, one_day, two_days, better_with_lying_still, worse_with_eating, worse_with_moving_around) VALUES (148, 148, 149, true, true, true, true, true, true, true, true);
INSERT INTO Symptoms (sxId, fever, nausea, loss_of_appetite) VALUES (148, true, true, true);
INSERT INTO Symptoms (sxId, vomiting, diarrhea, chills, malaise, abdominal_distension, dysuria) VALUES (149, true, false, true, true, true, true);
INSERT INTO Cases (diagnosisId, age, gender, majorSx, minorSx, painId) VALUES (1, 26, 'M', 148, 149, 148);
INSERT INTO Positions (posId, epigastrial, right_lower_quadrant, periumbilical) VALUES (150, true, false, true);
INSERT INTO Positions (posId, right_lower_quadrant, right_groin) VALUES (151, true, true);
INSERT INTO Pain (pid, positionId, referred_pain_position, constant, four_hours, eight_hours, one_day, two_days, better_with_lying_still, worse_with_eating, worse_with_moving_around) VALUES (150, 150, 151, true, false, true, true, true, true, true, false);
INSERT INTO Symptoms (sxId, fever, nausea, loss_of_appetite) VALUES (150, true, true, true);
INSERT INTO Symptoms (sxId, vomiting, diarrhea, chills, malaise, abdominal_distension, dysuria) VALUES (151, true, true, true, true, true, true);
INSERT INTO Cases (diagnosisId, age, gender, majorSx, minorSx, painId) VALUES (1, 32, 'M', 150, 151, 150);
INSERT INTO Positions (posId, epigastrial, right_lower_quadrant, periumbilical) VALUES (152, true, true, true);
INSERT INTO Positions (posId, right_lower_quadrant, right_groin) VALUES (153, true, true);
INSERT INTO Pain (pid, positionId, referred_pain_position, constant, four_hours, eight_hours, one_day, two_days, better_with_lying_still, worse_with_eating, worse_with_moving_around) VALUES (152, 152, 153, true, true, true, true, true, true, true, true);
INSERT INTO Symptoms (sxId, fever, nausea, loss_of_appetite) VALUES (152, true, true, true);
INSERT INTO Symptoms (sxId, vomiting, diarrhea, chills, malaise, abdominal_distension, dysuria) VALUES (153, true, true, false, true, true, true);
INSERT INTO Cases (diagnosisId, age, gender, majorSx, minorSx, painId) VALUES (1, 33, 'M', 152, 153, 152);
INSERT INTO Positions (posId, epigastrial, right_lower_quadrant, periumbilical) VALUES (154, true, true, true);
INSERT INTO Positions (posId, right_lower_quadrant, right_groin) VALUES (155, false, true);
INSERT INTO Pain (pid, positionId, referred_pain_position, constant, four_hours, eight_hours, one_day, two_days, better_with_lying_still, worse_with_eating, worse_with_moving_around) VALUES (154, 154, 155, true, true, false, false, true, true, true, true);
INSERT INTO Symptoms (sxId, fever, nausea, loss_of_appetite) VALUES (154, true, true, false);
INSERT INTO Symptoms (sxId, vomiting, diarrhea, chills, malaise, abdominal_distension, dysuria) VALUES (155, true, true, true, true, true, true);
INSERT INTO Cases (diagnosisId, age, gender, majorSx, minorSx, painId) VALUES (1, 32, 'F', 154, 155, 154);
INSERT INTO Positions (posId, epigastrial, right_lower_quadrant, periumbilical) VALUES (156, true, true, true);
INSERT INTO Positions (posId, right_lower_quadrant, right_groin) VALUES (157, true, true);
INSERT INTO Pain (pid, positionId, referred_pain_position, constant, four_hours, eight_hours, one_day, two_days, better_with_lying_still, worse_with_eating, worse_with_moving_around) VALUES (156, 156, 157, true, true, true, true, true, true, true, true);
INSERT INTO Symptoms (sxId, fever, nausea, loss_of_appetite) VALUES (156, true, true, true);
INSERT INTO Symptoms (sxId, vomiting, diarrhea, chills, malaise, abdominal_distension, dysuria) VALUES (157, true, true, true, true, true, false);
INSERT INTO Cases (diagnosisId, age, gender, majorSx, minorSx, painId) VALUES (1, 35, 'M', 156, 157, 156);
INSERT INTO Positions (posId, epigastrial, right_lower_quadrant, periumbilical) VALUES (158, true, true, true);
INSERT INTO Positions (posId, right_lower_quadrant, right_groin) VALUES (159, true, true);
INSERT INTO Pain (pid, positionId, referred_pain_position, constant, four_hours, eight_hours, one_day, two_days, better_with_lying_still, worse_with_eating, worse_with_moving_around) VALUES (158, 158, 159, true, true, true, true, true, true, false, true);
INSERT INTO Symptoms (sxId, fever, nausea, loss_of_appetite) VALUES (158, true, true, true);
INSERT INTO Symptoms (sxId, vomiting, diarrhea, chills, malaise, abdominal_distension, dysuria) VALUES (159, true, true, true, true, true, true);
INSERT INTO Cases (diagnosisId, age, gender, majorSx, minorSx, painId) VALUES (1, 32, 'M', 158, 159, 158);
INSERT INTO Positions (posId, epigastrial, right_lower_quadrant, periumbilical) VALUES (160, true, true, true);
INSERT INTO Positions (posId, right_lower_quadrant, right_groin) VALUES (161, true, true);
INSERT INTO Pain (pid, positionId, referred_pain_position, constant, four_hours, eight_hours, one_day, two_days, better_with_lying_still, worse_with_eating, worse_with_moving_around) VALUES (160, 160, 161, true, true, true, true, true, false, true, true);
INSERT INTO Symptoms (sxId, fever, nausea, loss_of_appetite) VALUES (160, true, true, true);
INSERT INTO Symptoms (sxId, vomiting, diarrhea, chills, malaise, abdominal_distension, dysuria) VALUES (161, true, true, true, true, true, true);
INSERT INTO Cases (diagnosisId, age, gender, majorSx, minorSx, painId) VALUES (1, 35, 'F', 160, 161, 160);
INSERT INTO Positions (posId, epigastrial, right_lower_quadrant, periumbilical) VALUES (162, true, true, true);
INSERT INTO Positions (posId, right_lower_quadrant, right_groin) VALUES (163, false, true);
INSERT INTO Pain (pid, positionId, referred_pain_position, constant, four_hours, eight_hours, one_day, two_days, better_with_lying_still, worse_with_eating, worse_with_moving_around) VALUES (162, 162, 163, true, true, true, true, true, true, true, true);
INSERT INTO Symptoms (sxId, fever, nausea, loss_of_appetite) VALUES (162, true, true, true);
INSERT INTO Symptoms (sxId, vomiting, diarrhea, chills, malaise, abdominal_distension, dysuria) VALUES (163, true, true, true, true, true, false);
INSERT INTO Cases (diagnosisId, age, gender, majorSx, minorSx, painId) VALUES (1, 34, 'F', 162, 163, 162);
INSERT INTO Positions (posId, epigastrial, right_lower_quadrant, periumbilical) VALUES (164, true, true, false);
INSERT INTO Positions (posId, right_lower_quadrant, right_groin) VALUES (165, true, true);
INSERT INTO Pain (pid, positionId, referred_pain_position, constant, four_hours, eight_hours, one_day, two_days, better_with_lying_still, worse_with_eating, worse_with_moving_around) VALUES (164, 164, 165, true, true, true, true, true, true, true, true);
INSERT INTO Symptoms (sxId, fever, nausea, loss_of_appetite) VALUES (164, true, true, true);
INSERT INTO Symptoms (sxId, vomiting, diarrhea, chills, malaise, abdominal_distension, dysuria) VALUES (165, true, true, true, true, true, true);
INSERT INTO Cases (diagnosisId, age, gender, majorSx, minorSx, painId) VALUES (1, 40, 'M', 164, 165, 164);
INSERT INTO Positions (posId, epigastrial, right_lower_quadrant, periumbilical) VALUES (166, true, true, true);
INSERT INTO Positions (posId, right_lower_quadrant, right_groin) VALUES (167, true, true);
INSERT INTO Pain (pid, positionId, referred_pain_position, constant, four_hours, eight_hours, one_day, two_days, better_with_lying_still, worse_with_eating, worse_with_moving_around) VALUES (166, 166, 167, true, true, true, false, true, true, true, true);
INSERT INTO Symptoms (sxId, fever, nausea, loss_of_appetite) VALUES (166, true, true, true);
INSERT INTO Symptoms (sxId, vomiting, diarrhea, chills, malaise, abdominal_distension, dysuria) VALUES (167, true, true, false, true, true, false);
INSERT INTO Cases (diagnosisId, age, gender, majorSx, minorSx, painId) VALUES (1, 37, 'F', 166, 167, 166);
INSERT INTO Positions (posId, epigastrial, right_lower_quadrant, periumbilical) VALUES (168, true, true, true);
INSERT INTO Positions (posId, right_lower_quadrant, right_groin) VALUES (169, true, true);
INSERT INTO Pain (pid, positionId, referred_pain_position, constant, four_hours, eight_hours, one_day, two_days, better_with_lying_still, worse_with_eating, worse_with_moving_around) VALUES (168, 168, 169, true, false, true, true, true, true, true, true);
INSERT INTO Symptoms (sxId, fever, nausea, loss_of_appetite) VALUES (168, true, true, true);
INSERT INTO Symptoms (sxId, vomiting, diarrhea, chills, malaise, abdominal_distension, dysuria) VALUES (169, true, true, true, true, true, true);
INSERT INTO Cases (diagnosisId, age, gender, majorSx, minorSx, painId) VALUES (1, 39, 'M', 168, 169, 168);
INSERT INTO Positions (posId, epigastrial, right_lower_quadrant, periumbilical) VALUES (170, true, true, true);
INSERT INTO Positions (posId, right_lower_quadrant, right_groin) VALUES (171, false, true);
INSERT INTO Pain (pid, positionId, referred_pain_position, constant, four_hours, eight_hours, one_day, two_days, better_with_lying_still, worse_with_eating, worse_with_moving_around) VALUES (170, 170, 171, true, true, true, true, true, true, true, true);
INSERT INTO Symptoms (sxId, fever, nausea, loss_of_appetite) VALUES (170, true, true, true);
INSERT INTO Symptoms (sxId, vomiting, diarrhea, chills, malaise, abdominal_distension, dysuria) VALUES (171, true, true, true, true, true, true);
INSERT INTO Cases (diagnosisId, age, gender, majorSx, minorSx, painId) VALUES (1, 36, 'F', 170, 171, 170);
INSERT INTO Positions (posId, epigastrial, right_lower_quadrant, periumbilical) VALUES (172, true, true, true);
INSERT INTO Positions (posId, right_lower_quadrant, right_groin) VALUES (173, true, false);
INSERT INTO Pain (pid, positionId, referred_pain_position, constant, four_hours, eight_hours, one_day, two_days, better_with_lying_still, worse_with_eating, worse_with_moving_around) VALUES (172, 172, 173, true, true, true, true, true, true, true, true);
INSERT INTO Symptoms (sxId, fever, nausea, loss_of_appetite) VALUES (172, true, true, false);
INSERT INTO Symptoms (sxId, vomiting, diarrhea, chills, malaise, abdominal_distension, dysuria) VALUES (173, true, true, true, true, true, true);
INSERT INTO Cases (diagnosisId, age, gender, majorSx, minorSx, painId) VALUES (1, 38, 'F', 172, 173, 172);
INSERT INTO Positions (posId, epigastrial, right_lower_quadrant, periumbilical) VALUES (174, true, true, true);
INSERT INTO Positions (posId, right_lower_quadrant, right_groin) VALUES (175, true, true);
INSERT INTO Pain (pid, positionId, referred_pain_position, constant, four_hours, eight_hours, one_day, two_days, better_with_lying_still, worse_with_eating, worse_with_moving_around) VALUES (174, 174, 175, true, true, true, true, false, true, true, true);
INSERT INTO Symptoms (sxId, fever, nausea, loss_of_appetite) VALUES (174, true, true, true);
INSERT INTO Symptoms (sxId, vomiting, diarrhea, chills, malaise, abdominal_distension, dysuria) VALUES (175, true, true, true, false, true, true);
INSERT INTO Cases (diagnosisId, age, gender, majorSx, minorSx, painId) VALUES (1, 42, 'F', 174, 175, 174);
INSERT INTO Positions (posId, epigastrial, right_lower_quadrant, periumbilical) VALUES (176, true, true, true);
INSERT INTO Positions (posId, right_lower_quadrant, right_groin) VALUES (177, true, true);
INSERT INTO Pain (pid, positionId, referred_pain_position, constant, four_hours, eight_hours, one_day, two_days, better_with_lying_still, worse_with_eating, worse_with_moving_around) VALUES (176, 176, 177, true, true, true, true, true, true, true, true);
INSERT INTO Symptoms (sxId, fever, nausea, loss_of_appetite) VALUES (176, true, true, true);
INSERT INTO Symptoms (sxId, vomiting, diarrhea, chills, malaise, abdominal_distension, dysuria) VALUES (177, true, true, true, true, true, true);
INSERT INTO Cases (diagnosisId, age, gender, majorSx, minorSx, painId) VALUES (1, 41, 'F', 176, 177, 176);
INSERT INTO Positions (posId, epigastrial, right_lower_quadrant, periumbilical) VALUES (178, true, true, true);
INSERT INTO Positions (posId, right_lower_quadrant, right_groin) VALUES (179, true, true);
INSERT INTO Pain (pid, positionId, referred_pain_position, constant, four_hours, eight_hours, one_day, two_days, better_with_lying_still, worse_with_eating, worse_with_moving_around) VALUES (178, 178, 179, true, true, true, true, true, true, true, true);
INSERT INTO Symptoms (sxId, fever, nausea, loss_of_appetite) VALUES (178, true, true, true);
INSERT INTO Symptoms (sxId, vomiting, diarrhea, chills, malaise, abdominal_distension, dysuria) VALUES (179, true, false, true, true, true, true);
INSERT INTO Cases (diagnosisId, age, gender, majorSx, minorSx, painId) VALUES (1, 42, 'F', 178, 179, 178);
INSERT INTO Positions (posId, epigastrial, right_lower_quadrant, periumbilical) VALUES (180, false, false, false);
INSERT INTO Positions (posId, right_lower_quadrant, right_groin) VALUES (181, true, true);
INSERT INTO Pain (pid, positionId, referred_pain_position, constant, four_hours, eight_hours, one_day, two_days, better_with_lying_still, worse_with_eating, worse_with_moving_around) VALUES (180, 180, 181, true, true, true, true, true, true, true, true);
INSERT INTO Symptoms (sxId, fever, nausea, loss_of_appetite) VALUES (180, true, true, true);
INSERT INTO Symptoms (sxId, vomiting, diarrhea, chills, malaise, abdominal_distension, dysuria) VALUES (181, true, true, true, true, true, true);
INSERT INTO Cases (diagnosisId, age, gender, majorSx, minorSx, painId) VALUES (1, 42, 'M', 180, 181, 180);
INSERT INTO Positions (posId, epigastrial, right_lower_quadrant, periumbilical) VALUES (182, false, true, true);
INSERT INTO Positions (posId, right_lower_quadrant, right_groin) VALUES (183, false, false);
INSERT INTO Pain (pid, positionId, referred_pain_position, constant, four_hours, eight_hours, one_day, two_days, better_with_lying_still, worse_with_eating, worse_with_moving_around) VALUES (182, 182, 183, true, true, true, true, true, true, true, true);
INSERT INTO Symptoms (sxId, fever, nausea, loss_of_appetite) VALUES (182, true, true, true);
INSERT INTO Symptoms (sxId, vomiting, diarrhea, chills, malaise, abdominal_distension, dysuria) VALUES (183, true, true, true, false, true, true);
INSERT INTO Cases (diagnosisId, age, gender, majorSx, minorSx, painId) VALUES (1, 42, 'M', 182, 183, 182);
INSERT INTO Positions (posId, epigastrial, right_lower_quadrant, periumbilical) VALUES (184, false, false, true);
INSERT INTO Positions (posId, right_lower_quadrant, right_groin) VALUES (185, true, true);
INSERT INTO Pain (pid, positionId, referred_pain_position, constant, four_hours, eight_hours, one_day, two_days, better_with_lying_still, worse_with_eating, worse_with_moving_around) VALUES (184, 184, 185, true, true, true, true, true, true, true, true);
INSERT INTO Symptoms (sxId, fever, nausea, loss_of_appetite) VALUES (184, true, true, true);
INSERT INTO Symptoms (sxId, vomiting, diarrhea, chills, malaise, abdominal_distension, dysuria) VALUES (185, true, true, true, true, true, true);
INSERT INTO Cases (diagnosisId, age, gender, majorSx, minorSx, painId) VALUES (1, 49, 'M', 184, 185, 184);
INSERT INTO Positions (posId, epigastrial, right_lower_quadrant, periumbilical) VALUES (186, true, true, true);
INSERT INTO Positions (posId, right_lower_quadrant, right_groin) VALUES (187, true, true);
INSERT INTO Pain (pid, positionId, referred_pain_position, constant, four_hours, eight_hours, one_day, two_days, better_with_lying_still, worse_with_eating, worse_with_moving_around) VALUES (186, 186, 187, true, true, true, true, true, true, false, true);
INSERT INTO Symptoms (sxId, fever, nausea, loss_of_appetite) VALUES (186, true, true, true);
INSERT INTO Symptoms (sxId, vomiting, diarrhea, chills, malaise, abdominal_distension, dysuria) VALUES (187, true, false, true, true, true, true);
INSERT INTO Cases (diagnosisId, age, gender, majorSx, minorSx, painId) VALUES (1, 50, 'M', 186, 187, 186);
INSERT INTO Positions (posId, epigastrial, right_lower_quadrant, periumbilical) VALUES (188, true, true, true);
INSERT INTO Positions (posId, right_lower_quadrant, right_groin) VALUES (189, true, true);
INSERT INTO Pain (pid, positionId, referred_pain_position, constant, four_hours, eight_hours, one_day, two_days, better_with_lying_still, worse_with_eating, worse_with_moving_around) VALUES (188, 188, 189, false, true, true, false, true, true, true, true);
INSERT INTO Symptoms (sxId, fever, nausea, loss_of_appetite) VALUES (188, true, true, true);
INSERT INTO Symptoms (sxId, vomiting, diarrhea, chills, malaise, abdominal_distension, dysuria) VALUES (189, true, true, true, true, true, true);
INSERT INTO Cases (diagnosisId, age, gender, majorSx, minorSx, painId) VALUES (1, 46, 'M', 188, 189, 188);
INSERT INTO Positions (posId, epigastrial, right_lower_quadrant, periumbilical) VALUES (190, true, true, true);
INSERT INTO Positions (posId, right_lower_quadrant, right_groin) VALUES (191, true, true);
INSERT INTO Pain (pid, positionId, referred_pain_position, constant, four_hours, eight_hours, one_day, two_days, better_with_lying_still, worse_with_eating, worse_with_moving_around) VALUES (190, 190, 191, true, true, true, true, true, true, true, true);
INSERT INTO Symptoms (sxId, fever, nausea, loss_of_appetite) VALUES (190, true, true, true);
INSERT INTO Symptoms (sxId, vomiting, diarrhea, chills, malaise, abdominal_distension, dysuria) VALUES (191, true, true, true, true, true, true);
INSERT INTO Cases (diagnosisId, age, gender, majorSx, minorSx, painId) VALUES (1, 54, 'M', 190, 191, 190);
INSERT INTO Positions (posId, epigastrial, right_lower_quadrant, periumbilical) VALUES (192, true, true, true);
INSERT INTO Positions (posId, right_lower_quadrant, right_groin) VALUES (193, true, true);
INSERT INTO Pain (pid, positionId, referred_pain_position, constant, four_hours, eight_hours, one_day, two_days, better_with_lying_still, worse_with_eating, worse_with_moving_around) VALUES (192, 192, 193, true, true, false, true, false, true, false, true);
INSERT INTO Symptoms (sxId, fever, nausea, loss_of_appetite) VALUES (192, true, true, true);
INSERT INTO Symptoms (sxId, vomiting, diarrhea, chills, malaise, abdominal_distension, dysuria) VALUES (193, true, true, true, true, true, false);
INSERT INTO Cases (diagnosisId, age, gender, majorSx, minorSx, painId) VALUES (1, 58, 'F', 192, 193, 192);
INSERT INTO Positions (posId, epigastrial, right_lower_quadrant, periumbilical) VALUES (194, true, false, true);
INSERT INTO Positions (posId, right_lower_quadrant, right_groin) VALUES (195, true, true);
INSERT INTO Pain (pid, positionId, referred_pain_position, constant, four_hours, eight_hours, one_day, two_days, better_with_lying_still, worse_with_eating, worse_with_moving_around) VALUES (194, 194, 195, true, true, true, true, true, true, true, true);
INSERT INTO Symptoms (sxId, fever, nausea, loss_of_appetite) VALUES (194, true, true, true);
INSERT INTO Symptoms (sxId, vomiting, diarrhea, chills, malaise, abdominal_distension, dysuria) VALUES (195, true, true, true, false, true, true);
INSERT INTO Cases (diagnosisId, age, gender, majorSx, minorSx, painId) VALUES (1, 64, 'M', 194, 195, 194);
INSERT INTO Positions (posId, epigastrial, right_lower_quadrant, periumbilical) VALUES (196, true, true, true);
INSERT INTO Positions (posId, right_lower_quadrant, right_groin) VALUES (197, true, true);
INSERT INTO Pain (pid, positionId, referred_pain_position, constant, four_hours, eight_hours, one_day, two_days, better_with_lying_still, worse_with_eating, worse_with_moving_around) VALUES (196, 196, 197, true, true, true, true, true, true, true, true);
INSERT INTO Symptoms (sxId, fever, nausea, loss_of_appetite) VALUES (196, true, true, true);
INSERT INTO Symptoms (sxId, vomiting, diarrhea, chills, malaise, abdominal_distension, dysuria) VALUES (197, true, true, true, true, true, true);
INSERT INTO Cases (diagnosisId, age, gender, majorSx, minorSx, painId) VALUES (1, 67, 'F', 196, 197, 196);
INSERT INTO Positions (posId, epigastrial, right_lower_quadrant, periumbilical) VALUES (198, true, true, true);
INSERT INTO Positions (posId, right_lower_quadrant, right_groin) VALUES (199, true, true);
INSERT INTO Pain (pid, positionId, referred_pain_position, constant, four_hours, eight_hours, one_day, two_days, better_with_lying_still, worse_with_eating, worse_with_moving_around) VALUES (198, 198, 199, true, true, true, true, true, false, true, true);
INSERT INTO Symptoms (sxId, fever, nausea, loss_of_appetite) VALUES (198, true, true, true);
INSERT INTO Symptoms (sxId, vomiting, diarrhea, chills, malaise, abdominal_distension, dysuria) VALUES (199, true, false, true, false, true, true);
INSERT INTO Cases (diagnosisId, age, gender, majorSx, minorSx, painId) VALUES (1, 73, 'F', 198, 199, 198);
INSERT INTO Positions (posId, epigastrial, right_lower_quadrant, periumbilical) VALUES (200, true, true, true);
INSERT INTO Positions (posId, right_lower_quadrant, right_groin) VALUES (201, true, true);
INSERT INTO Pain (pid, positionId, referred_pain_position, constant, four_hours, eight_hours, one_day, two_days, better_with_lying_still, worse_with_eating, worse_with_moving_around) VALUES (200, 200, 201, true, true, true, true, true, true, true, true);
INSERT INTO Symptoms (sxId, fever, nausea, loss_of_appetite) VALUES (200, true, true, true);
INSERT INTO Symptoms (sxId, vomiting, diarrhea, chills, malaise, abdominal_distension, dysuria) VALUES (201, true, true, true, true, false, true);
INSERT INTO Cases (diagnosisId, age, gender, majorSx, minorSx, painId) VALUES (1, 105, 'M', 200, 201, 200);
Insert INTO Diagnosis (dId, dname) Values (2, 'Biliary');
INSERT INTO Positions (posId, right_upper_quadrant, epigastrial) VALUES (202, true, true);
INSERT INTO Positions (posId, right_shoulder_blade) VALUES (203, false);
INSERT INTO Pain (pid, positionId, referred_pain_position, sharp, pleuritic, constant, four_hours, eight_hours, worse_with_breathing, worse_with_eating) VALUES (202, 202, 203, true, true, true, false, true, true, true);
INSERT INTO Symptoms (sxId, nausea, vomiting, loss_of_appetite) VALUES (202, true, true, true);
INSERT INTO Symptoms (sxId, fever, malaise, chills, bloating, indigestion) VALUES (203, true, true, true, true, false);
INSERT INTO Cases (diagnosisId, age, gender, majorSx, minorSx, painId) VALUES (2, 12, 'F', 202, 203, 202);
INSERT INTO Positions (posId, right_upper_quadrant, epigastrial) VALUES (204, false, true);
INSERT INTO Positions (posId, right_shoulder_blade) VALUES (205, true);
INSERT INTO Pain (pid, positionId, referred_pain_position, sharp, pleuritic, constant, four_hours, eight_hours, worse_with_breathing, worse_with_eating) VALUES (204, 204, 205, true, true, true, true, false, true, true);
INSERT INTO Symptoms (sxId, nausea, vomiting, loss_of_appetite) VALUES (204, true, false, true);
INSERT INTO Symptoms (sxId, fever, malaise, chills, bloating, indigestion) VALUES (205, true, true, true, true, true);
INSERT INTO Cases (diagnosisId, age, gender, majorSx, minorSx, painId) VALUES (2, 11, 'F', 204, 205, 204);
INSERT INTO Positions (posId, right_upper_quadrant, epigastrial) VALUES (206, true, true);
INSERT INTO Positions (posId, right_shoulder_blade) VALUES (207, true);
INSERT INTO Pain (pid, positionId, referred_pain_position, sharp, pleuritic, constant, four_hours, eight_hours, worse_with_breathing, worse_with_eating) VALUES (206, 206, 207, true, true, true, true, true, true, false);
INSERT INTO Symptoms (sxId, nausea, vomiting, loss_of_appetite) VALUES (206, true, true, false);
INSERT INTO Symptoms (sxId, fever, malaise, chills, bloating, indigestion) VALUES (207, true, true, true, true, true);
INSERT INTO Cases (diagnosisId, age, gender, majorSx, minorSx, painId) VALUES (2, 19, 'F', 206, 207, 206);
INSERT INTO Positions (posId, right_upper_quadrant, epigastrial) VALUES (208, false, true);
INSERT INTO Positions (posId, right_shoulder_blade) VALUES (209, true);
INSERT INTO Pain (pid, positionId, referred_pain_position, sharp, pleuritic, constant, four_hours, eight_hours, worse_with_breathing, worse_with_eating) VALUES (208, 208, 209, true, true, true, true, true, true, true);
INSERT INTO Symptoms (sxId, nausea, vomiting, loss_of_appetite) VALUES (208, true, true, true);
INSERT INTO Symptoms (sxId, fever, malaise, chills, bloating, indigestion) VALUES (209, true, true, true, false, true);
INSERT INTO Cases (diagnosisId, age, gender, majorSx, minorSx, painId) VALUES (2, 19, 'M', 208, 209, 208);
INSERT INTO Positions (posId, right_upper_quadrant, epigastrial) VALUES (210, true, true);
INSERT INTO Positions (posId, right_shoulder_blade) VALUES (211, true);
INSERT INTO Pain (pid, positionId, referred_pain_position, sharp, pleuritic, constant, four_hours, eight_hours, worse_with_breathing, worse_with_eating) VALUES (210, 210, 211, true, true, true, true, true, true, true);
INSERT INTO Symptoms (sxId, nausea, vomiting, loss_of_appetite) VALUES (210, true, false, true);
INSERT INTO Symptoms (sxId, fever, malaise, chills, bloating, indigestion) VALUES (211, true, true, false, true, true);
INSERT INTO Cases (diagnosisId, age, gender, majorSx, minorSx, painId) VALUES (2, 19, 'F', 210, 211, 210);
INSERT INTO Positions (posId, right_upper_quadrant, epigastrial) VALUES (212, true, true);
INSERT INTO Positions (posId, right_shoulder_blade) VALUES (213, true);
INSERT INTO Pain (pid, positionId, referred_pain_position, sharp, pleuritic, constant, four_hours, eight_hours, worse_with_breathing, worse_with_eating) VALUES (212, 212, 213, true, true, true, true, true, true, true);
INSERT INTO Symptoms (sxId, nausea, vomiting, loss_of_appetite) VALUES (212, true, true, true);
INSERT INTO Symptoms (sxId, fever, malaise, chills, bloating, indigestion) VALUES (213, true, false, true, true, true);
INSERT INTO Cases (diagnosisId, age, gender, majorSx, minorSx, painId) VALUES (2, 18, 'M', 212, 213, 212);
INSERT INTO Positions (posId, right_upper_quadrant, epigastrial) VALUES (214, true, true);
INSERT INTO Positions (posId, right_shoulder_blade) VALUES (215, true);
INSERT INTO Pain (pid, positionId, referred_pain_position, sharp, pleuritic, constant, four_hours, eight_hours, worse_with_breathing, worse_with_eating) VALUES (214, 214, 215, true, true, true, true, true, false, true);
INSERT INTO Symptoms (sxId, nausea, vomiting, loss_of_appetite) VALUES (214, true, true, true);
INSERT INTO Symptoms (sxId, fever, malaise, chills, bloating, indigestion) VALUES (215, true, true, true, true, true);
INSERT INTO Cases (diagnosisId, age, gender, majorSx, minorSx, painId) VALUES (2, 17, 'M', 214, 215, 214);
INSERT INTO Positions (posId, right_upper_quadrant, epigastrial) VALUES (216, false, true);
INSERT INTO Positions (posId, right_shoulder_blade) VALUES (217, true);
INSERT INTO Pain (pid, positionId, referred_pain_position, sharp, pleuritic, constant, four_hours, eight_hours, worse_with_breathing, worse_with_eating) VALUES (216, 216, 217, true, true, true, true, true, true, true);
INSERT INTO Symptoms (sxId, nausea, vomiting, loss_of_appetite) VALUES (216, false, true, true);
INSERT INTO Symptoms (sxId, fever, malaise, chills, bloating, indigestion) VALUES (217, true, true, true, true, true);
INSERT INTO Cases (diagnosisId, age, gender, majorSx, minorSx, painId) VALUES (2, 22, 'M', 216, 217, 216);
INSERT INTO Positions (posId, right_upper_quadrant, epigastrial) VALUES (218, true, true);
INSERT INTO Positions (posId, right_shoulder_blade) VALUES (219, true);
INSERT INTO Pain (pid, positionId, referred_pain_position, sharp, pleuritic, constant, four_hours, eight_hours, worse_with_breathing, worse_with_eating) VALUES (218, 218, 219, true, true, true, true, true, true, true);
INSERT INTO Symptoms (sxId, nausea, vomiting, loss_of_appetite) VALUES (218, true, true, true);
INSERT INTO Symptoms (sxId, fever, malaise, chills, bloating, indigestion) VALUES (219, true, true, true, false, true);
INSERT INTO Cases (diagnosisId, age, gender, majorSx, minorSx, painId) VALUES (2, 25, 'M', 218, 219, 218);
INSERT INTO Positions (posId, right_upper_quadrant, epigastrial) VALUES (220, true, true);
INSERT INTO Positions (posId, right_shoulder_blade) VALUES (221, true);
INSERT INTO Pain (pid, positionId, referred_pain_position, sharp, pleuritic, constant, four_hours, eight_hours, worse_with_breathing, worse_with_eating) VALUES (220, 220, 221, true, true, true, true, true, true, true);
INSERT INTO Symptoms (sxId, nausea, vomiting, loss_of_appetite) VALUES (220, true, true, true);
INSERT INTO Symptoms (sxId, fever, malaise, chills, bloating, indigestion) VALUES (221, true, true, true, true, true);
INSERT INTO Cases (diagnosisId, age, gender, majorSx, minorSx, painId) VALUES (2, 24, 'F', 220, 221, 220);
INSERT INTO Positions (posId, right_upper_quadrant, epigastrial) VALUES (222, true, true);
INSERT INTO Positions (posId, right_shoulder_blade) VALUES (223, false);
INSERT INTO Pain (pid, positionId, referred_pain_position, sharp, pleuritic, constant, four_hours, eight_hours, worse_with_breathing, worse_with_eating) VALUES (222, 222, 223, true, true, true, true, false, true, true);
INSERT INTO Symptoms (sxId, nausea, vomiting, loss_of_appetite) VALUES (222, true, false, true);
INSERT INTO Symptoms (sxId, fever, malaise, chills, bloating, indigestion) VALUES (223, true, true, true, true, true);
INSERT INTO Cases (diagnosisId, age, gender, majorSx, minorSx, painId) VALUES (2, 25, 'M', 222, 223, 222);
INSERT INTO Positions (posId, right_upper_quadrant, epigastrial) VALUES (224, true, true);
INSERT INTO Positions (posId, right_shoulder_blade) VALUES (225, true);
INSERT INTO Pain (pid, positionId, referred_pain_position, sharp, pleuritic, constant, four_hours, eight_hours, worse_with_breathing, worse_with_eating) VALUES (224, 224, 225, true, true, true, true, true, false, true);
INSERT INTO Symptoms (sxId, nausea, vomiting, loss_of_appetite) VALUES (224, true, true, true);
INSERT INTO Symptoms (sxId, fever, malaise, chills, bloating, indigestion) VALUES (225, true, false, true, true, true);
INSERT INTO Cases (diagnosisId, age, gender, majorSx, minorSx, painId) VALUES (2, 21, 'M', 224, 225, 224);
INSERT INTO Positions (posId, right_upper_quadrant, epigastrial) VALUES (226, true, true);
INSERT INTO Positions (posId, right_shoulder_blade) VALUES (227, true);
INSERT INTO Pain (pid, positionId, referred_pain_position, sharp, pleuritic, constant, four_hours, eight_hours, worse_with_breathing, worse_with_eating) VALUES (226, 226, 227, true, true, true, true, true, true, true);
INSERT INTO Symptoms (sxId, nausea, vomiting, loss_of_appetite) VALUES (226, true, true, true);
INSERT INTO Symptoms (sxId, fever, malaise, chills, bloating, indigestion) VALUES (227, true, true, true, true, true);
INSERT INTO Cases (diagnosisId, age, gender, majorSx, minorSx, painId) VALUES (2, 21, 'F', 226, 227, 226);
INSERT INTO Positions (posId, right_upper_quadrant, epigastrial) VALUES (228, true, true);
INSERT INTO Positions (posId, right_shoulder_blade) VALUES (229, true);
INSERT INTO Pain (pid, positionId, referred_pain_position, sharp, pleuritic, constant, four_hours, eight_hours, worse_with_breathing, worse_with_eating) VALUES (228, 228, 229, false, true, true, true, true, true, true);
INSERT INTO Symptoms (sxId, nausea, vomiting, loss_of_appetite) VALUES (228, true, true, true);
INSERT INTO Symptoms (sxId, fever, malaise, chills, bloating, indigestion) VALUES (229, true, true, true, true, true);
INSERT INTO Cases (diagnosisId, age, gender, majorSx, minorSx, painId) VALUES (2, 21, 'F', 228, 229, 228);
INSERT INTO Positions (posId, right_upper_quadrant, epigastrial) VALUES (230, true, true);
INSERT INTO Positions (posId, right_shoulder_blade) VALUES (231, true);
INSERT INTO Pain (pid, positionId, referred_pain_position, sharp, pleuritic, constant, four_hours, eight_hours, worse_with_breathing, worse_with_eating) VALUES (230, 230, 231, true, true, true, true, true, true, true);
INSERT INTO Symptoms (sxId, nausea, vomiting, loss_of_appetite) VALUES (230, true, true, true);
INSERT INTO Symptoms (sxId, fever, malaise, chills, bloating, indigestion) VALUES (231, true, false, true, true, false);
INSERT INTO Cases (diagnosisId, age, gender, majorSx, minorSx, painId) VALUES (2, 28, 'F', 230, 231, 230);
INSERT INTO Positions (posId, right_upper_quadrant, epigastrial) VALUES (232, true, true);
INSERT INTO Positions (posId, right_shoulder_blade) VALUES (233, true);
INSERT INTO Pain (pid, positionId, referred_pain_position, sharp, pleuritic, constant, four_hours, eight_hours, worse_with_breathing, worse_with_eating) VALUES (232, 232, 233, true, true, true, true, true, true, true);
INSERT INTO Symptoms (sxId, nausea, vomiting, loss_of_appetite) VALUES (232, true, true, false);
INSERT INTO Symptoms (sxId, fever, malaise, chills, bloating, indigestion) VALUES (233, true, true, false, true, true);
INSERT INTO Cases (diagnosisId, age, gender, majorSx, minorSx, painId) VALUES (2, 30, 'M', 232, 233, 232);
INSERT INTO Positions (posId, right_upper_quadrant, epigastrial) VALUES (234, true, true);
INSERT INTO Positions (posId, right_shoulder_blade) VALUES (235, true);
INSERT INTO Pain (pid, positionId, referred_pain_position, sharp, pleuritic, constant, four_hours, eight_hours, worse_with_breathing, worse_with_eating) VALUES (234, 234, 235, true, true, true, true, true, true, true);
INSERT INTO Symptoms (sxId, nausea, vomiting, loss_of_appetite) VALUES (234, true, true, true);
INSERT INTO Symptoms (sxId, fever, malaise, chills, bloating, indigestion) VALUES (235, true, true, true, true, true);
INSERT INTO Cases (diagnosisId, age, gender, majorSx, minorSx, painId) VALUES (2, 28, 'F', 234, 235, 234);
INSERT INTO Positions (posId, right_upper_quadrant, epigastrial) VALUES (236, true, true);
INSERT INTO Positions (posId, right_shoulder_blade) VALUES (237, true);
INSERT INTO Pain (pid, positionId, referred_pain_position, sharp, pleuritic, constant, four_hours, eight_hours, worse_with_breathing, worse_with_eating) VALUES (236, 236, 237, true, true, true, true, true, true, true);
INSERT INTO Symptoms (sxId, nausea, vomiting, loss_of_appetite) VALUES (236, true, true, true);
INSERT INTO Symptoms (sxId, fever, malaise, chills, bloating, indigestion) VALUES (237, true, true, true, true, true);
INSERT INTO Cases (diagnosisId, age, gender, majorSx, minorSx, painId) VALUES (2, 28, 'M', 236, 237, 236);
INSERT INTO Positions (posId, right_upper_quadrant, epigastrial) VALUES (238, true, true);
INSERT INTO Positions (posId, right_shoulder_blade) VALUES (239, true);
INSERT INTO Pain (pid, positionId, referred_pain_position, sharp, pleuritic, constant, four_hours, eight_hours, worse_with_breathing, worse_with_eating) VALUES (238, 238, 239, true, true, true, true, true, true, true);
INSERT INTO Symptoms (sxId, nausea, vomiting, loss_of_appetite) VALUES (238, true, true, true);
INSERT INTO Symptoms (sxId, fever, malaise, chills, bloating, indigestion) VALUES (239, true, true, true, true, true);
INSERT INTO Cases (diagnosisId, age, gender, majorSx, minorSx, painId) VALUES (2, 27, 'F', 238, 239, 238);
INSERT INTO Positions (posId, right_upper_quadrant, epigastrial) VALUES (240, true, true);
INSERT INTO Positions (posId, right_shoulder_blade) VALUES (241, true);
INSERT INTO Pain (pid, positionId, referred_pain_position, sharp, pleuritic, constant, four_hours, eight_hours, worse_with_breathing, worse_with_eating) VALUES (240, 240, 241, true, true, true, true, true, true, true);
INSERT INTO Symptoms (sxId, nausea, vomiting, loss_of_appetite) VALUES (240, true, true, true);
INSERT INTO Symptoms (sxId, fever, malaise, chills, bloating, indigestion) VALUES (241, true, true, false, true, true);
INSERT INTO Cases (diagnosisId, age, gender, majorSx, minorSx, painId) VALUES (2, 27, 'M', 240, 241, 240);
INSERT INTO Positions (posId, right_upper_quadrant, epigastrial) VALUES (242, true, true);
INSERT INTO Positions (posId, right_shoulder_blade) VALUES (243, true);
INSERT INTO Pain (pid, positionId, referred_pain_position, sharp, pleuritic, constant, four_hours, eight_hours, worse_with_breathing, worse_with_eating) VALUES (242, 242, 243, true, true, true, true, true, false, true);
INSERT INTO Symptoms (sxId, nausea, vomiting, loss_of_appetite) VALUES (242, true, true, true);
INSERT INTO Symptoms (sxId, fever, malaise, chills, bloating, indigestion) VALUES (243, true, true, true, true, true);
INSERT INTO Cases (diagnosisId, age, gender, majorSx, minorSx, painId) VALUES (2, 26, 'M', 242, 243, 242);
INSERT INTO Positions (posId, right_upper_quadrant, epigastrial) VALUES (244, true, true);
INSERT INTO Positions (posId, right_shoulder_blade) VALUES (245, true);
INSERT INTO Pain (pid, positionId, referred_pain_position, sharp, pleuritic, constant, four_hours, eight_hours, worse_with_breathing, worse_with_eating) VALUES (244, 244, 245, true, false, true, true, true, true, true);
INSERT INTO Symptoms (sxId, nausea, vomiting, loss_of_appetite) VALUES (244, true, true, true);
INSERT INTO Symptoms (sxId, fever, malaise, chills, bloating, indigestion) VALUES (245, true, true, true, true, true);
INSERT INTO Cases (diagnosisId, age, gender, majorSx, minorSx, painId) VALUES (2, 34, 'F', 244, 245, 244);
INSERT INTO Positions (posId, right_upper_quadrant, epigastrial) VALUES (246, true, true);
INSERT INTO Positions (posId, right_shoulder_blade) VALUES (247, true);
INSERT INTO Pain (pid, positionId, referred_pain_position, sharp, pleuritic, constant, four_hours, eight_hours, worse_with_breathing, worse_with_eating) VALUES (246, 246, 247, false, true, true, true, true, true, true);
INSERT INTO Symptoms (sxId, nausea, vomiting, loss_of_appetite) VALUES (246, true, true, true);
INSERT INTO Symptoms (sxId, fever, malaise, chills, bloating, indigestion) VALUES (247, true, true, false, true, true);
INSERT INTO Cases (diagnosisId, age, gender, majorSx, minorSx, painId) VALUES (2, 33, 'M', 246, 247, 246);
INSERT INTO Positions (posId, right_upper_quadrant, epigastrial) VALUES (248, true, true);
INSERT INTO Positions (posId, right_shoulder_blade) VALUES (249, true);
INSERT INTO Pain (pid, positionId, referred_pain_position, sharp, pleuritic, constant, four_hours, eight_hours, worse_with_breathing, worse_with_eating) VALUES (248, 248, 249, true, true, true, true, true, true, true);
INSERT INTO Symptoms (sxId, nausea, vomiting, loss_of_appetite) VALUES (248, false, true, true);
INSERT INTO Symptoms (sxId, fever, malaise, chills, bloating, indigestion) VALUES (249, true, true, true, true, true);
INSERT INTO Cases (diagnosisId, age, gender, majorSx, minorSx, painId) VALUES (2, 31, 'M', 248, 249, 248);
INSERT INTO Positions (posId, right_upper_quadrant, epigastrial) VALUES (250, false, true);
INSERT INTO Positions (posId, right_shoulder_blade) VALUES (251, true);
INSERT INTO Pain (pid, positionId, referred_pain_position, sharp, pleuritic, constant, four_hours, eight_hours, worse_with_breathing, worse_with_eating) VALUES (250, 250, 251, true, true, true, true, true, true, true);
INSERT INTO Symptoms (sxId, nausea, vomiting, loss_of_appetite) VALUES (250, true, true, true);
INSERT INTO Symptoms (sxId, fever, malaise, chills, bloating, indigestion) VALUES (251, true, true, true, true, true);
INSERT INTO Cases (diagnosisId, age, gender, majorSx, minorSx, painId) VALUES (2, 34, 'F', 250, 251, 250);
INSERT INTO Positions (posId, right_upper_quadrant, epigastrial) VALUES (252, true, true);
INSERT INTO Positions (posId, right_shoulder_blade) VALUES (253, true);
INSERT INTO Pain (pid, positionId, referred_pain_position, sharp, pleuritic, constant, four_hours, eight_hours, worse_with_breathing, worse_with_eating) VALUES (252, 252, 253, true, true, true, true, true, true, true);
INSERT INTO Symptoms (sxId, nausea, vomiting, loss_of_appetite) VALUES (252, true, true, true);
INSERT INTO Symptoms (sxId, fever, malaise, chills, bloating, indigestion) VALUES (253, true, false, true, true, true);
INSERT INTO Cases (diagnosisId, age, gender, majorSx, minorSx, painId) VALUES (2, 33, 'M', 252, 253, 252);
INSERT INTO Positions (posId, right_upper_quadrant, epigastrial) VALUES (254, true, true);
INSERT INTO Positions (posId, right_shoulder_blade) VALUES (255, true);
INSERT INTO Pain (pid, positionId, referred_pain_position, sharp, pleuritic, constant, four_hours, eight_hours, worse_with_breathing, worse_with_eating) VALUES (254, 254, 255, true, false, true, true, true, true, true);
INSERT INTO Symptoms (sxId, nausea, vomiting, loss_of_appetite) VALUES (254, true, true, true);
INSERT INTO Symptoms (sxId, fever, malaise, chills, bloating, indigestion) VALUES (255, true, true, true, true, true);
INSERT INTO Cases (diagnosisId, age, gender, majorSx, minorSx, painId) VALUES (2, 33, 'F', 254, 255, 254);
INSERT INTO Positions (posId, right_upper_quadrant, epigastrial) VALUES (256, true, true);
INSERT INTO Positions (posId, right_shoulder_blade) VALUES (257, true);
INSERT INTO Pain (pid, positionId, referred_pain_position, sharp, pleuritic, constant, four_hours, eight_hours, worse_with_breathing, worse_with_eating) VALUES (256, 256, 257, true, false, false, true, false, true, true);
INSERT INTO Symptoms (sxId, nausea, vomiting, loss_of_appetite) VALUES (256, true, true, true);
INSERT INTO Symptoms (sxId, fever, malaise, chills, bloating, indigestion) VALUES (257, true, true, true, true, true);
INSERT INTO Cases (diagnosisId, age, gender, majorSx, minorSx, painId) VALUES (2, 32, 'M', 256, 257, 256);
INSERT INTO Positions (posId, right_upper_quadrant, epigastrial) VALUES (258, true, true);
INSERT INTO Positions (posId, right_shoulder_blade) VALUES (259, true);
INSERT INTO Pain (pid, positionId, referred_pain_position, sharp, pleuritic, constant, four_hours, eight_hours, worse_with_breathing, worse_with_eating) VALUES (258, 258, 259, true, true, true, true, true, true, true);
INSERT INTO Symptoms (sxId, nausea, vomiting, loss_of_appetite) VALUES (258, true, true, false);
INSERT INTO Symptoms (sxId, fever, malaise, chills, bloating, indigestion) VALUES (259, false, false, true, false, true);
INSERT INTO Cases (diagnosisId, age, gender, majorSx, minorSx, painId) VALUES (2, 40, 'F', 258, 259, 258);
INSERT INTO Positions (posId, right_upper_quadrant, epigastrial) VALUES (260, true, true);
INSERT INTO Positions (posId, right_shoulder_blade) VALUES (261, true);
INSERT INTO Pain (pid, positionId, referred_pain_position, sharp, pleuritic, constant, four_hours, eight_hours, worse_with_breathing, worse_with_eating) VALUES (260, 260, 261, false, true, true, true, true, true, true);
INSERT INTO Symptoms (sxId, nausea, vomiting, loss_of_appetite) VALUES (260, true, true, true);
INSERT INTO Symptoms (sxId, fever, malaise, chills, bloating, indigestion) VALUES (261, true, true, true, true, true);
INSERT INTO Cases (diagnosisId, age, gender, majorSx, minorSx, painId) VALUES (2, 38, 'F', 260, 261, 260);
INSERT INTO Positions (posId, right_upper_quadrant, epigastrial) VALUES (262, true, false);
INSERT INTO Positions (posId, right_shoulder_blade) VALUES (263, true);
INSERT INTO Pain (pid, positionId, referred_pain_position, sharp, pleuritic, constant, four_hours, eight_hours, worse_with_breathing, worse_with_eating) VALUES (262, 262, 263, false, true, true, true, true, true, true);
INSERT INTO Symptoms (sxId, nausea, vomiting, loss_of_appetite) VALUES (262, true, true, true);
INSERT INTO Symptoms (sxId, fever, malaise, chills, bloating, indigestion) VALUES (263, false, true, true, true, true);
INSERT INTO Cases (diagnosisId, age, gender, majorSx, minorSx, painId) VALUES (2, 39, 'F', 262, 263, 262);
INSERT INTO Positions (posId, right_upper_quadrant, epigastrial) VALUES (264, true, true);
INSERT INTO Positions (posId, right_shoulder_blade) VALUES (265, true);
INSERT INTO Pain (pid, positionId, referred_pain_position, sharp, pleuritic, constant, four_hours, eight_hours, worse_with_breathing, worse_with_eating) VALUES (264, 264, 265, true, true, true, true, true, true, true);
INSERT INTO Symptoms (sxId, nausea, vomiting, loss_of_appetite) VALUES (264, true, true, true);
INSERT INTO Symptoms (sxId, fever, malaise, chills, bloating, indigestion) VALUES (265, true, true, true, true, true);
INSERT INTO Cases (diagnosisId, age, gender, majorSx, minorSx, painId) VALUES (2, 40, 'M', 264, 265, 264);
INSERT INTO Positions (posId, right_upper_quadrant, epigastrial) VALUES (266, true, true);
INSERT INTO Positions (posId, right_shoulder_blade) VALUES (267, true);
INSERT INTO Pain (pid, positionId, referred_pain_position, sharp, pleuritic, constant, four_hours, eight_hours, worse_with_breathing, worse_with_eating) VALUES (266, 266, 267, true, true, true, true, true, true, true);
INSERT INTO Symptoms (sxId, nausea, vomiting, loss_of_appetite) VALUES (266, true, false, true);
INSERT INTO Symptoms (sxId, fever, malaise, chills, bloating, indigestion) VALUES (267, true, true, true, true, true);
INSERT INTO Cases (diagnosisId, age, gender, majorSx, minorSx, painId) VALUES (2, 36, 'F', 266, 267, 266);
INSERT INTO Positions (posId, right_upper_quadrant, epigastrial) VALUES (268, true, true);
INSERT INTO Positions (posId, right_shoulder_blade) VALUES (269, true);
INSERT INTO Pain (pid, positionId, referred_pain_position, sharp, pleuritic, constant, four_hours, eight_hours, worse_with_breathing, worse_with_eating) VALUES (268, 268, 269, true, true, true, false, false, true, true);
INSERT INTO Symptoms (sxId, nausea, vomiting, loss_of_appetite) VALUES (268, true, false, true);
INSERT INTO Symptoms (sxId, fever, malaise, chills, bloating, indigestion) VALUES (269, true, true, true, true, true);
INSERT INTO Cases (diagnosisId, age, gender, majorSx, minorSx, painId) VALUES (2, 38, 'F', 268, 269, 268);
INSERT INTO Positions (posId, right_upper_quadrant, epigastrial) VALUES (270, true, true);
INSERT INTO Positions (posId, right_shoulder_blade) VALUES (271, true);
INSERT INTO Pain (pid, positionId, referred_pain_position, sharp, pleuritic, constant, four_hours, eight_hours, worse_with_breathing, worse_with_eating) VALUES (270, 270, 271, true, true, true, false, true, false, true);
INSERT INTO Symptoms (sxId, nausea, vomiting, loss_of_appetite) VALUES (270, true, true, true);
INSERT INTO Symptoms (sxId, fever, malaise, chills, bloating, indigestion) VALUES (271, true, true, true, true, false);
INSERT INTO Cases (diagnosisId, age, gender, majorSx, minorSx, painId) VALUES (2, 38, 'F', 270, 271, 270);
INSERT INTO Positions (posId, right_upper_quadrant, epigastrial) VALUES (272, true, true);
INSERT INTO Positions (posId, right_shoulder_blade) VALUES (273, true);
INSERT INTO Pain (pid, positionId, referred_pain_position, sharp, pleuritic, constant, four_hours, eight_hours, worse_with_breathing, worse_with_eating) VALUES (272, 272, 273, true, true, true, false, true, true, true);
INSERT INTO Symptoms (sxId, nausea, vomiting, loss_of_appetite) VALUES (272, true, true, false);
INSERT INTO Symptoms (sxId, fever, malaise, chills, bloating, indigestion) VALUES (273, true, true, true, true, true);
INSERT INTO Cases (diagnosisId, age, gender, majorSx, minorSx, painId) VALUES (2, 36, 'F', 272, 273, 272);
INSERT INTO Positions (posId, right_upper_quadrant, epigastrial) VALUES (274, true, false);
INSERT INTO Positions (posId, right_shoulder_blade) VALUES (275, true);
INSERT INTO Pain (pid, positionId, referred_pain_position, sharp, pleuritic, constant, four_hours, eight_hours, worse_with_breathing, worse_with_eating) VALUES (274, 274, 275, true, true, true, false, true, true, false);
INSERT INTO Symptoms (sxId, nausea, vomiting, loss_of_appetite) VALUES (274, false, true, true);
INSERT INTO Symptoms (sxId, fever, malaise, chills, bloating, indigestion) VALUES (275, false, false, true, true, false);
INSERT INTO Cases (diagnosisId, age, gender, majorSx, minorSx, painId) VALUES (2, 45, 'M', 274, 275, 274);
INSERT INTO Positions (posId, right_upper_quadrant, epigastrial) VALUES (276, true, true);
INSERT INTO Positions (posId, right_shoulder_blade) VALUES (277, true);
INSERT INTO Pain (pid, positionId, referred_pain_position, sharp, pleuritic, constant, four_hours, eight_hours, worse_with_breathing, worse_with_eating) VALUES (276, 276, 277, true, false, true, true, true, true, true);
INSERT INTO Symptoms (sxId, nausea, vomiting, loss_of_appetite) VALUES (276, true, true, false);
INSERT INTO Symptoms (sxId, fever, malaise, chills, bloating, indigestion) VALUES (277, false, true, true, true, true);
INSERT INTO Cases (diagnosisId, age, gender, majorSx, minorSx, painId) VALUES (2, 43, 'M', 276, 277, 276);
INSERT INTO Positions (posId, right_upper_quadrant, epigastrial) VALUES (278, true, true);
INSERT INTO Positions (posId, right_shoulder_blade) VALUES (279, true);
INSERT INTO Pain (pid, positionId, referred_pain_position, sharp, pleuritic, constant, four_hours, eight_hours, worse_with_breathing, worse_with_eating) VALUES (278, 278, 279, true, true, true, true, true, true, true);
INSERT INTO Symptoms (sxId, nausea, vomiting, loss_of_appetite) VALUES (278, true, false, true);
INSERT INTO Symptoms (sxId, fever, malaise, chills, bloating, indigestion) VALUES (279, true, true, true, true, true);
INSERT INTO Cases (diagnosisId, age, gender, majorSx, minorSx, painId) VALUES (2, 42, 'M', 278, 279, 278);
INSERT INTO Positions (posId, right_upper_quadrant, epigastrial) VALUES (280, true, true);
INSERT INTO Positions (posId, right_shoulder_blade) VALUES (281, true);
INSERT INTO Pain (pid, positionId, referred_pain_position, sharp, pleuritic, constant, four_hours, eight_hours, worse_with_breathing, worse_with_eating) VALUES (280, 280, 281, true, true, false, true, true, true, true);
INSERT INTO Symptoms (sxId, nausea, vomiting, loss_of_appetite) VALUES (280, true, true, true);
INSERT INTO Symptoms (sxId, fever, malaise, chills, bloating, indigestion) VALUES (281, true, true, true, true, true);
INSERT INTO Cases (diagnosisId, age, gender, majorSx, minorSx, painId) VALUES (2, 42, 'F', 280, 281, 280);
INSERT INTO Positions (posId, right_upper_quadrant, epigastrial) VALUES (282, true, true);
INSERT INTO Positions (posId, right_shoulder_blade) VALUES (283, true);
INSERT INTO Pain (pid, positionId, referred_pain_position, sharp, pleuritic, constant, four_hours, eight_hours, worse_with_breathing, worse_with_eating) VALUES (282, 282, 283, true, true, true, true, true, true, true);
INSERT INTO Symptoms (sxId, nausea, vomiting, loss_of_appetite) VALUES (282, true, true, true);
INSERT INTO Symptoms (sxId, fever, malaise, chills, bloating, indigestion) VALUES (283, true, true, true, true, true);
INSERT INTO Cases (diagnosisId, age, gender, majorSx, minorSx, painId) VALUES (2, 41, 'F', 282, 283, 282);
INSERT INTO Positions (posId, right_upper_quadrant, epigastrial) VALUES (284, true, true);
INSERT INTO Positions (posId, right_shoulder_blade) VALUES (285, true);
INSERT INTO Pain (pid, positionId, referred_pain_position, sharp, pleuritic, constant, four_hours, eight_hours, worse_with_breathing, worse_with_eating) VALUES (284, 284, 285, true, true, false, true, true, true, true);
INSERT INTO Symptoms (sxId, nausea, vomiting, loss_of_appetite) VALUES (284, true, true, true);
INSERT INTO Symptoms (sxId, fever, malaise, chills, bloating, indigestion) VALUES (285, true, true, true, true, true);
INSERT INTO Cases (diagnosisId, age, gender, majorSx, minorSx, painId) VALUES (2, 42, 'F', 284, 285, 284);
INSERT INTO Positions (posId, right_upper_quadrant, epigastrial) VALUES (286, false, true);
INSERT INTO Positions (posId, right_shoulder_blade) VALUES (287, true);
INSERT INTO Pain (pid, positionId, referred_pain_position, sharp, pleuritic, constant, four_hours, eight_hours, worse_with_breathing, worse_with_eating) VALUES (286, 286, 287, true, true, true, true, true, true, true);
INSERT INTO Symptoms (sxId, nausea, vomiting, loss_of_appetite) VALUES (286, true, true, true);
INSERT INTO Symptoms (sxId, fever, malaise, chills, bloating, indigestion) VALUES (287, true, true, true, true, false);
INSERT INTO Cases (diagnosisId, age, gender, majorSx, minorSx, painId) VALUES (2, 44, 'F', 286, 287, 286);
INSERT INTO Positions (posId, right_upper_quadrant, epigastrial) VALUES (288, true, true);
INSERT INTO Positions (posId, right_shoulder_blade) VALUES (289, true);
INSERT INTO Pain (pid, positionId, referred_pain_position, sharp, pleuritic, constant, four_hours, eight_hours, worse_with_breathing, worse_with_eating) VALUES (288, 288, 289, true, true, true, true, true, true, true);
INSERT INTO Symptoms (sxId, nausea, vomiting, loss_of_appetite) VALUES (288, true, true, true);
INSERT INTO Symptoms (sxId, fever, malaise, chills, bloating, indigestion) VALUES (289, true, true, true, true, true);
INSERT INTO Cases (diagnosisId, age, gender, majorSx, minorSx, painId) VALUES (2, 44, 'F', 288, 289, 288);
INSERT INTO Positions (posId, right_upper_quadrant, epigastrial) VALUES (290, true, true);
INSERT INTO Positions (posId, right_shoulder_blade) VALUES (291, true);
INSERT INTO Pain (pid, positionId, referred_pain_position, sharp, pleuritic, constant, four_hours, eight_hours, worse_with_breathing, worse_with_eating) VALUES (290, 290, 291, true, true, true, true, true, true, true);
INSERT INTO Symptoms (sxId, nausea, vomiting, loss_of_appetite) VALUES (290, true, true, true);
INSERT INTO Symptoms (sxId, fever, malaise, chills, bloating, indigestion) VALUES (291, true, true, true, true, true);
INSERT INTO Cases (diagnosisId, age, gender, majorSx, minorSx, painId) VALUES (2, 43, 'F', 290, 291, 290);
INSERT INTO Positions (posId, right_upper_quadrant, epigastrial) VALUES (292, true, true);
INSERT INTO Positions (posId, right_shoulder_blade) VALUES (293, true);
INSERT INTO Pain (pid, positionId, referred_pain_position, sharp, pleuritic, constant, four_hours, eight_hours, worse_with_breathing, worse_with_eating) VALUES (292, 292, 293, true, true, true, true, true, true, true);
INSERT INTO Symptoms (sxId, nausea, vomiting, loss_of_appetite) VALUES (292, true, true, true);
INSERT INTO Symptoms (sxId, fever, malaise, chills, bloating, indigestion) VALUES (293, true, true, false, true, true);
INSERT INTO Cases (diagnosisId, age, gender, majorSx, minorSx, painId) VALUES (2, 49, 'F', 292, 293, 292);
INSERT INTO Positions (posId, right_upper_quadrant, epigastrial) VALUES (294, true, true);
INSERT INTO Positions (posId, right_shoulder_blade) VALUES (295, true);
INSERT INTO Pain (pid, positionId, referred_pain_position, sharp, pleuritic, constant, four_hours, eight_hours, worse_with_breathing, worse_with_eating) VALUES (294, 294, 295, true, true, true, true, true, true, true);
INSERT INTO Symptoms (sxId, nausea, vomiting, loss_of_appetite) VALUES (294, true, true, true);
INSERT INTO Symptoms (sxId, fever, malaise, chills, bloating, indigestion) VALUES (295, true, true, true, true, true);
INSERT INTO Cases (diagnosisId, age, gender, majorSx, minorSx, painId) VALUES (2, 49, 'F', 294, 295, 294);
INSERT INTO Positions (posId, right_upper_quadrant, epigastrial) VALUES (296, true, true);
INSERT INTO Positions (posId, right_shoulder_blade) VALUES (297, true);
INSERT INTO Pain (pid, positionId, referred_pain_position, sharp, pleuritic, constant, four_hours, eight_hours, worse_with_breathing, worse_with_eating) VALUES (296, 296, 297, true, true, true, false, true, true, true);
INSERT INTO Symptoms (sxId, nausea, vomiting, loss_of_appetite) VALUES (296, true, true, true);
INSERT INTO Symptoms (sxId, fever, malaise, chills, bloating, indigestion) VALUES (297, true, false, false, true, true);
INSERT INTO Cases (diagnosisId, age, gender, majorSx, minorSx, painId) VALUES (2, 46, 'F', 296, 297, 296);
INSERT INTO Positions (posId, right_upper_quadrant, epigastrial) VALUES (298, true, false);
INSERT INTO Positions (posId, right_shoulder_blade) VALUES (299, true);
INSERT INTO Pain (pid, positionId, referred_pain_position, sharp, pleuritic, constant, four_hours, eight_hours, worse_with_breathing, worse_with_eating) VALUES (298, 298, 299, true, true, true, true, true, false, true);
INSERT INTO Symptoms (sxId, nausea, vomiting, loss_of_appetite) VALUES (298, true, true, true);
INSERT INTO Symptoms (sxId, fever, malaise, chills, bloating, indigestion) VALUES (299, true, true, false, true, true);
INSERT INTO Cases (diagnosisId, age, gender, majorSx, minorSx, painId) VALUES (2, 46, 'F', 298, 299, 298);
INSERT INTO Positions (posId, right_upper_quadrant, epigastrial) VALUES (300, true, true);
INSERT INTO Positions (posId, right_shoulder_blade) VALUES (301, true);
INSERT INTO Pain (pid, positionId, referred_pain_position, sharp, pleuritic, constant, four_hours, eight_hours, worse_with_breathing, worse_with_eating) VALUES (300, 300, 301, true, true, true, true, true, false, true);
INSERT INTO Symptoms (sxId, nausea, vomiting, loss_of_appetite) VALUES (300, true, true, true);
INSERT INTO Symptoms (sxId, fever, malaise, chills, bloating, indigestion) VALUES (301, true, true, true, true, true);
INSERT INTO Cases (diagnosisId, age, gender, majorSx, minorSx, painId) VALUES (2, 46, 'F', 300, 301, 300);
INSERT INTO Positions (posId, right_upper_quadrant, epigastrial) VALUES (302, true, true);
INSERT INTO Positions (posId, right_shoulder_blade) VALUES (303, true);
INSERT INTO Pain (pid, positionId, referred_pain_position, sharp, pleuritic, constant, four_hours, eight_hours, worse_with_breathing, worse_with_eating) VALUES (302, 302, 303, true, true, true, true, true, true, true);
INSERT INTO Symptoms (sxId, nausea, vomiting, loss_of_appetite) VALUES (302, true, true, true);
INSERT INTO Symptoms (sxId, fever, malaise, chills, bloating, indigestion) VALUES (303, true, true, true, true, true);
INSERT INTO Cases (diagnosisId, age, gender, majorSx, minorSx, painId) VALUES (2, 49, 'M', 302, 303, 302);
INSERT INTO Positions (posId, right_upper_quadrant, epigastrial) VALUES (304, true, true);
INSERT INTO Positions (posId, right_shoulder_blade) VALUES (305, true);
INSERT INTO Pain (pid, positionId, referred_pain_position, sharp, pleuritic, constant, four_hours, eight_hours, worse_with_breathing, worse_with_eating) VALUES (304, 304, 305, true, true, true, true, true, true, true);
INSERT INTO Symptoms (sxId, nausea, vomiting, loss_of_appetite) VALUES (304, true, true, true);
INSERT INTO Symptoms (sxId, fever, malaise, chills, bloating, indigestion) VALUES (305, true, true, true, true, true);
INSERT INTO Cases (diagnosisId, age, gender, majorSx, minorSx, painId) VALUES (2, 48, 'F', 304, 305, 304);
INSERT INTO Positions (posId, right_upper_quadrant, epigastrial) VALUES (306, true, true);
INSERT INTO Positions (posId, right_shoulder_blade) VALUES (307, true);
INSERT INTO Pain (pid, positionId, referred_pain_position, sharp, pleuritic, constant, four_hours, eight_hours, worse_with_breathing, worse_with_eating) VALUES (306, 306, 307, true, true, true, true, true, true, true);
INSERT INTO Symptoms (sxId, nausea, vomiting, loss_of_appetite) VALUES (306, true, true, true);
INSERT INTO Symptoms (sxId, fever, malaise, chills, bloating, indigestion) VALUES (307, true, true, true, true, true);
INSERT INTO Cases (diagnosisId, age, gender, majorSx, minorSx, painId) VALUES (2, 49, 'F', 306, 307, 306);
INSERT INTO Positions (posId, right_upper_quadrant, epigastrial) VALUES (308, true, true);
INSERT INTO Positions (posId, right_shoulder_blade) VALUES (309, true);
INSERT INTO Pain (pid, positionId, referred_pain_position, sharp, pleuritic, constant, four_hours, eight_hours, worse_with_breathing, worse_with_eating) VALUES (308, 308, 309, true, true, true, true, true, true, true);
INSERT INTO Symptoms (sxId, nausea, vomiting, loss_of_appetite) VALUES (308, false, true, true);
INSERT INTO Symptoms (sxId, fever, malaise, chills, bloating, indigestion) VALUES (309, true, true, true, false, true);
INSERT INTO Cases (diagnosisId, age, gender, majorSx, minorSx, painId) VALUES (2, 52, 'F', 308, 309, 308);
INSERT INTO Positions (posId, right_upper_quadrant, epigastrial) VALUES (310, true, true);
INSERT INTO Positions (posId, right_shoulder_blade) VALUES (311, true);
INSERT INTO Pain (pid, positionId, referred_pain_position, sharp, pleuritic, constant, four_hours, eight_hours, worse_with_breathing, worse_with_eating) VALUES (310, 310, 311, true, true, true, true, true, false, true);
INSERT INTO Symptoms (sxId, nausea, vomiting, loss_of_appetite) VALUES (310, true, true, true);
INSERT INTO Symptoms (sxId, fever, malaise, chills, bloating, indigestion) VALUES (311, true, true, true, true, true);
INSERT INTO Cases (diagnosisId, age, gender, majorSx, minorSx, painId) VALUES (2, 52, 'F', 310, 311, 310);
INSERT INTO Positions (posId, right_upper_quadrant, epigastrial) VALUES (312, true, true);
INSERT INTO Positions (posId, right_shoulder_blade) VALUES (313, true);
INSERT INTO Pain (pid, positionId, referred_pain_position, sharp, pleuritic, constant, four_hours, eight_hours, worse_with_breathing, worse_with_eating) VALUES (312, 312, 313, true, true, true, true, true, true, true);
INSERT INTO Symptoms (sxId, nausea, vomiting, loss_of_appetite) VALUES (312, true, true, true);
INSERT INTO Symptoms (sxId, fever, malaise, chills, bloating, indigestion) VALUES (313, true, true, true, true, true);
INSERT INTO Cases (diagnosisId, age, gender, majorSx, minorSx, painId) VALUES (2, 51, 'M', 312, 313, 312);
INSERT INTO Positions (posId, right_upper_quadrant, epigastrial) VALUES (314, true, true);
INSERT INTO Positions (posId, right_shoulder_blade) VALUES (315, true);
INSERT INTO Pain (pid, positionId, referred_pain_position, sharp, pleuritic, constant, four_hours, eight_hours, worse_with_breathing, worse_with_eating) VALUES (314, 314, 315, true, true, true, true, true, true, false);
INSERT INTO Symptoms (sxId, nausea, vomiting, loss_of_appetite) VALUES (314, false, true, true);
INSERT INTO Symptoms (sxId, fever, malaise, chills, bloating, indigestion) VALUES (315, true, true, true, true, true);
INSERT INTO Cases (diagnosisId, age, gender, majorSx, minorSx, painId) VALUES (2, 51, 'M', 314, 315, 314);
INSERT INTO Positions (posId, right_upper_quadrant, epigastrial) VALUES (316, true, true);
INSERT INTO Positions (posId, right_shoulder_blade) VALUES (317, false);
INSERT INTO Pain (pid, positionId, referred_pain_position, sharp, pleuritic, constant, four_hours, eight_hours, worse_with_breathing, worse_with_eating) VALUES (316, 316, 317, false, true, true, true, true, true, true);
INSERT INTO Symptoms (sxId, nausea, vomiting, loss_of_appetite) VALUES (316, false, true, true);
INSERT INTO Symptoms (sxId, fever, malaise, chills, bloating, indigestion) VALUES (317, true, true, true, true, true);
INSERT INTO Cases (diagnosisId, age, gender, majorSx, minorSx, painId) VALUES (2, 55, 'F', 316, 317, 316);
INSERT INTO Positions (posId, right_upper_quadrant, epigastrial) VALUES (318, true, true);
INSERT INTO Positions (posId, right_shoulder_blade) VALUES (319, true);
INSERT INTO Pain (pid, positionId, referred_pain_position, sharp, pleuritic, constant, four_hours, eight_hours, worse_with_breathing, worse_with_eating) VALUES (318, 318, 319, true, true, true, true, true, true, true);
INSERT INTO Symptoms (sxId, nausea, vomiting, loss_of_appetite) VALUES (318, true, true, true);
INSERT INTO Symptoms (sxId, fever, malaise, chills, bloating, indigestion) VALUES (319, true, true, true, true, true);
INSERT INTO Cases (diagnosisId, age, gender, majorSx, minorSx, painId) VALUES (2, 53, 'F', 318, 319, 318);
INSERT INTO Positions (posId, right_upper_quadrant, epigastrial) VALUES (320, true, true);
INSERT INTO Positions (posId, right_shoulder_blade) VALUES (321, true);
INSERT INTO Pain (pid, positionId, referred_pain_position, sharp, pleuritic, constant, four_hours, eight_hours, worse_with_breathing, worse_with_eating) VALUES (320, 320, 321, true, true, true, true, true, false, true);
INSERT INTO Symptoms (sxId, nausea, vomiting, loss_of_appetite) VALUES (320, true, true, true);
INSERT INTO Symptoms (sxId, fever, malaise, chills, bloating, indigestion) VALUES (321, true, true, true, true, true);
INSERT INTO Cases (diagnosisId, age, gender, majorSx, minorSx, painId) VALUES (2, 55, 'F', 320, 321, 320);
INSERT INTO Positions (posId, right_upper_quadrant, epigastrial) VALUES (322, true, true);
INSERT INTO Positions (posId, right_shoulder_blade) VALUES (323, true);
INSERT INTO Pain (pid, positionId, referred_pain_position, sharp, pleuritic, constant, four_hours, eight_hours, worse_with_breathing, worse_with_eating) VALUES (322, 322, 323, true, true, true, true, true, true, true);
INSERT INTO Symptoms (sxId, nausea, vomiting, loss_of_appetite) VALUES (322, true, true, true);
INSERT INTO Symptoms (sxId, fever, malaise, chills, bloating, indigestion) VALUES (323, true, true, true, true, true);
INSERT INTO Cases (diagnosisId, age, gender, majorSx, minorSx, painId) VALUES (2, 56, 'F', 322, 323, 322);
INSERT INTO Positions (posId, right_upper_quadrant, epigastrial) VALUES (324, false, true);
INSERT INTO Positions (posId, right_shoulder_blade) VALUES (325, true);
INSERT INTO Pain (pid, positionId, referred_pain_position, sharp, pleuritic, constant, four_hours, eight_hours, worse_with_breathing, worse_with_eating) VALUES (324, 324, 325, true, true, true, true, true, true, true);
INSERT INTO Symptoms (sxId, nausea, vomiting, loss_of_appetite) VALUES (324, true, true, true);
INSERT INTO Symptoms (sxId, fever, malaise, chills, bloating, indigestion) VALUES (325, true, false, true, true, true);
INSERT INTO Cases (diagnosisId, age, gender, majorSx, minorSx, painId) VALUES (2, 56, 'F', 324, 325, 324);
INSERT INTO Positions (posId, right_upper_quadrant, epigastrial) VALUES (326, true, true);
INSERT INTO Positions (posId, right_shoulder_blade) VALUES (327, true);
INSERT INTO Pain (pid, positionId, referred_pain_position, sharp, pleuritic, constant, four_hours, eight_hours, worse_with_breathing, worse_with_eating) VALUES (326, 326, 327, true, true, true, true, true, true, true);
INSERT INTO Symptoms (sxId, nausea, vomiting, loss_of_appetite) VALUES (326, true, true, true);
INSERT INTO Symptoms (sxId, fever, malaise, chills, bloating, indigestion) VALUES (327, true, true, true, true, true);
INSERT INTO Cases (diagnosisId, age, gender, majorSx, minorSx, painId) VALUES (2, 60, 'F', 326, 327, 326);
INSERT INTO Positions (posId, right_upper_quadrant, epigastrial) VALUES (328, true, true);
INSERT INTO Positions (posId, right_shoulder_blade) VALUES (329, true);
INSERT INTO Pain (pid, positionId, referred_pain_position, sharp, pleuritic, constant, four_hours, eight_hours, worse_with_breathing, worse_with_eating) VALUES (328, 328, 329, true, true, false, true, true, true, true);
INSERT INTO Symptoms (sxId, nausea, vomiting, loss_of_appetite) VALUES (328, true, true, true);
INSERT INTO Symptoms (sxId, fever, malaise, chills, bloating, indigestion) VALUES (329, true, true, false, true, true);
INSERT INTO Cases (diagnosisId, age, gender, majorSx, minorSx, painId) VALUES (2, 56, 'F', 328, 329, 328);
INSERT INTO Positions (posId, right_upper_quadrant, epigastrial) VALUES (330, true, true);
INSERT INTO Positions (posId, right_shoulder_blade) VALUES (331, true);
INSERT INTO Pain (pid, positionId, referred_pain_position, sharp, pleuritic, constant, four_hours, eight_hours, worse_with_breathing, worse_with_eating) VALUES (330, 330, 331, true, false, true, true, true, true, true);
INSERT INTO Symptoms (sxId, nausea, vomiting, loss_of_appetite) VALUES (330, true, true, true);
INSERT INTO Symptoms (sxId, fever, malaise, chills, bloating, indigestion) VALUES (331, true, true, true, true, true);
INSERT INTO Cases (diagnosisId, age, gender, majorSx, minorSx, painId) VALUES (2, 60, 'F', 330, 331, 330);
INSERT INTO Positions (posId, right_upper_quadrant, epigastrial) VALUES (332, true, true);
INSERT INTO Positions (posId, right_shoulder_blade) VALUES (333, true);
INSERT INTO Pain (pid, positionId, referred_pain_position, sharp, pleuritic, constant, four_hours, eight_hours, worse_with_breathing, worse_with_eating) VALUES (332, 332, 333, true, false, true, true, false, true, true);
INSERT INTO Symptoms (sxId, nausea, vomiting, loss_of_appetite) VALUES (332, true, true, true);
INSERT INTO Symptoms (sxId, fever, malaise, chills, bloating, indigestion) VALUES (333, true, true, false, true, true);
INSERT INTO Cases (diagnosisId, age, gender, majorSx, minorSx, painId) VALUES (2, 59, 'M', 332, 333, 332);
INSERT INTO Positions (posId, right_upper_quadrant, epigastrial) VALUES (334, true, true);
INSERT INTO Positions (posId, right_shoulder_blade) VALUES (335, true);
INSERT INTO Pain (pid, positionId, referred_pain_position, sharp, pleuritic, constant, four_hours, eight_hours, worse_with_breathing, worse_with_eating) VALUES (334, 334, 335, true, true, true, true, true, true, true);
INSERT INTO Symptoms (sxId, nausea, vomiting, loss_of_appetite) VALUES (334, true, true, true);
INSERT INTO Symptoms (sxId, fever, malaise, chills, bloating, indigestion) VALUES (335, true, true, true, true, false);
INSERT INTO Cases (diagnosisId, age, gender, majorSx, minorSx, painId) VALUES (2, 56, 'F', 334, 335, 334);
INSERT INTO Positions (posId, right_upper_quadrant, epigastrial) VALUES (336, true, false);
INSERT INTO Positions (posId, right_shoulder_blade) VALUES (337, false);
INSERT INTO Pain (pid, positionId, referred_pain_position, sharp, pleuritic, constant, four_hours, eight_hours, worse_with_breathing, worse_with_eating) VALUES (336, 336, 337, true, false, true, true, true, true, true);
INSERT INTO Symptoms (sxId, nausea, vomiting, loss_of_appetite) VALUES (336, true, true, true);
INSERT INTO Symptoms (sxId, fever, malaise, chills, bloating, indigestion) VALUES (337, true, true, true, true, true);
INSERT INTO Cases (diagnosisId, age, gender, majorSx, minorSx, painId) VALUES (2, 65, 'F', 336, 337, 336);
INSERT INTO Positions (posId, right_upper_quadrant, epigastrial) VALUES (338, true, false);
INSERT INTO Positions (posId, right_shoulder_blade) VALUES (339, false);
INSERT INTO Pain (pid, positionId, referred_pain_position, sharp, pleuritic, constant, four_hours, eight_hours, worse_with_breathing, worse_with_eating) VALUES (338, 338, 339, false, true, true, true, false, true, true);
INSERT INTO Symptoms (sxId, nausea, vomiting, loss_of_appetite) VALUES (338, true, true, true);
INSERT INTO Symptoms (sxId, fever, malaise, chills, bloating, indigestion) VALUES (339, true, true, true, true, true);
INSERT INTO Cases (diagnosisId, age, gender, majorSx, minorSx, painId) VALUES (2, 62, 'F', 338, 339, 338);
INSERT INTO Positions (posId, right_upper_quadrant, epigastrial) VALUES (340, true, true);
INSERT INTO Positions (posId, right_shoulder_blade) VALUES (341, true);
INSERT INTO Pain (pid, positionId, referred_pain_position, sharp, pleuritic, constant, four_hours, eight_hours, worse_with_breathing, worse_with_eating) VALUES (340, 340, 341, true, true, true, true, true, true, true);
INSERT INTO Symptoms (sxId, nausea, vomiting, loss_of_appetite) VALUES (340, true, true, true);
INSERT INTO Symptoms (sxId, fever, malaise, chills, bloating, indigestion) VALUES (341, true, false, true, true, true);
INSERT INTO Cases (diagnosisId, age, gender, majorSx, minorSx, painId) VALUES (2, 65, 'F', 340, 341, 340);
INSERT INTO Positions (posId, right_upper_quadrant, epigastrial) VALUES (342, true, true);
INSERT INTO Positions (posId, right_shoulder_blade) VALUES (343, true);
INSERT INTO Pain (pid, positionId, referred_pain_position, sharp, pleuritic, constant, four_hours, eight_hours, worse_with_breathing, worse_with_eating) VALUES (342, 342, 343, true, true, true, true, true, true, true);
INSERT INTO Symptoms (sxId, nausea, vomiting, loss_of_appetite) VALUES (342, true, true, false);
INSERT INTO Symptoms (sxId, fever, malaise, chills, bloating, indigestion) VALUES (343, true, true, true, true, false);
INSERT INTO Cases (diagnosisId, age, gender, majorSx, minorSx, painId) VALUES (2, 65, 'F', 342, 343, 342);
INSERT INTO Positions (posId, right_upper_quadrant, epigastrial) VALUES (344, false, true);
INSERT INTO Positions (posId, right_shoulder_blade) VALUES (345, true);
INSERT INTO Pain (pid, positionId, referred_pain_position, sharp, pleuritic, constant, four_hours, eight_hours, worse_with_breathing, worse_with_eating) VALUES (344, 344, 345, false, true, false, true, true, true, true);
INSERT INTO Symptoms (sxId, nausea, vomiting, loss_of_appetite) VALUES (344, true, true, true);
INSERT INTO Symptoms (sxId, fever, malaise, chills, bloating, indigestion) VALUES (345, true, true, true, true, true);
INSERT INTO Cases (diagnosisId, age, gender, majorSx, minorSx, painId) VALUES (2, 61, 'M', 344, 345, 344);
INSERT INTO Positions (posId, right_upper_quadrant, epigastrial) VALUES (346, true, true);
INSERT INTO Positions (posId, right_shoulder_blade) VALUES (347, true);
INSERT INTO Pain (pid, positionId, referred_pain_position, sharp, pleuritic, constant, four_hours, eight_hours, worse_with_breathing, worse_with_eating) VALUES (346, 346, 347, true, true, true, true, true, true, true);
INSERT INTO Symptoms (sxId, nausea, vomiting, loss_of_appetite) VALUES (346, true, false, true);
INSERT INTO Symptoms (sxId, fever, malaise, chills, bloating, indigestion) VALUES (347, false, true, true, false, true);
INSERT INTO Cases (diagnosisId, age, gender, majorSx, minorSx, painId) VALUES (2, 65, 'F', 346, 347, 346);
INSERT INTO Positions (posId, right_upper_quadrant, epigastrial) VALUES (348, false, true);
INSERT INTO Positions (posId, right_shoulder_blade) VALUES (349, true);
INSERT INTO Pain (pid, positionId, referred_pain_position, sharp, pleuritic, constant, four_hours, eight_hours, worse_with_breathing, worse_with_eating) VALUES (348, 348, 349, true, true, true, true, true, true, true);
INSERT INTO Symptoms (sxId, nausea, vomiting, loss_of_appetite) VALUES (348, true, true, true);
INSERT INTO Symptoms (sxId, fever, malaise, chills, bloating, indigestion) VALUES (349, true, true, true, true, true);
INSERT INTO Cases (diagnosisId, age, gender, majorSx, minorSx, painId) VALUES (2, 62, 'F', 348, 349, 348);
INSERT INTO Positions (posId, right_upper_quadrant, epigastrial) VALUES (350, true, true);
INSERT INTO Positions (posId, right_shoulder_blade) VALUES (351, true);
INSERT INTO Pain (pid, positionId, referred_pain_position, sharp, pleuritic, constant, four_hours, eight_hours, worse_with_breathing, worse_with_eating) VALUES (350, 350, 351, true, true, true, true, true, true, true);
INSERT INTO Symptoms (sxId, nausea, vomiting, loss_of_appetite) VALUES (350, true, true, true);
INSERT INTO Symptoms (sxId, fever, malaise, chills, bloating, indigestion) VALUES (351, true, true, true, true, true);
INSERT INTO Cases (diagnosisId, age, gender, majorSx, minorSx, painId) VALUES (2, 68, 'F', 350, 351, 350);
INSERT INTO Positions (posId, right_upper_quadrant, epigastrial) VALUES (352, true, false);
INSERT INTO Positions (posId, right_shoulder_blade) VALUES (353, true);
INSERT INTO Pain (pid, positionId, referred_pain_position, sharp, pleuritic, constant, four_hours, eight_hours, worse_with_breathing, worse_with_eating) VALUES (352, 352, 353, true, true, true, true, true, true, true);
INSERT INTO Symptoms (sxId, nausea, vomiting, loss_of_appetite) VALUES (352, true, true, true);
INSERT INTO Symptoms (sxId, fever, malaise, chills, bloating, indigestion) VALUES (353, true, true, true, true, true);
INSERT INTO Cases (diagnosisId, age, gender, majorSx, minorSx, painId) VALUES (2, 66, 'F', 352, 353, 352);
INSERT INTO Positions (posId, right_upper_quadrant, epigastrial) VALUES (354, true, true);
INSERT INTO Positions (posId, right_shoulder_blade) VALUES (355, false);
INSERT INTO Pain (pid, positionId, referred_pain_position, sharp, pleuritic, constant, four_hours, eight_hours, worse_with_breathing, worse_with_eating) VALUES (354, 354, 355, true, true, true, false, true, true, true);
INSERT INTO Symptoms (sxId, nausea, vomiting, loss_of_appetite) VALUES (354, true, true, true);
INSERT INTO Symptoms (sxId, fever, malaise, chills, bloating, indigestion) VALUES (355, true, true, true, true, true);
INSERT INTO Cases (diagnosisId, age, gender, majorSx, minorSx, painId) VALUES (2, 70, 'F', 354, 355, 354);
INSERT INTO Positions (posId, right_upper_quadrant, epigastrial) VALUES (356, true, true);
INSERT INTO Positions (posId, right_shoulder_blade) VALUES (357, true);
INSERT INTO Pain (pid, positionId, referred_pain_position, sharp, pleuritic, constant, four_hours, eight_hours, worse_with_breathing, worse_with_eating) VALUES (356, 356, 357, true, true, true, true, true, true, true);
INSERT INTO Symptoms (sxId, nausea, vomiting, loss_of_appetite) VALUES (356, true, true, false);
INSERT INTO Symptoms (sxId, fever, malaise, chills, bloating, indigestion) VALUES (357, true, true, true, true, true);
INSERT INTO Cases (diagnosisId, age, gender, majorSx, minorSx, painId) VALUES (2, 68, 'M', 356, 357, 356);
INSERT INTO Positions (posId, right_upper_quadrant, epigastrial) VALUES (358, true, true);
INSERT INTO Positions (posId, right_shoulder_blade) VALUES (359, true);
INSERT INTO Pain (pid, positionId, referred_pain_position, sharp, pleuritic, constant, four_hours, eight_hours, worse_with_breathing, worse_with_eating) VALUES (358, 358, 359, true, true, true, true, true, true, false);
INSERT INTO Symptoms (sxId, nausea, vomiting, loss_of_appetite) VALUES (358, true, true, false);
INSERT INTO Symptoms (sxId, fever, malaise, chills, bloating, indigestion) VALUES (359, true, true, true, true, true);
INSERT INTO Cases (diagnosisId, age, gender, majorSx, minorSx, painId) VALUES (2, 66, 'F', 358, 359, 358);
INSERT INTO Positions (posId, right_upper_quadrant, epigastrial) VALUES (360, true, true);
INSERT INTO Positions (posId, right_shoulder_blade) VALUES (361, true);
INSERT INTO Pain (pid, positionId, referred_pain_position, sharp, pleuritic, constant, four_hours, eight_hours, worse_with_breathing, worse_with_eating) VALUES (360, 360, 361, false, true, true, true, true, true, false);
INSERT INTO Symptoms (sxId, nausea, vomiting, loss_of_appetite) VALUES (360, true, true, true);
INSERT INTO Symptoms (sxId, fever, malaise, chills, bloating, indigestion) VALUES (361, true, true, true, true, true);
INSERT INTO Cases (diagnosisId, age, gender, majorSx, minorSx, painId) VALUES (2, 70, 'F', 360, 361, 360);
INSERT INTO Positions (posId, right_upper_quadrant, epigastrial) VALUES (362, true, true);
INSERT INTO Positions (posId, right_shoulder_blade) VALUES (363, true);
INSERT INTO Pain (pid, positionId, referred_pain_position, sharp, pleuritic, constant, four_hours, eight_hours, worse_with_breathing, worse_with_eating) VALUES (362, 362, 363, true, true, true, true, true, true, true);
INSERT INTO Symptoms (sxId, nausea, vomiting, loss_of_appetite) VALUES (362, true, true, true);
INSERT INTO Symptoms (sxId, fever, malaise, chills, bloating, indigestion) VALUES (363, false, true, true, true, true);
INSERT INTO Cases (diagnosisId, age, gender, majorSx, minorSx, painId) VALUES (2, 66, 'F', 362, 363, 362);
INSERT INTO Positions (posId, right_upper_quadrant, epigastrial) VALUES (364, true, true);
INSERT INTO Positions (posId, right_shoulder_blade) VALUES (365, true);
INSERT INTO Pain (pid, positionId, referred_pain_position, sharp, pleuritic, constant, four_hours, eight_hours, worse_with_breathing, worse_with_eating) VALUES (364, 364, 365, true, true, true, true, true, true, true);
INSERT INTO Symptoms (sxId, nausea, vomiting, loss_of_appetite) VALUES (364, true, true, true);
INSERT INTO Symptoms (sxId, fever, malaise, chills, bloating, indigestion) VALUES (365, true, true, true, true, true);
INSERT INTO Cases (diagnosisId, age, gender, majorSx, minorSx, painId) VALUES (2, 74, 'F', 364, 365, 364);
INSERT INTO Positions (posId, right_upper_quadrant, epigastrial) VALUES (366, true, false);
INSERT INTO Positions (posId, right_shoulder_blade) VALUES (367, true);
INSERT INTO Pain (pid, positionId, referred_pain_position, sharp, pleuritic, constant, four_hours, eight_hours, worse_with_breathing, worse_with_eating) VALUES (366, 366, 367, true, true, true, true, true, true, false);
INSERT INTO Symptoms (sxId, nausea, vomiting, loss_of_appetite) VALUES (366, true, true, false);
INSERT INTO Symptoms (sxId, fever, malaise, chills, bloating, indigestion) VALUES (367, true, true, true, true, true);
INSERT INTO Cases (diagnosisId, age, gender, majorSx, minorSx, painId) VALUES (2, 73, 'M', 366, 367, 366);
INSERT INTO Positions (posId, right_upper_quadrant, epigastrial) VALUES (368, true, true);
INSERT INTO Positions (posId, right_shoulder_blade) VALUES (369, false);
INSERT INTO Pain (pid, positionId, referred_pain_position, sharp, pleuritic, constant, four_hours, eight_hours, worse_with_breathing, worse_with_eating) VALUES (368, 368, 369, false, true, true, true, true, true, true);
INSERT INTO Symptoms (sxId, nausea, vomiting, loss_of_appetite) VALUES (368, true, true, true);
INSERT INTO Symptoms (sxId, fever, malaise, chills, bloating, indigestion) VALUES (369, true, true, true, true, true);
INSERT INTO Cases (diagnosisId, age, gender, majorSx, minorSx, painId) VALUES (2, 72, 'M', 368, 369, 368);
INSERT INTO Positions (posId, right_upper_quadrant, epigastrial) VALUES (370, true, true);
INSERT INTO Positions (posId, right_shoulder_blade) VALUES (371, true);
INSERT INTO Pain (pid, positionId, referred_pain_position, sharp, pleuritic, constant, four_hours, eight_hours, worse_with_breathing, worse_with_eating) VALUES (370, 370, 371, true, true, true, true, true, true, true);
INSERT INTO Symptoms (sxId, nausea, vomiting, loss_of_appetite) VALUES (370, true, true, true);
INSERT INTO Symptoms (sxId, fever, malaise, chills, bloating, indigestion) VALUES (371, true, true, true, true, true);
INSERT INTO Cases (diagnosisId, age, gender, majorSx, minorSx, painId) VALUES (2, 71, 'F', 370, 371, 370);
INSERT INTO Positions (posId, right_upper_quadrant, epigastrial) VALUES (372, true, true);
INSERT INTO Positions (posId, right_shoulder_blade) VALUES (373, true);
INSERT INTO Pain (pid, positionId, referred_pain_position, sharp, pleuritic, constant, four_hours, eight_hours, worse_with_breathing, worse_with_eating) VALUES (372, 372, 373, true, true, true, true, true, true, true);
INSERT INTO Symptoms (sxId, nausea, vomiting, loss_of_appetite) VALUES (372, true, true, true);
INSERT INTO Symptoms (sxId, fever, malaise, chills, bloating, indigestion) VALUES (373, true, true, true, true, true);
INSERT INTO Cases (diagnosisId, age, gender, majorSx, minorSx, painId) VALUES (2, 74, 'F', 372, 373, 372);
INSERT INTO Positions (posId, right_upper_quadrant, epigastrial) VALUES (374, true, true);
INSERT INTO Positions (posId, right_shoulder_blade) VALUES (375, true);
INSERT INTO Pain (pid, positionId, referred_pain_position, sharp, pleuritic, constant, four_hours, eight_hours, worse_with_breathing, worse_with_eating) VALUES (374, 374, 375, true, false, true, true, true, true, true);
INSERT INTO Symptoms (sxId, nausea, vomiting, loss_of_appetite) VALUES (374, true, false, true);
INSERT INTO Symptoms (sxId, fever, malaise, chills, bloating, indigestion) VALUES (375, false, true, true, true, false);
INSERT INTO Cases (diagnosisId, age, gender, majorSx, minorSx, painId) VALUES (2, 73, 'F', 374, 375, 374);
INSERT INTO Positions (posId, right_upper_quadrant, epigastrial) VALUES (376, true, false);
INSERT INTO Positions (posId, right_shoulder_blade) VALUES (377, true);
INSERT INTO Pain (pid, positionId, referred_pain_position, sharp, pleuritic, constant, four_hours, eight_hours, worse_with_breathing, worse_with_eating) VALUES (376, 376, 377, true, true, true, true, false, true, true);
INSERT INTO Symptoms (sxId, nausea, vomiting, loss_of_appetite) VALUES (376, true, true, true);
INSERT INTO Symptoms (sxId, fever, malaise, chills, bloating, indigestion) VALUES (377, true, true, true, true, true);
INSERT INTO Cases (diagnosisId, age, gender, majorSx, minorSx, painId) VALUES (2, 75, 'F', 376, 377, 376);
INSERT INTO Positions (posId, right_upper_quadrant, epigastrial) VALUES (378, true, true);
INSERT INTO Positions (posId, right_shoulder_blade) VALUES (379, true);
INSERT INTO Pain (pid, positionId, referred_pain_position, sharp, pleuritic, constant, four_hours, eight_hours, worse_with_breathing, worse_with_eating) VALUES (378, 378, 379, true, true, true, true, true, true, true);
INSERT INTO Symptoms (sxId, nausea, vomiting, loss_of_appetite) VALUES (378, true, true, false);
INSERT INTO Symptoms (sxId, fever, malaise, chills, bloating, indigestion) VALUES (379, true, true, true, true, true);
INSERT INTO Cases (diagnosisId, age, gender, majorSx, minorSx, painId) VALUES (2, 79, 'M', 378, 379, 378);
INSERT INTO Positions (posId, right_upper_quadrant, epigastrial) VALUES (380, true, true);
INSERT INTO Positions (posId, right_shoulder_blade) VALUES (381, true);
INSERT INTO Pain (pid, positionId, referred_pain_position, sharp, pleuritic, constant, four_hours, eight_hours, worse_with_breathing, worse_with_eating) VALUES (380, 380, 381, true, true, false, true, true, true, true);
INSERT INTO Symptoms (sxId, nausea, vomiting, loss_of_appetite) VALUES (380, false, true, true);
INSERT INTO Symptoms (sxId, fever, malaise, chills, bloating, indigestion) VALUES (381, true, true, true, true, true);
INSERT INTO Cases (diagnosisId, age, gender, majorSx, minorSx, painId) VALUES (2, 78, 'M', 380, 381, 380);
INSERT INTO Positions (posId, right_upper_quadrant, epigastrial) VALUES (382, true, true);
INSERT INTO Positions (posId, right_shoulder_blade) VALUES (383, true);
INSERT INTO Pain (pid, positionId, referred_pain_position, sharp, pleuritic, constant, four_hours, eight_hours, worse_with_breathing, worse_with_eating) VALUES (382, 382, 383, true, true, true, true, true, true, true);
INSERT INTO Symptoms (sxId, nausea, vomiting, loss_of_appetite) VALUES (382, true, true, false);
INSERT INTO Symptoms (sxId, fever, malaise, chills, bloating, indigestion) VALUES (383, true, true, true, false, true);
INSERT INTO Cases (diagnosisId, age, gender, majorSx, minorSx, painId) VALUES (2, 80, 'F', 382, 383, 382);
INSERT INTO Positions (posId, right_upper_quadrant, epigastrial) VALUES (384, true, true);
INSERT INTO Positions (posId, right_shoulder_blade) VALUES (385, true);
INSERT INTO Pain (pid, positionId, referred_pain_position, sharp, pleuritic, constant, four_hours, eight_hours, worse_with_breathing, worse_with_eating) VALUES (384, 384, 385, false, true, true, true, true, true, true);
INSERT INTO Symptoms (sxId, nausea, vomiting, loss_of_appetite) VALUES (384, true, false, true);
INSERT INTO Symptoms (sxId, fever, malaise, chills, bloating, indigestion) VALUES (385, true, true, false, true, true);
INSERT INTO Cases (diagnosisId, age, gender, majorSx, minorSx, painId) VALUES (2, 80, 'F', 384, 385, 384);
INSERT INTO Positions (posId, right_upper_quadrant, epigastrial) VALUES (386, true, true);
INSERT INTO Positions (posId, right_shoulder_blade) VALUES (387, true);
INSERT INTO Pain (pid, positionId, referred_pain_position, sharp, pleuritic, constant, four_hours, eight_hours, worse_with_breathing, worse_with_eating) VALUES (386, 386, 387, false, true, false, true, false, true, true);
INSERT INTO Symptoms (sxId, nausea, vomiting, loss_of_appetite) VALUES (386, true, false, false);
INSERT INTO Symptoms (sxId, fever, malaise, chills, bloating, indigestion) VALUES (387, true, true, true, true, true);
INSERT INTO Cases (diagnosisId, age, gender, majorSx, minorSx, painId) VALUES (2, 78, 'F', 386, 387, 386);
INSERT INTO Positions (posId, right_upper_quadrant, epigastrial) VALUES (388, true, true);
INSERT INTO Positions (posId, right_shoulder_blade) VALUES (389, true);
INSERT INTO Pain (pid, positionId, referred_pain_position, sharp, pleuritic, constant, four_hours, eight_hours, worse_with_breathing, worse_with_eating) VALUES (388, 388, 389, true, true, true, false, true, false, true);
INSERT INTO Symptoms (sxId, nausea, vomiting, loss_of_appetite) VALUES (388, true, true, true);
INSERT INTO Symptoms (sxId, fever, malaise, chills, bloating, indigestion) VALUES (389, true, true, false, true, true);
INSERT INTO Cases (diagnosisId, age, gender, majorSx, minorSx, painId) VALUES (2, 83, 'F', 388, 389, 388);
INSERT INTO Positions (posId, right_upper_quadrant, epigastrial) VALUES (390, true, true);
INSERT INTO Positions (posId, right_shoulder_blade) VALUES (391, true);
INSERT INTO Pain (pid, positionId, referred_pain_position, sharp, pleuritic, constant, four_hours, eight_hours, worse_with_breathing, worse_with_eating) VALUES (390, 390, 391, true, true, false, true, true, true, true);
INSERT INTO Symptoms (sxId, nausea, vomiting, loss_of_appetite) VALUES (390, true, true, true);
INSERT INTO Symptoms (sxId, fever, malaise, chills, bloating, indigestion) VALUES (391, false, true, true, false, true);
INSERT INTO Cases (diagnosisId, age, gender, majorSx, minorSx, painId) VALUES (2, 83, 'F', 390, 391, 390);
INSERT INTO Positions (posId, right_upper_quadrant, epigastrial) VALUES (392, true, true);
INSERT INTO Positions (posId, right_shoulder_blade) VALUES (393, true);
INSERT INTO Pain (pid, positionId, referred_pain_position, sharp, pleuritic, constant, four_hours, eight_hours, worse_with_breathing, worse_with_eating) VALUES (392, 392, 393, true, true, true, true, true, true, true);
INSERT INTO Symptoms (sxId, nausea, vomiting, loss_of_appetite) VALUES (392, true, true, true);
INSERT INTO Symptoms (sxId, fever, malaise, chills, bloating, indigestion) VALUES (393, true, true, true, true, true);
INSERT INTO Cases (diagnosisId, age, gender, majorSx, minorSx, painId) VALUES (2, 89, 'F', 392, 393, 392);
INSERT INTO Positions (posId, right_upper_quadrant, epigastrial) VALUES (394, true, true);
INSERT INTO Positions (posId, right_shoulder_blade) VALUES (395, true);
INSERT INTO Pain (pid, positionId, referred_pain_position, sharp, pleuritic, constant, four_hours, eight_hours, worse_with_breathing, worse_with_eating) VALUES (394, 394, 395, true, true, false, false, true, true, true);
INSERT INTO Symptoms (sxId, nausea, vomiting, loss_of_appetite) VALUES (394, true, true, true);
INSERT INTO Symptoms (sxId, fever, malaise, chills, bloating, indigestion) VALUES (395, true, true, true, true, true);
INSERT INTO Cases (diagnosisId, age, gender, majorSx, minorSx, painId) VALUES (2, 87, 'F', 394, 395, 394);
INSERT INTO Positions (posId, right_upper_quadrant, epigastrial) VALUES (396, true, true);
INSERT INTO Positions (posId, right_shoulder_blade) VALUES (397, true);
INSERT INTO Pain (pid, positionId, referred_pain_position, sharp, pleuritic, constant, four_hours, eight_hours, worse_with_breathing, worse_with_eating) VALUES (396, 396, 397, true, true, false, true, true, true, true);
INSERT INTO Symptoms (sxId, nausea, vomiting, loss_of_appetite) VALUES (396, true, true, true);
INSERT INTO Symptoms (sxId, fever, malaise, chills, bloating, indigestion) VALUES (397, true, true, true, true, true);
INSERT INTO Cases (diagnosisId, age, gender, majorSx, minorSx, painId) VALUES (2, 92, 'F', 396, 397, 396);
INSERT INTO Positions (posId, right_upper_quadrant, epigastrial) VALUES (398, true, true);
INSERT INTO Positions (posId, right_shoulder_blade) VALUES (399, true);
INSERT INTO Pain (pid, positionId, referred_pain_position, sharp, pleuritic, constant, four_hours, eight_hours, worse_with_breathing, worse_with_eating) VALUES (398, 398, 399, true, true, true, true, true, true, true);
INSERT INTO Symptoms (sxId, nausea, vomiting, loss_of_appetite) VALUES (398, true, true, true);
INSERT INTO Symptoms (sxId, fever, malaise, chills, bloating, indigestion) VALUES (399, true, true, false, true, true);
INSERT INTO Cases (diagnosisId, age, gender, majorSx, minorSx, painId) VALUES (2, 105, 'F', 398, 399, 398);
INSERT INTO Positions (posId, right_upper_quadrant, epigastrial) VALUES (400, true, true);
INSERT INTO Positions (posId, right_shoulder_blade) VALUES (401, true);
INSERT INTO Pain (pid, positionId, referred_pain_position, sharp, pleuritic, constant, four_hours, eight_hours, worse_with_breathing, worse_with_eating) VALUES (400, 400, 401, false, false, true, true, true, true, true);
INSERT INTO Symptoms (sxId, nausea, vomiting, loss_of_appetite) VALUES (400, true, true, true);
INSERT INTO Symptoms (sxId, fever, malaise, chills, bloating, indigestion) VALUES (401, true, true, true, true, true);
INSERT INTO Cases (diagnosisId, age, gender, majorSx, minorSx, painId) VALUES (2, 101, 'F', 400, 401, 400);
Insert INTO Diagnosis (dId, dname) Values (3, 'Cholecystitis');
INSERT INTO Positions (posId, right_upper_quadrant, epigastrial) VALUES (402, true, true);
INSERT INTO Positions (posId, right_shoulder_blade) VALUES (403, true);
INSERT INTO Pain (pid, positionId, referred_pain_position, sharp, pleuritic, constant, four_hours, eight_hours, one_day, two_days, one_week, worse_with_breathing, worse_with_eating) VALUES (402, 402, 403, true, true, true, true, true, true, false, true, true, true);
INSERT INTO Symptoms (sxId, nausea, vomiting, loss_of_appetite) VALUES (402, true, true, true);
INSERT INTO Symptoms (sxId, fever, malaise, chills, bloating, jaundice, indigestion) VALUES (403, false, true, true, true, true, true);
INSERT INTO Cases (diagnosisId, age, gender, majorSx, minorSx, painId) VALUES (3, 12, 'M', 402, 403, 402);
INSERT INTO Positions (posId, right_upper_quadrant, epigastrial) VALUES (404, true, true);
INSERT INTO Positions (posId, right_shoulder_blade) VALUES (405, true);
INSERT INTO Pain (pid, positionId, referred_pain_position, sharp, pleuritic, constant, four_hours, eight_hours, one_day, two_days, one_week, worse_with_breathing, worse_with_eating) VALUES (404, 404, 405, true, true, true, true, true, true, true, true, false, true);
INSERT INTO Symptoms (sxId, nausea, vomiting, loss_of_appetite) VALUES (404, true, true, true);
INSERT INTO Symptoms (sxId, fever, malaise, chills, bloating, jaundice, indigestion) VALUES (405, true, true, true, true, false, true);
INSERT INTO Cases (diagnosisId, age, gender, majorSx, minorSx, painId) VALUES (3, 14, 'F', 404, 405, 404);
INSERT INTO Positions (posId, right_upper_quadrant, epigastrial) VALUES (406, true, true);
INSERT INTO Positions (posId, right_shoulder_blade) VALUES (407, true);
INSERT INTO Pain (pid, positionId, referred_pain_position, sharp, pleuritic, constant, four_hours, eight_hours, one_day, two_days, one_week, worse_with_breathing, worse_with_eating) VALUES (406, 406, 407, true, true, true, true, true, false, true, true, true, true);
INSERT INTO Symptoms (sxId, nausea, vomiting, loss_of_appetite) VALUES (406, true, true, true);
INSERT INTO Symptoms (sxId, fever, malaise, chills, bloating, jaundice, indigestion) VALUES (407, true, true, true, true, true, true);
INSERT INTO Cases (diagnosisId, age, gender, majorSx, minorSx, painId) VALUES (3, 18, 'F', 406, 407, 406);
INSERT INTO Positions (posId, right_upper_quadrant, epigastrial) VALUES (408, true, true);
INSERT INTO Positions (posId, right_shoulder_blade) VALUES (409, true);
INSERT INTO Pain (pid, positionId, referred_pain_position, sharp, pleuritic, constant, four_hours, eight_hours, one_day, two_days, one_week, worse_with_breathing, worse_with_eating) VALUES (408, 408, 409, true, false, true, true, true, true, true, true, true, true);
INSERT INTO Symptoms (sxId, nausea, vomiting, loss_of_appetite) VALUES (408, false, true, true);
INSERT INTO Symptoms (sxId, fever, malaise, chills, bloating, jaundice, indigestion) VALUES (409, true, true, true, true, true, true);
INSERT INTO Cases (diagnosisId, age, gender, majorSx, minorSx, painId) VALUES (3, 19, 'M', 408, 409, 408);
INSERT INTO Positions (posId, right_upper_quadrant, epigastrial) VALUES (410, true, true);
INSERT INTO Positions (posId, right_shoulder_blade) VALUES (411, false);
INSERT INTO Pain (pid, positionId, referred_pain_position, sharp, pleuritic, constant, four_hours, eight_hours, one_day, two_days, one_week, worse_with_breathing, worse_with_eating) VALUES (410, 410, 411, true, true, true, true, true, false, true, true, true, true);
INSERT INTO Symptoms (sxId, nausea, vomiting, loss_of_appetite) VALUES (410, true, true, true);
INSERT INTO Symptoms (sxId, fever, malaise, chills, bloating, jaundice, indigestion) VALUES (411, true, true, true, true, true, true);
INSERT INTO Cases (diagnosisId, age, gender, majorSx, minorSx, painId) VALUES (3, 17, 'M', 410, 411, 410);
INSERT INTO Positions (posId, right_upper_quadrant, epigastrial) VALUES (412, false, false);
INSERT INTO Positions (posId, right_shoulder_blade) VALUES (413, true);
INSERT INTO Pain (pid, positionId, referred_pain_position, sharp, pleuritic, constant, four_hours, eight_hours, one_day, two_days, one_week, worse_with_breathing, worse_with_eating) VALUES (412, 412, 413, true, true, true, true, true, true, true, true, true, true);
INSERT INTO Symptoms (sxId, nausea, vomiting, loss_of_appetite) VALUES (412, true, true, true);
INSERT INTO Symptoms (sxId, fever, malaise, chills, bloating, jaundice, indigestion) VALUES (413, true, true, true, true, true, true);
INSERT INTO Cases (diagnosisId, age, gender, majorSx, minorSx, painId) VALUES (3, 19, 'M', 412, 413, 412);
INSERT INTO Positions (posId, right_upper_quadrant, epigastrial) VALUES (414, true, true);
INSERT INTO Positions (posId, right_shoulder_blade) VALUES (415, true);
INSERT INTO Pain (pid, positionId, referred_pain_position, sharp, pleuritic, constant, four_hours, eight_hours, one_day, two_days, one_week, worse_with_breathing, worse_with_eating) VALUES (414, 414, 415, true, true, true, true, true, true, true, true, true, true);
INSERT INTO Symptoms (sxId, nausea, vomiting, loss_of_appetite) VALUES (414, true, true, false);
INSERT INTO Symptoms (sxId, fever, malaise, chills, bloating, jaundice, indigestion) VALUES (415, true, true, true, true, true, true);
INSERT INTO Cases (diagnosisId, age, gender, majorSx, minorSx, painId) VALUES (3, 19, 'F', 414, 415, 414);
INSERT INTO Positions (posId, right_upper_quadrant, epigastrial) VALUES (416, true, true);
INSERT INTO Positions (posId, right_shoulder_blade) VALUES (417, true);
INSERT INTO Pain (pid, positionId, referred_pain_position, sharp, pleuritic, constant, four_hours, eight_hours, one_day, two_days, one_week, worse_with_breathing, worse_with_eating) VALUES (416, 416, 417, true, true, true, true, true, true, true, true, true, true);
INSERT INTO Symptoms (sxId, nausea, vomiting, loss_of_appetite) VALUES (416, true, false, true);
INSERT INTO Symptoms (sxId, fever, malaise, chills, bloating, jaundice, indigestion) VALUES (417, true, true, true, true, false, true);
INSERT INTO Cases (diagnosisId, age, gender, majorSx, minorSx, painId) VALUES (3, 24, 'M', 416, 417, 416);
INSERT INTO Positions (posId, right_upper_quadrant, epigastrial) VALUES (418, true, false);
INSERT INTO Positions (posId, right_shoulder_blade) VALUES (419, true);
INSERT INTO Pain (pid, positionId, referred_pain_position, sharp, pleuritic, constant, four_hours, eight_hours, one_day, two_days, one_week, worse_with_breathing, worse_with_eating) VALUES (418, 418, 419, true, true, true, true, true, true, true, true, true, true);
INSERT INTO Symptoms (sxId, nausea, vomiting, loss_of_appetite) VALUES (418, true, false, true);
INSERT INTO Symptoms (sxId, fever, malaise, chills, bloating, jaundice, indigestion) VALUES (419, true, true, false, true, true, true);
INSERT INTO Cases (diagnosisId, age, gender, majorSx, minorSx, painId) VALUES (3, 22, 'F', 418, 419, 418);
INSERT INTO Positions (posId, right_upper_quadrant, epigastrial) VALUES (420, true, true);
INSERT INTO Positions (posId, right_shoulder_blade) VALUES (421, true);
INSERT INTO Pain (pid, positionId, referred_pain_position, sharp, pleuritic, constant, four_hours, eight_hours, one_day, two_days, one_week, worse_with_breathing, worse_with_eating) VALUES (420, 420, 421, true, true, true, true, true, true, true, false, true, true);
INSERT INTO Symptoms (sxId, nausea, vomiting, loss_of_appetite) VALUES (420, true, true, true);
INSERT INTO Symptoms (sxId, fever, malaise, chills, bloating, jaundice, indigestion) VALUES (421, true, true, true, true, true, false);
INSERT INTO Cases (diagnosisId, age, gender, majorSx, minorSx, painId) VALUES (3, 23, 'M', 420, 421, 420);
INSERT INTO Positions (posId, right_upper_quadrant, epigastrial) VALUES (422, true, true);
INSERT INTO Positions (posId, right_shoulder_blade) VALUES (423, false);
INSERT INTO Pain (pid, positionId, referred_pain_position, sharp, pleuritic, constant, four_hours, eight_hours, one_day, two_days, one_week, worse_with_breathing, worse_with_eating) VALUES (422, 422, 423, true, true, true, true, true, true, true, true, true, true);
INSERT INTO Symptoms (sxId, nausea, vomiting, loss_of_appetite) VALUES (422, true, true, true);
INSERT INTO Symptoms (sxId, fever, malaise, chills, bloating, jaundice, indigestion) VALUES (423, true, true, false, true, true, true);
INSERT INTO Cases (diagnosisId, age, gender, majorSx, minorSx, painId) VALUES (3, 22, 'F', 422, 423, 422);
INSERT INTO Positions (posId, right_upper_quadrant, epigastrial) VALUES (424, true, true);
INSERT INTO Positions (posId, right_shoulder_blade) VALUES (425, true);
INSERT INTO Pain (pid, positionId, referred_pain_position, sharp, pleuritic, constant, four_hours, eight_hours, one_day, two_days, one_week, worse_with_breathing, worse_with_eating) VALUES (424, 424, 425, true, true, true, true, true, true, true, true, true, true);
INSERT INTO Symptoms (sxId, nausea, vomiting, loss_of_appetite) VALUES (424, true, true, true);
INSERT INTO Symptoms (sxId, fever, malaise, chills, bloating, jaundice, indigestion) VALUES (425, true, true, true, true, true, false);
INSERT INTO Cases (diagnosisId, age, gender, majorSx, minorSx, painId) VALUES (3, 25, 'M', 424, 425, 424);
INSERT INTO Positions (posId, right_upper_quadrant, epigastrial) VALUES (426, true, true);
INSERT INTO Positions (posId, right_shoulder_blade) VALUES (427, true);
INSERT INTO Pain (pid, positionId, referred_pain_position, sharp, pleuritic, constant, four_hours, eight_hours, one_day, two_days, one_week, worse_with_breathing, worse_with_eating) VALUES (426, 426, 427, true, true, true, true, true, false, true, true, false, true);
INSERT INTO Symptoms (sxId, nausea, vomiting, loss_of_appetite) VALUES (426, true, true, true);
INSERT INTO Symptoms (sxId, fever, malaise, chills, bloating, jaundice, indigestion) VALUES (427, true, true, true, true, true, true);
INSERT INTO Cases (diagnosisId, age, gender, majorSx, minorSx, painId) VALUES (3, 24, 'F', 426, 427, 426);
INSERT INTO Positions (posId, right_upper_quadrant, epigastrial) VALUES (428, true, true);
INSERT INTO Positions (posId, right_shoulder_blade) VALUES (429, true);
INSERT INTO Pain (pid, positionId, referred_pain_position, sharp, pleuritic, constant, four_hours, eight_hours, one_day, two_days, one_week, worse_with_breathing, worse_with_eating) VALUES (428, 428, 429, true, false, true, true, true, true, true, true, true, true);
INSERT INTO Symptoms (sxId, nausea, vomiting, loss_of_appetite) VALUES (428, true, true, false);
INSERT INTO Symptoms (sxId, fever, malaise, chills, bloating, jaundice, indigestion) VALUES (429, true, true, true, true, true, true);
INSERT INTO Cases (diagnosisId, age, gender, majorSx, minorSx, painId) VALUES (3, 24, 'F', 428, 429, 428);
INSERT INTO Positions (posId, right_upper_quadrant, epigastrial) VALUES (430, true, true);
INSERT INTO Positions (posId, right_shoulder_blade) VALUES (431, true);
INSERT INTO Pain (pid, positionId, referred_pain_position, sharp, pleuritic, constant, four_hours, eight_hours, one_day, two_days, one_week, worse_with_breathing, worse_with_eating) VALUES (430, 430, 431, true, true, true, true, true, true, true, true, true, true);
INSERT INTO Symptoms (sxId, nausea, vomiting, loss_of_appetite) VALUES (430, true, true, true);
INSERT INTO Symptoms (sxId, fever, malaise, chills, bloating, jaundice, indigestion) VALUES (431, true, true, true, false, true, true);
INSERT INTO Cases (diagnosisId, age, gender, majorSx, minorSx, painId) VALUES (3, 28, 'F', 430, 431, 430);
INSERT INTO Positions (posId, right_upper_quadrant, epigastrial) VALUES (432, true, true);
INSERT INTO Positions (posId, right_shoulder_blade) VALUES (433, true);
INSERT INTO Pain (pid, positionId, referred_pain_position, sharp, pleuritic, constant, four_hours, eight_hours, one_day, two_days, one_week, worse_with_breathing, worse_with_eating) VALUES (432, 432, 433, true, true, true, true, true, false, true, true, false, true);
INSERT INTO Symptoms (sxId, nausea, vomiting, loss_of_appetite) VALUES (432, true, false, true);
INSERT INTO Symptoms (sxId, fever, malaise, chills, bloating, jaundice, indigestion) VALUES (433, true, true, true, true, true, false);
INSERT INTO Cases (diagnosisId, age, gender, majorSx, minorSx, painId) VALUES (3, 27, 'M', 432, 433, 432);
INSERT INTO Positions (posId, right_upper_quadrant, epigastrial) VALUES (434, true, true);
INSERT INTO Positions (posId, right_shoulder_blade) VALUES (435, true);
INSERT INTO Pain (pid, positionId, referred_pain_position, sharp, pleuritic, constant, four_hours, eight_hours, one_day, two_days, one_week, worse_with_breathing, worse_with_eating) VALUES (434, 434, 435, true, true, false, true, true, true, true, true, true, true);
INSERT INTO Symptoms (sxId, nausea, vomiting, loss_of_appetite) VALUES (434, true, true, true);
INSERT INTO Symptoms (sxId, fever, malaise, chills, bloating, jaundice, indigestion) VALUES (435, true, true, true, true, true, true);
INSERT INTO Cases (diagnosisId, age, gender, majorSx, minorSx, painId) VALUES (3, 29, 'F', 434, 435, 434);
INSERT INTO Positions (posId, right_upper_quadrant, epigastrial) VALUES (436, true, true);
INSERT INTO Positions (posId, right_shoulder_blade) VALUES (437, true);
INSERT INTO Pain (pid, positionId, referred_pain_position, sharp, pleuritic, constant, four_hours, eight_hours, one_day, two_days, one_week, worse_with_breathing, worse_with_eating) VALUES (436, 436, 437, true, true, true, true, true, true, true, true, true, true);
INSERT INTO Symptoms (sxId, nausea, vomiting, loss_of_appetite) VALUES (436, true, true, true);
INSERT INTO Symptoms (sxId, fever, malaise, chills, bloating, jaundice, indigestion) VALUES (437, true, true, true, true, true, true);
INSERT INTO Cases (diagnosisId, age, gender, majorSx, minorSx, painId) VALUES (3, 29, 'F', 436, 437, 436);
INSERT INTO Positions (posId, right_upper_quadrant, epigastrial) VALUES (438, true, true);
INSERT INTO Positions (posId, right_shoulder_blade) VALUES (439, true);
INSERT INTO Pain (pid, positionId, referred_pain_position, sharp, pleuritic, constant, four_hours, eight_hours, one_day, two_days, one_week, worse_with_breathing, worse_with_eating) VALUES (438, 438, 439, true, true, true, false, true, true, true, true, true, true);
INSERT INTO Symptoms (sxId, nausea, vomiting, loss_of_appetite) VALUES (438, true, true, true);
INSERT INTO Symptoms (sxId, fever, malaise, chills, bloating, jaundice, indigestion) VALUES (439, true, true, true, true, true, true);
INSERT INTO Cases (diagnosisId, age, gender, majorSx, minorSx, painId) VALUES (3, 27, 'F', 438, 439, 438);
INSERT INTO Positions (posId, right_upper_quadrant, epigastrial) VALUES (440, true, true);
INSERT INTO Positions (posId, right_shoulder_blade) VALUES (441, true);
INSERT INTO Pain (pid, positionId, referred_pain_position, sharp, pleuritic, constant, four_hours, eight_hours, one_day, two_days, one_week, worse_with_breathing, worse_with_eating) VALUES (440, 440, 441, true, true, false, true, true, true, true, true, true, true);
INSERT INTO Symptoms (sxId, nausea, vomiting, loss_of_appetite) VALUES (440, true, false, true);
INSERT INTO Symptoms (sxId, fever, malaise, chills, bloating, jaundice, indigestion) VALUES (441, true, true, true, true, true, true);
INSERT INTO Cases (diagnosisId, age, gender, majorSx, minorSx, painId) VALUES (3, 30, 'M', 440, 441, 440);
INSERT INTO Positions (posId, right_upper_quadrant, epigastrial) VALUES (442, true, true);
INSERT INTO Positions (posId, right_shoulder_blade) VALUES (443, true);
INSERT INTO Pain (pid, positionId, referred_pain_position, sharp, pleuritic, constant, four_hours, eight_hours, one_day, two_days, one_week, worse_with_breathing, worse_with_eating) VALUES (442, 442, 443, true, true, true, true, true, true, true, true, true, false);
INSERT INTO Symptoms (sxId, nausea, vomiting, loss_of_appetite) VALUES (442, true, true, true);
INSERT INTO Symptoms (sxId, fever, malaise, chills, bloating, jaundice, indigestion) VALUES (443, true, false, true, true, true, false);
INSERT INTO Cases (diagnosisId, age, gender, majorSx, minorSx, painId) VALUES (3, 27, 'M', 442, 443, 442);
INSERT INTO Positions (posId, right_upper_quadrant, epigastrial) VALUES (444, true, false);
INSERT INTO Positions (posId, right_shoulder_blade) VALUES (445, true);
INSERT INTO Pain (pid, positionId, referred_pain_position, sharp, pleuritic, constant, four_hours, eight_hours, one_day, two_days, one_week, worse_with_breathing, worse_with_eating) VALUES (444, 444, 445, true, true, true, true, true, true, true, true, true, true);
INSERT INTO Symptoms (sxId, nausea, vomiting, loss_of_appetite) VALUES (444, true, true, true);
INSERT INTO Symptoms (sxId, fever, malaise, chills, bloating, jaundice, indigestion) VALUES (445, true, true, true, true, true, true);
INSERT INTO Cases (diagnosisId, age, gender, majorSx, minorSx, painId) VALUES (3, 35, 'M', 444, 445, 444);
INSERT INTO Positions (posId, right_upper_quadrant, epigastrial) VALUES (446, true, true);
INSERT INTO Positions (posId, right_shoulder_blade) VALUES (447, true);
INSERT INTO Pain (pid, positionId, referred_pain_position, sharp, pleuritic, constant, four_hours, eight_hours, one_day, two_days, one_week, worse_with_breathing, worse_with_eating) VALUES (446, 446, 447, true, false, true, true, true, false, true, true, true, true);
INSERT INTO Symptoms (sxId, nausea, vomiting, loss_of_appetite) VALUES (446, true, false, true);
INSERT INTO Symptoms (sxId, fever, malaise, chills, bloating, jaundice, indigestion) VALUES (447, true, true, true, true, true, false);
INSERT INTO Cases (diagnosisId, age, gender, majorSx, minorSx, painId) VALUES (3, 32, 'M', 446, 447, 446);
INSERT INTO Positions (posId, right_upper_quadrant, epigastrial) VALUES (448, true, true);
INSERT INTO Positions (posId, right_shoulder_blade) VALUES (449, true);
INSERT INTO Pain (pid, positionId, referred_pain_position, sharp, pleuritic, constant, four_hours, eight_hours, one_day, two_days, one_week, worse_with_breathing, worse_with_eating) VALUES (448, 448, 449, true, true, false, true, true, true, true, true, true, true);
INSERT INTO Symptoms (sxId, nausea, vomiting, loss_of_appetite) VALUES (448, true, true, true);
INSERT INTO Symptoms (sxId, fever, malaise, chills, bloating, jaundice, indigestion) VALUES (449, true, true, true, false, true, true);
INSERT INTO Cases (diagnosisId, age, gender, majorSx, minorSx, painId) VALUES (3, 32, 'F', 448, 449, 448);
INSERT INTO Positions (posId, right_upper_quadrant, epigastrial) VALUES (450, true, true);
INSERT INTO Positions (posId, right_shoulder_blade) VALUES (451, true);
INSERT INTO Pain (pid, positionId, referred_pain_position, sharp, pleuritic, constant, four_hours, eight_hours, one_day, two_days, one_week, worse_with_breathing, worse_with_eating) VALUES (450, 450, 451, true, true, true, true, true, true, false, true, true, true);
INSERT INTO Symptoms (sxId, nausea, vomiting, loss_of_appetite) VALUES (450, true, true, true);
INSERT INTO Symptoms (sxId, fever, malaise, chills, bloating, jaundice, indigestion) VALUES (451, true, true, true, true, true, true);
INSERT INTO Cases (diagnosisId, age, gender, majorSx, minorSx, painId) VALUES (3, 34, 'F', 450, 451, 450);
INSERT INTO Positions (posId, right_upper_quadrant, epigastrial) VALUES (452, true, true);
INSERT INTO Positions (posId, right_shoulder_blade) VALUES (453, true);
INSERT INTO Pain (pid, positionId, referred_pain_position, sharp, pleuritic, constant, four_hours, eight_hours, one_day, two_days, one_week, worse_with_breathing, worse_with_eating) VALUES (452, 452, 453, true, true, true, false, true, true, true, true, true, true);
INSERT INTO Symptoms (sxId, nausea, vomiting, loss_of_appetite) VALUES (452, true, false, false);
INSERT INTO Symptoms (sxId, fever, malaise, chills, bloating, jaundice, indigestion) VALUES (453, true, true, true, true, true, true);
INSERT INTO Cases (diagnosisId, age, gender, majorSx, minorSx, painId) VALUES (3, 34, 'M', 452, 453, 452);
INSERT INTO Positions (posId, right_upper_quadrant, epigastrial) VALUES (454, true, true);
INSERT INTO Positions (posId, right_shoulder_blade) VALUES (455, true);
INSERT INTO Pain (pid, positionId, referred_pain_position, sharp, pleuritic, constant, four_hours, eight_hours, one_day, two_days, one_week, worse_with_breathing, worse_with_eating) VALUES (454, 454, 455, true, false, true, false, true, true, true, true, true, true);
INSERT INTO Symptoms (sxId, nausea, vomiting, loss_of_appetite) VALUES (454, true, false, true);
INSERT INTO Symptoms (sxId, fever, malaise, chills, bloating, jaundice, indigestion) VALUES (455, true, false, true, true, true, true);
INSERT INTO Cases (diagnosisId, age, gender, majorSx, minorSx, painId) VALUES (3, 31, 'M', 454, 455, 454);
INSERT INTO Positions (posId, right_upper_quadrant, epigastrial) VALUES (456, true, false);
INSERT INTO Positions (posId, right_shoulder_blade) VALUES (457, true);
INSERT INTO Pain (pid, positionId, referred_pain_position, sharp, pleuritic, constant, four_hours, eight_hours, one_day, two_days, one_week, worse_with_breathing, worse_with_eating) VALUES (456, 456, 457, true, true, true, true, true, true, true, true, true, true);
INSERT INTO Symptoms (sxId, nausea, vomiting, loss_of_appetite) VALUES (456, true, true, true);
INSERT INTO Symptoms (sxId, fever, malaise, chills, bloating, jaundice, indigestion) VALUES (457, true, true, true, true, true, true);
INSERT INTO Cases (diagnosisId, age, gender, majorSx, minorSx, painId) VALUES (3, 33, 'M', 456, 457, 456);
INSERT INTO Positions (posId, right_upper_quadrant, epigastrial) VALUES (458, true, true);
INSERT INTO Positions (posId, right_shoulder_blade) VALUES (459, true);
INSERT INTO Pain (pid, positionId, referred_pain_position, sharp, pleuritic, constant, four_hours, eight_hours, one_day, two_days, one_week, worse_with_breathing, worse_with_eating) VALUES (458, 458, 459, true, true, true, true, true, true, true, true, true, false);
INSERT INTO Symptoms (sxId, nausea, vomiting, loss_of_appetite) VALUES (458, true, true, true);
INSERT INTO Symptoms (sxId, fever, malaise, chills, bloating, jaundice, indigestion) VALUES (459, true, false, true, false, true, true);
INSERT INTO Cases (diagnosisId, age, gender, majorSx, minorSx, painId) VALUES (3, 40, 'F', 458, 459, 458);
INSERT INTO Positions (posId, right_upper_quadrant, epigastrial) VALUES (460, true, true);
INSERT INTO Positions (posId, right_shoulder_blade) VALUES (461, true);
INSERT INTO Pain (pid, positionId, referred_pain_position, sharp, pleuritic, constant, four_hours, eight_hours, one_day, two_days, one_week, worse_with_breathing, worse_with_eating) VALUES (460, 460, 461, true, false, true, true, true, true, true, true, true, true);
INSERT INTO Symptoms (sxId, nausea, vomiting, loss_of_appetite) VALUES (460, true, true, true);
INSERT INTO Symptoms (sxId, fever, malaise, chills, bloating, jaundice, indigestion) VALUES (461, true, false, true, false, true, true);
INSERT INTO Cases (diagnosisId, age, gender, majorSx, minorSx, painId) VALUES (3, 38, 'F', 460, 461, 460);
INSERT INTO Positions (posId, right_upper_quadrant, epigastrial) VALUES (462, true, true);
INSERT INTO Positions (posId, right_shoulder_blade) VALUES (463, true);
INSERT INTO Pain (pid, positionId, referred_pain_position, sharp, pleuritic, constant, four_hours, eight_hours, one_day, two_days, one_week, worse_with_breathing, worse_with_eating) VALUES (462, 462, 463, true, true, true, false, true, true, true, true, true, false);
INSERT INTO Symptoms (sxId, nausea, vomiting, loss_of_appetite) VALUES (462, true, true, false);
INSERT INTO Symptoms (sxId, fever, malaise, chills, bloating, jaundice, indigestion) VALUES (463, true, true, true, true, true, true);
INSERT INTO Cases (diagnosisId, age, gender, majorSx, minorSx, painId) VALUES (3, 38, 'M', 462, 463, 462);
INSERT INTO Positions (posId, right_upper_quadrant, epigastrial) VALUES (464, false, true);
INSERT INTO Positions (posId, right_shoulder_blade) VALUES (465, true);
INSERT INTO Pain (pid, positionId, referred_pain_position, sharp, pleuritic, constant, four_hours, eight_hours, one_day, two_days, one_week, worse_with_breathing, worse_with_eating) VALUES (464, 464, 465, false, true, true, true, true, true, true, true, true, true);
INSERT INTO Symptoms (sxId, nausea, vomiting, loss_of_appetite) VALUES (464, false, true, true);
INSERT INTO Symptoms (sxId, fever, malaise, chills, bloating, jaundice, indigestion) VALUES (465, true, true, true, true, true, true);
INSERT INTO Cases (diagnosisId, age, gender, majorSx, minorSx, painId) VALUES (3, 36, 'F', 464, 465, 464);
INSERT INTO Positions (posId, right_upper_quadrant, epigastrial) VALUES (466, true, true);
INSERT INTO Positions (posId, right_shoulder_blade) VALUES (467, true);
INSERT INTO Pain (pid, positionId, referred_pain_position, sharp, pleuritic, constant, four_hours, eight_hours, one_day, two_days, one_week, worse_with_breathing, worse_with_eating) VALUES (466, 466, 467, false, true, true, true, true, true, false, true, true, true);
INSERT INTO Symptoms (sxId, nausea, vomiting, loss_of_appetite) VALUES (466, true, true, true);
INSERT INTO Symptoms (sxId, fever, malaise, chills, bloating, jaundice, indigestion) VALUES (467, true, true, true, true, true, true);
INSERT INTO Cases (diagnosisId, age, gender, majorSx, minorSx, painId) VALUES (3, 36, 'F', 466, 467, 466);
INSERT INTO Positions (posId, right_upper_quadrant, epigastrial) VALUES (468, true, true);
INSERT INTO Positions (posId, right_shoulder_blade) VALUES (469, false);
INSERT INTO Pain (pid, positionId, referred_pain_position, sharp, pleuritic, constant, four_hours, eight_hours, one_day, two_days, one_week, worse_with_breathing, worse_with_eating) VALUES (468, 468, 469, true, true, true, true, true, false, true, true, true, true);
INSERT INTO Symptoms (sxId, nausea, vomiting, loss_of_appetite) VALUES (468, true, true, true);
INSERT INTO Symptoms (sxId, fever, malaise, chills, bloating, jaundice, indigestion) VALUES (469, true, true, true, true, false, true);
INSERT INTO Cases (diagnosisId, age, gender, majorSx, minorSx, painId) VALUES (3, 37, 'F', 468, 469, 468);
INSERT INTO Positions (posId, right_upper_quadrant, epigastrial) VALUES (470, false, true);
INSERT INTO Positions (posId, right_shoulder_blade) VALUES (471, false);
INSERT INTO Pain (pid, positionId, referred_pain_position, sharp, pleuritic, constant, four_hours, eight_hours, one_day, two_days, one_week, worse_with_breathing, worse_with_eating) VALUES (470, 470, 471, true, true, true, true, true, true, true, true, true, true);
INSERT INTO Symptoms (sxId, nausea, vomiting, loss_of_appetite) VALUES (470, true, true, true);
INSERT INTO Symptoms (sxId, fever, malaise, chills, bloating, jaundice, indigestion) VALUES (471, true, true, true, true, true, false);
INSERT INTO Cases (diagnosisId, age, gender, majorSx, minorSx, painId) VALUES (3, 38, 'M', 470, 471, 470);
INSERT INTO Positions (posId, right_upper_quadrant, epigastrial) VALUES (472, true, true);
INSERT INTO Positions (posId, right_shoulder_blade) VALUES (473, true);
INSERT INTO Pain (pid, positionId, referred_pain_position, sharp, pleuritic, constant, four_hours, eight_hours, one_day, two_days, one_week, worse_with_breathing, worse_with_eating) VALUES (472, 472, 473, false, true, true, true, true, true, true, true, true, false);
INSERT INTO Symptoms (sxId, nausea, vomiting, loss_of_appetite) VALUES (472, true, true, false);
INSERT INTO Symptoms (sxId, fever, malaise, chills, bloating, jaundice, indigestion) VALUES (473, true, true, false, false, true, true);
INSERT INTO Cases (diagnosisId, age, gender, majorSx, minorSx, painId) VALUES (3, 36, 'F', 472, 473, 472);
INSERT INTO Positions (posId, right_upper_quadrant, epigastrial) VALUES (474, true, true);
INSERT INTO Positions (posId, right_shoulder_blade) VALUES (475, false);
INSERT INTO Pain (pid, positionId, referred_pain_position, sharp, pleuritic, constant, four_hours, eight_hours, one_day, two_days, one_week, worse_with_breathing, worse_with_eating) VALUES (474, 474, 475, true, true, true, true, true, true, true, true, true, true);
INSERT INTO Symptoms (sxId, nausea, vomiting, loss_of_appetite) VALUES (474, true, true, true);
INSERT INTO Symptoms (sxId, fever, malaise, chills, bloating, jaundice, indigestion) VALUES (475, false, true, true, true, true, true);
INSERT INTO Cases (diagnosisId, age, gender, majorSx, minorSx, painId) VALUES (3, 44, 'F', 474, 475, 474);
INSERT INTO Positions (posId, right_upper_quadrant, epigastrial) VALUES (476, true, true);
INSERT INTO Positions (posId, right_shoulder_blade) VALUES (477, true);
INSERT INTO Pain (pid, positionId, referred_pain_position, sharp, pleuritic, constant, four_hours, eight_hours, one_day, two_days, one_week, worse_with_breathing, worse_with_eating) VALUES (476, 476, 477, true, true, true, true, true, true, true, true, true, true);
INSERT INTO Symptoms (sxId, nausea, vomiting, loss_of_appetite) VALUES (476, true, true, true);
INSERT INTO Symptoms (sxId, fever, malaise, chills, bloating, jaundice, indigestion) VALUES (477, true, true, true, true, true, true);
INSERT INTO Cases (diagnosisId, age, gender, majorSx, minorSx, painId) VALUES (3, 43, 'F', 476, 477, 476);
INSERT INTO Positions (posId, right_upper_quadrant, epigastrial) VALUES (478, true, true);
INSERT INTO Positions (posId, right_shoulder_blade) VALUES (479, true);
INSERT INTO Pain (pid, positionId, referred_pain_position, sharp, pleuritic, constant, four_hours, eight_hours, one_day, two_days, one_week, worse_with_breathing, worse_with_eating) VALUES (478, 478, 479, true, true, true, true, true, true, true, true, true, true);
INSERT INTO Symptoms (sxId, nausea, vomiting, loss_of_appetite) VALUES (478, true, true, true);
INSERT INTO Symptoms (sxId, fever, malaise, chills, bloating, jaundice, indigestion) VALUES (479, true, false, true, true, false, true);
INSERT INTO Cases (diagnosisId, age, gender, majorSx, minorSx, painId) VALUES (3, 44, 'M', 478, 479, 478);
INSERT INTO Positions (posId, right_upper_quadrant, epigastrial) VALUES (480, true, true);
INSERT INTO Positions (posId, right_shoulder_blade) VALUES (481, true);
INSERT INTO Pain (pid, positionId, referred_pain_position, sharp, pleuritic, constant, four_hours, eight_hours, one_day, two_days, one_week, worse_with_breathing, worse_with_eating) VALUES (480, 480, 481, true, true, true, true, true, true, true, true, true, true);
INSERT INTO Symptoms (sxId, nausea, vomiting, loss_of_appetite) VALUES (480, true, true, true);
INSERT INTO Symptoms (sxId, fever, malaise, chills, bloating, jaundice, indigestion) VALUES (481, true, true, true, true, true, true);
INSERT INTO Cases (diagnosisId, age, gender, majorSx, minorSx, painId) VALUES (3, 44, 'F', 480, 481, 480);
INSERT INTO Positions (posId, right_upper_quadrant, epigastrial) VALUES (482, true, true);
INSERT INTO Positions (posId, right_shoulder_blade) VALUES (483, true);
INSERT INTO Pain (pid, positionId, referred_pain_position, sharp, pleuritic, constant, four_hours, eight_hours, one_day, two_days, one_week, worse_with_breathing, worse_with_eating) VALUES (482, 482, 483, true, true, true, true, true, true, true, true, true, true);
INSERT INTO Symptoms (sxId, nausea, vomiting, loss_of_appetite) VALUES (482, false, false, true);
INSERT INTO Symptoms (sxId, fever, malaise, chills, bloating, jaundice, indigestion) VALUES (483, false, true, true, true, true, false);
INSERT INTO Cases (diagnosisId, age, gender, majorSx, minorSx, painId) VALUES (3, 45, 'M', 482, 483, 482);
INSERT INTO Positions (posId, right_upper_quadrant, epigastrial) VALUES (484, true, false);
INSERT INTO Positions (posId, right_shoulder_blade) VALUES (485, true);
INSERT INTO Pain (pid, positionId, referred_pain_position, sharp, pleuritic, constant, four_hours, eight_hours, one_day, two_days, one_week, worse_with_breathing, worse_with_eating) VALUES (484, 484, 485, true, true, true, true, true, true, false, true, true, true);
INSERT INTO Symptoms (sxId, nausea, vomiting, loss_of_appetite) VALUES (484, true, true, true);
INSERT INTO Symptoms (sxId, fever, malaise, chills, bloating, jaundice, indigestion) VALUES (485, true, true, true, true, true, true);
INSERT INTO Cases (diagnosisId, age, gender, majorSx, minorSx, painId) VALUES (3, 44, 'F', 484, 485, 484);
INSERT INTO Positions (posId, right_upper_quadrant, epigastrial) VALUES (486, true, false);
INSERT INTO Positions (posId, right_shoulder_blade) VALUES (487, true);
INSERT INTO Pain (pid, positionId, referred_pain_position, sharp, pleuritic, constant, four_hours, eight_hours, one_day, two_days, one_week, worse_with_breathing, worse_with_eating) VALUES (486, 486, 487, true, false, true, true, true, true, true, true, true, true);
INSERT INTO Symptoms (sxId, nausea, vomiting, loss_of_appetite) VALUES (486, true, true, true);
INSERT INTO Symptoms (sxId, fever, malaise, chills, bloating, jaundice, indigestion) VALUES (487, true, true, true, false, true, true);
INSERT INTO Cases (diagnosisId, age, gender, majorSx, minorSx, painId) VALUES (3, 42, 'F', 486, 487, 486);
INSERT INTO Positions (posId, right_upper_quadrant, epigastrial) VALUES (488, true, true);
INSERT INTO Positions (posId, right_shoulder_blade) VALUES (489, true);
INSERT INTO Pain (pid, positionId, referred_pain_position, sharp, pleuritic, constant, four_hours, eight_hours, one_day, two_days, one_week, worse_with_breathing, worse_with_eating) VALUES (488, 488, 489, true, true, true, true, true, false, true, true, true, false);
INSERT INTO Symptoms (sxId, nausea, vomiting, loss_of_appetite) VALUES (488, true, false, false);
INSERT INTO Symptoms (sxId, fever, malaise, chills, bloating, jaundice, indigestion) VALUES (489, false, true, true, true, false, true);
INSERT INTO Cases (diagnosisId, age, gender, majorSx, minorSx, painId) VALUES (3, 45, 'M', 488, 489, 488);
INSERT INTO Positions (posId, right_upper_quadrant, epigastrial) VALUES (490, true, true);
INSERT INTO Positions (posId, right_shoulder_blade) VALUES (491, true);
INSERT INTO Pain (pid, positionId, referred_pain_position, sharp, pleuritic, constant, four_hours, eight_hours, one_day, two_days, one_week, worse_with_breathing, worse_with_eating) VALUES (490, 490, 491, true, true, true, true, true, true, true, true, true, true);
INSERT INTO Symptoms (sxId, nausea, vomiting, loss_of_appetite) VALUES (490, true, true, true);
INSERT INTO Symptoms (sxId, fever, malaise, chills, bloating, jaundice, indigestion) VALUES (491, true, true, true, true, true, true);
INSERT INTO Cases (diagnosisId, age, gender, majorSx, minorSx, painId) VALUES (3, 41, 'M', 490, 491, 490);
INSERT INTO Positions (posId, right_upper_quadrant, epigastrial) VALUES (492, true, true);
INSERT INTO Positions (posId, right_shoulder_blade) VALUES (493, true);
INSERT INTO Pain (pid, positionId, referred_pain_position, sharp, pleuritic, constant, four_hours, eight_hours, one_day, two_days, one_week, worse_with_breathing, worse_with_eating) VALUES (492, 492, 493, false, true, true, true, false, true, true, false, true, true);
INSERT INTO Symptoms (sxId, nausea, vomiting, loss_of_appetite) VALUES (492, true, false, true);
INSERT INTO Symptoms (sxId, fever, malaise, chills, bloating, jaundice, indigestion) VALUES (493, true, true, true, true, true, true);
INSERT INTO Cases (diagnosisId, age, gender, majorSx, minorSx, painId) VALUES (3, 49, 'F', 492, 493, 492);
INSERT INTO Positions (posId, right_upper_quadrant, epigastrial) VALUES (494, true, true);
INSERT INTO Positions (posId, right_shoulder_blade) VALUES (495, true);
INSERT INTO Pain (pid, positionId, referred_pain_position, sharp, pleuritic, constant, four_hours, eight_hours, one_day, two_days, one_week, worse_with_breathing, worse_with_eating) VALUES (494, 494, 495, true, true, true, false, true, true, true, true, true, true);
INSERT INTO Symptoms (sxId, nausea, vomiting, loss_of_appetite) VALUES (494, true, true, true);
INSERT INTO Symptoms (sxId, fever, malaise, chills, bloating, jaundice, indigestion) VALUES (495, true, true, false, true, true, true);
INSERT INTO Cases (diagnosisId, age, gender, majorSx, minorSx, painId) VALUES (3, 48, 'F', 494, 495, 494);
INSERT INTO Positions (posId, right_upper_quadrant, epigastrial) VALUES (496, true, true);
INSERT INTO Positions (posId, right_shoulder_blade) VALUES (497, false);
INSERT INTO Pain (pid, positionId, referred_pain_position, sharp, pleuritic, constant, four_hours, eight_hours, one_day, two_days, one_week, worse_with_breathing, worse_with_eating) VALUES (496, 496, 497, true, true, true, true, true, true, true, true, true, true);
INSERT INTO Symptoms (sxId, nausea, vomiting, loss_of_appetite) VALUES (496, true, true, true);
INSERT INTO Symptoms (sxId, fever, malaise, chills, bloating, jaundice, indigestion) VALUES (497, true, true, true, true, true, true);
INSERT INTO Cases (diagnosisId, age, gender, majorSx, minorSx, painId) VALUES (3, 48, 'M', 496, 497, 496);
INSERT INTO Positions (posId, right_upper_quadrant, epigastrial) VALUES (498, true, true);
INSERT INTO Positions (posId, right_shoulder_blade) VALUES (499, true);
INSERT INTO Pain (pid, positionId, referred_pain_position, sharp, pleuritic, constant, four_hours, eight_hours, one_day, two_days, one_week, worse_with_breathing, worse_with_eating) VALUES (498, 498, 499, true, true, true, true, true, true, true, true, true, true);
INSERT INTO Symptoms (sxId, nausea, vomiting, loss_of_appetite) VALUES (498, true, true, true);
INSERT INTO Symptoms (sxId, fever, malaise, chills, bloating, jaundice, indigestion) VALUES (499, true, true, true, true, true, false);
INSERT INTO Cases (diagnosisId, age, gender, majorSx, minorSx, painId) VALUES (3, 48, 'M', 498, 499, 498);
INSERT INTO Positions (posId, right_upper_quadrant, epigastrial) VALUES (500, true, true);
INSERT INTO Positions (posId, right_shoulder_blade) VALUES (501, true);
INSERT INTO Pain (pid, positionId, referred_pain_position, sharp, pleuritic, constant, four_hours, eight_hours, one_day, two_days, one_week, worse_with_breathing, worse_with_eating) VALUES (500, 500, 501, true, true, false, false, true, true, true, true, true, true);
INSERT INTO Symptoms (sxId, nausea, vomiting, loss_of_appetite) VALUES (500, true, true, true);
INSERT INTO Symptoms (sxId, fever, malaise, chills, bloating, jaundice, indigestion) VALUES (501, true, true, true, true, false, true);
INSERT INTO Cases (diagnosisId, age, gender, majorSx, minorSx, painId) VALUES (3, 48, 'M', 500, 501, 500);
INSERT INTO Positions (posId, right_upper_quadrant, epigastrial) VALUES (502, true, true);
INSERT INTO Positions (posId, right_shoulder_blade) VALUES (503, true);
INSERT INTO Pain (pid, positionId, referred_pain_position, sharp, pleuritic, constant, four_hours, eight_hours, one_day, two_days, one_week, worse_with_breathing, worse_with_eating) VALUES (502, 502, 503, true, true, true, true, true, true, true, true, true, true);
INSERT INTO Symptoms (sxId, nausea, vomiting, loss_of_appetite) VALUES (502, true, true, false);
INSERT INTO Symptoms (sxId, fever, malaise, chills, bloating, jaundice, indigestion) VALUES (503, true, true, true, true, true, true);
INSERT INTO Cases (diagnosisId, age, gender, majorSx, minorSx, painId) VALUES (3, 49, 'F', 502, 503, 502);
INSERT INTO Positions (posId, right_upper_quadrant, epigastrial) VALUES (504, true, true);
INSERT INTO Positions (posId, right_shoulder_blade) VALUES (505, true);
INSERT INTO Pain (pid, positionId, referred_pain_position, sharp, pleuritic, constant, four_hours, eight_hours, one_day, two_days, one_week, worse_with_breathing, worse_with_eating) VALUES (504, 504, 505, true, true, true, true, true, true, true, true, true, true);
INSERT INTO Symptoms (sxId, nausea, vomiting, loss_of_appetite) VALUES (504, false, true, true);
INSERT INTO Symptoms (sxId, fever, malaise, chills, bloating, jaundice, indigestion) VALUES (505, true, true, true, true, true, true);
INSERT INTO Cases (diagnosisId, age, gender, majorSx, minorSx, painId) VALUES (3, 47, 'F', 504, 505, 504);
INSERT INTO Positions (posId, right_upper_quadrant, epigastrial) VALUES (506, true, true);
INSERT INTO Positions (posId, right_shoulder_blade) VALUES (507, true);
INSERT INTO Pain (pid, positionId, referred_pain_position, sharp, pleuritic, constant, four_hours, eight_hours, one_day, two_days, one_week, worse_with_breathing, worse_with_eating) VALUES (506, 506, 507, true, true, true, true, true, true, true, true, true, true);
INSERT INTO Symptoms (sxId, nausea, vomiting, loss_of_appetite) VALUES (506, true, true, false);
INSERT INTO Symptoms (sxId, fever, malaise, chills, bloating, jaundice, indigestion) VALUES (507, true, true, true, true, true, true);
INSERT INTO Cases (diagnosisId, age, gender, majorSx, minorSx, painId) VALUES (3, 48, 'F', 506, 507, 506);
INSERT INTO Positions (posId, right_upper_quadrant, epigastrial) VALUES (508, true, true);
INSERT INTO Positions (posId, right_shoulder_blade) VALUES (509, true);
INSERT INTO Pain (pid, positionId, referred_pain_position, sharp, pleuritic, constant, four_hours, eight_hours, one_day, two_days, one_week, worse_with_breathing, worse_with_eating) VALUES (508, 508, 509, true, true, true, true, true, true, true, true, true, true);
INSERT INTO Symptoms (sxId, nausea, vomiting, loss_of_appetite) VALUES (508, true, true, true);
INSERT INTO Symptoms (sxId, fever, malaise, chills, bloating, jaundice, indigestion) VALUES (509, true, true, true, true, true, true);
INSERT INTO Cases (diagnosisId, age, gender, majorSx, minorSx, painId) VALUES (3, 51, 'M', 508, 509, 508);
INSERT INTO Positions (posId, right_upper_quadrant, epigastrial) VALUES (510, true, true);
INSERT INTO Positions (posId, right_shoulder_blade) VALUES (511, true);
INSERT INTO Pain (pid, positionId, referred_pain_position, sharp, pleuritic, constant, four_hours, eight_hours, one_day, two_days, one_week, worse_with_breathing, worse_with_eating) VALUES (510, 510, 511, true, true, true, true, true, true, true, true, true, true);
INSERT INTO Symptoms (sxId, nausea, vomiting, loss_of_appetite) VALUES (510, true, true, true);
INSERT INTO Symptoms (sxId, fever, malaise, chills, bloating, jaundice, indigestion) VALUES (511, true, true, true, true, true, true);
INSERT INTO Cases (diagnosisId, age, gender, majorSx, minorSx, painId) VALUES (3, 51, 'F', 510, 511, 510);
INSERT INTO Positions (posId, right_upper_quadrant, epigastrial) VALUES (512, true, true);
INSERT INTO Positions (posId, right_shoulder_blade) VALUES (513, true);
INSERT INTO Pain (pid, positionId, referred_pain_position, sharp, pleuritic, constant, four_hours, eight_hours, one_day, two_days, one_week, worse_with_breathing, worse_with_eating) VALUES (512, 512, 513, true, true, true, true, true, true, true, true, true, true);
INSERT INTO Symptoms (sxId, nausea, vomiting, loss_of_appetite) VALUES (512, false, true, true);
INSERT INTO Symptoms (sxId, fever, malaise, chills, bloating, jaundice, indigestion) VALUES (513, true, true, true, true, true, true);
INSERT INTO Cases (diagnosisId, age, gender, majorSx, minorSx, painId) VALUES (3, 51, 'F', 512, 513, 512);
INSERT INTO Positions (posId, right_upper_quadrant, epigastrial) VALUES (514, true, true);
INSERT INTO Positions (posId, right_shoulder_blade) VALUES (515, true);
INSERT INTO Pain (pid, positionId, referred_pain_position, sharp, pleuritic, constant, four_hours, eight_hours, one_day, two_days, one_week, worse_with_breathing, worse_with_eating) VALUES (514, 514, 515, true, true, false, true, true, true, true, true, true, true);
INSERT INTO Symptoms (sxId, nausea, vomiting, loss_of_appetite) VALUES (514, true, true, true);
INSERT INTO Symptoms (sxId, fever, malaise, chills, bloating, jaundice, indigestion) VALUES (515, true, true, false, true, false, true);
INSERT INTO Cases (diagnosisId, age, gender, majorSx, minorSx, painId) VALUES (3, 51, 'F', 514, 515, 514);
INSERT INTO Positions (posId, right_upper_quadrant, epigastrial) VALUES (516, true, true);
INSERT INTO Positions (posId, right_shoulder_blade) VALUES (517, true);
INSERT INTO Pain (pid, positionId, referred_pain_position, sharp, pleuritic, constant, four_hours, eight_hours, one_day, two_days, one_week, worse_with_breathing, worse_with_eating) VALUES (516, 516, 517, true, true, true, true, true, true, true, false, true, true);
INSERT INTO Symptoms (sxId, nausea, vomiting, loss_of_appetite) VALUES (516, true, true, true);
INSERT INTO Symptoms (sxId, fever, malaise, chills, bloating, jaundice, indigestion) VALUES (517, true, true, true, true, true, true);
INSERT INTO Cases (diagnosisId, age, gender, majorSx, minorSx, painId) VALUES (3, 54, 'F', 516, 517, 516);
INSERT INTO Positions (posId, right_upper_quadrant, epigastrial) VALUES (518, true, true);
INSERT INTO Positions (posId, right_shoulder_blade) VALUES (519, true);
INSERT INTO Pain (pid, positionId, referred_pain_position, sharp, pleuritic, constant, four_hours, eight_hours, one_day, two_days, one_week, worse_with_breathing, worse_with_eating) VALUES (518, 518, 519, true, true, true, true, true, true, true, true, true, false);
INSERT INTO Symptoms (sxId, nausea, vomiting, loss_of_appetite) VALUES (518, true, true, true);
INSERT INTO Symptoms (sxId, fever, malaise, chills, bloating, jaundice, indigestion) VALUES (519, true, true, true, true, true, true);
INSERT INTO Cases (diagnosisId, age, gender, majorSx, minorSx, painId) VALUES (3, 55, 'F', 518, 519, 518);
INSERT INTO Positions (posId, right_upper_quadrant, epigastrial) VALUES (520, true, true);
INSERT INTO Positions (posId, right_shoulder_blade) VALUES (521, true);
INSERT INTO Pain (pid, positionId, referred_pain_position, sharp, pleuritic, constant, four_hours, eight_hours, one_day, two_days, one_week, worse_with_breathing, worse_with_eating) VALUES (520, 520, 521, true, true, true, false, true, true, false, true, true, true);
INSERT INTO Symptoms (sxId, nausea, vomiting, loss_of_appetite) VALUES (520, true, true, true);
INSERT INTO Symptoms (sxId, fever, malaise, chills, bloating, jaundice, indigestion) VALUES (521, true, true, true, true, true, true);
INSERT INTO Cases (diagnosisId, age, gender, majorSx, minorSx, painId) VALUES (3, 55, 'F', 520, 521, 520);
INSERT INTO Positions (posId, right_upper_quadrant, epigastrial) VALUES (522, true, true);
INSERT INTO Positions (posId, right_shoulder_blade) VALUES (523, true);
INSERT INTO Pain (pid, positionId, referred_pain_position, sharp, pleuritic, constant, four_hours, eight_hours, one_day, two_days, one_week, worse_with_breathing, worse_with_eating) VALUES (522, 522, 523, true, true, true, true, true, true, true, true, false, true);
INSERT INTO Symptoms (sxId, nausea, vomiting, loss_of_appetite) VALUES (522, true, true, true);
INSERT INTO Symptoms (sxId, fever, malaise, chills, bloating, jaundice, indigestion) VALUES (523, true, true, false, true, true, true);
INSERT INTO Cases (diagnosisId, age, gender, majorSx, minorSx, painId) VALUES (3, 56, 'F', 522, 523, 522);
INSERT INTO Positions (posId, right_upper_quadrant, epigastrial) VALUES (524, true, true);
INSERT INTO Positions (posId, right_shoulder_blade) VALUES (525, true);
INSERT INTO Pain (pid, positionId, referred_pain_position, sharp, pleuritic, constant, four_hours, eight_hours, one_day, two_days, one_week, worse_with_breathing, worse_with_eating) VALUES (524, 524, 525, true, true, true, true, false, true, true, true, false, true);
INSERT INTO Symptoms (sxId, nausea, vomiting, loss_of_appetite) VALUES (524, true, true, true);
INSERT INTO Symptoms (sxId, fever, malaise, chills, bloating, jaundice, indigestion) VALUES (525, true, true, true, false, true, true);
INSERT INTO Cases (diagnosisId, age, gender, majorSx, minorSx, painId) VALUES (3, 60, 'F', 524, 525, 524);
INSERT INTO Positions (posId, right_upper_quadrant, epigastrial) VALUES (526, true, true);
INSERT INTO Positions (posId, right_shoulder_blade) VALUES (527, true);
INSERT INTO Pain (pid, positionId, referred_pain_position, sharp, pleuritic, constant, four_hours, eight_hours, one_day, two_days, one_week, worse_with_breathing, worse_with_eating) VALUES (526, 526, 527, true, true, true, true, true, true, true, true, true, true);
INSERT INTO Symptoms (sxId, nausea, vomiting, loss_of_appetite) VALUES (526, true, true, true);
INSERT INTO Symptoms (sxId, fever, malaise, chills, bloating, jaundice, indigestion) VALUES (527, true, false, true, true, true, true);
INSERT INTO Cases (diagnosisId, age, gender, majorSx, minorSx, painId) VALUES (3, 56, 'F', 526, 527, 526);
INSERT INTO Positions (posId, right_upper_quadrant, epigastrial) VALUES (528, true, false);
INSERT INTO Positions (posId, right_shoulder_blade) VALUES (529, false);
INSERT INTO Pain (pid, positionId, referred_pain_position, sharp, pleuritic, constant, four_hours, eight_hours, one_day, two_days, one_week, worse_with_breathing, worse_with_eating) VALUES (528, 528, 529, false, true, true, true, false, true, true, true, true, true);
INSERT INTO Symptoms (sxId, nausea, vomiting, loss_of_appetite) VALUES (528, true, true, true);
INSERT INTO Symptoms (sxId, fever, malaise, chills, bloating, jaundice, indigestion) VALUES (529, true, true, true, true, true, true);
INSERT INTO Cases (diagnosisId, age, gender, majorSx, minorSx, painId) VALUES (3, 56, 'F', 528, 529, 528);
INSERT INTO Positions (posId, right_upper_quadrant, epigastrial) VALUES (530, true, false);
INSERT INTO Positions (posId, right_shoulder_blade) VALUES (531, true);
INSERT INTO Pain (pid, positionId, referred_pain_position, sharp, pleuritic, constant, four_hours, eight_hours, one_day, two_days, one_week, worse_with_breathing, worse_with_eating) VALUES (530, 530, 531, true, true, true, true, true, true, true, true, true, true);
INSERT INTO Symptoms (sxId, nausea, vomiting, loss_of_appetite) VALUES (530, false, true, true);
INSERT INTO Symptoms (sxId, fever, malaise, chills, bloating, jaundice, indigestion) VALUES (531, false, true, true, true, false, false);
INSERT INTO Cases (diagnosisId, age, gender, majorSx, minorSx, painId) VALUES (3, 59, 'F', 530, 531, 530);
INSERT INTO Positions (posId, right_upper_quadrant, epigastrial) VALUES (532, true, true);
INSERT INTO Positions (posId, right_shoulder_blade) VALUES (533, true);
INSERT INTO Pain (pid, positionId, referred_pain_position, sharp, pleuritic, constant, four_hours, eight_hours, one_day, two_days, one_week, worse_with_breathing, worse_with_eating) VALUES (532, 532, 533, true, true, true, true, true, true, true, true, true, true);
INSERT INTO Symptoms (sxId, nausea, vomiting, loss_of_appetite) VALUES (532, true, false, true);
INSERT INTO Symptoms (sxId, fever, malaise, chills, bloating, jaundice, indigestion) VALUES (533, true, true, false, true, true, true);
INSERT INTO Cases (diagnosisId, age, gender, majorSx, minorSx, painId) VALUES (3, 59, 'F', 532, 533, 532);
INSERT INTO Positions (posId, right_upper_quadrant, epigastrial) VALUES (534, true, true);
INSERT INTO Positions (posId, right_shoulder_blade) VALUES (535, true);
INSERT INTO Pain (pid, positionId, referred_pain_position, sharp, pleuritic, constant, four_hours, eight_hours, one_day, two_days, one_week, worse_with_breathing, worse_with_eating) VALUES (534, 534, 535, false, true, false, true, true, true, true, true, true, true);
INSERT INTO Symptoms (sxId, nausea, vomiting, loss_of_appetite) VALUES (534, true, true, true);
INSERT INTO Symptoms (sxId, fever, malaise, chills, bloating, jaundice, indigestion) VALUES (535, true, false, true, true, true, true);
INSERT INTO Cases (diagnosisId, age, gender, majorSx, minorSx, painId) VALUES (3, 57, 'M', 534, 535, 534);
INSERT INTO Positions (posId, right_upper_quadrant, epigastrial) VALUES (536, false, true);
INSERT INTO Positions (posId, right_shoulder_blade) VALUES (537, true);
INSERT INTO Pain (pid, positionId, referred_pain_position, sharp, pleuritic, constant, four_hours, eight_hours, one_day, two_days, one_week, worse_with_breathing, worse_with_eating) VALUES (536, 536, 537, true, false, false, true, true, true, true, true, false, true);
INSERT INTO Symptoms (sxId, nausea, vomiting, loss_of_appetite) VALUES (536, true, true, true);
INSERT INTO Symptoms (sxId, fever, malaise, chills, bloating, jaundice, indigestion) VALUES (537, true, true, true, true, true, true);
INSERT INTO Cases (diagnosisId, age, gender, majorSx, minorSx, painId) VALUES (3, 64, 'F', 536, 537, 536);
INSERT INTO Positions (posId, right_upper_quadrant, epigastrial) VALUES (538, true, true);
INSERT INTO Positions (posId, right_shoulder_blade) VALUES (539, true);
INSERT INTO Pain (pid, positionId, referred_pain_position, sharp, pleuritic, constant, four_hours, eight_hours, one_day, two_days, one_week, worse_with_breathing, worse_with_eating) VALUES (538, 538, 539, true, true, true, true, true, true, true, true, true, false);
INSERT INTO Symptoms (sxId, nausea, vomiting, loss_of_appetite) VALUES (538, false, true, true);
INSERT INTO Symptoms (sxId, fever, malaise, chills, bloating, jaundice, indigestion) VALUES (539, true, true, true, true, true, true);
INSERT INTO Cases (diagnosisId, age, gender, majorSx, minorSx, painId) VALUES (3, 61, 'F', 538, 539, 538);
INSERT INTO Positions (posId, right_upper_quadrant, epigastrial) VALUES (540, true, true);
INSERT INTO Positions (posId, right_shoulder_blade) VALUES (541, true);
INSERT INTO Pain (pid, positionId, referred_pain_position, sharp, pleuritic, constant, four_hours, eight_hours, one_day, two_days, one_week, worse_with_breathing, worse_with_eating) VALUES (540, 540, 541, true, false, true, true, true, true, true, true, true, false);
INSERT INTO Symptoms (sxId, nausea, vomiting, loss_of_appetite) VALUES (540, true, true, true);
INSERT INTO Symptoms (sxId, fever, malaise, chills, bloating, jaundice, indigestion) VALUES (541, true, false, true, true, true, true);
INSERT INTO Cases (diagnosisId, age, gender, majorSx, minorSx, painId) VALUES (3, 65, 'M', 540, 541, 540);
INSERT INTO Positions (posId, right_upper_quadrant, epigastrial) VALUES (542, true, true);
INSERT INTO Positions (posId, right_shoulder_blade) VALUES (543, true);
INSERT INTO Pain (pid, positionId, referred_pain_position, sharp, pleuritic, constant, four_hours, eight_hours, one_day, two_days, one_week, worse_with_breathing, worse_with_eating) VALUES (542, 542, 543, true, true, true, true, true, true, true, true, true, true);
INSERT INTO Symptoms (sxId, nausea, vomiting, loss_of_appetite) VALUES (542, true, true, true);
INSERT INTO Symptoms (sxId, fever, malaise, chills, bloating, jaundice, indigestion) VALUES (543, true, true, true, true, true, true);
INSERT INTO Cases (diagnosisId, age, gender, majorSx, minorSx, painId) VALUES (3, 65, 'F', 542, 543, 542);
INSERT INTO Positions (posId, right_upper_quadrant, epigastrial) VALUES (544, true, true);
INSERT INTO Positions (posId, right_shoulder_blade) VALUES (545, true);
INSERT INTO Pain (pid, positionId, referred_pain_position, sharp, pleuritic, constant, four_hours, eight_hours, one_day, two_days, one_week, worse_with_breathing, worse_with_eating) VALUES (544, 544, 545, true, true, true, true, true, true, true, true, true, true);
INSERT INTO Symptoms (sxId, nausea, vomiting, loss_of_appetite) VALUES (544, true, true, false);
INSERT INTO Symptoms (sxId, fever, malaise, chills, bloating, jaundice, indigestion) VALUES (545, true, true, false, true, true, true);
INSERT INTO Cases (diagnosisId, age, gender, majorSx, minorSx, painId) VALUES (3, 64, 'M', 544, 545, 544);
INSERT INTO Positions (posId, right_upper_quadrant, epigastrial) VALUES (546, true, true);
INSERT INTO Positions (posId, right_shoulder_blade) VALUES (547, true);
INSERT INTO Pain (pid, positionId, referred_pain_position, sharp, pleuritic, constant, four_hours, eight_hours, one_day, two_days, one_week, worse_with_breathing, worse_with_eating) VALUES (546, 546, 547, true, false, true, true, true, true, true, false, true, true);
INSERT INTO Symptoms (sxId, nausea, vomiting, loss_of_appetite) VALUES (546, true, true, true);
INSERT INTO Symptoms (sxId, fever, malaise, chills, bloating, jaundice, indigestion) VALUES (547, true, true, true, true, true, true);
INSERT INTO Cases (diagnosisId, age, gender, majorSx, minorSx, painId) VALUES (3, 64, 'F', 546, 547, 546);
INSERT INTO Positions (posId, right_upper_quadrant, epigastrial) VALUES (548, true, true);
INSERT INTO Positions (posId, right_shoulder_blade) VALUES (549, false);
INSERT INTO Pain (pid, positionId, referred_pain_position, sharp, pleuritic, constant, four_hours, eight_hours, one_day, two_days, one_week, worse_with_breathing, worse_with_eating) VALUES (548, 548, 549, true, true, true, true, false, true, true, true, true, true);
INSERT INTO Symptoms (sxId, nausea, vomiting, loss_of_appetite) VALUES (548, false, false, true);
INSERT INTO Symptoms (sxId, fever, malaise, chills, bloating, jaundice, indigestion) VALUES (549, true, true, true, true, true, true);
INSERT INTO Cases (diagnosisId, age, gender, majorSx, minorSx, painId) VALUES (3, 61, 'M', 548, 549, 548);
INSERT INTO Positions (posId, right_upper_quadrant, epigastrial) VALUES (550, true, true);
INSERT INTO Positions (posId, right_shoulder_blade) VALUES (551, true);
INSERT INTO Pain (pid, positionId, referred_pain_position, sharp, pleuritic, constant, four_hours, eight_hours, one_day, two_days, one_week, worse_with_breathing, worse_with_eating) VALUES (550, 550, 551, true, true, true, true, true, false, true, false, true, true);
INSERT INTO Symptoms (sxId, nausea, vomiting, loss_of_appetite) VALUES (550, true, true, false);
INSERT INTO Symptoms (sxId, fever, malaise, chills, bloating, jaundice, indigestion) VALUES (551, true, true, true, true, true, false);
INSERT INTO Cases (diagnosisId, age, gender, majorSx, minorSx, painId) VALUES (3, 69, 'M', 550, 551, 550);
INSERT INTO Positions (posId, right_upper_quadrant, epigastrial) VALUES (552, true, true);
INSERT INTO Positions (posId, right_shoulder_blade) VALUES (553, true);
INSERT INTO Pain (pid, positionId, referred_pain_position, sharp, pleuritic, constant, four_hours, eight_hours, one_day, two_days, one_week, worse_with_breathing, worse_with_eating) VALUES (552, 552, 553, true, true, true, true, true, true, true, true, true, true);
INSERT INTO Symptoms (sxId, nausea, vomiting, loss_of_appetite) VALUES (552, true, true, false);
INSERT INTO Symptoms (sxId, fever, malaise, chills, bloating, jaundice, indigestion) VALUES (553, true, true, true, true, true, true);
INSERT INTO Cases (diagnosisId, age, gender, majorSx, minorSx, painId) VALUES (3, 67, 'F', 552, 553, 552);
INSERT INTO Positions (posId, right_upper_quadrant, epigastrial) VALUES (554, true, false);
INSERT INTO Positions (posId, right_shoulder_blade) VALUES (555, false);
INSERT INTO Pain (pid, positionId, referred_pain_position, sharp, pleuritic, constant, four_hours, eight_hours, one_day, two_days, one_week, worse_with_breathing, worse_with_eating) VALUES (554, 554, 555, true, true, true, true, false, true, true, true, true, true);
INSERT INTO Symptoms (sxId, nausea, vomiting, loss_of_appetite) VALUES (554, true, true, true);
INSERT INTO Symptoms (sxId, fever, malaise, chills, bloating, jaundice, indigestion) VALUES (555, true, true, true, true, true, true);
INSERT INTO Cases (diagnosisId, age, gender, majorSx, minorSx, painId) VALUES (3, 70, 'M', 554, 555, 554);
INSERT INTO Positions (posId, right_upper_quadrant, epigastrial) VALUES (556, true, true);
INSERT INTO Positions (posId, right_shoulder_blade) VALUES (557, true);
INSERT INTO Pain (pid, positionId, referred_pain_position, sharp, pleuritic, constant, four_hours, eight_hours, one_day, two_days, one_week, worse_with_breathing, worse_with_eating) VALUES (556, 556, 557, true, true, true, true, false, true, false, true, false, true);
INSERT INTO Symptoms (sxId, nausea, vomiting, loss_of_appetite) VALUES (556, true, true, true);
INSERT INTO Symptoms (sxId, fever, malaise, chills, bloating, jaundice, indigestion) VALUES (557, true, true, true, true, true, true);
INSERT INTO Cases (diagnosisId, age, gender, majorSx, minorSx, painId) VALUES (3, 70, 'F', 556, 557, 556);
INSERT INTO Positions (posId, right_upper_quadrant, epigastrial) VALUES (558, true, true);
INSERT INTO Positions (posId, right_shoulder_blade) VALUES (559, true);
INSERT INTO Pain (pid, positionId, referred_pain_position, sharp, pleuritic, constant, four_hours, eight_hours, one_day, two_days, one_week, worse_with_breathing, worse_with_eating) VALUES (558, 558, 559, true, true, true, true, false, true, true, true, true, true);
INSERT INTO Symptoms (sxId, nausea, vomiting, loss_of_appetite) VALUES (558, true, true, true);
INSERT INTO Symptoms (sxId, fever, malaise, chills, bloating, jaundice, indigestion) VALUES (559, true, true, true, true, true, true);
INSERT INTO Cases (diagnosisId, age, gender, majorSx, minorSx, painId) VALUES (3, 68, 'F', 558, 559, 558);
INSERT INTO Positions (posId, right_upper_quadrant, epigastrial) VALUES (560, true, true);
INSERT INTO Positions (posId, right_shoulder_blade) VALUES (561, true);
INSERT INTO Pain (pid, positionId, referred_pain_position, sharp, pleuritic, constant, four_hours, eight_hours, one_day, two_days, one_week, worse_with_breathing, worse_with_eating) VALUES (560, 560, 561, true, true, true, false, true, true, true, true, true, true);
INSERT INTO Symptoms (sxId, nausea, vomiting, loss_of_appetite) VALUES (560, true, true, true);
INSERT INTO Symptoms (sxId, fever, malaise, chills, bloating, jaundice, indigestion) VALUES (561, true, true, true, true, true, true);
INSERT INTO Cases (diagnosisId, age, gender, majorSx, minorSx, painId) VALUES (3, 67, 'F', 560, 561, 560);
INSERT INTO Positions (posId, right_upper_quadrant, epigastrial) VALUES (562, true, true);
INSERT INTO Positions (posId, right_shoulder_blade) VALUES (563, true);
INSERT INTO Pain (pid, positionId, referred_pain_position, sharp, pleuritic, constant, four_hours, eight_hours, one_day, two_days, one_week, worse_with_breathing, worse_with_eating) VALUES (562, 562, 563, true, true, true, true, true, true, true, true, true, true);
INSERT INTO Symptoms (sxId, nausea, vomiting, loss_of_appetite) VALUES (562, true, true, true);
INSERT INTO Symptoms (sxId, fever, malaise, chills, bloating, jaundice, indigestion) VALUES (563, true, true, true, true, true, true);
INSERT INTO Cases (diagnosisId, age, gender, majorSx, minorSx, painId) VALUES (3, 69, 'M', 562, 563, 562);
INSERT INTO Positions (posId, right_upper_quadrant, epigastrial) VALUES (564, false, true);
INSERT INTO Positions (posId, right_shoulder_blade) VALUES (565, true);
INSERT INTO Pain (pid, positionId, referred_pain_position, sharp, pleuritic, constant, four_hours, eight_hours, one_day, two_days, one_week, worse_with_breathing, worse_with_eating) VALUES (564, 564, 565, true, true, true, true, true, true, true, true, true, true);
INSERT INTO Symptoms (sxId, nausea, vomiting, loss_of_appetite) VALUES (564, true, true, true);
INSERT INTO Symptoms (sxId, fever, malaise, chills, bloating, jaundice, indigestion) VALUES (565, false, true, false, true, true, false);
INSERT INTO Cases (diagnosisId, age, gender, majorSx, minorSx, painId) VALUES (3, 73, 'F', 564, 565, 564);
INSERT INTO Positions (posId, right_upper_quadrant, epigastrial) VALUES (566, true, false);
INSERT INTO Positions (posId, right_shoulder_blade) VALUES (567, true);
INSERT INTO Pain (pid, positionId, referred_pain_position, sharp, pleuritic, constant, four_hours, eight_hours, one_day, two_days, one_week, worse_with_breathing, worse_with_eating) VALUES (566, 566, 567, true, true, true, true, true, true, true, true, true, true);
INSERT INTO Symptoms (sxId, nausea, vomiting, loss_of_appetite) VALUES (566, true, true, true);
INSERT INTO Symptoms (sxId, fever, malaise, chills, bloating, jaundice, indigestion) VALUES (567, true, true, true, true, true, true);
INSERT INTO Cases (diagnosisId, age, gender, majorSx, minorSx, painId) VALUES (3, 71, 'M', 566, 567, 566);
INSERT INTO Positions (posId, right_upper_quadrant, epigastrial) VALUES (568, true, true);
INSERT INTO Positions (posId, right_shoulder_blade) VALUES (569, true);
INSERT INTO Pain (pid, positionId, referred_pain_position, sharp, pleuritic, constant, four_hours, eight_hours, one_day, two_days, one_week, worse_with_breathing, worse_with_eating) VALUES (568, 568, 569, true, true, true, true, true, true, true, true, true, true);
INSERT INTO Symptoms (sxId, nausea, vomiting, loss_of_appetite) VALUES (568, true, true, true);
INSERT INTO Symptoms (sxId, fever, malaise, chills, bloating, jaundice, indigestion) VALUES (569, true, true, true, true, true, true);
INSERT INTO Cases (diagnosisId, age, gender, majorSx, minorSx, painId) VALUES (3, 75, 'F', 568, 569, 568);
INSERT INTO Positions (posId, right_upper_quadrant, epigastrial) VALUES (570, true, true);
INSERT INTO Positions (posId, right_shoulder_blade) VALUES (571, true);
INSERT INTO Pain (pid, positionId, referred_pain_position, sharp, pleuritic, constant, four_hours, eight_hours, one_day, two_days, one_week, worse_with_breathing, worse_with_eating) VALUES (570, 570, 571, true, false, true, true, true, true, true, true, false, true);
INSERT INTO Symptoms (sxId, nausea, vomiting, loss_of_appetite) VALUES (570, true, true, true);
INSERT INTO Symptoms (sxId, fever, malaise, chills, bloating, jaundice, indigestion) VALUES (571, true, true, true, true, true, true);
INSERT INTO Cases (diagnosisId, age, gender, majorSx, minorSx, painId) VALUES (3, 74, 'F', 570, 571, 570);
INSERT INTO Positions (posId, right_upper_quadrant, epigastrial) VALUES (572, true, true);
INSERT INTO Positions (posId, right_shoulder_blade) VALUES (573, true);
INSERT INTO Pain (pid, positionId, referred_pain_position, sharp, pleuritic, constant, four_hours, eight_hours, one_day, two_days, one_week, worse_with_breathing, worse_with_eating) VALUES (572, 572, 573, true, true, true, true, true, true, true, true, true, true);
INSERT INTO Symptoms (sxId, nausea, vomiting, loss_of_appetite) VALUES (572, true, true, true);
INSERT INTO Symptoms (sxId, fever, malaise, chills, bloating, jaundice, indigestion) VALUES (573, true, true, true, true, true, true);
INSERT INTO Cases (diagnosisId, age, gender, majorSx, minorSx, painId) VALUES (3, 73, 'M', 572, 573, 572);
INSERT INTO Positions (posId, right_upper_quadrant, epigastrial) VALUES (574, true, true);
INSERT INTO Positions (posId, right_shoulder_blade) VALUES (575, true);
INSERT INTO Pain (pid, positionId, referred_pain_position, sharp, pleuritic, constant, four_hours, eight_hours, one_day, two_days, one_week, worse_with_breathing, worse_with_eating) VALUES (574, 574, 575, false, true, false, true, true, true, true, true, false, true);
INSERT INTO Symptoms (sxId, nausea, vomiting, loss_of_appetite) VALUES (574, true, true, true);
INSERT INTO Symptoms (sxId, fever, malaise, chills, bloating, jaundice, indigestion) VALUES (575, true, true, true, true, true, false);
INSERT INTO Cases (diagnosisId, age, gender, majorSx, minorSx, painId) VALUES (3, 72, 'F', 574, 575, 574);
INSERT INTO Positions (posId, right_upper_quadrant, epigastrial) VALUES (576, true, true);
INSERT INTO Positions (posId, right_shoulder_blade) VALUES (577, true);
INSERT INTO Pain (pid, positionId, referred_pain_position, sharp, pleuritic, constant, four_hours, eight_hours, one_day, two_days, one_week, worse_with_breathing, worse_with_eating) VALUES (576, 576, 577, true, true, true, true, true, true, true, true, true, true);
INSERT INTO Symptoms (sxId, nausea, vomiting, loss_of_appetite) VALUES (576, true, true, true);
INSERT INTO Symptoms (sxId, fever, malaise, chills, bloating, jaundice, indigestion) VALUES (577, true, true, true, true, true, true);
INSERT INTO Cases (diagnosisId, age, gender, majorSx, minorSx, painId) VALUES (3, 74, 'M', 576, 577, 576);
INSERT INTO Positions (posId, right_upper_quadrant, epigastrial) VALUES (578, true, true);
INSERT INTO Positions (posId, right_shoulder_blade) VALUES (579, true);
INSERT INTO Pain (pid, positionId, referred_pain_position, sharp, pleuritic, constant, four_hours, eight_hours, one_day, two_days, one_week, worse_with_breathing, worse_with_eating) VALUES (578, 578, 579, true, true, true, true, true, true, true, true, true, false);
INSERT INTO Symptoms (sxId, nausea, vomiting, loss_of_appetite) VALUES (578, true, true, true);
INSERT INTO Symptoms (sxId, fever, malaise, chills, bloating, jaundice, indigestion) VALUES (579, true, true, true, true, true, true);
INSERT INTO Cases (diagnosisId, age, gender, majorSx, minorSx, painId) VALUES (3, 80, 'F', 578, 579, 578);
INSERT INTO Positions (posId, right_upper_quadrant, epigastrial) VALUES (580, true, true);
INSERT INTO Positions (posId, right_shoulder_blade) VALUES (581, true);
INSERT INTO Pain (pid, positionId, referred_pain_position, sharp, pleuritic, constant, four_hours, eight_hours, one_day, two_days, one_week, worse_with_breathing, worse_with_eating) VALUES (580, 580, 581, true, true, true, true, true, true, true, true, true, true);
INSERT INTO Symptoms (sxId, nausea, vomiting, loss_of_appetite) VALUES (580, true, true, true);
INSERT INTO Symptoms (sxId, fever, malaise, chills, bloating, jaundice, indigestion) VALUES (581, true, true, true, true, true, true);
INSERT INTO Cases (diagnosisId, age, gender, majorSx, minorSx, painId) VALUES (3, 77, 'F', 580, 581, 580);
INSERT INTO Positions (posId, right_upper_quadrant, epigastrial) VALUES (582, true, false);
INSERT INTO Positions (posId, right_shoulder_blade) VALUES (583, true);
INSERT INTO Pain (pid, positionId, referred_pain_position, sharp, pleuritic, constant, four_hours, eight_hours, one_day, two_days, one_week, worse_with_breathing, worse_with_eating) VALUES (582, 582, 583, true, true, true, true, true, true, true, true, true, true);
INSERT INTO Symptoms (sxId, nausea, vomiting, loss_of_appetite) VALUES (582, true, true, true);
INSERT INTO Symptoms (sxId, fever, malaise, chills, bloating, jaundice, indigestion) VALUES (583, true, true, true, true, true, true);
INSERT INTO Cases (diagnosisId, age, gender, majorSx, minorSx, painId) VALUES (3, 78, 'F', 582, 583, 582);
INSERT INTO Positions (posId, right_upper_quadrant, epigastrial) VALUES (584, true, true);
INSERT INTO Positions (posId, right_shoulder_blade) VALUES (585, true);
INSERT INTO Pain (pid, positionId, referred_pain_position, sharp, pleuritic, constant, four_hours, eight_hours, one_day, two_days, one_week, worse_with_breathing, worse_with_eating) VALUES (584, 584, 585, true, true, true, true, true, true, true, true, true, true);
INSERT INTO Symptoms (sxId, nausea, vomiting, loss_of_appetite) VALUES (584, true, true, true);
INSERT INTO Symptoms (sxId, fever, malaise, chills, bloating, jaundice, indigestion) VALUES (585, true, true, false, true, true, false);
INSERT INTO Cases (diagnosisId, age, gender, majorSx, minorSx, painId) VALUES (3, 76, 'M', 584, 585, 584);
INSERT INTO Positions (posId, right_upper_quadrant, epigastrial) VALUES (586, true, true);
INSERT INTO Positions (posId, right_shoulder_blade) VALUES (587, true);
INSERT INTO Pain (pid, positionId, referred_pain_position, sharp, pleuritic, constant, four_hours, eight_hours, one_day, two_days, one_week, worse_with_breathing, worse_with_eating) VALUES (586, 586, 587, true, false, true, true, true, true, true, false, false, true);
INSERT INTO Symptoms (sxId, nausea, vomiting, loss_of_appetite) VALUES (586, true, true, true);
INSERT INTO Symptoms (sxId, fever, malaise, chills, bloating, jaundice, indigestion) VALUES (587, true, true, true, true, true, true);
INSERT INTO Cases (diagnosisId, age, gender, majorSx, minorSx, painId) VALUES (3, 79, 'F', 586, 587, 586);
INSERT INTO Positions (posId, right_upper_quadrant, epigastrial) VALUES (588, true, true);
INSERT INTO Positions (posId, right_shoulder_blade) VALUES (589, true);
INSERT INTO Pain (pid, positionId, referred_pain_position, sharp, pleuritic, constant, four_hours, eight_hours, one_day, two_days, one_week, worse_with_breathing, worse_with_eating) VALUES (588, 588, 589, true, true, true, true, true, true, true, true, true, true);
INSERT INTO Symptoms (sxId, nausea, vomiting, loss_of_appetite) VALUES (588, true, true, true);
INSERT INTO Symptoms (sxId, fever, malaise, chills, bloating, jaundice, indigestion) VALUES (589, true, true, true, false, true, true);
INSERT INTO Cases (diagnosisId, age, gender, majorSx, minorSx, painId) VALUES (3, 82, 'F', 588, 589, 588);
INSERT INTO Positions (posId, right_upper_quadrant, epigastrial) VALUES (590, true, true);
INSERT INTO Positions (posId, right_shoulder_blade) VALUES (591, true);
INSERT INTO Pain (pid, positionId, referred_pain_position, sharp, pleuritic, constant, four_hours, eight_hours, one_day, two_days, one_week, worse_with_breathing, worse_with_eating) VALUES (590, 590, 591, true, true, true, true, true, true, true, true, false, true);
INSERT INTO Symptoms (sxId, nausea, vomiting, loss_of_appetite) VALUES (590, true, true, true);
INSERT INTO Symptoms (sxId, fever, malaise, chills, bloating, jaundice, indigestion) VALUES (591, true, true, false, true, true, true);
INSERT INTO Cases (diagnosisId, age, gender, majorSx, minorSx, painId) VALUES (3, 85, 'F', 590, 591, 590);
INSERT INTO Positions (posId, right_upper_quadrant, epigastrial) VALUES (592, true, true);
INSERT INTO Positions (posId, right_shoulder_blade) VALUES (593, true);
INSERT INTO Pain (pid, positionId, referred_pain_position, sharp, pleuritic, constant, four_hours, eight_hours, one_day, two_days, one_week, worse_with_breathing, worse_with_eating) VALUES (592, 592, 593, true, true, true, true, true, true, true, true, true, true);
INSERT INTO Symptoms (sxId, nausea, vomiting, loss_of_appetite) VALUES (592, true, true, true);
INSERT INTO Symptoms (sxId, fever, malaise, chills, bloating, jaundice, indigestion) VALUES (593, true, true, true, true, true, false);
INSERT INTO Cases (diagnosisId, age, gender, majorSx, minorSx, painId) VALUES (3, 87, 'F', 592, 593, 592);
INSERT INTO Positions (posId, right_upper_quadrant, epigastrial) VALUES (594, true, true);
INSERT INTO Positions (posId, right_shoulder_blade) VALUES (595, true);
INSERT INTO Pain (pid, positionId, referred_pain_position, sharp, pleuritic, constant, four_hours, eight_hours, one_day, two_days, one_week, worse_with_breathing, worse_with_eating) VALUES (594, 594, 595, true, true, true, true, true, false, true, true, true, true);
INSERT INTO Symptoms (sxId, nausea, vomiting, loss_of_appetite) VALUES (594, false, true, true);
INSERT INTO Symptoms (sxId, fever, malaise, chills, bloating, jaundice, indigestion) VALUES (595, true, true, true, true, true, true);
INSERT INTO Cases (diagnosisId, age, gender, majorSx, minorSx, painId) VALUES (3, 86, 'F', 594, 595, 594);
INSERT INTO Positions (posId, right_upper_quadrant, epigastrial) VALUES (596, true, true);
INSERT INTO Positions (posId, right_shoulder_blade) VALUES (597, true);
INSERT INTO Pain (pid, positionId, referred_pain_position, sharp, pleuritic, constant, four_hours, eight_hours, one_day, two_days, one_week, worse_with_breathing, worse_with_eating) VALUES (596, 596, 597, true, true, true, true, false, true, true, true, true, true);
INSERT INTO Symptoms (sxId, nausea, vomiting, loss_of_appetite) VALUES (596, true, false, true);
INSERT INTO Symptoms (sxId, fever, malaise, chills, bloating, jaundice, indigestion) VALUES (597, true, true, true, true, true, false);
INSERT INTO Cases (diagnosisId, age, gender, majorSx, minorSx, painId) VALUES (3, 95, 'F', 596, 597, 596);
INSERT INTO Positions (posId, right_upper_quadrant, epigastrial) VALUES (598, true, true);
INSERT INTO Positions (posId, right_shoulder_blade) VALUES (599, true);
INSERT INTO Pain (pid, positionId, referred_pain_position, sharp, pleuritic, constant, four_hours, eight_hours, one_day, two_days, one_week, worse_with_breathing, worse_with_eating) VALUES (598, 598, 599, true, true, true, true, false, true, true, true, true, true);
INSERT INTO Symptoms (sxId, nausea, vomiting, loss_of_appetite) VALUES (598, true, true, false);
INSERT INTO Symptoms (sxId, fever, malaise, chills, bloating, jaundice, indigestion) VALUES (599, true, true, true, true, true, true);
INSERT INTO Cases (diagnosisId, age, gender, majorSx, minorSx, painId) VALUES (3, 102, 'F', 598, 599, 598);
INSERT INTO Positions (posId, right_upper_quadrant, epigastrial) VALUES (600, true, true);
INSERT INTO Positions (posId, right_shoulder_blade) VALUES (601, true);
INSERT INTO Pain (pid, positionId, referred_pain_position, sharp, pleuritic, constant, four_hours, eight_hours, one_day, two_days, one_week, worse_with_breathing, worse_with_eating) VALUES (600, 600, 601, true, true, true, true, true, true, true, true, true, true);
INSERT INTO Symptoms (sxId, nausea, vomiting, loss_of_appetite) VALUES (600, true, true, false);
INSERT INTO Symptoms (sxId, fever, malaise, chills, bloating, jaundice, indigestion) VALUES (601, true, true, true, true, true, true);
INSERT INTO Cases (diagnosisId, age, gender, majorSx, minorSx, painId) VALUES (3, 104, 'M', 600, 601, 600);
Insert INTO Diagnosis (dId, dname) Values (4, 'Choledocholithiasis');
INSERT INTO Positions (posId, right_upper_quadrant, epigastrial) VALUES (602, true, false);
INSERT INTO Positions (posId, right_shoulder_blade, between_shoulder_blades) VALUES (603, true, false);
INSERT INTO Pain (pid, positionId, referred_pain_position, sharp, pleuritic, constant, four_hours, eight_hours, one_day, two_days, worse_with_breathing, worse_with_eating) VALUES (602, 602, 603, true, true, true, true, true, true, false, true, true);
INSERT INTO Symptoms (sxId, nausea, vomiting, loss_of_appetite) VALUES (602, true, true, true);
INSERT INTO Symptoms (sxId, fever, malaise, chills, bloating, indigestion, jaundice, light_colored_stools, dark_urine) VALUES (603, true, true, true, true, true, true, true, true);
INSERT INTO Cases (diagnosisId, age, gender, majorSx, minorSx, painId) VALUES (4, 16, 'F', 602, 603, 602);
INSERT INTO Positions (posId, right_upper_quadrant, epigastrial) VALUES (604, true, true);
INSERT INTO Positions (posId, right_shoulder_blade, between_shoulder_blades) VALUES (605, true, true);
INSERT INTO Pain (pid, positionId, referred_pain_position, sharp, pleuritic, constant, four_hours, eight_hours, one_day, two_days, worse_with_breathing, worse_with_eating) VALUES (604, 604, 605, true, true, true, true, true, true, true, true, true);
INSERT INTO Symptoms (sxId, nausea, vomiting, loss_of_appetite) VALUES (604, true, true, true);
INSERT INTO Symptoms (sxId, fever, malaise, chills, bloating, indigestion, jaundice, light_colored_stools, dark_urine) VALUES (605, true, true, true, true, true, true, true, false);
INSERT INTO Cases (diagnosisId, age, gender, majorSx, minorSx, painId) VALUES (4, 16, 'M', 604, 605, 604);
INSERT INTO Positions (posId, right_upper_quadrant, epigastrial) VALUES (606, true, true);
INSERT INTO Positions (posId, right_shoulder_blade, between_shoulder_blades) VALUES (607, true, true);
INSERT INTO Pain (pid, positionId, referred_pain_position, sharp, pleuritic, constant, four_hours, eight_hours, one_day, two_days, worse_with_breathing, worse_with_eating) VALUES (606, 606, 607, true, true, true, true, true, true, true, true, true);
INSERT INTO Symptoms (sxId, nausea, vomiting, loss_of_appetite) VALUES (606, true, true, true);
INSERT INTO Symptoms (sxId, fever, malaise, chills, bloating, indigestion, jaundice, light_colored_stools, dark_urine) VALUES (607, true, true, true, true, true, true, true, true);
INSERT INTO Cases (diagnosisId, age, gender, majorSx, minorSx, painId) VALUES (4, 22, 'M', 606, 607, 606);
INSERT INTO Positions (posId, right_upper_quadrant, epigastrial) VALUES (608, true, true);
INSERT INTO Positions (posId, right_shoulder_blade, between_shoulder_blades) VALUES (609, true, true);
INSERT INTO Pain (pid, positionId, referred_pain_position, sharp, pleuritic, constant, four_hours, eight_hours, one_day, two_days, worse_with_breathing, worse_with_eating) VALUES (608, 608, 609, true, true, true, true, true, true, true, true, true);
INSERT INTO Symptoms (sxId, nausea, vomiting, loss_of_appetite) VALUES (608, true, true, true);
INSERT INTO Symptoms (sxId, fever, malaise, chills, bloating, indigestion, jaundice, light_colored_stools, dark_urine) VALUES (609, true, true, true, true, true, true, true, true);
INSERT INTO Cases (diagnosisId, age, gender, majorSx, minorSx, painId) VALUES (4, 21, 'F', 608, 609, 608);
INSERT INTO Positions (posId, right_upper_quadrant, epigastrial) VALUES (610, true, true);
INSERT INTO Positions (posId, right_shoulder_blade, between_shoulder_blades) VALUES (611, true, true);
INSERT INTO Pain (pid, positionId, referred_pain_position, sharp, pleuritic, constant, four_hours, eight_hours, one_day, two_days, worse_with_breathing, worse_with_eating) VALUES (610, 610, 611, true, true, true, false, true, true, true, true, true);
INSERT INTO Symptoms (sxId, nausea, vomiting, loss_of_appetite) VALUES (610, true, false, true);
INSERT INTO Symptoms (sxId, fever, malaise, chills, bloating, indigestion, jaundice, light_colored_stools, dark_urine) VALUES (611, true, true, true, true, true, true, true, true);
INSERT INTO Cases (diagnosisId, age, gender, majorSx, minorSx, painId) VALUES (4, 25, 'F', 610, 611, 610);
INSERT INTO Positions (posId, right_upper_quadrant, epigastrial) VALUES (612, false, true);
INSERT INTO Positions (posId, right_shoulder_blade, between_shoulder_blades) VALUES (613, true, true);
INSERT INTO Pain (pid, positionId, referred_pain_position, sharp, pleuritic, constant, four_hours, eight_hours, one_day, two_days, worse_with_breathing, worse_with_eating) VALUES (612, 612, 613, true, true, true, true, true, true, true, true, true);
INSERT INTO Symptoms (sxId, nausea, vomiting, loss_of_appetite) VALUES (612, true, true, false);
INSERT INTO Symptoms (sxId, fever, malaise, chills, bloating, indigestion, jaundice, light_colored_stools, dark_urine) VALUES (613, true, true, true, true, true, true, true, true);
INSERT INTO Cases (diagnosisId, age, gender, majorSx, minorSx, painId) VALUES (4, 21, 'F', 612, 613, 612);
INSERT INTO Positions (posId, right_upper_quadrant, epigastrial) VALUES (614, true, true);
INSERT INTO Positions (posId, right_shoulder_blade, between_shoulder_blades) VALUES (615, true, true);
INSERT INTO Pain (pid, positionId, referred_pain_position, sharp, pleuritic, constant, four_hours, eight_hours, one_day, two_days, worse_with_breathing, worse_with_eating) VALUES (614, 614, 615, true, true, true, true, true, true, false, true, true);
INSERT INTO Symptoms (sxId, nausea, vomiting, loss_of_appetite) VALUES (614, true, true, true);
INSERT INTO Symptoms (sxId, fever, malaise, chills, bloating, indigestion, jaundice, light_colored_stools, dark_urine) VALUES (615, true, true, true, true, true, true, true, true);
INSERT INTO Cases (diagnosisId, age, gender, majorSx, minorSx, painId) VALUES (4, 25, 'F', 614, 615, 614);
INSERT INTO Positions (posId, right_upper_quadrant, epigastrial) VALUES (616, true, false);
INSERT INTO Positions (posId, right_shoulder_blade, between_shoulder_blades) VALUES (617, true, true);
INSERT INTO Pain (pid, positionId, referred_pain_position, sharp, pleuritic, constant, four_hours, eight_hours, one_day, two_days, worse_with_breathing, worse_with_eating) VALUES (616, 616, 617, true, true, true, true, true, true, true, true, true);
INSERT INTO Symptoms (sxId, nausea, vomiting, loss_of_appetite) VALUES (616, false, true, true);
INSERT INTO Symptoms (sxId, fever, malaise, chills, bloating, indigestion, jaundice, light_colored_stools, dark_urine) VALUES (617, true, false, false, true, true, true, true, true);
INSERT INTO Cases (diagnosisId, age, gender, majorSx, minorSx, painId) VALUES (4, 30, 'F', 616, 617, 616);
INSERT INTO Positions (posId, right_upper_quadrant, epigastrial) VALUES (618, true, true);
INSERT INTO Positions (posId, right_shoulder_blade, between_shoulder_blades) VALUES (619, true, true);
INSERT INTO Pain (pid, positionId, referred_pain_position, sharp, pleuritic, constant, four_hours, eight_hours, one_day, two_days, worse_with_breathing, worse_with_eating) VALUES (618, 618, 619, true, false, true, false, true, true, true, true, true);
INSERT INTO Symptoms (sxId, nausea, vomiting, loss_of_appetite) VALUES (618, true, false, true);
INSERT INTO Symptoms (sxId, fever, malaise, chills, bloating, indigestion, jaundice, light_colored_stools, dark_urine) VALUES (619, true, true, false, true, true, true, true, false);
INSERT INTO Cases (diagnosisId, age, gender, majorSx, minorSx, painId) VALUES (4, 27, 'M', 618, 619, 618);
INSERT INTO Positions (posId, right_upper_quadrant, epigastrial) VALUES (620, true, true);
INSERT INTO Positions (posId, right_shoulder_blade, between_shoulder_blades) VALUES (621, true, true);
INSERT INTO Pain (pid, positionId, referred_pain_position, sharp, pleuritic, constant, four_hours, eight_hours, one_day, two_days, worse_with_breathing, worse_with_eating) VALUES (620, 620, 621, true, true, true, true, true, true, true, true, true);
INSERT INTO Symptoms (sxId, nausea, vomiting, loss_of_appetite) VALUES (620, true, true, true);
INSERT INTO Symptoms (sxId, fever, malaise, chills, bloating, indigestion, jaundice, light_colored_stools, dark_urine) VALUES (621, true, true, true, true, true, true, true, true);
INSERT INTO Cases (diagnosisId, age, gender, majorSx, minorSx, painId) VALUES (4, 26, 'F', 620, 621, 620);
INSERT INTO Positions (posId, right_upper_quadrant, epigastrial) VALUES (622, false, true);
INSERT INTO Positions (posId, right_shoulder_blade, between_shoulder_blades) VALUES (623, true, true);
INSERT INTO Pain (pid, positionId, referred_pain_position, sharp, pleuritic, constant, four_hours, eight_hours, one_day, two_days, worse_with_breathing, worse_with_eating) VALUES (622, 622, 623, true, false, false, true, true, true, true, true, true);
INSERT INTO Symptoms (sxId, nausea, vomiting, loss_of_appetite) VALUES (622, true, true, true);
INSERT INTO Symptoms (sxId, fever, malaise, chills, bloating, indigestion, jaundice, light_colored_stools, dark_urine) VALUES (623, true, true, false, true, true, false, true, true);
INSERT INTO Cases (diagnosisId, age, gender, majorSx, minorSx, painId) VALUES (4, 28, 'F', 622, 623, 622);
INSERT INTO Positions (posId, right_upper_quadrant, epigastrial) VALUES (624, true, true);
INSERT INTO Positions (posId, right_shoulder_blade, between_shoulder_blades) VALUES (625, true, true);
INSERT INTO Pain (pid, positionId, referred_pain_position, sharp, pleuritic, constant, four_hours, eight_hours, one_day, two_days, worse_with_breathing, worse_with_eating) VALUES (624, 624, 625, true, true, true, true, true, true, true, true, true);
INSERT INTO Symptoms (sxId, nausea, vomiting, loss_of_appetite) VALUES (624, true, true, true);
INSERT INTO Symptoms (sxId, fever, malaise, chills, bloating, indigestion, jaundice, light_colored_stools, dark_urine) VALUES (625, true, true, true, true, true, true, true, true);
INSERT INTO Cases (diagnosisId, age, gender, majorSx, minorSx, painId) VALUES (4, 28, 'F', 624, 625, 624);
INSERT INTO Positions (posId, right_upper_quadrant, epigastrial) VALUES (626, true, true);
INSERT INTO Positions (posId, right_shoulder_blade, between_shoulder_blades) VALUES (627, true, true);
INSERT INTO Pain (pid, positionId, referred_pain_position, sharp, pleuritic, constant, four_hours, eight_hours, one_day, two_days, worse_with_breathing, worse_with_eating) VALUES (626, 626, 627, true, true, true, false, true, true, true, false, false);
INSERT INTO Symptoms (sxId, nausea, vomiting, loss_of_appetite) VALUES (626, true, true, true);
INSERT INTO Symptoms (sxId, fever, malaise, chills, bloating, indigestion, jaundice, light_colored_stools, dark_urine) VALUES (627, true, true, true, true, true, false, true, true);
INSERT INTO Cases (diagnosisId, age, gender, majorSx, minorSx, painId) VALUES (4, 26, 'F', 626, 627, 626);
INSERT INTO Positions (posId, right_upper_quadrant, epigastrial) VALUES (628, true, true);
INSERT INTO Positions (posId, right_shoulder_blade, between_shoulder_blades) VALUES (629, true, true);
INSERT INTO Pain (pid, positionId, referred_pain_position, sharp, pleuritic, constant, four_hours, eight_hours, one_day, two_days, worse_with_breathing, worse_with_eating) VALUES (628, 628, 629, true, true, true, true, true, true, true, true, true);
INSERT INTO Symptoms (sxId, nausea, vomiting, loss_of_appetite) VALUES (628, true, true, true);
INSERT INTO Symptoms (sxId, fever, malaise, chills, bloating, indigestion, jaundice, light_colored_stools, dark_urine) VALUES (629, true, true, true, false, true, true, true, true);
INSERT INTO Cases (diagnosisId, age, gender, majorSx, minorSx, painId) VALUES (4, 29, 'F', 628, 629, 628);
INSERT INTO Positions (posId, right_upper_quadrant, epigastrial) VALUES (630, true, true);
INSERT INTO Positions (posId, right_shoulder_blade, between_shoulder_blades) VALUES (631, true, true);
INSERT INTO Pain (pid, positionId, referred_pain_position, sharp, pleuritic, constant, four_hours, eight_hours, one_day, two_days, worse_with_breathing, worse_with_eating) VALUES (630, 630, 631, true, true, true, true, true, true, true, true, true);
INSERT INTO Symptoms (sxId, nausea, vomiting, loss_of_appetite) VALUES (630, true, true, true);
INSERT INTO Symptoms (sxId, fever, malaise, chills, bloating, indigestion, jaundice, light_colored_stools, dark_urine) VALUES (631, false, true, true, true, true, true, true, true);
INSERT INTO Cases (diagnosisId, age, gender, majorSx, minorSx, painId) VALUES (4, 33, 'M', 630, 631, 630);
INSERT INTO Positions (posId, right_upper_quadrant, epigastrial) VALUES (632, true, true);
INSERT INTO Positions (posId, right_shoulder_blade, between_shoulder_blades) VALUES (633, true, true);
INSERT INTO Pain (pid, positionId, referred_pain_position, sharp, pleuritic, constant, four_hours, eight_hours, one_day, two_days, worse_with_breathing, worse_with_eating) VALUES (632, 632, 633, true, true, true, true, true, true, true, true, true);
INSERT INTO Symptoms (sxId, nausea, vomiting, loss_of_appetite) VALUES (632, true, true, true);
INSERT INTO Symptoms (sxId, fever, malaise, chills, bloating, indigestion, jaundice, light_colored_stools, dark_urine) VALUES (633, true, true, true, true, true, false, true, true);
INSERT INTO Cases (diagnosisId, age, gender, majorSx, minorSx, painId) VALUES (4, 33, 'F', 632, 633, 632);
INSERT INTO Positions (posId, right_upper_quadrant, epigastrial) VALUES (634, true, true);
INSERT INTO Positions (posId, right_shoulder_blade, between_shoulder_blades) VALUES (635, true, true);
INSERT INTO Pain (pid, positionId, referred_pain_position, sharp, pleuritic, constant, four_hours, eight_hours, one_day, two_days, worse_with_breathing, worse_with_eating) VALUES (634, 634, 635, true, true, true, true, true, true, true, true, true);
INSERT INTO Symptoms (sxId, nausea, vomiting, loss_of_appetite) VALUES (634, true, true, true);
INSERT INTO Symptoms (sxId, fever, malaise, chills, bloating, indigestion, jaundice, light_colored_stools, dark_urine) VALUES (635, true, true, false, true, true, false, true, true);
INSERT INTO Cases (diagnosisId, age, gender, majorSx, minorSx, painId) VALUES (4, 31, 'M', 634, 635, 634);
INSERT INTO Positions (posId, right_upper_quadrant, epigastrial) VALUES (636, true, true);
INSERT INTO Positions (posId, right_shoulder_blade, between_shoulder_blades) VALUES (637, true, false);
INSERT INTO Pain (pid, positionId, referred_pain_position, sharp, pleuritic, constant, four_hours, eight_hours, one_day, two_days, worse_with_breathing, worse_with_eating) VALUES (636, 636, 637, false, true, true, false, true, true, true, true, true);
INSERT INTO Symptoms (sxId, nausea, vomiting, loss_of_appetite) VALUES (636, true, true, true);
INSERT INTO Symptoms (sxId, fever, malaise, chills, bloating, indigestion, jaundice, light_colored_stools, dark_urine) VALUES (637, false, true, true, true, true, true, true, true);
INSERT INTO Cases (diagnosisId, age, gender, majorSx, minorSx, painId) VALUES (4, 33, 'F', 636, 637, 636);
INSERT INTO Positions (posId, right_upper_quadrant, epigastrial) VALUES (638, true, true);
INSERT INTO Positions (posId, right_shoulder_blade, between_shoulder_blades) VALUES (639, true, true);
INSERT INTO Pain (pid, positionId, referred_pain_position, sharp, pleuritic, constant, four_hours, eight_hours, one_day, two_days, worse_with_breathing, worse_with_eating) VALUES (638, 638, 639, true, false, false, false, false, true, true, false, true);
INSERT INTO Symptoms (sxId, nausea, vomiting, loss_of_appetite) VALUES (638, true, false, true);
INSERT INTO Symptoms (sxId, fever, malaise, chills, bloating, indigestion, jaundice, light_colored_stools, dark_urine) VALUES (639, true, true, true, true, true, true, true, true);
INSERT INTO Cases (diagnosisId, age, gender, majorSx, minorSx, painId) VALUES (4, 32, 'F', 638, 639, 638);
INSERT INTO Positions (posId, right_upper_quadrant, epigastrial) VALUES (640, true, true);
INSERT INTO Positions (posId, right_shoulder_blade, between_shoulder_blades) VALUES (641, false, true);
INSERT INTO Pain (pid, positionId, referred_pain_position, sharp, pleuritic, constant, four_hours, eight_hours, one_day, two_days, worse_with_breathing, worse_with_eating) VALUES (640, 640, 641, true, true, true, true, true, true, true, true, true);
INSERT INTO Symptoms (sxId, nausea, vomiting, loss_of_appetite) VALUES (640, true, true, true);
INSERT INTO Symptoms (sxId, fever, malaise, chills, bloating, indigestion, jaundice, light_colored_stools, dark_urine) VALUES (641, true, false, true, true, true, true, true, true);
INSERT INTO Cases (diagnosisId, age, gender, majorSx, minorSx, painId) VALUES (4, 35, 'F', 640, 641, 640);
INSERT INTO Positions (posId, right_upper_quadrant, epigastrial) VALUES (642, true, true);
INSERT INTO Positions (posId, right_shoulder_blade, between_shoulder_blades) VALUES (643, true, true);
INSERT INTO Pain (pid, positionId, referred_pain_position, sharp, pleuritic, constant, four_hours, eight_hours, one_day, two_days, worse_with_breathing, worse_with_eating) VALUES (642, 642, 643, true, true, true, true, true, true, false, true, true);
INSERT INTO Symptoms (sxId, nausea, vomiting, loss_of_appetite) VALUES (642, false, true, true);
INSERT INTO Symptoms (sxId, fever, malaise, chills, bloating, indigestion, jaundice, light_colored_stools, dark_urine) VALUES (643, true, true, true, true, true, true, true, true);
INSERT INTO Cases (diagnosisId, age, gender, majorSx, minorSx, painId) VALUES (4, 33, 'M', 642, 643, 642);
INSERT INTO Positions (posId, right_upper_quadrant, epigastrial) VALUES (644, true, true);
INSERT INTO Positions (posId, right_shoulder_blade, between_shoulder_blades) VALUES (645, true, true);
INSERT INTO Pain (pid, positionId, referred_pain_position, sharp, pleuritic, constant, four_hours, eight_hours, one_day, two_days, worse_with_breathing, worse_with_eating) VALUES (644, 644, 645, true, false, true, true, true, true, true, true, true);
INSERT INTO Symptoms (sxId, nausea, vomiting, loss_of_appetite) VALUES (644, true, true, false);
INSERT INTO Symptoms (sxId, fever, malaise, chills, bloating, indigestion, jaundice, light_colored_stools, dark_urine) VALUES (645, true, true, true, false, true, true, true, false);
INSERT INTO Cases (diagnosisId, age, gender, majorSx, minorSx, painId) VALUES (4, 38, 'F', 644, 645, 644);
INSERT INTO Positions (posId, right_upper_quadrant, epigastrial) VALUES (646, false, true);
INSERT INTO Positions (posId, right_shoulder_blade, between_shoulder_blades) VALUES (647, true, true);
INSERT INTO Pain (pid, positionId, referred_pain_position, sharp, pleuritic, constant, four_hours, eight_hours, one_day, two_days, worse_with_breathing, worse_with_eating) VALUES (646, 646, 647, true, true, true, true, false, true, true, true, true);
INSERT INTO Symptoms (sxId, nausea, vomiting, loss_of_appetite) VALUES (646, true, true, true);
INSERT INTO Symptoms (sxId, fever, malaise, chills, bloating, indigestion, jaundice, light_colored_stools, dark_urine) VALUES (647, true, false, true, true, true, true, true, true);
INSERT INTO Cases (diagnosisId, age, gender, majorSx, minorSx, painId) VALUES (4, 40, 'F', 646, 647, 646);
INSERT INTO Positions (posId, right_upper_quadrant, epigastrial) VALUES (648, true, true);
INSERT INTO Positions (posId, right_shoulder_blade, between_shoulder_blades) VALUES (649, true, true);
INSERT INTO Pain (pid, positionId, referred_pain_position, sharp, pleuritic, constant, four_hours, eight_hours, one_day, two_days, worse_with_breathing, worse_with_eating) VALUES (648, 648, 649, true, true, true, false, true, true, true, true, true);
INSERT INTO Symptoms (sxId, nausea, vomiting, loss_of_appetite) VALUES (648, false, false, true);
INSERT INTO Symptoms (sxId, fever, malaise, chills, bloating, indigestion, jaundice, light_colored_stools, dark_urine) VALUES (649, true, false, true, true, true, true, true, true);
INSERT INTO Cases (diagnosisId, age, gender, majorSx, minorSx, painId) VALUES (4, 38, 'F', 648, 649, 648);
INSERT INTO Positions (posId, right_upper_quadrant, epigastrial) VALUES (650, true, true);
INSERT INTO Positions (posId, right_shoulder_blade, between_shoulder_blades) VALUES (651, true, true);
INSERT INTO Pain (pid, positionId, referred_pain_position, sharp, pleuritic, constant, four_hours, eight_hours, one_day, two_days, worse_with_breathing, worse_with_eating) VALUES (650, 650, 651, true, true, false, true, true, true, true, true, false);
INSERT INTO Symptoms (sxId, nausea, vomiting, loss_of_appetite) VALUES (650, true, true, true);
INSERT INTO Symptoms (sxId, fever, malaise, chills, bloating, indigestion, jaundice, light_colored_stools, dark_urine) VALUES (651, true, true, true, true, true, true, true, true);
INSERT INTO Cases (diagnosisId, age, gender, majorSx, minorSx, painId) VALUES (4, 37, 'F', 650, 651, 650);
INSERT INTO Positions (posId, right_upper_quadrant, epigastrial) VALUES (652, true, true);
INSERT INTO Positions (posId, right_shoulder_blade, between_shoulder_blades) VALUES (653, true, true);
INSERT INTO Pain (pid, positionId, referred_pain_position, sharp, pleuritic, constant, four_hours, eight_hours, one_day, two_days, worse_with_breathing, worse_with_eating) VALUES (652, 652, 653, true, false, true, true, true, true, true, true, true);
INSERT INTO Symptoms (sxId, nausea, vomiting, loss_of_appetite) VALUES (652, true, true, true);
INSERT INTO Symptoms (sxId, fever, malaise, chills, bloating, indigestion, jaundice, light_colored_stools, dark_urine) VALUES (653, true, true, false, false, true, true, true, true);
INSERT INTO Cases (diagnosisId, age, gender, majorSx, minorSx, painId) VALUES (4, 36, 'M', 652, 653, 652);
INSERT INTO Positions (posId, right_upper_quadrant, epigastrial) VALUES (654, true, false);
INSERT INTO Positions (posId, right_shoulder_blade, between_shoulder_blades) VALUES (655, true, true);
INSERT INTO Pain (pid, positionId, referred_pain_position, sharp, pleuritic, constant, four_hours, eight_hours, one_day, two_days, worse_with_breathing, worse_with_eating) VALUES (654, 654, 655, true, true, false, true, true, true, true, true, true);
INSERT INTO Symptoms (sxId, nausea, vomiting, loss_of_appetite) VALUES (654, true, true, true);
INSERT INTO Symptoms (sxId, fever, malaise, chills, bloating, indigestion, jaundice, light_colored_stools, dark_urine) VALUES (655, true, true, false, true, true, true, false, true);
INSERT INTO Cases (diagnosisId, age, gender, majorSx, minorSx, painId) VALUES (4, 40, 'F', 654, 655, 654);
INSERT INTO Positions (posId, right_upper_quadrant, epigastrial) VALUES (656, true, true);
INSERT INTO Positions (posId, right_shoulder_blade, between_shoulder_blades) VALUES (657, false, true);
INSERT INTO Pain (pid, positionId, referred_pain_position, sharp, pleuritic, constant, four_hours, eight_hours, one_day, two_days, worse_with_breathing, worse_with_eating) VALUES (656, 656, 657, true, true, true, true, true, true, true, true, true);
INSERT INTO Symptoms (sxId, nausea, vomiting, loss_of_appetite) VALUES (656, false, true, true);
INSERT INTO Symptoms (sxId, fever, malaise, chills, bloating, indigestion, jaundice, light_colored_stools, dark_urine) VALUES (657, true, true, true, true, true, true, true, true);
INSERT INTO Cases (diagnosisId, age, gender, majorSx, minorSx, painId) VALUES (4, 36, 'M', 656, 657, 656);
INSERT INTO Positions (posId, right_upper_quadrant, epigastrial) VALUES (658, false, true);
INSERT INTO Positions (posId, right_shoulder_blade, between_shoulder_blades) VALUES (659, true, true);
INSERT INTO Pain (pid, positionId, referred_pain_position, sharp, pleuritic, constant, four_hours, eight_hours, one_day, two_days, worse_with_breathing, worse_with_eating) VALUES (658, 658, 659, false, true, true, true, false, true, true, true, true);
INSERT INTO Symptoms (sxId, nausea, vomiting, loss_of_appetite) VALUES (658, true, true, true);
INSERT INTO Symptoms (sxId, fever, malaise, chills, bloating, indigestion, jaundice, light_colored_stools, dark_urine) VALUES (659, true, true, true, true, true, true, false, false);
INSERT INTO Cases (diagnosisId, age, gender, majorSx, minorSx, painId) VALUES (4, 36, 'F', 658, 659, 658);
INSERT INTO Positions (posId, right_upper_quadrant, epigastrial) VALUES (660, true, true);
INSERT INTO Positions (posId, right_shoulder_blade, between_shoulder_blades) VALUES (661, true, true);
INSERT INTO Pain (pid, positionId, referred_pain_position, sharp, pleuritic, constant, four_hours, eight_hours, one_day, two_days, worse_with_breathing, worse_with_eating) VALUES (660, 660, 661, true, true, true, true, true, false, false, true, true);
INSERT INTO Symptoms (sxId, nausea, vomiting, loss_of_appetite) VALUES (660, true, true, true);
INSERT INTO Symptoms (sxId, fever, malaise, chills, bloating, indigestion, jaundice, light_colored_stools, dark_urine) VALUES (661, false, true, true, true, true, true, true, true);
INSERT INTO Cases (diagnosisId, age, gender, majorSx, minorSx, painId) VALUES (4, 44, 'F', 660, 661, 660);
INSERT INTO Positions (posId, right_upper_quadrant, epigastrial) VALUES (662, true, false);
INSERT INTO Positions (posId, right_shoulder_blade, between_shoulder_blades) VALUES (663, true, true);
INSERT INTO Pain (pid, positionId, referred_pain_position, sharp, pleuritic, constant, four_hours, eight_hours, one_day, two_days, worse_with_breathing, worse_with_eating) VALUES (662, 662, 663, true, true, true, true, true, true, true, true, true);
INSERT INTO Symptoms (sxId, nausea, vomiting, loss_of_appetite) VALUES (662, true, true, true);
INSERT INTO Symptoms (sxId, fever, malaise, chills, bloating, indigestion, jaundice, light_colored_stools, dark_urine) VALUES (663, true, false, true, true, true, true, true, false);
INSERT INTO Cases (diagnosisId, age, gender, majorSx, minorSx, painId) VALUES (4, 44, 'F', 662, 663, 662);
INSERT INTO Positions (posId, right_upper_quadrant, epigastrial) VALUES (664, true, true);
INSERT INTO Positions (posId, right_shoulder_blade, between_shoulder_blades) VALUES (665, true, true);
INSERT INTO Pain (pid, positionId, referred_pain_position, sharp, pleuritic, constant, four_hours, eight_hours, one_day, two_days, worse_with_breathing, worse_with_eating) VALUES (664, 664, 665, true, false, true, false, true, true, true, true, true);
INSERT INTO Symptoms (sxId, nausea, vomiting, loss_of_appetite) VALUES (664, true, false, true);
INSERT INTO Symptoms (sxId, fever, malaise, chills, bloating, indigestion, jaundice, light_colored_stools, dark_urine) VALUES (665, true, true, true, true, false, true, false, false);
INSERT INTO Cases (diagnosisId, age, gender, majorSx, minorSx, painId) VALUES (4, 43, 'F', 664, 665, 664);
INSERT INTO Positions (posId, right_upper_quadrant, epigastrial) VALUES (666, true, true);
INSERT INTO Positions (posId, right_shoulder_blade, between_shoulder_blades) VALUES (667, true, true);
INSERT INTO Pain (pid, positionId, referred_pain_position, sharp, pleuritic, constant, four_hours, eight_hours, one_day, two_days, worse_with_breathing, worse_with_eating) VALUES (666, 666, 667, true, true, true, true, true, true, true, false, true);
INSERT INTO Symptoms (sxId, nausea, vomiting, loss_of_appetite) VALUES (666, true, true, true);
INSERT INTO Symptoms (sxId, fever, malaise, chills, bloating, indigestion, jaundice, light_colored_stools, dark_urine) VALUES (667, true, true, true, true, true, true, true, true);
INSERT INTO Cases (diagnosisId, age, gender, majorSx, minorSx, painId) VALUES (4, 41, 'F', 666, 667, 666);
INSERT INTO Positions (posId, right_upper_quadrant, epigastrial) VALUES (668, true, true);
INSERT INTO Positions (posId, right_shoulder_blade, between_shoulder_blades) VALUES (669, true, true);
INSERT INTO Pain (pid, positionId, referred_pain_position, sharp, pleuritic, constant, four_hours, eight_hours, one_day, two_days, worse_with_breathing, worse_with_eating) VALUES (668, 668, 669, true, true, true, true, false, true, true, true, true);
INSERT INTO Symptoms (sxId, nausea, vomiting, loss_of_appetite) VALUES (668, true, true, true);
INSERT INTO Symptoms (sxId, fever, malaise, chills, bloating, indigestion, jaundice, light_colored_stools, dark_urine) VALUES (669, true, true, true, true, true, true, true, false);
INSERT INTO Cases (diagnosisId, age, gender, majorSx, minorSx, painId) VALUES (4, 44, 'F', 668, 669, 668);
INSERT INTO Positions (posId, right_upper_quadrant, epigastrial) VALUES (670, true, true);
INSERT INTO Positions (posId, right_shoulder_blade, between_shoulder_blades) VALUES (671, true, true);
INSERT INTO Pain (pid, positionId, referred_pain_position, sharp, pleuritic, constant, four_hours, eight_hours, one_day, two_days, worse_with_breathing, worse_with_eating) VALUES (670, 670, 671, true, true, true, true, false, false, true, true, true);
INSERT INTO Symptoms (sxId, nausea, vomiting, loss_of_appetite) VALUES (670, true, true, true);
INSERT INTO Symptoms (sxId, fever, malaise, chills, bloating, indigestion, jaundice, light_colored_stools, dark_urine) VALUES (671, true, true, true, true, true, true, true, true);
INSERT INTO Cases (diagnosisId, age, gender, majorSx, minorSx, painId) VALUES (4, 45, 'F', 670, 671, 670);
INSERT INTO Positions (posId, right_upper_quadrant, epigastrial) VALUES (672, true, true);
INSERT INTO Positions (posId, right_shoulder_blade, between_shoulder_blades) VALUES (673, true, true);
INSERT INTO Pain (pid, positionId, referred_pain_position, sharp, pleuritic, constant, four_hours, eight_hours, one_day, two_days, worse_with_breathing, worse_with_eating) VALUES (672, 672, 673, true, true, true, true, true, true, true, true, true);
INSERT INTO Symptoms (sxId, nausea, vomiting, loss_of_appetite) VALUES (672, true, true, true);
INSERT INTO Symptoms (sxId, fever, malaise, chills, bloating, indigestion, jaundice, light_colored_stools, dark_urine) VALUES (673, true, false, true, true, true, true, true, true);
INSERT INTO Cases (diagnosisId, age, gender, majorSx, minorSx, painId) VALUES (4, 41, 'F', 672, 673, 672);
INSERT INTO Positions (posId, right_upper_quadrant, epigastrial) VALUES (674, true, true);
INSERT INTO Positions (posId, right_shoulder_blade, between_shoulder_blades) VALUES (675, true, false);
INSERT INTO Pain (pid, positionId, referred_pain_position, sharp, pleuritic, constant, four_hours, eight_hours, one_day, two_days, worse_with_breathing, worse_with_eating) VALUES (674, 674, 675, true, true, true, true, false, true, false, true, true);
INSERT INTO Symptoms (sxId, nausea, vomiting, loss_of_appetite) VALUES (674, true, true, true);
INSERT INTO Symptoms (sxId, fever, malaise, chills, bloating, indigestion, jaundice, light_colored_stools, dark_urine) VALUES (675, false, true, false, true, true, true, true, true);
INSERT INTO Cases (diagnosisId, age, gender, majorSx, minorSx, painId) VALUES (4, 45, 'F', 674, 675, 674);
INSERT INTO Positions (posId, right_upper_quadrant, epigastrial) VALUES (676, true, false);
INSERT INTO Positions (posId, right_shoulder_blade, between_shoulder_blades) VALUES (677, true, false);
INSERT INTO Pain (pid, positionId, referred_pain_position, sharp, pleuritic, constant, four_hours, eight_hours, one_day, two_days, worse_with_breathing, worse_with_eating) VALUES (676, 676, 677, true, true, true, true, true, true, true, true, true);
INSERT INTO Symptoms (sxId, nausea, vomiting, loss_of_appetite) VALUES (676, false, true, true);
INSERT INTO Symptoms (sxId, fever, malaise, chills, bloating, indigestion, jaundice, light_colored_stools, dark_urine) VALUES (677, true, true, true, true, true, true, true, true);
INSERT INTO Cases (diagnosisId, age, gender, majorSx, minorSx, painId) VALUES (4, 44, 'M', 676, 677, 676);
INSERT INTO Positions (posId, right_upper_quadrant, epigastrial) VALUES (678, true, true);
INSERT INTO Positions (posId, right_shoulder_blade, between_shoulder_blades) VALUES (679, true, true);
INSERT INTO Pain (pid, positionId, referred_pain_position, sharp, pleuritic, constant, four_hours, eight_hours, one_day, two_days, worse_with_breathing, worse_with_eating) VALUES (678, 678, 679, true, false, true, true, true, true, true, true, true);
INSERT INTO Symptoms (sxId, nausea, vomiting, loss_of_appetite) VALUES (678, true, true, true);
INSERT INTO Symptoms (sxId, fever, malaise, chills, bloating, indigestion, jaundice, light_colored_stools, dark_urine) VALUES (679, true, true, true, true, true, true, true, true);
INSERT INTO Cases (diagnosisId, age, gender, majorSx, minorSx, painId) VALUES (4, 43, 'M', 678, 679, 678);
INSERT INTO Positions (posId, right_upper_quadrant, epigastrial) VALUES (680, true, true);
INSERT INTO Positions (posId, right_shoulder_blade, between_shoulder_blades) VALUES (681, true, false);
INSERT INTO Pain (pid, positionId, referred_pain_position, sharp, pleuritic, constant, four_hours, eight_hours, one_day, two_days, worse_with_breathing, worse_with_eating) VALUES (680, 680, 681, true, true, false, true, true, true, true, true, true);
INSERT INTO Symptoms (sxId, nausea, vomiting, loss_of_appetite) VALUES (680, true, false, true);
INSERT INTO Symptoms (sxId, fever, malaise, chills, bloating, indigestion, jaundice, light_colored_stools, dark_urine) VALUES (681, true, true, false, false, true, true, true, true);
INSERT INTO Cases (diagnosisId, age, gender, majorSx, minorSx, painId) VALUES (4, 46, 'F', 680, 681, 680);
INSERT INTO Positions (posId, right_upper_quadrant, epigastrial) VALUES (682, true, true);
INSERT INTO Positions (posId, right_shoulder_blade, between_shoulder_blades) VALUES (683, true, true);
INSERT INTO Pain (pid, positionId, referred_pain_position, sharp, pleuritic, constant, four_hours, eight_hours, one_day, two_days, worse_with_breathing, worse_with_eating) VALUES (682, 682, 683, true, true, true, true, true, true, true, false, true);
INSERT INTO Symptoms (sxId, nausea, vomiting, loss_of_appetite) VALUES (682, false, true, true);
INSERT INTO Symptoms (sxId, fever, malaise, chills, bloating, indigestion, jaundice, light_colored_stools, dark_urine) VALUES (683, true, true, true, true, false, true, true, true);
INSERT INTO Cases (diagnosisId, age, gender, majorSx, minorSx, painId) VALUES (4, 48, 'F', 682, 683, 682);
INSERT INTO Positions (posId, right_upper_quadrant, epigastrial) VALUES (684, true, true);
INSERT INTO Positions (posId, right_shoulder_blade, between_shoulder_blades) VALUES (685, true, true);
INSERT INTO Pain (pid, positionId, referred_pain_position, sharp, pleuritic, constant, four_hours, eight_hours, one_day, two_days, worse_with_breathing, worse_with_eating) VALUES (684, 684, 685, true, true, true, true, true, true, true, true, true);
INSERT INTO Symptoms (sxId, nausea, vomiting, loss_of_appetite) VALUES (684, true, true, true);
INSERT INTO Symptoms (sxId, fever, malaise, chills, bloating, indigestion, jaundice, light_colored_stools, dark_urine) VALUES (685, true, true, true, true, false, true, true, true);
INSERT INTO Cases (diagnosisId, age, gender, majorSx, minorSx, painId) VALUES (4, 50, 'M', 684, 685, 684);
INSERT INTO Positions (posId, right_upper_quadrant, epigastrial) VALUES (686, true, true);
INSERT INTO Positions (posId, right_shoulder_blade, between_shoulder_blades) VALUES (687, true, true);
INSERT INTO Pain (pid, positionId, referred_pain_position, sharp, pleuritic, constant, four_hours, eight_hours, one_day, two_days, worse_with_breathing, worse_with_eating) VALUES (686, 686, 687, true, true, true, true, true, true, true, true, true);
INSERT INTO Symptoms (sxId, nausea, vomiting, loss_of_appetite) VALUES (686, true, true, true);
INSERT INTO Symptoms (sxId, fever, malaise, chills, bloating, indigestion, jaundice, light_colored_stools, dark_urine) VALUES (687, true, true, true, true, true, true, true, true);
INSERT INTO Cases (diagnosisId, age, gender, majorSx, minorSx, painId) VALUES (4, 48, 'F', 686, 687, 686);
INSERT INTO Positions (posId, right_upper_quadrant, epigastrial) VALUES (688, true, true);
INSERT INTO Positions (posId, right_shoulder_blade, between_shoulder_blades) VALUES (689, true, true);
INSERT INTO Pain (pid, positionId, referred_pain_position, sharp, pleuritic, constant, four_hours, eight_hours, one_day, two_days, worse_with_breathing, worse_with_eating) VALUES (688, 688, 689, true, true, true, true, true, true, true, true, false);
INSERT INTO Symptoms (sxId, nausea, vomiting, loss_of_appetite) VALUES (688, true, true, true);
INSERT INTO Symptoms (sxId, fever, malaise, chills, bloating, indigestion, jaundice, light_colored_stools, dark_urine) VALUES (689, true, true, false, true, true, true, true, true);
INSERT INTO Cases (diagnosisId, age, gender, majorSx, minorSx, painId) VALUES (4, 48, 'M', 688, 689, 688);
INSERT INTO Positions (posId, right_upper_quadrant, epigastrial) VALUES (690, true, true);
INSERT INTO Positions (posId, right_shoulder_blade, between_shoulder_blades) VALUES (691, true, true);
INSERT INTO Pain (pid, positionId, referred_pain_position, sharp, pleuritic, constant, four_hours, eight_hours, one_day, two_days, worse_with_breathing, worse_with_eating) VALUES (690, 690, 691, true, true, true, true, true, true, true, true, true);
INSERT INTO Symptoms (sxId, nausea, vomiting, loss_of_appetite) VALUES (690, true, true, true);
INSERT INTO Symptoms (sxId, fever, malaise, chills, bloating, indigestion, jaundice, light_colored_stools, dark_urine) VALUES (691, true, true, false, false, false, true, false, true);
INSERT INTO Cases (diagnosisId, age, gender, majorSx, minorSx, painId) VALUES (4, 47, 'M', 690, 691, 690);
INSERT INTO Positions (posId, right_upper_quadrant, epigastrial) VALUES (692, true, true);
INSERT INTO Positions (posId, right_shoulder_blade, between_shoulder_blades) VALUES (693, false, true);
INSERT INTO Pain (pid, positionId, referred_pain_position, sharp, pleuritic, constant, four_hours, eight_hours, one_day, two_days, worse_with_breathing, worse_with_eating) VALUES (692, 692, 693, true, true, true, true, true, true, true, true, true);
INSERT INTO Symptoms (sxId, nausea, vomiting, loss_of_appetite) VALUES (692, false, true, true);
INSERT INTO Symptoms (sxId, fever, malaise, chills, bloating, indigestion, jaundice, light_colored_stools, dark_urine) VALUES (693, true, true, true, true, true, true, true, true);
INSERT INTO Cases (diagnosisId, age, gender, majorSx, minorSx, painId) VALUES (4, 49, 'M', 692, 693, 692);
INSERT INTO Positions (posId, right_upper_quadrant, epigastrial) VALUES (694, true, true);
INSERT INTO Positions (posId, right_shoulder_blade, between_shoulder_blades) VALUES (695, true, true);
INSERT INTO Pain (pid, positionId, referred_pain_position, sharp, pleuritic, constant, four_hours, eight_hours, one_day, two_days, worse_with_breathing, worse_with_eating) VALUES (694, 694, 695, true, true, true, true, true, true, false, true, true);
INSERT INTO Symptoms (sxId, nausea, vomiting, loss_of_appetite) VALUES (694, true, true, false);
INSERT INTO Symptoms (sxId, fever, malaise, chills, bloating, indigestion, jaundice, light_colored_stools, dark_urine) VALUES (695, true, true, true, true, true, true, true, true);
INSERT INTO Cases (diagnosisId, age, gender, majorSx, minorSx, painId) VALUES (4, 50, 'F', 694, 695, 694);
INSERT INTO Positions (posId, right_upper_quadrant, epigastrial) VALUES (696, false, true);
INSERT INTO Positions (posId, right_shoulder_blade, between_shoulder_blades) VALUES (697, true, true);
INSERT INTO Pain (pid, positionId, referred_pain_position, sharp, pleuritic, constant, four_hours, eight_hours, one_day, two_days, worse_with_breathing, worse_with_eating) VALUES (696, 696, 697, true, true, true, true, true, true, true, false, true);
INSERT INTO Symptoms (sxId, nausea, vomiting, loss_of_appetite) VALUES (696, true, true, true);
INSERT INTO Symptoms (sxId, fever, malaise, chills, bloating, indigestion, jaundice, light_colored_stools, dark_urine) VALUES (697, true, true, true, true, true, true, true, true);
INSERT INTO Cases (diagnosisId, age, gender, majorSx, minorSx, painId) VALUES (4, 46, 'M', 696, 697, 696);
INSERT INTO Positions (posId, right_upper_quadrant, epigastrial) VALUES (698, true, true);
INSERT INTO Positions (posId, right_shoulder_blade, between_shoulder_blades) VALUES (699, true, true);
INSERT INTO Pain (pid, positionId, referred_pain_position, sharp, pleuritic, constant, four_hours, eight_hours, one_day, two_days, worse_with_breathing, worse_with_eating) VALUES (698, 698, 699, false, true, true, true, true, true, true, true, true);
INSERT INTO Symptoms (sxId, nausea, vomiting, loss_of_appetite) VALUES (698, true, true, false);
INSERT INTO Symptoms (sxId, fever, malaise, chills, bloating, indigestion, jaundice, light_colored_stools, dark_urine) VALUES (699, true, true, true, true, true, true, true, false);
INSERT INTO Cases (diagnosisId, age, gender, majorSx, minorSx, painId) VALUES (4, 50, 'F', 698, 699, 698);
INSERT INTO Positions (posId, right_upper_quadrant, epigastrial) VALUES (700, true, true);
INSERT INTO Positions (posId, right_shoulder_blade, between_shoulder_blades) VALUES (701, true, true);
INSERT INTO Pain (pid, positionId, referred_pain_position, sharp, pleuritic, constant, four_hours, eight_hours, one_day, two_days, worse_with_breathing, worse_with_eating) VALUES (700, 700, 701, true, true, true, true, false, true, true, true, true);
INSERT INTO Symptoms (sxId, nausea, vomiting, loss_of_appetite) VALUES (700, true, true, true);
INSERT INTO Symptoms (sxId, fever, malaise, chills, bloating, indigestion, jaundice, light_colored_stools, dark_urine) VALUES (701, false, true, false, true, true, true, true, true);
INSERT INTO Cases (diagnosisId, age, gender, majorSx, minorSx, painId) VALUES (4, 52, 'F', 700, 701, 700);
INSERT INTO Positions (posId, right_upper_quadrant, epigastrial) VALUES (702, true, true);
INSERT INTO Positions (posId, right_shoulder_blade, between_shoulder_blades) VALUES (703, true, true);
INSERT INTO Pain (pid, positionId, referred_pain_position, sharp, pleuritic, constant, four_hours, eight_hours, one_day, two_days, worse_with_breathing, worse_with_eating) VALUES (702, 702, 703, true, true, true, true, true, true, true, true, true);
INSERT INTO Symptoms (sxId, nausea, vomiting, loss_of_appetite) VALUES (702, true, true, true);
INSERT INTO Symptoms (sxId, fever, malaise, chills, bloating, indigestion, jaundice, light_colored_stools, dark_urine) VALUES (703, true, true, true, true, true, true, true, true);
INSERT INTO Cases (diagnosisId, age, gender, majorSx, minorSx, painId) VALUES (4, 55, 'F', 702, 703, 702);
INSERT INTO Positions (posId, right_upper_quadrant, epigastrial) VALUES (704, true, true);
INSERT INTO Positions (posId, right_shoulder_blade, between_shoulder_blades) VALUES (705, true, true);
INSERT INTO Pain (pid, positionId, referred_pain_position, sharp, pleuritic, constant, four_hours, eight_hours, one_day, two_days, worse_with_breathing, worse_with_eating) VALUES (704, 704, 705, true, true, true, false, true, true, true, true, true);
INSERT INTO Symptoms (sxId, nausea, vomiting, loss_of_appetite) VALUES (704, true, true, true);
INSERT INTO Symptoms (sxId, fever, malaise, chills, bloating, indigestion, jaundice, light_colored_stools, dark_urine) VALUES (705, true, true, true, false, false, true, true, true);
INSERT INTO Cases (diagnosisId, age, gender, majorSx, minorSx, painId) VALUES (4, 52, 'F', 704, 705, 704);
INSERT INTO Positions (posId, right_upper_quadrant, epigastrial) VALUES (706, true, true);
INSERT INTO Positions (posId, right_shoulder_blade, between_shoulder_blades) VALUES (707, true, true);
INSERT INTO Pain (pid, positionId, referred_pain_position, sharp, pleuritic, constant, four_hours, eight_hours, one_day, two_days, worse_with_breathing, worse_with_eating) VALUES (706, 706, 707, true, true, true, false, true, true, true, true, true);
INSERT INTO Symptoms (sxId, nausea, vomiting, loss_of_appetite) VALUES (706, true, true, true);
INSERT INTO Symptoms (sxId, fever, malaise, chills, bloating, indigestion, jaundice, light_colored_stools, dark_urine) VALUES (707, true, true, true, true, false, true, true, true);
INSERT INTO Cases (diagnosisId, age, gender, majorSx, minorSx, painId) VALUES (4, 54, 'M', 706, 707, 706);
INSERT INTO Positions (posId, right_upper_quadrant, epigastrial) VALUES (708, true, true);
INSERT INTO Positions (posId, right_shoulder_blade, between_shoulder_blades) VALUES (709, true, true);
INSERT INTO Pain (pid, positionId, referred_pain_position, sharp, pleuritic, constant, four_hours, eight_hours, one_day, two_days, worse_with_breathing, worse_with_eating) VALUES (708, 708, 709, true, false, true, false, true, true, true, true, true);
INSERT INTO Symptoms (sxId, nausea, vomiting, loss_of_appetite) VALUES (708, true, true, true);
INSERT INTO Symptoms (sxId, fever, malaise, chills, bloating, indigestion, jaundice, light_colored_stools, dark_urine) VALUES (709, true, true, true, true, true, false, false, true);
INSERT INTO Cases (diagnosisId, age, gender, majorSx, minorSx, painId) VALUES (4, 52, 'M', 708, 709, 708);
INSERT INTO Positions (posId, right_upper_quadrant, epigastrial) VALUES (710, true, true);
INSERT INTO Positions (posId, right_shoulder_blade, between_shoulder_blades) VALUES (711, true, true);
INSERT INTO Pain (pid, positionId, referred_pain_position, sharp, pleuritic, constant, four_hours, eight_hours, one_day, two_days, worse_with_breathing, worse_with_eating) VALUES (710, 710, 711, true, true, true, true, false, true, true, true, true);
INSERT INTO Symptoms (sxId, nausea, vomiting, loss_of_appetite) VALUES (710, false, true, true);
INSERT INTO Symptoms (sxId, fever, malaise, chills, bloating, indigestion, jaundice, light_colored_stools, dark_urine) VALUES (711, true, true, true, false, true, true, true, true);
INSERT INTO Cases (diagnosisId, age, gender, majorSx, minorSx, painId) VALUES (4, 54, 'F', 710, 711, 710);
INSERT INTO Positions (posId, right_upper_quadrant, epigastrial) VALUES (712, true, true);
INSERT INTO Positions (posId, right_shoulder_blade, between_shoulder_blades) VALUES (713, true, true);
INSERT INTO Pain (pid, positionId, referred_pain_position, sharp, pleuritic, constant, four_hours, eight_hours, one_day, two_days, worse_with_breathing, worse_with_eating) VALUES (712, 712, 713, true, true, true, true, true, true, true, true, true);
INSERT INTO Symptoms (sxId, nausea, vomiting, loss_of_appetite) VALUES (712, true, true, true);
INSERT INTO Symptoms (sxId, fever, malaise, chills, bloating, indigestion, jaundice, light_colored_stools, dark_urine) VALUES (713, true, true, true, true, true, true, true, true);
INSERT INTO Cases (diagnosisId, age, gender, majorSx, minorSx, painId) VALUES (4, 52, 'F', 712, 713, 712);
INSERT INTO Positions (posId, right_upper_quadrant, epigastrial) VALUES (714, true, true);
INSERT INTO Positions (posId, right_shoulder_blade, between_shoulder_blades) VALUES (715, true, true);
INSERT INTO Pain (pid, positionId, referred_pain_position, sharp, pleuritic, constant, four_hours, eight_hours, one_day, two_days, worse_with_breathing, worse_with_eating) VALUES (714, 714, 715, true, true, true, true, true, true, true, true, true);
INSERT INTO Symptoms (sxId, nausea, vomiting, loss_of_appetite) VALUES (714, true, true, true);
INSERT INTO Symptoms (sxId, fever, malaise, chills, bloating, indigestion, jaundice, light_colored_stools, dark_urine) VALUES (715, true, true, true, true, true, true, true, true);
INSERT INTO Cases (diagnosisId, age, gender, majorSx, minorSx, painId) VALUES (4, 51, 'F', 714, 715, 714);
INSERT INTO Positions (posId, right_upper_quadrant, epigastrial) VALUES (716, true, true);
INSERT INTO Positions (posId, right_shoulder_blade, between_shoulder_blades) VALUES (717, true, true);
INSERT INTO Pain (pid, positionId, referred_pain_position, sharp, pleuritic, constant, four_hours, eight_hours, one_day, two_days, worse_with_breathing, worse_with_eating) VALUES (716, 716, 717, true, true, false, true, true, false, true, true, true);
INSERT INTO Symptoms (sxId, nausea, vomiting, loss_of_appetite) VALUES (716, true, true, true);
INSERT INTO Symptoms (sxId, fever, malaise, chills, bloating, indigestion, jaundice, light_colored_stools, dark_urine) VALUES (717, true, true, true, true, true, true, true, true);
INSERT INTO Cases (diagnosisId, age, gender, majorSx, minorSx, painId) VALUES (4, 52, 'F', 716, 717, 716);
INSERT INTO Positions (posId, right_upper_quadrant, epigastrial) VALUES (718, true, true);
INSERT INTO Positions (posId, right_shoulder_blade, between_shoulder_blades) VALUES (719, true, true);
INSERT INTO Pain (pid, positionId, referred_pain_position, sharp, pleuritic, constant, four_hours, eight_hours, one_day, two_days, worse_with_breathing, worse_with_eating) VALUES (718, 718, 719, true, true, true, true, true, true, true, true, true);
INSERT INTO Symptoms (sxId, nausea, vomiting, loss_of_appetite) VALUES (718, true, true, false);
INSERT INTO Symptoms (sxId, fever, malaise, chills, bloating, indigestion, jaundice, light_colored_stools, dark_urine) VALUES (719, true, true, true, true, true, false, true, false);
INSERT INTO Cases (diagnosisId, age, gender, majorSx, minorSx, painId) VALUES (4, 54, 'M', 718, 719, 718);
INSERT INTO Positions (posId, right_upper_quadrant, epigastrial) VALUES (720, true, true);
INSERT INTO Positions (posId, right_shoulder_blade, between_shoulder_blades) VALUES (721, true, true);
INSERT INTO Pain (pid, positionId, referred_pain_position, sharp, pleuritic, constant, four_hours, eight_hours, one_day, two_days, worse_with_breathing, worse_with_eating) VALUES (720, 720, 721, true, true, false, true, true, true, true, true, true);
INSERT INTO Symptoms (sxId, nausea, vomiting, loss_of_appetite) VALUES (720, true, true, true);
INSERT INTO Symptoms (sxId, fever, malaise, chills, bloating, indigestion, jaundice, light_colored_stools, dark_urine) VALUES (721, true, true, true, true, true, true, true, true);
INSERT INTO Cases (diagnosisId, age, gender, majorSx, minorSx, painId) VALUES (4, 59, 'M', 720, 721, 720);
INSERT INTO Positions (posId, right_upper_quadrant, epigastrial) VALUES (722, true, true);
INSERT INTO Positions (posId, right_shoulder_blade, between_shoulder_blades) VALUES (723, true, false);
INSERT INTO Pain (pid, positionId, referred_pain_position, sharp, pleuritic, constant, four_hours, eight_hours, one_day, two_days, worse_with_breathing, worse_with_eating) VALUES (722, 722, 723, true, true, true, true, true, false, true, true, true);
INSERT INTO Symptoms (sxId, nausea, vomiting, loss_of_appetite) VALUES (722, false, true, true);
INSERT INTO Symptoms (sxId, fever, malaise, chills, bloating, indigestion, jaundice, light_colored_stools, dark_urine) VALUES (723, true, true, true, false, false, true, true, false);
INSERT INTO Cases (diagnosisId, age, gender, majorSx, minorSx, painId) VALUES (4, 60, 'M', 722, 723, 722);
INSERT INTO Positions (posId, right_upper_quadrant, epigastrial) VALUES (724, true, true);
INSERT INTO Positions (posId, right_shoulder_blade, between_shoulder_blades) VALUES (725, false, true);
INSERT INTO Pain (pid, positionId, referred_pain_position, sharp, pleuritic, constant, four_hours, eight_hours, one_day, two_days, worse_with_breathing, worse_with_eating) VALUES (724, 724, 725, true, false, true, true, true, false, true, true, true);
INSERT INTO Symptoms (sxId, nausea, vomiting, loss_of_appetite) VALUES (724, true, true, true);
INSERT INTO Symptoms (sxId, fever, malaise, chills, bloating, indigestion, jaundice, light_colored_stools, dark_urine) VALUES (725, true, true, true, true, true, true, false, true);
INSERT INTO Cases (diagnosisId, age, gender, majorSx, minorSx, painId) VALUES (4, 57, 'F', 724, 725, 724);
INSERT INTO Positions (posId, right_upper_quadrant, epigastrial) VALUES (726, true, true);
INSERT INTO Positions (posId, right_shoulder_blade, between_shoulder_blades) VALUES (727, true, true);
INSERT INTO Pain (pid, positionId, referred_pain_position, sharp, pleuritic, constant, four_hours, eight_hours, one_day, two_days, worse_with_breathing, worse_with_eating) VALUES (726, 726, 727, true, true, true, true, false, true, true, true, true);
INSERT INTO Symptoms (sxId, nausea, vomiting, loss_of_appetite) VALUES (726, true, true, true);
INSERT INTO Symptoms (sxId, fever, malaise, chills, bloating, indigestion, jaundice, light_colored_stools, dark_urine) VALUES (727, true, true, true, true, true, true, false, true);
INSERT INTO Cases (diagnosisId, age, gender, majorSx, minorSx, painId) VALUES (4, 59, 'F', 726, 727, 726);
INSERT INTO Positions (posId, right_upper_quadrant, epigastrial) VALUES (728, true, true);
INSERT INTO Positions (posId, right_shoulder_blade, between_shoulder_blades) VALUES (729, false, true);
INSERT INTO Pain (pid, positionId, referred_pain_position, sharp, pleuritic, constant, four_hours, eight_hours, one_day, two_days, worse_with_breathing, worse_with_eating) VALUES (728, 728, 729, true, false, true, false, true, true, true, true, true);
INSERT INTO Symptoms (sxId, nausea, vomiting, loss_of_appetite) VALUES (728, true, true, false);
INSERT INTO Symptoms (sxId, fever, malaise, chills, bloating, indigestion, jaundice, light_colored_stools, dark_urine) VALUES (729, true, true, true, true, true, false, true, true);
INSERT INTO Cases (diagnosisId, age, gender, majorSx, minorSx, painId) VALUES (4, 58, 'F', 728, 729, 728);
INSERT INTO Positions (posId, right_upper_quadrant, epigastrial) VALUES (730, true, true);
INSERT INTO Positions (posId, right_shoulder_blade, between_shoulder_blades) VALUES (731, false, true);
INSERT INTO Pain (pid, positionId, referred_pain_position, sharp, pleuritic, constant, four_hours, eight_hours, one_day, two_days, worse_with_breathing, worse_with_eating) VALUES (730, 730, 731, true, true, true, true, true, true, true, true, true);
INSERT INTO Symptoms (sxId, nausea, vomiting, loss_of_appetite) VALUES (730, true, false, true);
INSERT INTO Symptoms (sxId, fever, malaise, chills, bloating, indigestion, jaundice, light_colored_stools, dark_urine) VALUES (731, true, true, true, true, true, true, true, true);
INSERT INTO Cases (diagnosisId, age, gender, majorSx, minorSx, painId) VALUES (4, 59, 'F', 730, 731, 730);
INSERT INTO Positions (posId, right_upper_quadrant, epigastrial) VALUES (732, false, true);
INSERT INTO Positions (posId, right_shoulder_blade, between_shoulder_blades) VALUES (733, true, false);
INSERT INTO Pain (pid, positionId, referred_pain_position, sharp, pleuritic, constant, four_hours, eight_hours, one_day, two_days, worse_with_breathing, worse_with_eating) VALUES (732, 732, 733, true, true, true, true, false, true, true, true, true);
INSERT INTO Symptoms (sxId, nausea, vomiting, loss_of_appetite) VALUES (732, true, true, true);
INSERT INTO Symptoms (sxId, fever, malaise, chills, bloating, indigestion, jaundice, light_colored_stools, dark_urine) VALUES (733, true, true, true, true, true, true, true, true);
INSERT INTO Cases (diagnosisId, age, gender, majorSx, minorSx, painId) VALUES (4, 56, 'M', 732, 733, 732);
INSERT INTO Positions (posId, right_upper_quadrant, epigastrial) VALUES (734, true, true);
INSERT INTO Positions (posId, right_shoulder_blade, between_shoulder_blades) VALUES (735, true, true);
INSERT INTO Pain (pid, positionId, referred_pain_position, sharp, pleuritic, constant, four_hours, eight_hours, one_day, two_days, worse_with_breathing, worse_with_eating) VALUES (734, 734, 735, true, false, false, true, true, true, true, true, true);
INSERT INTO Symptoms (sxId, nausea, vomiting, loss_of_appetite) VALUES (734, true, true, false);
INSERT INTO Symptoms (sxId, fever, malaise, chills, bloating, indigestion, jaundice, light_colored_stools, dark_urine) VALUES (735, true, true, true, true, true, true, true, true);
INSERT INTO Cases (diagnosisId, age, gender, majorSx, minorSx, painId) VALUES (4, 57, 'F', 734, 735, 734);
INSERT INTO Positions (posId, right_upper_quadrant, epigastrial) VALUES (736, true, true);
INSERT INTO Positions (posId, right_shoulder_blade, between_shoulder_blades) VALUES (737, true, true);
INSERT INTO Pain (pid, positionId, referred_pain_position, sharp, pleuritic, constant, four_hours, eight_hours, one_day, two_days, worse_with_breathing, worse_with_eating) VALUES (736, 736, 737, true, true, true, true, true, true, true, true, false);
INSERT INTO Symptoms (sxId, nausea, vomiting, loss_of_appetite) VALUES (736, false, true, true);
INSERT INTO Symptoms (sxId, fever, malaise, chills, bloating, indigestion, jaundice, light_colored_stools, dark_urine) VALUES (737, false, true, true, true, true, true, false, true);
INSERT INTO Cases (diagnosisId, age, gender, majorSx, minorSx, painId) VALUES (4, 63, 'M', 736, 737, 736);
INSERT INTO Positions (posId, right_upper_quadrant, epigastrial) VALUES (738, true, true);
INSERT INTO Positions (posId, right_shoulder_blade, between_shoulder_blades) VALUES (739, false, true);
INSERT INTO Pain (pid, positionId, referred_pain_position, sharp, pleuritic, constant, four_hours, eight_hours, one_day, two_days, worse_with_breathing, worse_with_eating) VALUES (738, 738, 739, true, true, true, true, true, true, true, true, true);
INSERT INTO Symptoms (sxId, nausea, vomiting, loss_of_appetite) VALUES (738, true, true, true);
INSERT INTO Symptoms (sxId, fever, malaise, chills, bloating, indigestion, jaundice, light_colored_stools, dark_urine) VALUES (739, true, true, true, true, true, true, true, true);
INSERT INTO Cases (diagnosisId, age, gender, majorSx, minorSx, painId) VALUES (4, 64, 'F', 738, 739, 738);
INSERT INTO Positions (posId, right_upper_quadrant, epigastrial) VALUES (740, true, true);
INSERT INTO Positions (posId, right_shoulder_blade, between_shoulder_blades) VALUES (741, true, true);
INSERT INTO Pain (pid, positionId, referred_pain_position, sharp, pleuritic, constant, four_hours, eight_hours, one_day, two_days, worse_with_breathing, worse_with_eating) VALUES (740, 740, 741, true, true, true, true, true, true, true, true, true);
INSERT INTO Symptoms (sxId, nausea, vomiting, loss_of_appetite) VALUES (740, true, false, false);
INSERT INTO Symptoms (sxId, fever, malaise, chills, bloating, indigestion, jaundice, light_colored_stools, dark_urine) VALUES (741, true, true, true, true, true, true, true, true);
INSERT INTO Cases (diagnosisId, age, gender, majorSx, minorSx, painId) VALUES (4, 64, 'M', 740, 741, 740);
INSERT INTO Positions (posId, right_upper_quadrant, epigastrial) VALUES (742, true, true);
INSERT INTO Positions (posId, right_shoulder_blade, between_shoulder_blades) VALUES (743, true, true);
INSERT INTO Pain (pid, positionId, referred_pain_position, sharp, pleuritic, constant, four_hours, eight_hours, one_day, two_days, worse_with_breathing, worse_with_eating) VALUES (742, 742, 743, true, true, true, true, false, true, true, false, false);
INSERT INTO Symptoms (sxId, nausea, vomiting, loss_of_appetite) VALUES (742, true, true, true);
INSERT INTO Symptoms (sxId, fever, malaise, chills, bloating, indigestion, jaundice, light_colored_stools, dark_urine) VALUES (743, true, true, true, true, true, true, true, true);
INSERT INTO Cases (diagnosisId, age, gender, majorSx, minorSx, painId) VALUES (4, 62, 'F', 742, 743, 742);
INSERT INTO Positions (posId, right_upper_quadrant, epigastrial) VALUES (744, true, true);
INSERT INTO Positions (posId, right_shoulder_blade, between_shoulder_blades) VALUES (745, false, false);
INSERT INTO Pain (pid, positionId, referred_pain_position, sharp, pleuritic, constant, four_hours, eight_hours, one_day, two_days, worse_with_breathing, worse_with_eating) VALUES (744, 744, 745, true, true, true, true, false, true, true, true, true);
INSERT INTO Symptoms (sxId, nausea, vomiting, loss_of_appetite) VALUES (744, true, true, true);
INSERT INTO Symptoms (sxId, fever, malaise, chills, bloating, indigestion, jaundice, light_colored_stools, dark_urine) VALUES (745, true, false, true, true, true, true, true, true);
INSERT INTO Cases (diagnosisId, age, gender, majorSx, minorSx, painId) VALUES (4, 65, 'M', 744, 745, 744);
INSERT INTO Positions (posId, right_upper_quadrant, epigastrial) VALUES (746, false, true);
INSERT INTO Positions (posId, right_shoulder_blade, between_shoulder_blades) VALUES (747, true, true);
INSERT INTO Pain (pid, positionId, referred_pain_position, sharp, pleuritic, constant, four_hours, eight_hours, one_day, two_days, worse_with_breathing, worse_with_eating) VALUES (746, 746, 747, true, true, true, true, true, true, true, true, true);
INSERT INTO Symptoms (sxId, nausea, vomiting, loss_of_appetite) VALUES (746, true, true, true);
INSERT INTO Symptoms (sxId, fever, malaise, chills, bloating, indigestion, jaundice, light_colored_stools, dark_urine) VALUES (747, true, true, false, true, true, true, true, true);
INSERT INTO Cases (diagnosisId, age, gender, majorSx, minorSx, painId) VALUES (4, 65, 'M', 746, 747, 746);
INSERT INTO Positions (posId, right_upper_quadrant, epigastrial) VALUES (748, true, true);
INSERT INTO Positions (posId, right_shoulder_blade, between_shoulder_blades) VALUES (749, true, false);
INSERT INTO Pain (pid, positionId, referred_pain_position, sharp, pleuritic, constant, four_hours, eight_hours, one_day, two_days, worse_with_breathing, worse_with_eating) VALUES (748, 748, 749, true, true, true, true, true, true, true, true, true);
INSERT INTO Symptoms (sxId, nausea, vomiting, loss_of_appetite) VALUES (748, true, true, true);
INSERT INTO Symptoms (sxId, fever, malaise, chills, bloating, indigestion, jaundice, light_colored_stools, dark_urine) VALUES (749, true, true, true, true, true, false, true, true);
INSERT INTO Cases (diagnosisId, age, gender, majorSx, minorSx, painId) VALUES (4, 63, 'F', 748, 749, 748);
INSERT INTO Positions (posId, right_upper_quadrant, epigastrial) VALUES (750, true, true);
INSERT INTO Positions (posId, right_shoulder_blade, between_shoulder_blades) VALUES (751, true, true);
INSERT INTO Pain (pid, positionId, referred_pain_position, sharp, pleuritic, constant, four_hours, eight_hours, one_day, two_days, worse_with_breathing, worse_with_eating) VALUES (750, 750, 751, true, true, true, true, true, true, true, true, true);
INSERT INTO Symptoms (sxId, nausea, vomiting, loss_of_appetite) VALUES (750, true, true, false);
INSERT INTO Symptoms (sxId, fever, malaise, chills, bloating, indigestion, jaundice, light_colored_stools, dark_urine) VALUES (751, true, true, true, true, true, true, true, true);
INSERT INTO Cases (diagnosisId, age, gender, majorSx, minorSx, painId) VALUES (4, 68, 'M', 750, 751, 750);
INSERT INTO Positions (posId, right_upper_quadrant, epigastrial) VALUES (752, true, true);
INSERT INTO Positions (posId, right_shoulder_blade, between_shoulder_blades) VALUES (753, true, true);
INSERT INTO Pain (pid, positionId, referred_pain_position, sharp, pleuritic, constant, four_hours, eight_hours, one_day, two_days, worse_with_breathing, worse_with_eating) VALUES (752, 752, 753, true, true, true, true, true, false, true, true, true);
INSERT INTO Symptoms (sxId, nausea, vomiting, loss_of_appetite) VALUES (752, true, true, true);
INSERT INTO Symptoms (sxId, fever, malaise, chills, bloating, indigestion, jaundice, light_colored_stools, dark_urine) VALUES (753, true, true, true, true, true, true, true, true);
INSERT INTO Cases (diagnosisId, age, gender, majorSx, minorSx, painId) VALUES (4, 68, 'F', 752, 753, 752);
INSERT INTO Positions (posId, right_upper_quadrant, epigastrial) VALUES (754, true, true);
INSERT INTO Positions (posId, right_shoulder_blade, between_shoulder_blades) VALUES (755, true, true);
INSERT INTO Pain (pid, positionId, referred_pain_position, sharp, pleuritic, constant, four_hours, eight_hours, one_day, two_days, worse_with_breathing, worse_with_eating) VALUES (754, 754, 755, true, false, false, true, true, true, true, true, true);
INSERT INTO Symptoms (sxId, nausea, vomiting, loss_of_appetite) VALUES (754, true, true, false);
INSERT INTO Symptoms (sxId, fever, malaise, chills, bloating, indigestion, jaundice, light_colored_stools, dark_urine) VALUES (755, true, true, true, true, true, true, true, true);
INSERT INTO Cases (diagnosisId, age, gender, majorSx, minorSx, painId) VALUES (4, 67, 'F', 754, 755, 754);
INSERT INTO Positions (posId, right_upper_quadrant, epigastrial) VALUES (756, true, true);
INSERT INTO Positions (posId, right_shoulder_blade, between_shoulder_blades) VALUES (757, true, true);
INSERT INTO Pain (pid, positionId, referred_pain_position, sharp, pleuritic, constant, four_hours, eight_hours, one_day, two_days, worse_with_breathing, worse_with_eating) VALUES (756, 756, 757, true, true, false, true, true, false, true, true, true);
INSERT INTO Symptoms (sxId, nausea, vomiting, loss_of_appetite) VALUES (756, true, true, true);
INSERT INTO Symptoms (sxId, fever, malaise, chills, bloating, indigestion, jaundice, light_colored_stools, dark_urine) VALUES (757, true, true, true, true, true, true, true, true);
INSERT INTO Cases (diagnosisId, age, gender, majorSx, minorSx, painId) VALUES (4, 67, 'F', 756, 757, 756);
INSERT INTO Positions (posId, right_upper_quadrant, epigastrial) VALUES (758, true, true);
INSERT INTO Positions (posId, right_shoulder_blade, between_shoulder_blades) VALUES (759, true, true);
INSERT INTO Pain (pid, positionId, referred_pain_position, sharp, pleuritic, constant, four_hours, eight_hours, one_day, two_days, worse_with_breathing, worse_with_eating) VALUES (758, 758, 759, true, true, true, false, true, true, true, true, true);
INSERT INTO Symptoms (sxId, nausea, vomiting, loss_of_appetite) VALUES (758, true, true, true);
INSERT INTO Symptoms (sxId, fever, malaise, chills, bloating, indigestion, jaundice, light_colored_stools, dark_urine) VALUES (759, true, true, true, true, true, true, true, true);
INSERT INTO Cases (diagnosisId, age, gender, majorSx, minorSx, painId) VALUES (4, 67, 'F', 758, 759, 758);
INSERT INTO Positions (posId, right_upper_quadrant, epigastrial) VALUES (760, true, true);
INSERT INTO Positions (posId, right_shoulder_blade, between_shoulder_blades) VALUES (761, false, true);
INSERT INTO Pain (pid, positionId, referred_pain_position, sharp, pleuritic, constant, four_hours, eight_hours, one_day, two_days, worse_with_breathing, worse_with_eating) VALUES (760, 760, 761, true, true, true, true, true, true, true, true, true);
INSERT INTO Symptoms (sxId, nausea, vomiting, loss_of_appetite) VALUES (760, true, true, true);
INSERT INTO Symptoms (sxId, fever, malaise, chills, bloating, indigestion, jaundice, light_colored_stools, dark_urine) VALUES (761, true, false, true, true, true, true, true, true);
INSERT INTO Cases (diagnosisId, age, gender, majorSx, minorSx, painId) VALUES (4, 66, 'F', 760, 761, 760);
INSERT INTO Positions (posId, right_upper_quadrant, epigastrial) VALUES (762, true, true);
INSERT INTO Positions (posId, right_shoulder_blade, between_shoulder_blades) VALUES (763, true, true);
INSERT INTO Pain (pid, positionId, referred_pain_position, sharp, pleuritic, constant, four_hours, eight_hours, one_day, two_days, worse_with_breathing, worse_with_eating) VALUES (762, 762, 763, true, true, false, true, true, false, true, true, true);
INSERT INTO Symptoms (sxId, nausea, vomiting, loss_of_appetite) VALUES (762, true, true, true);
INSERT INTO Symptoms (sxId, fever, malaise, chills, bloating, indigestion, jaundice, light_colored_stools, dark_urine) VALUES (763, false, true, true, true, true, true, true, true);
INSERT INTO Cases (diagnosisId, age, gender, majorSx, minorSx, painId) VALUES (4, 67, 'F', 762, 763, 762);
INSERT INTO Positions (posId, right_upper_quadrant, epigastrial) VALUES (764, true, true);
INSERT INTO Positions (posId, right_shoulder_blade, between_shoulder_blades) VALUES (765, true, true);
INSERT INTO Pain (pid, positionId, referred_pain_position, sharp, pleuritic, constant, four_hours, eight_hours, one_day, two_days, worse_with_breathing, worse_with_eating) VALUES (764, 764, 765, true, true, true, true, false, true, true, true, true);
INSERT INTO Symptoms (sxId, nausea, vomiting, loss_of_appetite) VALUES (764, false, false, false);
INSERT INTO Symptoms (sxId, fever, malaise, chills, bloating, indigestion, jaundice, light_colored_stools, dark_urine) VALUES (765, false, true, true, true, true, false, true, true);
INSERT INTO Cases (diagnosisId, age, gender, majorSx, minorSx, painId) VALUES (4, 72, 'F', 764, 765, 764);
INSERT INTO Positions (posId, right_upper_quadrant, epigastrial) VALUES (766, false, true);
INSERT INTO Positions (posId, right_shoulder_blade, between_shoulder_blades) VALUES (767, true, true);
INSERT INTO Pain (pid, positionId, referred_pain_position, sharp, pleuritic, constant, four_hours, eight_hours, one_day, two_days, worse_with_breathing, worse_with_eating) VALUES (766, 766, 767, true, true, true, false, true, true, true, true, true);
INSERT INTO Symptoms (sxId, nausea, vomiting, loss_of_appetite) VALUES (766, true, true, true);
INSERT INTO Symptoms (sxId, fever, malaise, chills, bloating, indigestion, jaundice, light_colored_stools, dark_urine) VALUES (767, true, true, true, true, false, true, true, true);
INSERT INTO Cases (diagnosisId, age, gender, majorSx, minorSx, painId) VALUES (4, 72, 'M', 766, 767, 766);
INSERT INTO Positions (posId, right_upper_quadrant, epigastrial) VALUES (768, true, true);
INSERT INTO Positions (posId, right_shoulder_blade, between_shoulder_blades) VALUES (769, false, false);
INSERT INTO Pain (pid, positionId, referred_pain_position, sharp, pleuritic, constant, four_hours, eight_hours, one_day, two_days, worse_with_breathing, worse_with_eating) VALUES (768, 768, 769, false, true, true, true, true, true, true, true, true);
INSERT INTO Symptoms (sxId, nausea, vomiting, loss_of_appetite) VALUES (768, true, true, true);
INSERT INTO Symptoms (sxId, fever, malaise, chills, bloating, indigestion, jaundice, light_colored_stools, dark_urine) VALUES (769, true, true, true, true, true, true, true, true);
INSERT INTO Cases (diagnosisId, age, gender, majorSx, minorSx, painId) VALUES (4, 71, 'F', 768, 769, 768);
INSERT INTO Positions (posId, right_upper_quadrant, epigastrial) VALUES (770, true, true);
INSERT INTO Positions (posId, right_shoulder_blade, between_shoulder_blades) VALUES (771, true, true);
INSERT INTO Pain (pid, positionId, referred_pain_position, sharp, pleuritic, constant, four_hours, eight_hours, one_day, two_days, worse_with_breathing, worse_with_eating) VALUES (770, 770, 771, true, true, true, true, true, true, true, true, true);
INSERT INTO Symptoms (sxId, nausea, vomiting, loss_of_appetite) VALUES (770, true, true, true);
INSERT INTO Symptoms (sxId, fever, malaise, chills, bloating, indigestion, jaundice, light_colored_stools, dark_urine) VALUES (771, false, true, true, true, true, false, true, true);
INSERT INTO Cases (diagnosisId, age, gender, majorSx, minorSx, painId) VALUES (4, 72, 'M', 770, 771, 770);
INSERT INTO Positions (posId, right_upper_quadrant, epigastrial) VALUES (772, true, true);
INSERT INTO Positions (posId, right_shoulder_blade, between_shoulder_blades) VALUES (773, true, true);
INSERT INTO Pain (pid, positionId, referred_pain_position, sharp, pleuritic, constant, four_hours, eight_hours, one_day, two_days, worse_with_breathing, worse_with_eating) VALUES (772, 772, 773, true, true, true, true, false, true, true, true, true);
INSERT INTO Symptoms (sxId, nausea, vomiting, loss_of_appetite) VALUES (772, true, true, true);
INSERT INTO Symptoms (sxId, fever, malaise, chills, bloating, indigestion, jaundice, light_colored_stools, dark_urine) VALUES (773, true, true, true, true, true, true, true, true);
INSERT INTO Cases (diagnosisId, age, gender, majorSx, minorSx, painId) VALUES (4, 74, 'M', 772, 773, 772);
INSERT INTO Positions (posId, right_upper_quadrant, epigastrial) VALUES (774, true, true);
INSERT INTO Positions (posId, right_shoulder_blade, between_shoulder_blades) VALUES (775, true, true);
INSERT INTO Pain (pid, positionId, referred_pain_position, sharp, pleuritic, constant, four_hours, eight_hours, one_day, two_days, worse_with_breathing, worse_with_eating) VALUES (774, 774, 775, true, true, true, true, true, true, true, true, true);
INSERT INTO Symptoms (sxId, nausea, vomiting, loss_of_appetite) VALUES (774, true, true, true);
INSERT INTO Symptoms (sxId, fever, malaise, chills, bloating, indigestion, jaundice, light_colored_stools, dark_urine) VALUES (775, true, true, true, true, true, true, true, true);
INSERT INTO Cases (diagnosisId, age, gender, majorSx, minorSx, painId) VALUES (4, 72, 'F', 774, 775, 774);
INSERT INTO Positions (posId, right_upper_quadrant, epigastrial) VALUES (776, true, true);
INSERT INTO Positions (posId, right_shoulder_blade, between_shoulder_blades) VALUES (777, true, true);
INSERT INTO Pain (pid, positionId, referred_pain_position, sharp, pleuritic, constant, four_hours, eight_hours, one_day, two_days, worse_with_breathing, worse_with_eating) VALUES (776, 776, 777, true, true, true, true, true, true, true, true, true);
INSERT INTO Symptoms (sxId, nausea, vomiting, loss_of_appetite) VALUES (776, true, true, true);
INSERT INTO Symptoms (sxId, fever, malaise, chills, bloating, indigestion, jaundice, light_colored_stools, dark_urine) VALUES (777, true, true, true, true, true, true, true, true);
INSERT INTO Cases (diagnosisId, age, gender, majorSx, minorSx, painId) VALUES (4, 74, 'F', 776, 777, 776);
INSERT INTO Positions (posId, right_upper_quadrant, epigastrial) VALUES (778, true, true);
INSERT INTO Positions (posId, right_shoulder_blade, between_shoulder_blades) VALUES (779, true, true);
INSERT INTO Pain (pid, positionId, referred_pain_position, sharp, pleuritic, constant, four_hours, eight_hours, one_day, two_days, worse_with_breathing, worse_with_eating) VALUES (778, 778, 779, true, false, true, true, true, true, true, true, true);
INSERT INTO Symptoms (sxId, nausea, vomiting, loss_of_appetite) VALUES (778, true, true, true);
INSERT INTO Symptoms (sxId, fever, malaise, chills, bloating, indigestion, jaundice, light_colored_stools, dark_urine) VALUES (779, true, true, false, true, true, true, true, false);
INSERT INTO Cases (diagnosisId, age, gender, majorSx, minorSx, painId) VALUES (4, 76, 'F', 778, 779, 778);
INSERT INTO Positions (posId, right_upper_quadrant, epigastrial) VALUES (780, false, true);
INSERT INTO Positions (posId, right_shoulder_blade, between_shoulder_blades) VALUES (781, false, false);
INSERT INTO Pain (pid, positionId, referred_pain_position, sharp, pleuritic, constant, four_hours, eight_hours, one_day, two_days, worse_with_breathing, worse_with_eating) VALUES (780, 780, 781, true, true, false, true, true, true, true, true, true);
INSERT INTO Symptoms (sxId, nausea, vomiting, loss_of_appetite) VALUES (780, true, true, true);
INSERT INTO Symptoms (sxId, fever, malaise, chills, bloating, indigestion, jaundice, light_colored_stools, dark_urine) VALUES (781, true, true, true, true, true, true, true, true);
INSERT INTO Cases (diagnosisId, age, gender, majorSx, minorSx, painId) VALUES (4, 78, 'F', 780, 781, 780);
INSERT INTO Positions (posId, right_upper_quadrant, epigastrial) VALUES (782, true, false);
INSERT INTO Positions (posId, right_shoulder_blade, between_shoulder_blades) VALUES (783, false, true);
INSERT INTO Pain (pid, positionId, referred_pain_position, sharp, pleuritic, constant, four_hours, eight_hours, one_day, two_days, worse_with_breathing, worse_with_eating) VALUES (782, 782, 783, true, true, true, true, true, true, false, true, true);
INSERT INTO Symptoms (sxId, nausea, vomiting, loss_of_appetite) VALUES (782, false, true, true);
INSERT INTO Symptoms (sxId, fever, malaise, chills, bloating, indigestion, jaundice, light_colored_stools, dark_urine) VALUES (783, true, true, true, true, true, true, true, true);
INSERT INTO Cases (diagnosisId, age, gender, majorSx, minorSx, painId) VALUES (4, 77, 'M', 782, 783, 782);
INSERT INTO Positions (posId, right_upper_quadrant, epigastrial) VALUES (784, true, true);
INSERT INTO Positions (posId, right_shoulder_blade, between_shoulder_blades) VALUES (785, true, true);
INSERT INTO Pain (pid, positionId, referred_pain_position, sharp, pleuritic, constant, four_hours, eight_hours, one_day, two_days, worse_with_breathing, worse_with_eating) VALUES (784, 784, 785, true, true, true, true, true, true, false, true, true);
INSERT INTO Symptoms (sxId, nausea, vomiting, loss_of_appetite) VALUES (784, true, true, true);
INSERT INTO Symptoms (sxId, fever, malaise, chills, bloating, indigestion, jaundice, light_colored_stools, dark_urine) VALUES (785, true, true, true, true, true, true, true, true);
INSERT INTO Cases (diagnosisId, age, gender, majorSx, minorSx, painId) VALUES (4, 76, 'F', 784, 785, 784);
INSERT INTO Positions (posId, right_upper_quadrant, epigastrial) VALUES (786, true, false);
INSERT INTO Positions (posId, right_shoulder_blade, between_shoulder_blades) VALUES (787, true, true);
INSERT INTO Pain (pid, positionId, referred_pain_position, sharp, pleuritic, constant, four_hours, eight_hours, one_day, two_days, worse_with_breathing, worse_with_eating) VALUES (786, 786, 787, true, true, true, true, true, true, true, false, true);
INSERT INTO Symptoms (sxId, nausea, vomiting, loss_of_appetite) VALUES (786, true, true, true);
INSERT INTO Symptoms (sxId, fever, malaise, chills, bloating, indigestion, jaundice, light_colored_stools, dark_urine) VALUES (787, true, true, true, true, true, true, true, true);
INSERT INTO Cases (diagnosisId, age, gender, majorSx, minorSx, painId) VALUES (4, 76, 'F', 786, 787, 786);
INSERT INTO Positions (posId, right_upper_quadrant, epigastrial) VALUES (788, true, true);
INSERT INTO Positions (posId, right_shoulder_blade, between_shoulder_blades) VALUES (789, true, true);
INSERT INTO Pain (pid, positionId, referred_pain_position, sharp, pleuritic, constant, four_hours, eight_hours, one_day, two_days, worse_with_breathing, worse_with_eating) VALUES (788, 788, 789, true, true, true, true, true, true, true, true, true);
INSERT INTO Symptoms (sxId, nausea, vomiting, loss_of_appetite) VALUES (788, true, true, true);
INSERT INTO Symptoms (sxId, fever, malaise, chills, bloating, indigestion, jaundice, light_colored_stools, dark_urine) VALUES (789, true, true, true, true, true, true, true, true);
INSERT INTO Cases (diagnosisId, age, gender, majorSx, minorSx, painId) VALUES (4, 81, 'F', 788, 789, 788);
INSERT INTO Positions (posId, right_upper_quadrant, epigastrial) VALUES (790, true, true);
INSERT INTO Positions (posId, right_shoulder_blade, between_shoulder_blades) VALUES (791, true, true);
INSERT INTO Pain (pid, positionId, referred_pain_position, sharp, pleuritic, constant, four_hours, eight_hours, one_day, two_days, worse_with_breathing, worse_with_eating) VALUES (790, 790, 791, false, true, true, true, true, true, true, true, true);
INSERT INTO Symptoms (sxId, nausea, vomiting, loss_of_appetite) VALUES (790, true, true, true);
INSERT INTO Symptoms (sxId, fever, malaise, chills, bloating, indigestion, jaundice, light_colored_stools, dark_urine) VALUES (791, true, true, true, true, true, false, true, true);
INSERT INTO Cases (diagnosisId, age, gender, majorSx, minorSx, painId) VALUES (4, 81, 'F', 790, 791, 790);
INSERT INTO Positions (posId, right_upper_quadrant, epigastrial) VALUES (792, true, true);
INSERT INTO Positions (posId, right_shoulder_blade, between_shoulder_blades) VALUES (793, true, true);
INSERT INTO Pain (pid, positionId, referred_pain_position, sharp, pleuritic, constant, four_hours, eight_hours, one_day, two_days, worse_with_breathing, worse_with_eating) VALUES (792, 792, 793, false, true, true, true, true, true, true, true, true);
INSERT INTO Symptoms (sxId, nausea, vomiting, loss_of_appetite) VALUES (792, true, true, true);
INSERT INTO Symptoms (sxId, fever, malaise, chills, bloating, indigestion, jaundice, light_colored_stools, dark_urine) VALUES (793, true, true, true, true, true, true, true, true);
INSERT INTO Cases (diagnosisId, age, gender, majorSx, minorSx, painId) VALUES (4, 89, 'F', 792, 793, 792);
INSERT INTO Positions (posId, right_upper_quadrant, epigastrial) VALUES (794, true, true);
INSERT INTO Positions (posId, right_shoulder_blade, between_shoulder_blades) VALUES (795, true, true);
INSERT INTO Pain (pid, positionId, referred_pain_position, sharp, pleuritic, constant, four_hours, eight_hours, one_day, two_days, worse_with_breathing, worse_with_eating) VALUES (794, 794, 795, true, false, true, true, false, false, true, true, false);
INSERT INTO Symptoms (sxId, nausea, vomiting, loss_of_appetite) VALUES (794, true, true, true);
INSERT INTO Symptoms (sxId, fever, malaise, chills, bloating, indigestion, jaundice, light_colored_stools, dark_urine) VALUES (795, true, true, true, true, false, true, true, true);
INSERT INTO Cases (diagnosisId, age, gender, majorSx, minorSx, painId) VALUES (4, 90, 'F', 794, 795, 794);
INSERT INTO Positions (posId, right_upper_quadrant, epigastrial) VALUES (796, true, true);
INSERT INTO Positions (posId, right_shoulder_blade, between_shoulder_blades) VALUES (797, true, true);
INSERT INTO Pain (pid, positionId, referred_pain_position, sharp, pleuritic, constant, four_hours, eight_hours, one_day, two_days, worse_with_breathing, worse_with_eating) VALUES (796, 796, 797, true, true, true, true, true, true, true, true, true);
INSERT INTO Symptoms (sxId, nausea, vomiting, loss_of_appetite) VALUES (796, true, true, true);
INSERT INTO Symptoms (sxId, fever, malaise, chills, bloating, indigestion, jaundice, light_colored_stools, dark_urine) VALUES (797, true, true, true, true, false, true, true, true);
INSERT INTO Cases (diagnosisId, age, gender, majorSx, minorSx, painId) VALUES (4, 92, 'F', 796, 797, 796);
INSERT INTO Positions (posId, right_upper_quadrant, epigastrial) VALUES (798, true, true);
INSERT INTO Positions (posId, right_shoulder_blade, between_shoulder_blades) VALUES (799, true, true);
INSERT INTO Pain (pid, positionId, referred_pain_position, sharp, pleuritic, constant, four_hours, eight_hours, one_day, two_days, worse_with_breathing, worse_with_eating) VALUES (798, 798, 799, true, true, true, true, true, false, true, true, false);
INSERT INTO Symptoms (sxId, nausea, vomiting, loss_of_appetite) VALUES (798, true, true, true);
INSERT INTO Symptoms (sxId, fever, malaise, chills, bloating, indigestion, jaundice, light_colored_stools, dark_urine) VALUES (799, true, true, true, true, true, true, true, true);
INSERT INTO Cases (diagnosisId, age, gender, majorSx, minorSx, painId) VALUES (4, 101, 'F', 798, 799, 798);
INSERT INTO Positions (posId, right_upper_quadrant, epigastrial) VALUES (800, true, true);
INSERT INTO Positions (posId, right_shoulder_blade, between_shoulder_blades) VALUES (801, true, true);
INSERT INTO Pain (pid, positionId, referred_pain_position, sharp, pleuritic, constant, four_hours, eight_hours, one_day, two_days, worse_with_breathing, worse_with_eating) VALUES (800, 800, 801, true, true, true, true, true, true, true, false, true);
INSERT INTO Symptoms (sxId, nausea, vomiting, loss_of_appetite) VALUES (800, true, true, true);
INSERT INTO Symptoms (sxId, fever, malaise, chills, bloating, indigestion, jaundice, light_colored_stools, dark_urine) VALUES (801, true, false, true, false, true, true, true, true);
INSERT INTO Cases (diagnosisId, age, gender, majorSx, minorSx, painId) VALUES (4, 104, 'F', 800, 801, 800);
